Date,Open,High,Low,Close,Volume,Dividends,Stock Splits
2020-09-03,122.99327511596653,124.86370387094604,116.78109860380435,117.14936828613281,257599600,0.0,0.0
2020-09-04,116.36438135713807,119.88234909092412,107.46769559812107,117.22691345214844,332607200,0.0,0.0
2020-09-08,110.43323478516716,115.3176895401304,109.20243319485355,109.3381118774414,231366600,0.0,0.0
2020-09-09,113.6411109896637,115.46308756005234,111.70283521072183,113.69925689697266,176940500,0.0,0.0
2020-09-10,116.64542916296256,116.78110786689479,109.02800526992252,109.9874496459961,182274400,0.0,0.0
2020-09-11,111.03412581023233,111.67376035548035,106.60516602652415,108.54344177246094,180860300,0.0,0.0
2020-09-14,111.17948842899139,112.35214426737836,109.31874564711791,111.79973602294922,140150100,0.0,0.0
2020-09-15,114.67806966043925,115.16263852668574,110.10373838004288,111.97417449951172,184642000,0.0,0.0
2020-09-16,111.67374357548836,112.41997637221431,108.58219185919356,108.6694107055664,154679000,0.0,0.0
2020-09-17,106.33378598514221,108.73724325822185,105.35495487136528,106.93464660644531,178011000,0.0,0.0
2020-09-18,106.99282230683487,107.45800434374442,102.81583306003789,103.54268646240234,287104900,0.0,0.0
2020-09-21,101.31366904715068,106.78929923364105,99.91810821399545,106.68269348144531,195713800,0.0,0.0
2020-09-22,109.20243590478516,109.37688098586045,105.7910744674542,108.35928344726562,183055400,0.0,0.0
2020-09-23,108.17516112594639,108.65003656547653,103.47483700123934,103.81404113769531,150718700,0.0,0.0
2020-09-24,101.92421570211286,106.84743726159023,101.75946405865736,104.88008880615234,167743300,0.0,0.0
2020-09-25,105.08360247419822,108.96984677207095,104.34705574231214,108.81478118896484,149981400,0.0,0.0
2020-09-28,111.46053107152444,111.76096139819123,109.29935070600561,111.41207122802734,137672400,0.0,0.0
2020-09-29,111.01474148847176,111.7512809163313,110.06498316084728,110.56893157958984,99382200,0.0,0.0
2020-09-30,110.27819984549522,113.64110945971419,110.11344818104769,112.23585510253906,142675200,0.0,0.0
2020-10-01,114.00937358582986,114.0869063866764,112.25523648180236,113.18560791015625,116120400,0.0,0.0
2020-10-02,109.40595903034216,111.80942388224,108.75663851817679,109.53194427490234,144712000,0.0,0.0
2020-10-05,110.3944779447092,113.04991314807994,110.04558778439085,112.904541015625,106243800,0.0,0.0
2020-10-06,112.12925207481908,112.53629561221867,108.78572927732188,109.66764831542969,161498200,0.0,0.0
2020-10-07,111.08257124183804,111.98386964245861,110.60768842209468,111.52837371826172,96849000,0.0,0.0
2020-10-08,112.66227875286972,112.80765091391855,111.05350632008391,111.42178344726562,83477200,0.0,0.0
2020-10-09,111.72219366663035,113.38911170550134,111.37330350063716,113.36003875732422,100506900,0.0,0.0
2020-10-12,116.35469065538149,121.31667922649164,115.59876429754219,120.56075286865234,240226800,0.0,0.0
2020-10-13,121.40389774875266,121.52019695499536,115.95734765025159,117.36259460449219,262330500,0.0,0.0
2020-10-14,117.26567529237093,119.23302386837867,115.92826777316701,117.44981384277344,150712000,0.0,0.0
2020-10-15,115.05604455535725,117.45950223722147,114.50363628707971,116.98462677001953,112559200,0.0,0.0
2020-10-16,117.53701684155992,117.79868815619513,115.14324558497565,115.34676361083984,115393800,0.0,0.0
2020-10-19,116.25777640664253,116.70357893346838,112.09048805904365,112.4006118774414,120639300,0.0,0.0
2020-10-20,112.6138242501148,115.3080339002408,112.06141592703932,113.8833999633789,124423700,0.0,0.0
2020-10-21,113.06930582021845,115.04634782768703,112.85609432030498,113.26313781738281,89946000,0.0,0.0
2020-10-22,113.82523521136082,114.39703037608496,111.05350042518317,112.17770385742188,101988000,0.0,0.0
2020-10-23,112.79796641825128,112.9530320407279,110.75308473393972,111.48963165283203,82572600,0.0,0.0
2020-10-26,110.491393975544,112.9530046815979,109.39626361538546,111.49929809570312,111850700,0.0,0.0
2020-10-27,111.92571374848922,113.66047116286873,111.00503586765389,113.00145721435547,92276800,0.0,0.0
2020-10-28,111.49929044963356,111.86756009765654,107.67119226626225,107.76810455322266,143937800,0.0,0.0
2020-10-29,108.90201751002611,113.32128352260756,108.7372584642391,111.76097106933594,146129200,0.0,0.0
2020-10-30,107.63244356202665,108.53374202736012,104.39552680317541,105.5003433227539,190272600,0.0,0.0
2020-11-02,105.74262715568275,107.26417322328109,104.00786958662283,105.41311645507812,122866900,0.0,0.0
2020-11-03,106.27566693473848,108.04918369356872,105.3743683811965,107.0315933227539,107624400,0.0,0.0
2020-11-04,110.61739783333208,112.02264481194184,108.88264012828803,111.40239715576172,138235500,0.0,0.0
2020-11-05,114.3097976289083,115.92826333290571,113.26313445106743,115.3564682006836,126387100,0.0,0.0
2020-11-06,114.8662234022807,115.72053342058035,112.74014741905776,115.22542572021484,114457900,0.205,0.0
2020-11-09,116.98259196742552,118.42909663240218,112.66249091138815,112.92460632324219,154515300,0.0,0.0
2020-11-10,112.17705482703222,114.15749993877138,110.79849953418882,112.58479309082031,138023400,0.0,0.0
2020-11-11,113.76920185962483,116.13797271482636,113.0410945158488,116.00205993652344,112295000,0.0,0.0
2020-11-12,116.1282678012146,117.011700843839,115.10891457611105,115.73023223876953,103162300,0.0,0.0
2020-11-13,115.95353177622367,116.17681389575209,114.42936059587085,115.7787857055664,81581900,0.0,0.0
2020-11-16,115.44869182782028,117.45826768159665,114.7011715913371,116.78841400146484,91183000,0.0,0.0
2020-11-17,116.06031664652185,117.14761890185565,115.48753500270898,115.90498352050781,74271000,0.0,0.0
2020-11-18,115.14776544105797,116.32244455787598,114.55557079610209,114.5846939086914,76322100,0.0,0.0
2020-11-19,114.15750389315893,115.58459527254094,113.40027354655376,115.1768569946289,74113000,0.0,0.0
2020-11-20,115.17686579253606,115.30306839104708,113.8662741381708,113.91481018066406,73604300,0.0,0.0
2020-11-23,113.75948583985478,114.18664449638574,110.42960812922888,110.52668762207031,127959300,0.0,0.0
2020-11-24,110.58493635731566,112.46830213663921,109.30346044434035,111.80815124511719,113874200,0.0,0.0
2020-11-25,112.17708182311867,113.34205068763839,111.80816933755735,112.64306640625,76499200,0.0,0.0
2020-11-27,113.1673012347678,114.06044449798334,112.82751927666311,113.18671417236328,46691300,0.0,0.0
2020-11-30,113.5556343004744,117.43887387012144,113.40030116247651,115.57492065429688,169410200,0.0,0.0
2020-12-01,117.47769537507614,119.865886582141,116.50688558000795,119.13777923583984,127728200,0.0,0.0
2020-12-02,118.4581955989779,119.76879461118622,117.361183311203,119.48725891113281,89004200,0.0,0.0
2020-12-03,119.91442054863892,120.16683316485343,118.64266210929217,119.35135650634766,78967600,0.0,0.0
2020-12-04,119.02127760834182,119.27369022514605,117.97280126779268,118.6814956665039,78260400,0.0,0.0
2020-12-07,118.73974965511624,120.93378197653361,118.68150343461471,120.1377182006836,86712000,0.0,0.0
2020-12-08,120.7396105898644,121.3318051265446,119.49696789528441,120.74931335449219,82225500,0.0,0.0
2020-12-09,120.89492334982977,122.2734712617734,117.46796650383776,118.2251968383789,115089200,0.0,0.0
2020-12-10,116.98257670113864,120.25420827611856,116.64279476467264,119.64259338378906,81312200,0.0,0.0
2020-12-11,118.85625833732891,119.17662738728284,117.03113836127132,118.83684539794922,86939800,0.0,0.0
2020-12-14,119.02126044734395,119.74936767773963,117.99220459852543,118.2251968383789,79184500,0.0,0.0
2020-12-15,120.71048814758292,124.16657610565406,120.50661897640848,124.14715576171875,157243700,0.0,0.0
2020-12-16,123.69089034743503,124.62285953660047,122.86569602420569,124.07920837402344,98208600,0.0,0.0
2020-12-17,125.13735812529592,125.79751639112722,124.30246123265556,124.94319915771484,94359800,0.0,0.0
2020-12-18,125.1956339798523,125.33154675459895,122.43853039208297,122.9627685546875,192541500,0.0,0.0
2020-12-21,121.3706398580424,124.56460503939759,119.84646874418631,124.4869384765625,121251600,0.0,0.0
2020-12-22,127.76828795319533,130.48655855974283,125.86549408459715,128.03041076660156,168904800,0.0,0.0
2020-12-23,128.30220615943512,128.5643140977905,126.96248410987832,127.13723754882812,88223700,0.0,0.0
2020-12-24,127.48673172125208,129.56426380208862,127.2731524108818,128.1177520751953,54930100,0.0,0.0
2020-12-28,130.07882834872916,133.33103273857998,129.61282891491868,132.70001220703125,124486200,0.0,0.0
2020-12-29,134.02028815847115,134.7386778886634,130.41857748936,130.93310546875,121047300,0.0,0.0
2020-12-30,131.62241857715392,132.02045422329275,129.50604512243837,129.81671142578125,96452100,0.0,0.0
2020-12-31,130.16618225748783,130.80692029298538,127.87507049302144,128.81675720214844,99116600,0.0,0.0
2021-01-04,129.62252069116946,129.70989001259753,123.05984477192808,125.63249206542969,143301900,0.0,0.0
2021-01-05,125.12767890789046,127.89449286005866,124.68109986637585,127.185791015625,97664900,0.0,0.0
2021-01-06,123.99183545726343,127.2246340413711,122.6909464043688,122.90452575683594,155088000,0.0,0.0
2021-01-07,124.61314843344341,127.7877006759222,124.12774352599207,127.09841918945312,109578200,0.0,0.0
2021-01-08,128.56434751676753,128.75852134682515,126.42856870658443,128.19544982910156,105158200,0.0,0.0
2021-01-11,125.41891104549275,126.37030043054156,124.74904996348562,125.21503448486328,100384500,0.0,0.0
2021-01-12,124.74906018656239,125.90432622691371,123.15693269578279,125.0403060913086,91951100,0.0,0.0
2021-01-13,125.00149813762589,127.61297957219367,124.73939008676004,127.06932830810547,88636800,0.0,0.0
2021-01-14,126.98193239512918,127.17609140406186,125.00147198922038,125.14710235595703,90221800,0.0,0.0
2021-01-15,125.02089191255358,126.41886047356746,123.29285155612885,123.42876434326172,111598500,0.0,0.0
2021-01-19,124.05008172781939,124.9529425933155,123.23460500719132,124.09862518310547,90757300,0.0,0.0
2021-01-20,124.9044008833116,128.62260444676102,124.79761120554318,128.176025390625,104319500,0.0,0.0
2021-01-21,129.8943322047019,135.59298002533745,129.6904556633409,132.8747100830078,120150900,0.0,0.0
2021-01-22,132.30196087543968,135.76775903778582,131.07874583699044,135.01052856445312,114459400,0.0,0.0
2021-01-25,138.89375351472623,140.85477848015867,132.55435242559187,138.7481231689453,157611700,0.0,0.0
2021-01-26,139.40828353042602,140.08784738058793,137.24336716103608,138.9811248779297,98390600,0.0,0.0
2021-01-27,139.24327402981456,140.08788882014454,136.31143843564914,137.91326904296875,140843800,0.0,0.0
2021-01-28,135.44739349341899,137.8452949915903,132.7097026247184,133.08831787109375,142621100,0.0,0.0
2021-01-29,131.86509178375854,132.7485322226158,126.40914566020653,128.10806274414062,177523800,0.0,0.0
2021-02-01,129.84582625364877,131.42825115687322,127.1081351803439,130.2244415283203,106239800,0.0,0.0
2021-02-02,131.76799601841705,132.33106742025004,130.6806938981219,131.0496063232422,83305400,0.0,0.0
2021-02-03,131.79715512438477,131.806872704572,129.70991963118382,130.03028869628906,89880900,0.0,0.0
2021-02-04,132.3213529395916,133.3892346236449,130.66126198692473,133.37953186035156,84183100,0.0,0.0
2021-02-05,133.53996875011137,133.60801926205087,132.09129544721642,132.96632385253906,75693800,0.205,0.0
2021-02-08,132.25661898979965,133.16082913582426,131.1774090425887,133.11221313476562,71297200,0.0,0.0
2021-02-09,132.83021630146237,134.05527394815869,132.08158644572234,132.2371368408203,76774200,0.0,0.0
2021-02-10,132.69412944515517,133.18999187171354,130.6718255115653,131.63436889648438,73046600,0.0,0.0
2021-02-11,132.13019115518452,132.6066041234454,130.05928645451803,131.38156127929688,64280000,0.0,0.0
2021-02-12,130.62318851283254,131.7704486448014,129.98149309892653,131.61488342285156,60145100,0.0,0.0
2021-02-16,131.731578673249,132.23714344471992,129.10646349095452,129.49537658691406,80576300,0.0,0.0
2021-02-17,127.60918638254499,128.55228022303262,125.87856393692216,127.21055603027344,97918500,0.0,0.0
2021-02-18,125.61608363778298,126.39389519067603,123.87574345471002,126.11194610595703,96856700,0.0,0.0
2021-02-19,126.62721780066286,127.08418144033098,125.22716025236211,126.26747131347656,87668800,0.0,0.0
2021-02-22,124.4590677731543,126.1216398427311,122.11592370284757,122.50482940673828,103916400,0.0,0.0
2021-02-23,120.32696020598745,123.1951256816812,115.10591870921408,122.36870574951172,158273000,0.0,0.0
2021-02-24,121.47422557501572,122.07702231944482,118.83940058972168,121.87284851074219,111039900,0.0,0.0
2021-02-25,121.22144819930787,122.952070827566,117.19629003176654,117.63380432128906,148199500,0.0,0.0
2021-02-26,119.18940199791072,121.3867126364465,117.83796059992733,117.89630126953125,164560400,0.0,0.0
2021-03-01,120.31723727022785,124.38128647028813,119.38386807729292,124.24517059326172,116307900,0.0,0.0
2021-03-02,124.84796874824156,125.14936711599789,121.5422817134225,121.64923095703125,102260900,0.0,0.0
2021-03-03,121.34782670099902,122.22286260620939,118.46021192268415,118.67411041259766,112966300,0.0,0.0
2021-03-04,118.37271790565526,120.1713983779594,115.3295451588436,116.79765319824219,178155000,0.0,0.0
2021-03-05,117.62407506080334,118.55744422295456,114.30866329373481,118.05186462402344,153766600,0.0,0.0
2021-03-08,117.57546286579684,117.6435208042625,112.98639210708664,113.13223266601562,154376600,0.0,0.0
2021-03-09,115.72815634992203,118.67410422916818,115.4948159266102,117.73101043701172,129525800,0.0,0.0
2021-03-10,118.31438961434448,118.78107052799325,116.13652062478559,116.65182495117188,111943300,0.0,0.0
2021-03-11,119.14079423957098,119.79220694881545,117.8963020733253,118.5768814086914,103026500,0.0,0.0
2021-03-12,117.06017746833828,117.80881486489184,115.85457640393945,117.67269897460938,88105100,0.0,0.0
2021-03-15,118.04215631738552,120.56030756816384,117.07961303714333,120.55058288574219,92403800,0.0,0.0
2021-03-16,122.21312976850402,123.69096973595795,121.26031872689654,122.08673858642578,115227900,0.0,0.0
2021-03-17,120.608898014803,122.36868685463394,118.94632630755859,121.29920196533203,111932600,0.0,0.0
2021-03-18,119.4713879239737,119.76306909077105,116.98240299360765,117.18657684326172,121229700,0.0,0.0
2021-03-19,116.57402203720062,118.0615792444134,116.36012356493978,116.6615219116211,185549500,0.0,0.0
2021-03-22,116.99210932461362,120.4339124312078,116.92405138540522,119.96722412109375,111912300,0.0,0.0
2021-03-23,119.90889482634996,120.79364806529563,118.75190240381558,119.14080810546875,95467100,0.0,0.0
2021-03-24,119.41303294328375,119.49081556265351,116.73931659895885,116.75875854492188,88530500,0.0,0.0
2021-03-25,116.22403437317163,118.28522953966727,115.69901275290125,117.24490356445312,98844700,0.0,0.0
2021-03-26,117.01155734823239,118.11021653249013,115.62122444554402,117.84770202636719,94071200,0.0,0.0
2021-03-29,118.27550253849374,119.17970518605573,117.3810245738276,118.02271270751953,80819200,0.0,0.0
2021-03-30,116.77820181701264,117.06015823420087,115.56287626935224,116.57402801513672,85671900,0.0,0.0
2021-03-31,118.27549692418452,120.0936193981419,117.78936665110342,118.76162719726562,118323800,0.0,0.0
2021-04-01,120.22972337194014,120.73529551085936,119.0921730782952,119.58802795410156,75089100,0.0,0.0
2021-04-05,120.433912742921,122.6603902138714,119.65610136330406,122.40760040283203,88651200,0.0,0.0
2021-04-06,122.99096372232243,123.60348521908364,122.16454371050696,122.7090072631836,80171300,0.0,0.0
2021-04-07,122.33953300139642,124.3715537614014,121.66867092380699,124.35211181640625,83466700,0.0,0.0
2021-04-08,125.37298279315496,126.77304022302052,124.95491791825974,126.7438735961914,88844600,0.0,0.0
2021-04-09,126.19942288071834,129.34953758105655,125.87857511762488,129.31065368652344,106686700,0.0,0.0
2021-04-12,128.843948878623,129.16479658221076,127.00637736572274,127.59945678710938,91420000,0.0,0.0
2021-04-13,128.7661695536294,130.9245888251844,128.2703072556539,130.70095825195312,91266500,0.0,0.0
2021-04-14,131.19681975522676,131.255153005102,128.00780685424039,128.36753845214844,87222800,0.0,0.0
2021-04-15,130.10789773924117,131.2551579244961,129.93288314753977,130.76902770996094,89347100,0.0,0.0
2021-04-16,130.57457716887737,130.9343087763494,129.5828673880838,130.43846130371094,84922400,0.0,0.0
2021-04-19,129.80648595127033,131.71212294052938,129.64120345679902,131.09959411621094,94264200,0.0,0.0
2021-04-20,131.27457731881103,131.7704246836556,128.1536155263412,129.4175567626953,94812300,0.0,0.0
2021-04-21,128.68840701349623,130.03984858480732,127.65781320400242,129.79678344726562,68847100,0.0,0.0
2021-04-22,129.34952213608938,130.42873181562496,127.7647477103965,128.28004455566406,84566500,0.0,0.0
2021-04-23,128.4939686507075,131.37185181275385,128.4939686507075,130.59405517578125,78657500,0.0,0.0
2021-04-26,131.08988992627178,131.3135056957382,129.85511489088012,130.98294067382812,66905100,0.0,0.0
2021-04-27,131.2648602486865,131.65377327736235,130.38983189631728,130.6620635986328,66015800,0.0,0.0
2021-04-28,130.58433418027712,131.27464581514576,129.38845765548453,129.8745880126953,107760100,0.0,0.0
2021-04-29,132.6843927517533,133.26775499092827,128.77590135452442,129.77732849121094,151101000,0.0,0.0
2021-04-30,128.12451598324157,129.85513887109062,127.43421918268936,127.81340026855469,109839500,0.0,0.0
2021-05-03,128.37727305832388,130.35097557067442,128.1731066561789,128.8634033203125,75135100,0.0,0.0
2021-05-04,127.55085108162373,127.84253218435018,123.18539631101322,124.30349731445312,137564700,0.0,0.0
2021-05-05,125.61606280982821,126.83138852361431,124.42018646140798,124.54658508300781,84000900,0.0,0.0
2021-05-06,124.34242498470246,126.15083054782626,123.60350474806587,126.14111328125,78128300,0.0,0.0
2021-05-07,127.436367545342,127.83566009725462,126.10209824713681,126.81306457519531,78973300,0.22,0.0
2021-05-10,126.03393749535272,126.16053593199283,123.50176071253134,123.54071807861328,88071200,0.0,0.0
2021-05-11,120.2781205077101,122.97585322059021,119.56716154628263,122.62525177001953,126142800,0.0,0.0
2021-05-12,120.18073081693389,121.38837950118456,119.06073063774643,119.5671615600586,112172300,0.0,0.0
2021-05-13,121.32994515958939,122.85898653118865,121.0182936516952,121.70977020263672,105861300,0.0,0.0
2021-05-14,122.95638491442686,124.55359993393608,122.56681864446786,124.12507629394531,81918000,0.0,0.0
2021-05-17,123.51152281141687,123.61865372868071,121.90456648281831,122.97586822509766,74244600,0.0,0.0
2021-05-18,123.25829164809352,123.67707407576847,121.5247295992301,121.59290313720703,63342900,0.0,0.0
2021-05-19,119.94701139751646,121.66109125212728,119.65483481097455,121.43709564208984,92612000,0.0,0.0
2021-05-20,121.96301512916867,124.38805416925351,121.83640180117781,123.9887466430664,76857100,0.0,0.0
2021-05-21,124.48540928959464,124.66071371547133,121.9434988295615,122.15776062011719,79295400,0.0,0.0
2021-05-24,122.72263459381065,124.60228476604034,122.65446106136119,123.78419494628906,63092900,0.0,0.0
2021-05-25,124.48544437052729,124.97240785106588,123.02457621999051,123.58944702148438,72009500,0.0,0.0
2021-05-26,123.64784897774915,124.06663137518274,123.12193568117969,123.54071807861328,56575900,0.0,0.0
2021-05-27,123.14142196396851,124.3101132618625,121.81690119683103,122.01168060302734,94625600,0.0,0.0
2021-05-28,122.29413127736017,122.51813430989525,121.30074429262824,121.35917663574219,71311100,0.0,0.0
2021-06-01,121.81692100329542,122.07987398745031,120.7066618606694,121.03778839111328,67637100,0.0,0.0
2021-06-02,121.03778177713107,121.97273640244447,120.81378617886122,121.79743194580078,59278900,0.0,0.0
2021-06-03,121.42735201359653,121.59291527515944,119.91778539724056,120.31709289550781,76229200,0.0,0.0
2021-06-04,120.83328456288871,122.86876489445729,120.61902269321199,122.60580444335938,75169300,0.0,0.0
2021-06-07,122.87847726693603,123.02456555539773,121.5734387321586,122.61552429199219,71057600,0.0,0.0
2021-06-08,123.29725429760116,125.10873859219605,122.91742922255409,123.43360137939453,74403800,0.0,0.0
2021-06-09,123.89135316418162,124.41726657205889,123.21935146016743,123.81343841552734,56877900,0.0,0.0
2021-06-10,123.70627849251187,124.8457609909566,122.65445935370101,122.82002258300781,71186400,0.0,0.0
2021-06-11,123.2290871401218,124.11535064804697,122.81030467281765,124.02769470214844,53522400,0.0,0.0
2021-06-14,124.48543247038134,127.134466888619,123.75499846493855,127.07603454589844,96906500,0.0,0.0
2021-06-15,126.55013404538738,127.19291956440452,126.01447944620644,126.2579574584961,62746300,0.0,0.0
2021-06-16,126.96890049704093,127.47533888931655,125.10873990323489,126.754638671875,91815000,0.0,0.0
2021-06-17,126.41377710106734,129.0920350275276,126.26768138864819,128.3518524169922,96721700,0.0,0.0
2021-06-18,127.30001939569985,128.07913695617995,126.8422796555246,127.0565414428711,108953300,0.0,0.0
2021-06-21,126.90071755171388,128.95567215813708,125.83915719739741,128.84854125976562,79663300,0.0,0.0
2021-06-22,128.68299766370282,130.58212309669915,128.18629303149916,130.48472595214844,74783600,0.0,0.0
2021-06-23,130.2802171084206,130.815871699919,129.75429628741554,130.2120361328125,60214200,0.0,0.0
2021-06-24,130.94245782977737,131.12750347675475,129.46210751467535,129.92959594726562,68711000,0.0,0.0
2021-06-25,129.97829578212327,130.39707078875628,129.3452440962624,129.63742065429688,70783700,0.0,0.0
2021-06-28,129.9296003283306,131.72159479819973,129.87116798746578,131.26385498046875,62111300,0.0,0.0
2021-06-29,131.28332301060522,132.9292364481491,130.84506564137368,132.77340698242188,64556100,0.0,0.0
2021-06-30,132.6176097807272,133.8252661428457,132.32543317658508,133.3870086669922,63261400,0.0,0.0
2021-07-01,133.03633900183303,133.747290354245,132.21824191143713,133.68885803222656,52485800,0.0,0.0
2021-07-02,134.30248992948265,136.34771154697577,134.1564090399708,136.3087615966797,78852600,0.0,0.0
2021-07-06,136.4158466947496,139.41548226335163,136.4158466947496,138.31497192382812,108181800,0.0,0.0
2021-07-07,139.79533405407227,141.11012131228122,138.93830152510142,140.79847717285156,104911600,0.0,0.0
2021-07-08,137.88646110200742,140.30175867225685,137.00019762598444,139.50315856933594,105575500,0.0,0.0
2021-07-09,139.02589338469298,141.85023133403726,138.92849627166194,141.32432556152344,99890800,0.0,0.0
2021-07-12,142.39566628334748,142.5027971874123,140.24331443285035,140.7302703857422,76299700,0.0,0.0
2021-07-13,140.2725467114718,143.61307265954179,139.882987848704,141.84054565429688,100827100,0.0,0.0
2021-07-14,144.23637643322533,145.66802829472786,143.82732030646622,145.25897216796875,127050800,0.0,0.0
2021-07-15,145.3466279214185,146.08679566961968,143.25270826705687,144.6064453125,106820300,0.0,0.0
2021-07-16,144.5869580069263,145.85303150774294,142.07426368162248,142.57095336914062,93251400,0.0,0.0
2021-07-19,139.99983785193092,140.31149679803218,137.97409928442224,138.73374938964844,121434600,0.0,0.0
2021-07-20,139.71743864780393,143.26247815428886,139.23048258998614,142.33724975585938,96350000,0.0,0.0
2021-07-21,141.73339430532917,142.31774737595725,140.85687956010295,141.60678100585938,74993500,0.0,0.0
2021-07-22,142.13271101540525,144.33374665171397,142.00609770767423,142.97027587890625,77338200,0.0,0.0
2021-07-23,143.700726126391,144.8402014430063,143.0871567787064,144.6843719482422,71447400,0.0,0.0
2021-07-26,144.40193160847764,145.92123190033908,143.84679465375743,145.1031494140625,72434100,0.0,0.0
2021-07-27,145.22973937162135,145.3174027377309,141.7528815779119,142.94105529785156,104818600,0.0,0.0
2021-07-28,141.03220589476328,143.13585955365372,138.82142131266863,141.19776916503906,118931200,0.0,0.0
2021-07-29,140.91533220968486,142.72680915691933,140.80820129331602,141.84054565429688,56699500,0.0,0.0
2021-07-30,140.61342392407167,142.51254941417247,140.35046351445212,142.0548095703125,70440600,0.0,0.0
2021-08-02,142.54179179711645,143.11639643503634,141.4607486484721,141.7237091064453,62880000,0.0,0.0
2021-08-03,142.00610422671278,144.17792379335657,141.3925349204239,143.5156707763672,64786600,0.0,0.0
2021-08-04,143.42803778640976,143.93446137395492,142.46385946656952,143.1163787841797,56368300,0.0,0.0
2021-08-05,143.14558074057953,143.98314564998552,142.35671440302508,143.22349548339844,46397700,0.0,0.0
2021-08-06,142.74556017853746,143.48683682415765,142.04329182669468,142.5407257080078,54126800,0.22,0.0
2021-08-09,142.59926530339968,143.0869508994325,141.936020036627,142.49197387695312,48908700,0.0,0.0
2021-08-10,142.83334623786462,144.0720717018618,141.72142377939727,142.0140380859375,69023100,0.0,0.0
2021-08-11,142.45294678468827,143.10644361120174,141.94574966449076,142.2676239013672,48493500,0.0,0.0
2021-08-12,142.5895380873464,145.3791007055084,142.24815216632183,145.22303771972656,72282600,0.0,0.0
2021-08-13,145.30102293180235,145.7594485046543,144.61826619020815,145.42782592773438,59375000,0.0,0.0
2021-08-16,144.88159714502063,147.46633914191412,142.86258697892168,147.39805603027344,103296000,0.0,0.0
2021-08-17,146.52999034959836,147.9442754116722,145.41806793520456,146.49098205566406,92229700,0.0,0.0
2021-08-18,146.1106045300614,147.00794422226895,142.55049082276733,142.7553253173828,86326000,0.0,0.0
2021-08-19,141.45807654722455,144.35493005036025,140.94113102889904,143.08694458007812,86960300,0.0,0.0
2021-08-20,143.80872432514332,144.84261535990314,143.16497579607238,144.54025268554688,60549600,0.0,0.0
2021-08-23,144.65731367112883,146.49101645929602,144.24765951519495,146.02284240722656,60131800,0.0,0.0
2021-08-24,145.76920152361467,147.1444782861979,145.47658722985506,145.9350128173828,48606400,0.0,0.0
2021-08-25,146.12033978338724,146.6177885615759,144.15984926147306,144.7060546875,58991300,0.0,0.0
2021-08-26,144.6962824320372,145.44730732727103,143.87695954535974,143.90621948242188,48597200,0.0,0.0
2021-08-27,143.84772924961433,145.08645474475415,143.21374397198983,144.94015502929688,55802400,0.0,0.0
2021-08-30,145.33029180641267,149.70971334019745,144.9498976782118,149.34881591796875,90956700,0.0,0.0
2021-08-31,148.90016654739884,149.03671791602926,147.5638979226051,148.09060668945312,86453100,0.0,0.0
2021-09-01,149.06594053769027,151.1629820772436,148.58800342565723,148.75381469726562,80313700,0.0,0.0
2021-09-02,150.0803207109557,150.90939195726816,148.6465242486851,149.86573791503906,71115500,0.0,0.0
2021-09-03,149.97312318530533,150.82170654866533,149.31962603705526,150.4998321533203,57808700,0.0,0.0
2021-09-07,151.1532776856572,153.3868712092461,150.58756059759483,152.83091735839844,82278300,0.0,0.0
2021-09-08,153.11374935418493,153.17226923823645,150.18763608775444,151.28981018066406,74420200,0.0,0.0
2021-09-09,151.66046161317462,152.26518694823613,150.15838174591684,150.2754364013672,57305700,0.0,0.0
2021-09-10,151.1825274626448,151.65070144497142,145.03768627305047,145.30104064941406,140893200,0.0,0.0
2021-09-13,146.92016289482572,147.6906995642944,145.08646034770857,145.86676025390625,102404300,0.0,0.0
2021-09-14,146.64705797915482,147.34932639599026,143.2917788504928,144.4719696044922,109296300,0.0,0.0
2021-09-15,144.90114769505237,145.7594791408811,142.76508231790012,145.3595733642578,83281300,0.0,0.0
2021-09-16,144.78408681235823,145.301032298818,143.59413289330473,145.12545776367188,68034100,0.0,0.0
2021-09-17,145.15472586644688,145.15472586644688,142.17007797103764,142.4626922607422,129868800,0.0,0.0
2021-09-20,140.2583754550107,141.27275491051466,137.79068761664803,139.4195556640625,123478900,0.0,0.0
2021-09-21,140.38516176883357,141.03867353306788,139.2634909051742,139.89747619628906,75834000,0.0,0.0
2021-09-22,140.8923904729101,142.82362160529345,140.160861950327,142.25791931152344,76404300,0.0,0.0
2021-09-23,143.03818581433492,143.45760318499043,142.05306622379317,143.21376037597656,64838200,0.0,0.0
2021-09-24,142.0725363720286,143.8379554130243,141.97499332368358,143.30149841308594,53477900,0.0,0.0
2021-09-27,141.88723117083788,142.3651683544505,140.2778748536838,141.78968811035156,74150700,0.0,0.0
2021-09-28,139.7219107001194,141.18496735666514,138.2003341585889,138.4149169921875,108972300,0.0,0.0
2021-09-29,138.961106448078,140.89233684538155,138.53194083023718,139.31224060058594,74602000,0.0,0.0
2021-09-30,140.12181985738948,140.82408826037346,137.80043180958225,138.0150146484375,89056700,0.0,0.0
2021-10-01,138.40511433613224,139.39999674646052,135.683836278531,139.1366424560547,94639600,0.0,0.0
2021-10-04,138.26860229461653,138.7075311976416,134.86456666800945,135.713134765625,98322000,0.0,0.0
2021-10-05,136.0545619084437,138.7368332577452,135.92775886392107,137.63465881347656,80861100,0.0,0.0
2021-10-06,136.035013031244,138.64900052233625,134.96209883237336,138.50270080566406,83221100,0.0,0.0
2021-10-07,139.53660933038944,140.66804355787346,139.2049866756737,139.7609405517578,61732700,0.0,0.0
2021-10-08,140.48272854170557,140.62902828496263,139.048931525846,139.38055419921875,58773200,0.0,0.0
2021-10-11,138.7660156376636,141.24345105959597,138.3173384960809,139.29270935058594,64452200,0.0,0.0
2021-10-12,139.70242001460875,139.72193160685052,137.56635459515326,138.0247802734375,73035900,0.0,0.0
2021-10-13,137.76143421982243,137.9174823014052,135.77166862906188,137.43955993652344,78762700,0.0,0.0
2021-10-14,138.61001888548796,140.3364302891857,138.0247901402729,140.21937561035156,69907100,0.0,0.0
2021-10-15,140.22914177699147,141.3313012712168,139.9755357033759,141.2727813720703,67940300,0.0,0.0
2021-10-18,139.91698682828363,143.22349439217342,139.63413574665708,142.94064331054688,85589200,0.0,0.0
2021-10-19,143.38933731406476,145.49614300945177,142.94067482594585,145.0962371826172,76378900,0.0,0.0
2021-10-20,145.03771776138194,146.06186066249072,144.47200058855057,145.58392333984375,58418800,0.0,0.0
2021-10-21,145.14499547046705,145.95455540585698,144.22814410067642,145.79849243164062,61421000,0.0,0.0
2021-10-22,146.0033099939033,146.481232332848,144.97916730862042,145.02793884277344,58883400,0.0,0.0
2021-10-25,145.0181647887637,145.69117321411855,143.98427382696465,144.97915649414062,50720600,0.0,0.0
2021-10-26,145.65221967005135,147.12502519414866,145.34009366381272,145.64247131347656,60893400,0.0,0.0
2021-10-27,145.68143968000115,146.04232225315448,144.83287151805337,145.1840057373047,56094900,0.0,0.0
2021-10-28,146.1301073675776,149.39759166799496,146.03256430303534,148.8123779296875,100077900,0.0,0.0
2021-10-29,143.59415144162946,146.24716233667445,142.8041031388741,146.11061096191406,124953200,0.0,0.0
2021-11-01,145.3205502265068,146.01305539533712,144.15985619885288,145.29129028320312,74588300,0.0,0.0
2021-11-02,144.9986596105235,147.83699285465968,144.98889637520205,146.32516479492188,69122000,0.0,0.0
2021-11-03,146.6860731609645,148.2271614322934,146.13011931995035,147.7589874267578,54511500,0.0,0.0
2021-11-04,147.84676026074618,148.6758168059769,146.92990900121129,147.24203491210938,60394600,0.0,0.0
2021-11-05,148.36533077411934,148.66813471450217,146.57779487265975,147.7694854736328,65463900,0.22,0.0
2021-11-08,147.8964511588677,148.0527418478978,146.67545809713351,146.94895935058594,55020900,0.0,0.0
2021-11-09,146.71456416967115,147.9160175036458,146.57781350486675,147.31040954589844,56787900,0.0,0.0
2021-11-10,146.5387319232798,146.64617992683026,144.4190894029692,144.48745727539062,65187100,0.0,0.0
2021-11-11,145.50331597045192,145.96239567531134,144.25300529217714,144.4385986328125,41000000,0.0,0.0
2021-11-12,144.9856329096499,146.9099196974308,144.0576809080353,146.5094451904297,63804000,0.0,0.0
2021-11-15,146.88060480284193,148.3555742437889,145.9624154592678,146.51919555664062,59222800,0.0,0.0
2021-11-16,146.4606021824879,147.97463697406297,145.87451939068316,147.49600219726562,59256200,0.0,0.0
2021-11-17,147.49598349597346,151.40316186672771,147.48622091573952,149.92820739746094,88807000,0.0,0.0
2021-11-18,150.1431040324191,154.98799688592075,149.4984160214015,154.20655822753906,137827700,0.0,0.0
2021-11-19,153.99168810581827,157.2834965855034,152.897682743032,156.82440185546875,117305600,0.0,0.0
2021-11-22,157.92816624213555,161.85488526610547,157.26395297389544,157.2834930419922,117467900,0.0,0.0
2021-11-23,157.3811042204667,158.04533214291368,155.36891020179667,157.6643829345703,96041900,0.0,0.0
2021-11-24,157.01974088138022,158.3774848564214,155.9354982175197,158.18212890625,69463600,0.0,0.0
2021-11-26,155.867151508964,156.72672078738918,152.73163368073872,153.1711883544922,76959800,0.0,0.0
2021-11-29,155.67178482147494,157.44955853817083,155.10524204048522,156.5216064453125,88748200,0.0,0.0
2021-11-30,156.27736517799391,161.67903783874624,156.20898240534294,161.46414184570312,174048100,0.0,0.0
2021-12-01,163.59351550609503,166.34808276003974,160.71197512033876,160.9464111328125,152052500,0.0,0.0
2021-12-02,155.0563862894109,160.38967666927002,154.13819694441963,159.9598846435547,136739200,0.0,0.0
2021-12-03,160.21386222018816,161.13205157338396,156.01364225594332,158.08444213867188,118023100,0.0,0.0
2021-12-06,160.47757621707362,163.98428011365826,160.46781363689186,161.4836883544922,107497000,0.0,0.0
2021-12-07,165.15645786646198,167.5984447377344,164.43362438687151,167.2077178955078,120405400,0.0,0.0
2021-12-08,168.1356556285786,171.87678065417452,166.73883163036436,171.01719665527344,116998900,0.0,0.0
2021-12-09,170.85117673379307,172.64847553279014,169.8841445461616,170.50929260253906,108923700,0.0,0.0
2021-12-10,171.14418244016858,175.46161263264923,170.63624509261138,175.28578186035156,115402700,0.0,0.0
2021-12-13,176.91704079075095,177.9036129181879,171.45676231906222,171.66189575195312,153237000,0.0,0.0
2021-12-14,171.18328686899508,173.61551126067369,168.21383726682737,170.28463745117188,139380400,0.0,0.0
2021-12-15,171.04652519555987,175.33465344975855,168.31149697974806,175.13929748535156,131063300,0.0,0.0
2021-12-16,175.11975249855263,176.93659123544322,166.78769490587976,168.2626495361328,150185800,0.0,0.0
2021-12-17,165.98669687061619,169.444558052229,165.75227570894924,167.1686248779297,195432700,0.0,0.0
2021-12-20,164.374993320752,166.62162387110183,163.57402950297322,165.81088256835938,107499100,0.0,0.0
2021-12-21,167.57889907243998,169.18084181030284,165.1955175809284,168.97572326660156,91185900,0.0,0.0
2021-12-22,169.02456703895956,171.77913555211592,168.15522025592128,171.56423950195312,92135300,0.0,0.0
2021-12-23,171.76934702247985,172.74614168304623,171.2028043307869,172.18936157226562,68356600,0.0,0.0
2021-12-27,172.9805656257053,176.2332936859138,172.96104046356876,176.1453857421875,74919600,0.0,0.0
2021-12-28,175.9793227997058,177.12217071968058,174.38714279522745,175.12950134277344,79144300,0.0,0.0
2021-12-29,175.16857977375096,176.43841575185178,174.0061917992903,175.21742248535156,62348900,0.0,0.0
2021-12-30,175.30535282655248,176.379833000267,173.95737131856603,174.0648193359375,59773000,0.0,0.0
2021-12-31,173.95733955389892,175.07088475573076,173.14659828081136,173.4494171142578,64062300,0.0,0.0
2022-01-03,173.70336783595081,178.63618304508262,173.58615726537937,177.78636169433594,104487900,0.0,0.0
2022-01-04,178.39199939810527,178.69480333397306,174.96344087400894,175.5299835205078,99310400,0.0,0.0
2022-01-05,175.44210103848545,175.9891036993743,170.58743006603996,170.86093139648438,94537600,0.0,0.0
2022-01-06,168.69243553501073,171.23210762394186,167.65703557565845,168.00868225097656,96904000,0.0,0.0
2022-01-07,168.8780523594411,170.09904585932276,167.06121343542898,168.1747589111328,86709100,0.0,0.0
2022-01-10,165.15642793014217,168.4970635759533,164.26754129298973,168.1942596435547,106765600,0.0,0.0
2022-01-11,168.3212489833143,171.1148671703379,166.85605711502512,171.01719665527344,76138300,0.0,0.0
2022-01-12,172.03309245435602,173.06849253983535,170.76327115991117,171.456787109375,74805200,0.0,0.0
2022-01-13,171.70094857794888,172.52145244084235,167.80353287215138,168.1942596435547,84505800,0.0,0.0
2022-01-14,167.36401309283474,169.7473947274692,167.11981439919933,169.0538787841797,80440800,0.0,0.0
2022-01-18,167.53002095796475,168.5361181103695,165.478761430844,165.85971069335938,90956700,0.0,0.0
2022-01-19,166.05506272277646,167.1100025568735,162.08927949191408,162.37254333496094,94815000,0.0,0.0
2022-01-20,163.1051891966637,165.74253213798244,160.37016081486053,160.6925048828125,91420500,0.0,0.0
2022-01-21,160.60457194151562,162.470253269675,158.5337720868401,158.64122009277344,122848900,0.0,0.0
2022-01-24,156.30672027070835,158.53381139617989,151.11016437480347,157.8695831298828,162294600,0.0,0.0
2022-01-25,155.29081165334586,158.98309429431202,153.37630245676536,156.07225036621094,115798400,0.0,0.0
2022-01-26,159.70591419723806,160.575260779249,154.15772812433738,155.9843292236328,108275300,0.0,0.0
2022-01-27,158.68029600296296,160.0380400395087,154.6070638933257,155.52525329589844,121954600,0.0,0.0
2022-01-28,161.86463986114418,166.39696621279427,159.02216399560837,166.37742614746094,179935700,0.0,0.0
2022-01-31,166.21138037947398,170.93906288440527,165.576454917367,170.7241668701172,115541600,0.0,0.0
2022-02-01,169.97202274767105,170.78276405312576,168.31147491088436,170.55810546875,86213900,0.0,0.0
2022-02-02,170.69486467196293,171.79864739328102,169.30781806090394,171.7595672607422,84914300,0.0,0.0
2022-02-03,170.43115497753465,172.1503233892282,168.1259186202505,168.8878173828125,89418100,0.0,0.0
2022-02-04,167.9097269846018,170.27659447810953,166.9316879925936,168.60414123535156,82465400,0.22,0.0
2022-02-07,169.0638417050099,170.12990075671365,167.19578341710826,167.89019775390625,77251200,0.0,0.0
2022-02-08,167.95865801143464,171.49916986063508,167.66524328351184,170.99058532714844,74829200,0.0,0.0
2022-02-09,172.1838075995271,172.77062217708496,171.05905354274313,172.40875244140625,71285000,0.0,0.0
2022-02-10,170.31573108381698,171.62629991772872,167.78261335475796,168.340087890625,90865900,0.0,0.0
2022-02-11,168.545490327705,169.27901969811438,164.34969397169522,164.9365234375,98670700,0.0,0.0
2022-02-14,163.69438566255786,165.85585845870224,162.90217644579033,165.17123413085938,86185500,0.0,0.0
2022-02-15,167.21533801275692,169.15185115822308,166.5111487010071,168.995361328125,62527400,0.0,0.0
2022-02-16,168.0760262456703,169.53329496166765,166.31555287107355,168.76065063476562,61177400,0.0,0.0
2022-02-17,167.27401205002488,168.13469116142224,164.77023455180458,165.17123413085938,69589300,0.0,0.0
2022-02-18,166.0906242687398,166.79479876362558,162.54033719370844,163.62596130371094,82772700,0.0,0.0
2022-02-22,161.3569203806229,163.0293741588099,158.58906735628025,160.71142578125,91162800,0.0,0.0
2022-02-23,161.90460945584556,162.50121399005073,156.24176881453315,156.55474853515625,90009200,0.0,0.0
2022-02-24,149.22921086821898,159.27367681919955,148.66194638721413,159.1660919189453,141147500,0.0,0.0
2022-02-25,160.24192254485857,161.4938113988268,157.3371452242796,161.22975158691406,91974200,0.0,0.0
2022-02-28,159.47904685433394,161.78721963459702,158.86287747049465,161.49380493164062,95056600,0.0,0.0
2022-03-01,161.08305614073245,162.9413396082361,158.4130132555384,159.61599731445312,83474400,0.0,0.0
2022-03-02,160.77987821220702,163.68465609606667,159.37149924746353,162.9022216796875,79724800,0.0,0.0
2022-03-03,164.77020384398412,165.20054331948148,161.91433223458773,162.5793914794922,76678400,0.0,0.0
2022-03-04,160.8777043364537,161.91442370014718,158.54019079561948,159.58668518066406,83737200,0.0,0.0
2022-03-07,159.7724722055909,161.3960207362876,155.54733601828758,155.8016357421875,96418800,0.0,0.0
2022-03-08,155.33218168421902,159.30301816152476,152.37849933499598,153.98248291015625,131148300,0.0,0.0
2022-03-09,157.93372624467713,159.82134918778635,155.9091933685317,159.37144470214844,91454900,0.0,0.0
2022-03-10,156.68188663700346,156.86771648439594,152.5545597614365,155.03878784179688,105342000,0.0,0.0
2022-03-11,155.4397780469511,155.7820977698025,151.1070711319146,151.33201599121094,96970100,0.0,0.0
2022-03-14,148.12404550887342,150.7354085874783,146.80370143921206,147.31227111816406,108732100,0.0,0.0
2022-03-15,147.58612546449382,152.15358216127328,147.07755576988814,151.68411254882812,92964300,0.0,0.0
2022-03-16,153.60106822684398,156.48628104894496,151.06795013405093,156.0852813720703,102300200,0.0,0.0
2022-03-17,155.1268130175759,157.46432633327734,154.16833868809496,157.09266662597656,75615400,0.0,0.0
2022-03-18,156.9850782628136,160.8678953686917,156.25154880840884,160.37887573242188,123511700,0.0,0.0
2022-03-21,159.9191646814939,162.6968070121453,159.4301451412394,161.74810791015625,95811400,0.0,0.0
2022-03-22,161.8753020456877,165.69943983077812,161.2884873369799,165.1126251220703,81532000,0.0,0.0
2022-03-23,164.3008129085659,168.8486892835288,163.9682682338466,166.47206115722656,98062700,0.0,0.0
2022-03-24,167.30339150441574,170.31575418142768,166.47206709718986,170.24729919433594,90131400,0.0,0.0
2022-03-25,170.06146151483682,171.43071043053845,168.95627243907444,170.8830108642578,80546200,0.0,0.0
2022-03-28,168.38900077447545,171.87081780430975,168.22273590773543,171.74368286132812,90371900,0.0,0.0
2022-03-29,172.80972386459516,175.0787667230212,172.467404224187,175.02987670898438,100589400,0.0,0.0
2022-03-30,174.6288971925018,175.66561632731086,172.81951875433577,173.86602783203125,92633200,0.0,0.0
2022-03-31,173.93446796182153,174.120297776475,170.5700111087268,170.77540588378906,103049300,0.0,0.0
2022-04-01,170.2081296381206,171.03946877548313,168.16403166582776,170.4819793701172,78751300,0.0,0.0
2022-04-04,170.73632454310336,174.57023673592576,170.60917466091976,174.52133178710938,76468400,0.0,0.0
2022-04-05,173.6019328264619,174.38436705774205,170.589570736433,171.21551513671875,73401800,0.0,0.0
2022-04-06,168.57481703992445,169.81693085468368,166.39379406221198,168.05645751953125,89058800,0.0,0.0
2022-04-07,167.401190693142,169.55287391806212,166.11996174699982,168.3596649169922,77594700,0.0,0.0
2022-04-08,168.00756384278074,168.00756384278074,165.48422104719532,166.35467529296875,76575500,0.0,0.0
2022-04-11,165.00498773482366,165.31795249524248,161.8654755697351,162.1099853515625,72246700,0.0,0.0
2022-04-12,164.3301066999282,166.13946978275985,162.98040818860537,163.97801208496094,79265200,0.0,0.0
2022-04-13,163.71395993382896,167.28379658301122,163.10758048377514,166.65785217285156,70618900,0.0,0.0
2022-04-14,166.87304601950618,167.50878046321276,161.4155854111937,161.66009521484375,75329400,0.0,0.0
2022-04-18,160.32017704396847,162.94132974863555,159.977872292766,161.44493103027344,69023900,0.0,0.0
2022-04-19,161.39603175237912,164.1345444765827,160.31040765157212,163.7237548828125,67723800,0.0,0.0
2022-04-20,165.0538631380032,165.1712379709988,162.45229063171516,163.55746459960938,67929800,0.0,0.0
2022-04-21,165.200581424204,167.7630389892028,162.26646424033356,162.7652587890625,87227800,0.0,0.0
2022-04-22,162.8043941791054,164.1834179598548,157.95331370568275,158.2369384765625,84882400,0.0,0.0
2022-04-25,157.58165071304833,159.58663379803306,154.9800781201004,159.30300903320312,96046400,0.0,0.0
2022-04-26,158.68684707978605,158.77486701882205,153.2782919448604,153.35653686523438,95623200,0.0,0.0
2022-04-27,152.48608239761126,156.28086402556207,151.96772285920957,153.131591796875,88063200,0.0,0.0
2022-04-28,155.7527641169675,160.90703559165522,155.43978436635686,160.04635620117188,130216800,0.0,0.0
2022-04-29,158.28583697775457,162.55008785176082,153.7966412998766,154.18785095214844,131747600,0.0,0.0
2022-05-02,153.2684792337658,154.75508758420054,149.90402310354906,154.49102783203125,123055300,0.0,0.0
2022-05-03,154.67685229380245,157.1806445145201,152.88705416758032,155.97764587402344,88966500,0.0,0.0
2022-05-04,156.1635144371754,162.82395888042848,155.76251479077115,162.3740692138672,108256500,0.0,0.0
2022-05-05,160.25176069124018,160.4767055732459,151.54720112961485,153.32723999023438,130525300,0.0,0.0
2022-05-06,152.8080631040653,156.16767394547392,151.0156200226824,154.052001953125,116124600,0.23,0.0
2022-05-09,151.75022430191655,152.63176175523802,148.38083908771665,148.9391326904297,131577900,0.0,0.0
2022-05-10,152.32816310530018,153.52312542416914,149.7913080506125,151.33888244628906,115366700,0.0,0.0
2022-05-11,150.34957266016625,152.25954795565056,142.81739949520818,143.4932403564453,142689800,0.0,0.0
2022-05-12,139.8398213340432,143.19941752795359,135.95129962230052,139.63412475585938,182602000,0.0,0.0
2022-05-13,141.62247481337442,145.06044619602298,140.1728540722722,144.09075927734375,113990900,0.0,0.0
2022-05-16,142.56275232444813,144.49232147743598,141.22085987637433,142.55294799804688,86643800,0.0,0.0
2022-05-17,145.80482673464496,146.69615365751025,143.66956086149628,146.17703247070312,78336300,0.0,0.0
2022-05-18,143.83608013972986,144.33560760113403,137.0287088681347,137.92984008789062,109742900,0.0,0.0
2022-05-19,137.00912503429328,138.7525913397019,133.7964445425997,134.5310516357422,136095600,0.0,0.0
2022-05-20,136.23534285932448,137.81230015984903,129.8883411847853,134.76612854003906,137426100,0.0,0.0
2022-05-23,134.96201586760006,140.31975175202894,134.82488980062982,140.17283630371094,117726300,0.0,0.0
2022-05-24,137.92002455292192,139.05622039365426,134.51145197634384,137.47926330566406,104132700,0.0,0.0
2022-05-25,135.5888849437953,138.87992561613757,135.50073567160547,137.63600158691406,92482700,0.0,0.0
2022-05-26,134.57023400738558,141.37759058232152,134.3253649583187,140.82908630371094,90601500,0.0,0.0
2022-05-27,142.4060581377044,146.6080048732437,142.27872143657157,146.56883239746094,90978500,0.0,0.0
2022-05-31,146.01053811087894,147.567901829154,143.8262952175465,145.78524780273438,103718400,0.0,0.0
2022-06-01,146.823446577346,148.62569377792533,144.64900865939228,145.6578826904297,74286600,0.0,0.0
2022-06-02,144.79597858853165,148.16537934399943,143.84588541228797,148.1066131591797,72348100,0.0,0.0
2022-06-03,143.88506398253034,144.93311080828775,141.4951543400914,142.39627075195312,88570300,0.0,0.0
2022-06-06,144.01238876362018,145.5207905259265,141.9260996131152,143.14065551757812,71598400,0.0,0.0
2022-06-07,141.38736672807937,145.94192415465892,141.1424977278199,145.6578826904297,67808200,0.0,0.0
2022-06-08,145.5305644824367,146.79408210793065,144.4335560047601,144.9232940673828,53950200,0.0,0.0
2022-06-09,144.06135517233236,144.91349464755012,139.60473566244548,139.7124786376953,69473000,0.0,0.0
2022-06-10,137.40091085996173,137.87105521943323,134.24699651333503,134.31556701660156,91437900,0.0,0.0
2022-06-13,130.14301182018457,132.4251934035628,128.7423678783914,129.17333984375,122207100,0.0,0.0
2022-06-14,130.39764883857168,131.14204524198857,128.7815044194442,130.0352325439453,84784300,0.0,0.0
2022-06-15,131.5338494146611,134.52125474775525,129.4475753177957,132.65045166015625,91533000,0.0,0.0
2022-06-16,129.36920911544067,129.6728443246095,126.39159330904647,127.39066314697266,108123900,0.0,0.0
2022-06-17,127.40046865716874,130.34868645706888,127.14579529566508,128.85987854003906,134520300,0.0,0.0
2022-06-21,130.68172228241795,134.24701531100777,130.58378362269173,133.08143615722656,81000500,0.0,0.0
2022-06-22,132.02356340545535,134.93260831981635,131.1616346888571,132.57208251953125,73409200,0.0,0.0
2022-06-23,134.01190702274286,135.74556869818326,132.8463282477274,135.43214416503906,72433800,0.0,0.0
2022-06-24,137.02872148660157,138.99747831559026,136.90139973704072,138.7526092529297,89116800,0.0,0.0
2022-06-27,139.77125797752416,140.5450525850796,138.0767682486871,138.7526092529297,70207900,0.0,0.0
2022-06-28,139.21294709984699,140.47646473111445,134.50166930718802,134.61920166015625,67083400,0.0,0.0
2022-06-29,134.63881999394516,137.78293057588337,133.86502534038587,136.3724822998047,66242400,0.0,0.0
2022-06-30,134.4331227102609,135.53013138802967,131.0245493574635,133.91400146484375,98964500,0.0,0.0
2022-07-01,133.24794276909347,136.1863715256026,132.87575195629162,136.07862854003906,71051600,0.0,0.0
2022-07-05,134.94242477245444,138.70360936186282,134.1196535002059,138.65463256835938,73353800,0.0,0.0
2022-07-06,138.44895512148898,141.16209320483665,138.18449238511542,139.98672485351562,74064300,0.0,0.0
2022-07-07,140.34911940865916,143.54222096010838,140.33933002838788,143.34632873535156,66253700,0.0,0.0
2022-07-08,142.2787196887486,144.52172874952925,142.0240612352335,144.02218627929688,64547800,0.0,0.0
2022-07-11,142.68026652507825,143.6303594367227,140.82905749070648,141.8966827392578,63141600,0.0,0.0
2022-07-12,142.768425199881,145.40321819395862,142.07300556646354,142.8663787841797,77588800,0.0,0.0
2022-07-13,140.05530730128564,143.44428658574307,139.20315284375937,142.50399780273438,71185600,0.0,0.0
2022-07-14,141.12287704385585,145.89291947440012,140.30991032493912,145.4227752685547,78140700,0.0,0.0
2022-07-15,146.70592606919652,147.7637620290884,145.15835206929646,147.08792114257812,76259900,0.0,0.0
2022-07-18,147.64623499784832,148.45920196700573,143.6891431225671,144.0515594482422,81420900,0.0,0.0
2022-07-19,144.88410592104603,148.1261694879342,143.8948404199678,147.90089416503906,82982400,0.0,0.0
2022-07-20,148.01842499581136,150.56506886066487,147.2838179131366,149.89901733398438,64823400,0.0,0.0
2022-07-21,151.3290755894941,152.37712231601844,148.82161886422966,152.16163635253906,65086600,0.0,0.0
2022-07-22,152.20084311054111,153.07257654257938,150.2614839479798,150.92752075195312,66675400,0.0,0.0
2022-07-25,150.8490788607654,151.85793784801606,149.1545897286283,149.8108367919922,53623900,0.0,0.0
2022-07-26,149.13504463438227,149.94801169458665,147.70501771546552,148.4886016845703,55138700,0.0,0.0
2022-07-27,149.44845111836102,154.10096215711584,149.0370729884084,153.57203674316406,78620700,0.0,0.0
2022-07-28,153.75817384315252,154.40463173955777,151.2409277129022,154.12059020996094,81378700,0.0,0.0
2022-07-29,157.93072824104914,160.2716754702952,156.22643448443253,159.17465209960938,101786900,0.0,0.0
2022-08-01,157.7054523459462,160.2325026515257,157.58791998844677,158.1951904296875,67829400,0.0,0.0
2022-08-02,156.81416215078264,159.076750020311,156.35380709254014,156.7259979248047,59907000,0.0,0.0
2022-08-03,157.53893055181024,163.1709180629882,157.45078129075776,162.72036743164062,82507500,0.0,0.0
2022-08-04,162.60282888470158,163.75861850349844,161.05525478751719,162.4069366455078,55474100,0.0,0.0
2022-08-05,160.08237587686597,162.67178435198056,159.876393569881,162.18136596679688,56697000,0.23,0.0
2022-08-08,163.18179581085533,164.59420304327227,161.05338198319762,161.71054077148438,60276900,0.0,0.0
2022-08-09,160.87685067478762,162.64235984823435,160.12160217379457,161.7595977783203,63135500,0.0,0.0
2022-08-10,164.46667794890814,166.0948703368816,163.70162657940335,165.99679565429688,70170500,0.0,0.0
2022-08-11,166.8010905635419,167.71327649760102,164.9669306824805,165.2611846923828,57149200,0.0,0.0
2022-08-12,166.5656804191666,168.87063747457046,166.1537158722437,168.80198669433594,68039400,0.0,0.0
2022-08-15,168.2330984181666,170.0672580774187,168.06635799154176,169.87109375,54091700,0.0,0.0
2022-08-16,169.46899366269176,170.38117973679442,168.3704611545434,169.71420288085938,56377100,0.0,0.0
2022-08-17,169.45915949271176,172.7743773350279,169.26299514755854,171.20504760742188,79542000,0.0,0.0
2022-08-18,170.42040013426683,171.54835650831478,169.80246813878225,170.81272888183594,62290100,0.0,0.0
2022-08-19,169.71418188591318,170.4105825645676,168.02714147630917,168.23312377929688,70346300,0.0,0.0
2022-08-22,166.43817940694694,166.6049198473659,163.9370428679026,164.3588104248047,69026800,0.0,0.0
2022-08-23,163.87819481513557,165.47696339789675,163.4564272588674,164.0253143310547,54147100,0.0,0.0
2022-08-24,164.1135822617859,164.88843656775538,163.0640799468379,164.31954956054688,53841500,0.0,0.0
2022-08-25,165.5456215718219,166.87956011908489,165.1238689631101,166.77166748046875,51218200,0.0,0.0
2022-08-26,167.30132415112922,167.77212157949262,160.42564926256463,160.4844970703125,78961000,0.0,0.0
2022-08-29,158.06181135805244,159.77827539995786,156.7573118566176,158.28741455078125,73314000,0.0,0.0
2022-08-30,159.02304111055471,159.44479366035216,154.69754815714236,155.86474609375,77906200,0.0,0.0
2022-08-31,157.23790413486398,157.5027341926007,154.12865408316875,154.20712280273438,87991100,0.0,0.0
2022-09-01,153.6382262791269,155.38411402360973,151.70597720803465,154.9329376220703,74229900,0.0,0.0
2022-09-02,156.6886565527691,157.286967514474,152.00025851175562,152.82415771484375,76957800,0.0,0.0
2022-09-06,153.4715206737186,154.07963464254792,150.7447958267751,151.56869506835938,73714800,0.0,0.0
2022-09-07,151.85317527366345,153.66771454965397,150.66635604545868,152.97132873535156,87449600,0.0,0.0
2022-09-08,151.67660447799875,153.36364499716552,149.75415773532657,151.50006103515625,84923800,0.0,0.0
2022-09-09,152.49067960307377,154.79565178409123,151.78447599724632,154.35426330566406,68028800,0.0,0.0
2022-09-12,156.53173198406338,161.11223777090294,156.24729591423596,160.2981414794922,104956000,0.0,0.0
2022-09-13,156.83579030622826,157.46352522744408,150.43092752735453,150.8919219970703,122656600,0.0,0.0
2022-09-14,151.82368576965968,154.0894308134101,150.66630580332588,152.33372497558594,87965400,0.0,0.0
2022-09-15,151.68636408491093,152.26506901475514,148.47903939265456,149.45005798339844,90481100,0.0,0.0
2022-09-16,148.31230899881908,148.44962552428208,145.5267216779744,147.81207275390625,162278800,0.0,0.0
2022-09-19,146.4487439883553,151.59813732109004,146.24277663621996,151.51966857910156,81474200,0.0,0.0
2022-09-20,150.46030665039189,155.0506290557297,150.14644676638997,153.8932342529297,107689800,0.0,0.0
2022-09-21,154.32485530993193,155.6980357811973,150.65653533272163,150.77423095703125,101696800,0.0,0.0
2022-09-22,149.45991695080835,151.5098622787984,148.01808565192604,149.81301879882812,86652500,0.0,0.0
2022-09-23,148.29268659863374,148.5673196468233,145.71308157487604,147.5472412109375,96029900,0.0,0.0
2022-09-26,146.79199294144382,150.82323152103234,146.77237202102398,147.88072204589844,93339400,0.0,0.0
2022-09-27,149.81302224747262,151.75507497309587,147.07647912072952,148.85179138183594,84442700,0.0,0.0
2022-09-28,144.81072915722658,147.75323924438212,142.06438341593866,146.96856689453125,146691400,0.0,0.0
2022-09-29,143.30025780798485,143.9083718149734,137.98410935439225,139.74961853027344,128138200,0.0,0.0
2022-09-30,138.5726147256006,140.35774479295515,135.35547138562947,135.5516357421875,124925300,0.0,0.0
2022-10-03,135.5614315097669,140.32829792951577,135.05139229305564,139.7201690673828,114311700,0.0,0.0
2022-10-04,142.25071445031105,143.41791226395273,141.49546616506458,143.3002166748047,87830100,0.0,0.0
2022-10-05,141.30913113651346,144.55569777280346,140.2694318056122,143.59446716308594,79471000,0.0,0.0
2022-10-06,143.0158044200555,144.7126478104947,142.43711432828448,142.64308166503906,68402200,0.0,0.0
2022-10-07,139.80844218113944,140.35772324812106,136.7776606833551,137.4053955078125,85925600,0.0,0.0
2022-10-10,137.7290802001953,139.17091126885134,135.91454138275128,137.7290802001953,74899000,0.0,0.0
2022-10-11,137.21907959935803,138.64130511141832,135.57128075188317,136.31671142578125,77033700,0.0,0.0
2022-10-12,136.46383432846753,137.67025945099226,135.51242139642648,135.68896484375,70433700,0.0,0.0
2022-10-13,132.40313927882985,140.83832513907973,131.79501040391918,140.2498321533203,113224000,0.0,0.0
2022-10-14,141.54456588685852,141.75054821414383,135.5418490498613,135.72821044921875,88598000,0.0,0.0
2022-10-17,138.3666666620457,140.16158499262147,137.5819941601383,139.6809844970703,85250900,0.0,0.0
2022-10-18,142.7019309504816,143.88873492707052,137.91544326382163,140.99526977539062,99136600,0.0,0.0
2022-10-19,138.97476591255997,142.1722884311379,138.78840452952474,141.10317993164062,61758300,0.0,0.0
2022-10-20,140.27927658716155,143.0942732786787,139.91635681145763,140.64218139648438,64522000,0.0,0.0
2022-10-21,140.13212478208789,145.0167019837592,139.916339525803,144.44781494140625,86548600,0.0,0.0
2022-10-24,144.3693587197694,147.3510957532076,143.2021606323234,146.58604431152344,75981900,0.0,0.0
2022-10-25,147.2137417287175,149.56775822916157,146.49773529844836,149.42062377929688,74732300,0.0,0.0
2022-10-26,148.06712385627637,149.07738452163943,145.20306734701933,146.48797607421875,88194300,0.0,0.0
2022-10-27,145.23247083964995,146.19368643958677,141.3679725525205,142.02513122558594,109180200,0.0,0.0
2022-10-28,145.35999154749908,154.48177557471033,144.98728378991743,152.75550842285156,164762400,0.0,0.0
2022-10-31,150.22494584357278,151.28425122815005,149.00870300208484,150.4014892578125,97943200,0.0,0.0
2022-11-01,152.10814502054632,152.4710497811702,146.27217011734126,147.76303100585938,80379300,0.0,0.0
2022-11-02,146.0956414814595,149.2539372421044,142.22133903213634,142.25076293945312,93604600,0.0,0.0
2022-11-03,139.33766635298934,140.0634909361085,136.09109910411752,136.21861267089844,97918500,0.0,0.0
2022-11-04,139.59828641105477,140.1681172493776,132.0234984378513,135.95335388183594,140814800,0.23,0.0
2022-11-07,134.70564447233622,136.70986450810662,133.290893862987,136.48390197753906,83374600,0.0,0.0
2022-11-08,137.9477566640864,138.94985902565782,135.07896394018204,137.0537109375,89908500,0.0,0.0
2022-11-09,136.07123106652006,136.12035725287217,132.2297941583769,132.5048828125,74917800,0.0,0.0
2022-11-10,138.7631880310501,144.29444885253906,137.0536956773793,144.29444885253906,118854000,0.0,0.0
2022-11-11,143.26287971945007,147.3793904835366,141.83829520447486,147.0748291015625,93979700,0.0,0.0
2022-11-14,146.3576050476643,147.644629976999,144.84460269456784,145.67970275878906,73374100,0.0,0.0
2022-11-15,149.55066905406906,150.8966399168543,145.9548472696822,147.4088897705078,89868300,0.0,0.0
2022-11-16,146.51480463978803,147.2418181251695,144.70706018330316,146.18075561523438,64218300,0.0,0.0
2022-11-17,143.86215701114332,148.82360185357618,143.58706836561342,148.07693481445312,80389400,0.0,0.0
2022-11-18,149.63904958366277,150.02220984195606,147.34008803390304,148.63693237304688,74829600,0.0,0.0
2022-11-21,147.52674987775407,147.73305885560603,145.12953609848137,145.41444396972656,58724100,0.0,0.0
2022-11-22,145.5323481888436,147.7821833963105,144.353379792247,147.54638671875,51804100,0.0,0.0
2022-11-23,146.82919031011303,149.1674586072914,146.72111870836432,148.42079162597656,58301400,0.0,0.0
2022-11-25,145.70921560778717,146.26922721502757,144.54008119228595,145.51272583007812,35195900,0.0,0.0
2022-11-28,142.5947981424062,144.06849387144769,140.8656672171658,141.69093322753906,69246000,0.0,0.0
2022-11-29,141.75967888062996,142.2705641956943,137.88878454429147,138.69439697265625,83763800,0.0,0.0
2022-11-30,138.92037287256267,146.11201495746124,138.0852876520207,145.43411254882812,111380900,0.0,0.0
2022-12-01,145.61096061666942,146.51482547786148,144.03901260255705,145.70919799804688,71250400,0.0,0.0
2022-12-02,143.4004227674544,145.40464232225125,143.09584639700262,145.2179718017578,65447400,0.0,0.0
2022-12-05,145.1787089175549,148.27346450913342,143.21378092513402,144.05870056152344,68826400,0.0,0.0
2022-12-06,144.4909215977212,144.71688401684585,139.43122531687646,140.40386962890625,64727200,0.0,0.0
2022-12-07,139.69652452502783,140.85582456681212,137.54492649061714,138.46844482421875,69721100,0.0,0.0
2022-12-08,139.86354485762612,141.0032064446931,138.62564588690643,140.14845275878906,62128300,0.0,0.0
2022-12-09,139.8439047836886,143.01727390300547,138.42915440090607,139.6670684814453,76097000,0.0,0.0
2022-12-12,140.1975885864345,141.9660265170688,138.58634846990296,141.95620727539062,70462700,0.0,0.0
2022-12-13,146.87833415604433,147.34009332894186,141.71058010364294,142.91900634765625,93886200,0.0,0.0
2022-12-14,142.8011107216781,144.0881358235322,138.68458524913544,140.69863891601562,82291200,0.0,0.0
2022-12-15,138.63546667684503,139.3133690938159,133.64454880056923,134.10630798339844,98931900,0.0,0.0
2022-12-16,134.29299371012456,135.23615066480997,131.3848939522239,132.15121459960938,160156900,0.0,0.0
2022-12-19,132.74066180080095,132.82907992971283,129.01713123497163,130.0487060546875,79592600,0.0,0.0
2022-12-20,129.08590439011405,130.91328746393052,127.61220884643005,129.97994995117188,77432800,0.0,0.0
2022-12-21,130.64800547841642,134.4108428696223,130.42204304769788,133.07469177246094,85928000,0.0,0.0
2022-12-22,131.99401195090732,132.20032094511618,128.0150307307424,129.9111785888672,77852100,0.0,0.0
2022-12-23,128.62415014924704,130.0978457490201,127.3665977700706,129.54766845703125,63814900,0.0,0.0
2022-12-27,129.07610329036513,129.1055760060844,126.46274589439432,127.74977111816406,69007800,0.0,0.0
2022-12-28,127.39608344761355,128.73223486036684,123.66272537894751,123.82974243164062,85438400,0.0,0.0
2022-12-29,125.74553370652504,128.19186635387044,125.49009852746012,127.33712768554688,75703700,0.0,0.0
2022-12-30,126.1581553688859,127.67114272748928,125.19533773599038,127.6514892578125,77034200,0.0,0.0
2023-01-03,127.99536673400503,128.60448941700523,121.9925130634904,122.8767318725586,112117500,0.0,0.0
2023-01-04,124.66481618620305,126.40378110334795,122.88655931785308,124.14411163330078,89113600,0.0,0.0
2023-01-05,124.90061292758642,125.52938912334946,122.57217865426507,122.8276138305664,80962700,0.0,0.0
2023-01-06,123.80025946812165,128.0051956310965,122.69989736764362,127.3469467163086,87754700,0.0,0.0
2023-01-09,128.18207908595156,131.0705256401885,127.61224816786576,127.86768341064453,70790800,0.0,0.0
2023-01-10,127.97572556898378,128.95818934117645,125.87325369613974,128.43748474121094,63896200,0.0,0.0
2023-01-11,128.94835439070522,131.1687168485226,128.17221470136022,131.14907836914062,69458900,0.0,0.0
2023-01-12,131.53227009080283,131.90559617413024,129.13505580606935,131.0705108642578,71379600,0.0,0.0
2023-01-13,129.71469801537842,132.55401787873402,129.35119119619432,132.39682006835938,57809700,0.0,0.0
2023-01-17,132.4655864864573,134.88243886666353,131.77786487384603,133.55612182617188,63646600,0.0,0.0
2023-01-18,134.42067999537736,136.17928328311848,132.66206171643108,132.8389129638672,69672800,0.0,0.0
2023-01-19,131.7287538123279,133.86069855178562,131.42419241972087,132.89788818359375,58280400,0.0,0.0
2023-01-20,132.90770800117681,135.59966433835268,131.86629872212012,135.45228576660156,80223600,0.0,0.0
2023-01-23,135.6978953680963,140.80671912517695,135.4817521326256,138.63546752929688,81760300,0.0,0.0
2023-01-24,137.84947751147084,140.64950501564115,137.83965827143598,140.03054809570312,66435100,0.0,0.0
2023-01-25,138.41927791003738,139.93226506012797,136.37575209022467,139.3722686767578,65799300,0.0,0.0
2023-01-26,140.65937661953566,141.72043959534744,139.41164307512574,141.43553161621094,54105100,0.0,0.0
2023-01-27,140.64952711543583,144.64814715401417,140.57092820918845,143.37094116210938,70555800,0.0,0.0
2023-01-30,142.41796049282078,142.99761054282715,140.34496125408572,140.49232482910156,64015300,0.0,0.0
2023-01-31,140.19757555057984,141.80881551729502,139.78494257033407,141.7596893310547,65874500,0.0,0.0
2023-02-01,141.44531098955775,144.03901475780756,138.84178798038548,142.87969970703125,77663600,0.0,0.0
2023-02-02,146.2888275489756,148.52884341135578,145.57163330132713,148.1751708984375,118339000,0.0,0.0
2023-02-03,145.4341369902227,154.62018089842738,145.2376471989092,151.79067993164062,154357300,0.0,0.0
2023-02-06,149.8945101165513,150.41521473457135,148.13589150827315,149.06922912597656,69858300,0.0,0.0
2023-02-07,147.9983592694092,152.5078649107581,147.9983592694092,151.9380340576172,83322600,0.0,0.0
2023-02-08,151.18154087876943,151.86926257026718,148.51905726950346,149.2559051513672,64120100,0.0,0.0
2023-02-09,151.0832773681269,151.62363543992853,147.782198500911,148.22430419921875,56007100,0.0,0.0
2023-02-10,147.06324691592152,148.913088785703,146.82709018156558,148.58837890625,57450700,0.23,0.0
2023-02-13,148.52933886882354,151.78625678187208,148.49982115470684,151.38284301757812,62199000,0.0,0.0
2023-02-14,149.68057287811524,151.30412220458746,148.44078385852455,150.74325561523438,61707600,0.0,0.0
2023-02-15,150.6546952720313,153.00636811059493,150.42838780610393,152.83909606933594,65573800,0.0,0.0
2023-02-16,151.0482818929642,153.82306709582505,150.8908590911332,151.24508666992188,68167900,0.0,0.0
2023-02-17,149.90686323328694,150.54643357945778,148.43091780603734,150.10365295410156,59144100,0.0,0.0
2023-02-21,147.79135689260553,148.87372305726493,146.03006833094608,146.09893798828125,58867200,0.0,0.0
2023-02-22,146.48271250078488,147.54539539799444,144.80014250744384,146.52207946777344,51011300,0.0,0.0
2023-02-23,147.68313363952294,147.92912460701393,144.87884561858363,147.0041961669922,48394200,0.0,0.0
2023-02-24,144.75090982195374,144.82962872471046,143.38320079150859,144.35733032226562,55469600,0.0,0.0
2023-02-27,145.3413038601465,146.7778826433076,145.08546365545737,145.5479278564453,44998500,0.0,0.0
2023-02-28,144.69188448050687,146.68932985809187,144.47541123636594,145.04611206054688,50547000,0.0,0.0
2023-03-01,144.47539591550134,144.8689754008769,142.68457472462396,142.97976684570312,55479000,0.0,0.0
2023-03-02,142.06468141879296,144.35731860288683,141.59236804059648,143.5701446533203,52238100,0.0,0.0
2023-03-03,145.66599039801153,148.6867663889097,144.96738452683869,148.60804748535156,70732300,0.0,0.0
2023-03-06,151.32376170858595,153.79352005595112,150.9990669195326,151.36312866210938,87558000,0.0,0.0
2023-03-07,151.23522972088062,151.55993956940895,148.7064506179963,149.16891479492188,56182000,0.0,0.0
2023-03-08,150.35951315538156,151.00893289820618,149.39523278864294,150.41854858398438,47204800,0.0,0.0
2023-03-09,151.09746808583355,152.0617483379844,147.8208670608722,148.1750946044922,53833600,0.0,0.0
2023-03-10,147.80122193638456,148.5195113692859,145.24290982690115,146.11863708496094,68572400,0.0,0.0
2023-03-13,145.43967499711258,150.68420342446277,145.33143838738883,148.05702209472656,84457100,0.0,0.0
2023-03-14,148.85406081281639,150.94005952145656,147.69299059245188,150.14305114746094,73695900,0.0,0.0
2023-03-15,148.7655134809102,150.79247683579462,147.51587504804607,150.53665161132812,77167900,0.0,0.0
2023-03-16,149.71994010489203,153.9509875803486,149.20827470890512,153.35076904296875,76161100,0.0,0.0
2023-03-17,153.57707174404283,154.22649145558808,151.80593390078133,152.51438903808594,98944600,0.0,0.0
2023-03-20,152.58324769963735,155.28914768903184,151.67798794532857,154.87586975097656,73641400,0.0,0.0
2023-03-21,154.79717806171172,156.8438093660786,154.0296725549558,156.72573852539062,73938300,0.0,0.0
2023-03-22,156.74542384346483,159.53987720924363,155.27931249330243,155.2989959716797,75701800,0.0,0.0
2023-03-23,156.28300603974324,158.9593893571433,155.151438415948,156.3813934326172,67622100,0.0,0.0
2023-03-24,156.31249715364865,157.76875944157217,155.31869907440637,157.68020629882812,59196500,0.0,0.0
2023-03-27,157.37515888196728,158.19185056660328,155.33834678641222,155.7417755126953,52390300,0.0,0.0
2023-03-28,155.4367781198492,155.94844355059743,153.47868455836303,155.1219024658203,45992200,0.0,0.0
2023-03-29,156.81432081388166,158.4673879613573,156.79465234617297,158.19187927246094,51305700,0.0,0.0
2023-03-30,158.93967116064357,159.86459953343115,158.68384597812414,159.75636291503906,49501700,0.0,0.0
2023-03-31,159.83510289651463,162.35404815041076,159.31360321570477,162.25564575195312,68749800,0.0,0.0
2023-04-03,161.63575413574327,163.62335040456196,161.58655293789977,163.50527954101562,56976200,0.0,0.0
2023-04-04,163.92839947620809,164.16454121432164,162.46228779099377,162.9739532470703,46278300,0.0,0.0
2023-04-05,162.0982064947886,162.40323287933546,159.20535043705326,161.1339111328125,51511700,0.0,0.0
2023-04-06,159.82525040692016,162.31469290771022,159.40215313314846,162.01950073242188,45390100,0.0,0.0
2023-04-10,158.83140695285897,159.43162536621094,157.51289929536236,159.43162536621094,47716900,0.0,0.0
2023-04-11,159.74652133194326,159.7563555644006,157.93601661540757,158.22137451171875,47644200,0.0,0.0
2023-04-12,158.6346426672523,159.4611686435216,157.21773241416443,157.53260803222656,50133100,0.0,0.0
2023-04-13,159.03807402297244,163.14120127307194,158.83143501847854,162.90504455566406,68445600,0.0,0.0
2023-04-14,161.95058596716467,163.6528540223282,161.19294470872245,162.56065368652344,49386500,0.0,0.0
2023-04-17,162.44256794452966,162.73776006518966,161.39956879707992,162.580322265625,41516200,0.0,0.0
2023-04-18,163.43639900098648,164.7253892225956,162.99360326395418,163.8004608154297,49923000,0.0,0.0
2023-04-19,163.14119328481948,165.46334834295578,162.8853530999642,164.9418487548828,47720200,0.0,0.0
2023-04-20,163.42650660384615,165.17796056659895,162.90500711011035,163.97752380371094,52456400,0.0,0.0
2023-04-21,162.40322071444277,163.78076396537094,161.85220341407148,162.3737030029297,58337300,0.0,0.0
2023-04-24,162.3540163618739,162.94440060882783,161.26181601487568,162.67872619628906,41949600,0.0,0.0
2023-04-25,162.54096443175132,163.64299896057264,161.10437083745688,161.14373779296875,48714100,0.0,0.0
2023-04-26,160.44513945575562,162.6295403559192,160.1893142654478,161.1339111328125,45498800,0.0,0.0
2023-04-27,162.54101581741398,165.85696969810766,162.54101581741398,165.70938110351562,64902300,0.0,0.0
2023-04-28,165.78806481489534,167.12625617335198,165.1878463008649,166.95896911621094,55275900,0.0,0.0
2023-05-01,166.56538074727197,167.71661652166532,165.93564455408003,166.8704071044922,52472900,0.0,0.0
2023-05-02,167.36238122666072,167.61822139630092,164.85327080237903,165.8372344970703,48425700,0.0,0.0
2023-05-03,166.78182250360237,168.1790489494341,164.4793513892357,164.7646942138672,65136000,0.0,0.0
2023-05-04,162.24578626436005,164.36130237503923,161.67508547315035,163.13134765625,81235400,0.0,0.0
2023-05-05,168.23811312336284,171.50487988988195,168.02163990321543,170.78659057617188,113453200,0.0,0.0
2023-05-08,169.71408033203093,171.06212101363838,169.35001851271124,170.7177276611328,55962800,0.0,0.0
2023-05-09,170.27496029429,170.75709300871614,168.8482156052712,169.01548767089844,45326900,0.0,0.0
2023-05-10,170.24541483030967,171.23921282792068,169.14336520388548,170.77674865722656,53724500,0.0,0.0
2023-05-11,171.06211698775132,171.79024060925457,169.40904995436452,170.96371459960938,49514700,0.0,0.0
2023-05-12,171.07208510437357,171.50563041723674,168.49053896760506,170.03750610351562,45533100,0.24,0.0
2023-05-15,170.61883064941935,170.66809989196608,168.95362948142878,169.54483032226562,37266700,0.0,0.0
2023-05-16,169.46600254116325,170.5991199454283,169.27878844040285,169.54483032226562,42110300,0.0,0.0
2023-05-17,169.19013234108013,170.39221479568312,167.91905489711874,170.15574645996094,57951600,0.0,0.0
2023-05-18,170.46120584790356,172.66833901247392,170.04737119858373,172.4811248779297,65496700,0.0,0.0
2023-05-19,173.80146880445517,173.80146880445517,172.37275062180032,172.5895233154297,55809500,0.0,0.0
2023-05-22,171.42681253611994,172.14611049896482,170.90459157041087,171.64358520507812,43570900,0.0,0.0
2023-05-23,170.58927970470205,170.83561089353927,168.76642289336164,169.0423126220703,50747300,0.0,0.0
2023-05-24,168.57924358561866,169.8897275849513,168.01761617725649,169.3182373046875,45143500,0.0,0.0
2023-05-25,169.8798495430277,171.3479738482291,169.17041449607095,170.4513397216797,56058300,0.0,0.0
2023-05-26,170.77650880236848,173.19055165787438,170.56958397024448,172.85552978515625,54835000,0.0,0.0
2023-05-30,174.36308277683443,176.36329091292328,173.978806707213,174.69808959960938,55964400,0.0,0.0
2023-05-31,174.72767728843633,176.7180379211288,174.16603484344822,174.6488494873047,99625300,0.0,0.0
2023-06-01,175.09221783191245,177.47670209655325,174.33351350934285,177.4471435546875,68901800,0.0,0.0
2023-06-02,178.37335293714096,179.11234656032465,176.62932377666553,178.29452514648438,61996900,0.0,0.0
2023-06-05,179.9498694414483,182.23581511366768,175.42721727327233,176.9446258544922,121946500,0.0,0.0
2023-06-06,177.3288889732544,177.4766816655694,174.82615579439974,176.58004760742188,64848400,0.0,0.0
2023-06-07,175.82136104700194,178.5507149734009,174.71780207381394,175.21046447753906,61944600,0.0,0.0
2023-06-08,175.2892895872439,178.18614713091944,174.85575927069235,177.9201202392578,50214900,0.0,0.0
2023-06-09,178.83643579626113,179.55571862854532,177.97920810525306,178.3043670654297,48900000,0.0,0.0
2023-06-12,178.60984190485868,181.19138823156914,178.31424143935143,181.0928497314453,54274900,0.0,0.0
2023-06-13,180.11737806569877,181.4475575367352,179.76266053311636,180.61988830566406,54929100,0.0,0.0
2023-06-14,180.67901332162722,181.684048880549,179.34883379218707,181.25050354003906,57462900,0.0,0.0
2023-06-15,181.26033930305263,183.78276814166122,181.08297303806762,183.28024291992188,65433200,0.0,0.0
2023-06-16,183.98971928038128,184.245913383536,181.56582838117956,182.20628356933594,101256200,0.0,0.0
2023-06-20,181.7037512704965,183.36895259993452,181.7037512704965,182.29493713378906,49799100,0.0,0.0
2023-06-21,182.18653808363035,182.68906332243637,179.91044034391143,181.26034545898438,49515700,0.0,0.0
2023-06-22,181.04361385994784,184.30503707731958,180.97463389589913,184.25576782226562,51245300,0.0,0.0
2023-06-23,182.82700770116728,184.807505007212,182.29492392440986,183.94041442871094,53117000,0.0,0.0
2023-06-26,184.08825189117624,185.29034946556595,182.51172604562308,182.5511474609375,48088700,0.0,0.0
2023-06-27,183.16204815111053,185.6253604426876,182.94527546666254,185.30020141601562,50730800,0.0,0.0
2023-06-28,185.17208134019785,187.11317238738192,184.84693738882143,186.47271728515625,51216800,0.0,0.0
2023-06-29,186.30522898461155,187.2807060224463,186.16728410364277,186.8077392578125,46347300,0.0,0.0
2023-06-30,188.81780236383452,191.62596911406445,188.45322195229386,191.1234588623047,85213200,0.0,0.0
2023-07-03,190.93624105216273,191.0347795474039,188.9458807202263,189.6356201171875,31458200,0.0,0.0
2023-07-05,188.7587001877792,190.14799688410469,187.82262949557398,188.522216796875,46920300,0.0,0.0
2023-07-06,187.05408684814694,189.2021030796526,186.42347947497262,188.99517822265625,45094300,0.0,0.0
2023-07-07,188.601042385603,189.84254634486774,187.4482140588147,187.88174438476562,46815000,0.0,0.0
2023-07-10,186.48257243692333,187.20187038994513,184.29515010539157,185.8421173095703,59922200,0.0,0.0
2023-07-11,186.3840838529824,186.52202875398913,183.86165421465003,185.31993103027344,46638100,0.0,0.0
2023-07-12,186.89638625272656,188.88674640306317,185.7041517573503,186.98507690429688,60750200,0.0,0.0
2023-07-13,187.70435278315148,188.38422922243208,186.99491780606402,187.74375915527344,41342300,0.0,0.0
2023-07-14,187.4383150637318,188.37437052971225,186.8471292596261,187.89157104492188,41616200,0.0,0.0
2023-07-17,189.08383285312058,191.46833222271863,188.99515722491665,191.14317321777344,50520200,0.0,0.0
2023-07-18,190.5125649317522,191.47817907078496,189.5962050071137,190.88697814941406,48288200,0.0,0.0
2023-07-19,190.26622781119138,195.32093388898534,189.82281961650222,192.23687744140625,80507300,0.0,0.0
2023-07-20,192.22698907029056,193.5867419459116,189.67500174607378,190.29576110839844,59581200,0.0,0.0
2023-07-21,191.25153499324207,192.10876269219432,188.42364281090323,189.12322998046875,71951700,0.0,0.0
2023-07-24,190.57165886992988,192.04964595897565,189.42867857936756,189.9213409423828,45377800,0.0,0.0
2023-07-25,190.49282690419068,191.58653792745972,190.08884016702333,190.778564453125,37283200,0.0,0.0
2023-07-26,190.8278846495574,192.7689760383015,190.4830299318555,191.6457061767578,47471900,0.0,0.0
2023-07-27,193.14340387615707,194.3060801182846,189.72432504433817,190.38449096679688,47460200,0.0,0.0
2023-07-28,191.8131659299023,193.7444090416655,191.29094501886246,192.95614624023438,48291400,0.0,0.0
2023-07-31,193.18277106210203,193.6064685292723,192.394508242959,193.56704711914062,38824100,0.0,0.0
2023-08-01,193.3601546102926,193.842954166062,192.41423613585215,192.73939514160156,35175100,0.0,0.0
2023-08-02,192.17773571935334,192.3156805851802,189.03456234552243,189.75384521484375,50389300,0.0,0.0
2023-08-03,188.75868668614032,189.54693452970886,187.8915960163783,188.3645477294922,61235200,0.0,0.0
2023-08-04,182.79748597555601,184.63019095429203,179.25031019901363,179.3192901611328,115956800,0.0,0.0
2023-08-07,179.4572213905704,180.44254624962392,174.74736976708382,176.22535705566406,97576100,0.0,0.0
2023-08-08,177.05302113799038,177.62451134366992,174.97398514494694,177.16140747070312,67823000,0.0,0.0
2023-08-09,178.21570618554995,178.2748232727554,174.41235154839882,175.57504272460938,60378500,0.0,0.0
2023-08-10,176.84611157664116,178.097478428752,174.9937109597073,175.3582763671875,54686900,0.0,0.0
2023-08-11,174.95375100085724,176.23639103718068,174.19402209160106,175.41746520996094,52036700,0.24,0.0
2023-08-14,175.59506357405235,177.29211207450308,174.9438673937282,177.065185546875,43675600,0.0,0.0
2023-08-15,176.49291042563854,177.08489459113486,174.68732936330193,175.0819854736328,43622600,0.0,0.0
2023-08-16,174.766254405872,176.1574269074876,174.14465676238186,174.21372985839844,46964900,0.0,0.0
2023-08-17,174.77612136953763,175.14117901733323,171.16495931429398,171.6780242919922,66062900,0.0,0.0
2023-08-18,170.0007364455324,172.76337470680727,169.6652772069575,172.16151428222656,61172200,0.0,0.0
2023-08-21,172.7337554755455,173.77960771425435,171.4215020828672,173.49346923828125,46311900,0.0,0.0
2023-08-22,174.69716910253268,175.308890515181,173.8979807911273,174.86489868164062,42038900,0.0,0.0
2023-08-23,176.13770818549477,179.12727253692543,175.95024126986627,178.7030029296875,52722800,0.0,0.0
2023-08-24,178.25902046647073,178.68329009610582,173.6612029173666,174.02627563476562,54945800,0.0,0.0
2023-08-25,175.01294998434398,176.7593193055493,173.47376987845638,176.22653198242188,51449600,0.0,0.0
2023-08-28,177.68677460091166,178.1801023209798,176.1673318473753,177.7854461669922,43820700,0.0,0.0
2023-08-29,177.30196426395187,182.4325690983829,177.1046362040057,181.66297912597656,53003900,0.0,0.0
2023-08-30,182.47204640358012,185.34321714142652,182.27471834075723,185.1458740234375,60813900,0.0,0.0
2023-08-31,185.33331658628876,186.59623408851635,184.97812009783948,185.3629150390625,60794500,0.0,0.0
2023-09-01,186.961330634287,187.38558521498553,185.76747101772168,186.93173217773438,45766500,0.0,0.0
2023-09-05,185.7674844117445,187.44479564304942,185.1064270757959,187.1685333251953,45280000,0.0,0.0
2023-09-06,185.88584392275033,186.3298508313997,179.048330235654,180.4691162109375,81755800,0.0,0.0
2023-09-07,172.84230680208358,175.8318868790433,171.22419235116297,175.1905517578125,112488800,0.0,0.0
2023-09-08,175.96999075471308,177.8347687964352,175.417451102765,175.80224609375,65551300,0.0,0.0
2023-09-11,177.6670388917848,177.89396541040293,174.97345890425444,176.9665069580078,58953100,0.0,0.0
2023-09-12,177.09479044187466,177.72624932161176,172.4871113411862,173.94735717773438,90370200,0.0,0.0
2023-09-13,174.15454941477398,174.93401565723292,171.65831231126361,171.88525390625,84267900,0.0,0.0
2023-09-14,171.67803539320033,173.75001770449512,171.26364194197464,173.3948211669922,60895800,0.0,0.0
2023-09-15,174.1249606133089,174.1446979390041,171.50046839224674,172.67457580566406,109259500,0.0,0.0
2023-09-18,174.12494029407293,176.98624997924455,173.8190795297471,175.59506225585938,67257600,0.0,0.0
2023-09-19,175.15107052586188,177.23291401853146,174.7662755227223,176.68038940429688,51826900,0.0,0.0
2023-09-20,176.86782730089922,177.30195805066697,173.0593371622532,173.1481475830078,58436200,0.0,0.0
2023-09-21,172.22071489897561,173.9473619674597,171.53992021743218,171.60897827148438,63149100,0.0,0.0
2023-09-22,172.33906468788402,174.71690737052137,171.72734327191537,172.45745849609375,56725400,0.0,0.0
2023-09-25,171.87536866413782,174.60840835340898,171.82603288281885,173.73028564453125,46172700,0.0,0.0
2023-09-26,172.48713399466078,172.86205287379087,169.36929877984454,169.66529846191406,64588900,0.0,0.0
2023-09-27,170.31646332448594,170.7308568174817,166.79411110643792,168.1556854248047,66921800,0.0,0.0
2023-09-28,167.08024048447163,169.7343462157436,165.38319180250966,168.4122314453125,56294400,0.0,0.0
2023-09-29,169.7244661753788,170.76045735672912,168.06687727418498,168.92527770996094,51861100,0.0,0.0
2023-10-02,168.93514418826848,171.97404472395215,168.64900568223578,171.43138122558594,52164500,0.0,0.0
2023-10-03,169.96123409658216,171.31296207551728,168.54046313149794,170.099365234375,49594600,0.0,0.0
2023-10-04,168.80687858022958,171.88525384459265,168.68848474300435,171.34259033203125,53020300,0.0,0.0
2023-10-05,171.47084810780015,173.10869980697885,170.3756599300563,172.57591247558594,48527900,0.0,0.0
2023-10-06,171.48071432556827,175.61480292776608,170.8689777300858,175.12147521972656,57266700,0.0,0.0
2023-10-09,174.45053908507856,176.66065260372454,173.45402254968238,176.60145568847656,42390800,0.0,0.0
2023-10-10,175.7233217666065,177.3216985969386,175.5753144327677,176.0094451904297,43698000,0.0,0.0
2023-10-11,175.82199530812358,177.44998580714199,175.23001108089,177.40065002441406,47551100,0.0,0.0
2023-10-12,177.66707923291622,179.90677658142434,176.6508101249457,178.2985382080078,56743100,0.0,0.0
2023-10-13,178.99902980590412,179.5022186651883,175.76280113660414,176.4633331298828,51427100,0.0,0.0
2023-10-16,174.39132507709223,176.6902337432856,174.15452238414363,176.3350372314453,52517000,0.0,0.0
2023-10-17,174.29266779074965,176.03905203817294,172.467364361049,174.78599548339844,57549400,0.0,0.0
2023-10-18,173.23694427289632,175.21025492862336,172.77321506438722,173.49346923828125,54764400,0.0,0.0
2023-10-19,173.69080766680926,175.46679037407037,172.85215962113486,173.11856079101562,59302900,0.0,0.0
2023-10-20,172.97054807703984,173.07908076842247,170.33618008275127,170.57298278808594,64244000,0.0,0.0
2023-10-23,168.62929981085605,171.68792291287053,167.6623665542272,170.69140625,55980100,0.0,0.0
2023-10-24,170.74072378645857,171.35244533043914,169.16206908920728,171.12551879882812,43816600,0.0,0.0
2023-10-25,169.58634726553433,170.7505934954682,168.37275019582236,168.81675720214844,57157000,0.0,0.0
2023-10-26,168.09649022321696,169.09302189873856,163.45921245305613,164.66293334960938,70625300,0.0,0.0
2023-10-27,164.6826577744484,166.70530437202822,164.60372353518264,165.9751739501953,58499100,0.0,0.0
2023-10-30,166.76452118815135,168.88582454657922,166.61651382617845,168.01756286621094,51131000,0.0,0.0
2023-10-31,167.09011614768582,168.61942013954004,165.65945361827133,168.4911651611328,44846000,0.0,0.0
2023-11-01,168.71806981976965,171.90496247869652,167.849808268541,171.6484375,56934900,0.0,0.0
2023-11-02,173.17776232760195,175.40759814141026,173.118565411641,175.20040893554688,77334800,0.0,0.0
2023-11-03,171.91485064572058,174.46042350768224,171.0367278993792,174.2926788330078,79829200,0.0,0.0
2023-11-06,174.0263127771948,177.0356001960179,173.8585831383387,176.83827209472656,63841300,0.0,0.0
2023-11-07,176.7889073081916,180.00541354681909,176.58171810512866,179.39369201660156,70530000,0.0,0.0
2023-11-08,179.91662978825056,181.00194176498167,179.16676200069597,180.4494171142578,49340300,0.0,0.0
2023-11-09,180.51847829944086,181.6629871195562,179.3838155582821,179.97581481933594,53763500,0.0,0.0
2023-11-10,181.75413731292954,184.3228271167955,181.31943456996746,184.1548614501953,66133400,0.24,0.0
2023-11-13,183.58186108306094,183.7893232540613,181.9912524470517,182.5741424560547,43627500,0.0,0.0
2023-11-14,185.4391901985185,185.84425545326624,184.0560589323069,185.1823272705078,60108400,0.0,0.0
2023-11-15,185.5874067506803,187.21752694473682,185.51824264456812,185.74546813964844,53790500,0.0,0.0
2023-11-16,187.28668991537342,188.65994715340477,186.37775779056014,187.4250030517578,54412900,0.0,0.0
2023-11-17,187.9584954748911,188.08693448765234,186.29873780998344,187.40524291992188,50922700,0.0,0.0
2023-11-20,187.60281994734135,189.598493753426,187.59294582194016,189.14402770996094,46505100,0.0,0.0
2023-11-21,189.10452557023848,189.21320125507725,187.45464204586924,188.3437957763672,38134500,0.0,0.0
2023-11-22,189.18356183514956,190.60620477415247,188.53150773289747,189.00572204589844,39617700,0.0,0.0
2023-11-24,188.57102324664504,188.60066069963858,186.97054048498805,187.68186950683594,24048300,0.0,0.0
2023-11-27,187.6324520630897,188.37341847212542,186.62473352580105,187.50401306152344,40552600,0.0,0.0
2023-11-28,187.4941619704054,188.77850691885152,187.11873411970524,188.106689453125,38415400,0.0,0.0
2023-11-29,188.60066651864972,189.77633577367203,186.6939199672285,187.08909606933594,43014200,0.0,0.0
2023-11-30,187.55340318726755,188.02763251612237,185.92328320995222,187.66207885742188,48794400,0.0,0.0
2023-12-01,188.0375263099119,189.25270705783993,186.95076949469112,188.9365692138672,45704800,0.0,0.0
2023-12-04,187.69172432124148,187.7608884211111,185.19219887595256,187.14834594726562,43389500,0.0,0.0
2023-12-05,187.91900363307386,192.05852410413522,187.88935110201328,191.09033203125,66628400,0.0,0.0
2023-12-06,192.1079050949125,192.41416882595195,189.79609331061306,190.00357055664062,41089700,0.0,0.0
2023-12-07,191.29776300970337,192.6512567588297,191.25823636118906,191.9300537109375,47477700,0.0,0.0
2023-12-08,191.86091528323507,193.629363703371,191.33730018286,193.3527374267578,53406400,0.0,0.0
2023-12-11,190.78403090604945,191.15945870925907,189.11438419177532,190.85317993164062,60943700,0.0,0.0
2023-12-12,190.75440470261375,192.3746507369947,189.4107849369075,192.36477661132812,52696900,0.0,0.0
2023-12-13,192.74016578029781,195.6151188726379,192.50306619330016,195.5756072998047,70404200,0.0,0.0
2023-12-14,195.63490356313392,197.21562292408947,193.79730618821,195.72381591796875,66831600,0.0,0.0
2023-12-15,195.1507809689053,196.01029713155143,194.6271659416612,195.1903076171875,128538400,0.0,0.0
2023-12-18,193.72816667410518,194.26167102083278,192.0486455445977,193.53057861328125,55751900,0.0,0.0
2023-12-19,193.79731295132126,194.5777909959987,193.53056080250687,194.5679168701172,40714100,0.0,0.0
2023-12-20,194.52836624027822,195.29897006409448,192.48330688476562,192.48330688476562,52242800,0.0,0.0
2023-12-21,193.73800782299358,194.7061996333918,191.16931844438724,192.33509826660156,46482500,0.0,0.0
2023-12-22,192.82909873139974,193.0563392932213,190.64572606781581,191.2681427001953,37149600,0.0,0.0
2023-12-26,191.2780297879531,191.55465607108982,190.50742584564344,190.7247772216797,28919300,0.0,0.0
2023-12-27,190.17149315937536,191.16932243864449,188.78834689776542,190.8235321044922,48087700,0.0,0.0
2023-12-28,191.80163510638113,192.31537606668746,190.84331729052167,191.24838256835938,34049900,0.0,0.0
2023-12-29,191.56450759639273,192.05848519728596,189.42064661751613,190.2110137939453,42672100,0.0,0.0
2024-01-02,184.89582930034302,186.17030008579113,181.6751004330507,183.40402221679688,82488700,0.0,0.0
2024-01-03,182.0011090098209,183.64111826756874,181.22061595613366,182.03074645996094,58414500,0.0,0.0
2024-01-04,179.95604798314233,180.88472835710988,178.70135563320858,179.7189483642578,71983600,0.0,0.0
2024-01-05,179.79798286255345,180.55869755734878,177.99989705667167,178.9977264404297,62379700,0.0,0.0
2024-01-08,179.89676064456035,183.36449308108033,179.3138706884217,183.32496643066406,59144500,0.0,0.0
2024-01-09,181.7047124117811,182.91989304556353,180.52904335165846,182.91001892089844,42841800,0.0,0.0
2024-01-10,182.129538572139,184.15483457675245,181.70471001714742,183.94737243652344,46792900,0.0,0.0
2024-01-11,184.293153408918,184.7970202008086,181.40832608034748,183.35459899902344,49128400,0.0,0.0
2024-01-12,183.8189772139212,184.49079471725477,182.95946084973255,183.6806640625,40477800,0.0,0.0
2024-01-16,179.96594785640553,182.04064501968628,178.75075193755313,181.41824340820312,65603000,0.0,0.0
2024-01-17,179.08663943068214,180.72663357001974,178.12832170152117,180.47964477539062,47317400,0.0,0.0
2024-01-18,183.84860201119264,186.86186875433015,183.59173905481111,186.35801696777344,78005800,0.0,0.0
2024-01-19,187.04957995238564,189.63801803091337,186.5457281731689,189.25271606445312,68903000,0.0,0.0
2024-01-22,189.98379650311966,192.97729968749402,189.94426985134535,191.5546417236328,60133900,0.0,0.0
2024-01-23,192.67102493067515,193.39222799671276,191.49535584528522,192.82908630371094,42355600,0.0,0.0
2024-01-24,193.06623524024957,194.0146790217886,191.99924163914412,192.15731811523438,53631300,0.0,0.0
2024-01-25,192.86863967517039,193.90599578100486,190.78405333725613,191.83128356933594,54822100,0.0,0.0
2024-01-26,191.93006387634745,192.41415228379137,189.6281264159501,190.1023406982422,44594000,0.0,0.0
2024-01-29,189.69728055859,189.88499446653958,187.29655655692048,189.420654296875,47145600,0.0,0.0
2024-01-30,188.64019550498801,189.48983770252025,185.21198926058483,185.77511596679688,55859400,0.0,0.0
2024-01-31,184.78712556686926,184.84641553917146,182.129538862794,182.17892456054688,55467800,0.0,0.0
2024-02-01,181.77391734166875,184.69825684937862,181.60596673463837,184.60934448242188,64885400,0.0,0.0
2024-02-02,177.69360884630905,185.0736348136651,177.09095561888776,183.61146545410156,102551700,0.0,0.0
2024-02-05,185.88374317202,186.97049979528117,183.60156933816978,185.41940307617188,69668800,0.0,0.0
2024-02-06,184.60931480628852,187.02980210381148,184.5204024536245,187.01992797851562,43490800,0.0,0.0
2024-02-07,188.3437664109805,188.74883163449712,186.33821869210433,187.1285858154297,53439000,0.0,0.0
2024-02-08,187.1088468471974,187.25703410679802,185.09342474162452,186.05174255371094,40962000,0.0,0.0
2024-02-09,186.61557552858977,187.94113632063826,185.97259122428568,186.8134307861328,45155200,0.24,0.0
2024-02-12,186.3880527684402,186.63535673641036,184.77562606711913,185.13174438476562,41781900,0.0,0.0
2024-02-13,183.76664838776776,184.2019058140478,181.53101071537256,183.0445098876953,56529500,0.0,0.0
2024-02-14,183.32148884677065,183.52921572281525,180.4725423642709,182.16409301757812,54630500,0.0,0.0
2024-02-15,181.57058851615943,182.50045391335385,179.39431647047905,181.8772430419922,65434500,0.0,0.0
2024-02-16,181.44197861733377,182.8565652037317,179.7108507918506,180.3439483642578,49752500,0.0,0.0
2024-02-20,179.82956623009554,180.46266385305907,178.0588762686663,179.60205078125,53665600,0.0,0.0
2024-02-21,179.9779444437335,180.91769653606136,178.71174929095213,180.35385131835938,41371400,0.0,0.0
2024-02-22,181.50132758611662,182.9653779737103,180.49233824441416,182.38172912597656,52292200,0.0,0.0
2024-02-23,183.0148347964746,183.04451006700117,180.2648157032703,180.55169677734375,45119700,0.0,0.0
2024-02-26,180.27471486922383,180.78909628027105,178.7018500832812,179.20635986328125,40867400,0.0,0.0
2024-02-27,179.1470080612827,181.93658908973126,177.62360710096542,180.66050720214844,54318900,0.0,0.0
2024-02-28,180.54178846123017,181.14521076395337,178.1874648834917,179.4635467529297,48953900,0.0,0.0
2024-02-29,179.31514716008485,180.6011306821249,177.59390628342499,178.80075073242188,136682600,0.0,0.0
2024-03-01,177.6137198257161,178.5831471920378,175.46712311031385,177.7225341796875,73563100,0.0,0.0
2024-03-04,174.25038035125658,174.99229230011673,171.9158301484072,173.2117156982422,81510100,0.0,0.0
2024-03-05,168.9184826327907,170.18467763470022,167.7907772375202,168.28538513183594,95132400,0.0,0.0
2024-03-06,169.21525418377138,169.39332087872134,166.8609157238647,167.29617309570312,68587700,0.0,0.0
2024-03-07,167.32588185679398,168.88884496206234,166.67301076258389,167.17750549316406,71765100,0.0,0.0
2024-03-08,167.1775154100546,171.8268279085278,167.118164861082,168.88885498046875,76267000,0.0,0.0
2024-03-11,171.07500788792643,172.49948126334272,170.1946063009313,170.88705444335938,60139500,0.0,0.0
2024-03-12,171.28272310113206,172.15323790323208,169.16580172767317,171.3618621826172,59825400,0.0,0.0
2024-03-13,170.90684419661972,171.3223130850131,168.91851047344855,169.28453063964844,52488700,0.0,0.0
2024-03-14,171.0453430786352,172.43023944819464,170.19461671040915,171.13436889648438,72913500,0.0,0.0
2024-03-15,169.3241083834579,170.7584686279297,168.45359343487303,170.7584686279297,121752700,0.0,0.0
2024-03-18,173.67664359575858,175.79356502758816,171.64874797271588,171.84658813476562,75604200,0.0,0.0
2024-03-19,172.45989598897214,174.70542030322298,171.16402557801365,174.18113708496094,55215200,0.0,0.0
2024-03-20,173.82499582678088,176.74317932128906,173.2017850632652,176.74317932128906,53423100,0.0,0.0
2024-03-21,175.1406653733646,175.57592275278003,168.9976284397713,169.52191162109375,106181300,0.0,0.0
2024-03-22,169.90773784358905,171.18383495977668,168.22607363158104,170.42213439941406,71160100,0.0,0.0
2024-03-25,168.73057383883838,170.085794876263,167.6226416976105,169.00755310058594,54288300,0.0,0.0
2024-03-26,168.16668772081567,169.5713723598813,167.7512188918725,167.87982177734375,57388400,0.0,0.0
2024-03-27,168.57230438056465,171.7279058767874,168.27553655784754,171.44102478027344,60273300,0.0,0.0
2024-03-28,169.89782982249778,170.37264922530974,168.67119667981044,169.6307373046875,65672700,0.0,0.0
2024-04-01,169.3438746978549,169.40322523760474,167.65230884379906,168.19638061523438,46240500,0.0,0.0
2024-04-02,167.25661278755086,167.51380346702695,166.41577330219988,167.01919555664062,49329500,0.0,0.0
2024-04-03,166.9697692049817,168.83938692190523,166.76204228878962,167.82049560546875,47691700,0.0,0.0
2024-04-04,168.4535689105981,170.06599565718972,166.9994354248047,166.9994354248047,53704400,0.0,0.0
2024-04-05,167.76110742740823,168.55248310289795,167.12800990586356,167.751220703125,42104800,0.0,0.0
2024-04-08,167.20716991074772,167.37533481002382,166.4256959559663,166.6334228515625,37425500,0.0,0.0
2024-04-09,166.88071513080217,168.2458378687617,166.53449863101693,167.8402557373047,42373800,0.0,0.0
2024-04-10,166.97966188332379,167.26652787853376,165.30788444762385,165.9706573486328,49709300,0.0,0.0
2024-04-11,166.52457091788756,173.56779711833587,166.34651933326788,173.15231323242188,91070300,0.0,0.0
2024-04-12,172.3807444342083,176.43653535919364,172.33129571828837,174.64605712890625,101670900,0.0,0.0
2024-04-15,173.46890241983837,174.72521085075485,170.63974431610336,170.82769775390625,73531800,0.0,0.0
2024-04-16,169.89784277952464,171.88616144450353,166.45537543168857,167.55340576171875,73711200,0.0,0.0
2024-04-17,167.78091646807817,168.80969440593617,166.1882781982422,166.1882781982422,50901200,0.0,0.0
2024-04-18,166.21793076697907,166.8213530127437,164.75389559967167,165.2386016845703,43122900,0.0,0.0
2024-04-19,164.41758473594675,164.60552308162337,162.31054999578998,163.2206268310547,68149400,0.0,0.0
2024-04-22,163.73501821268977,165.45624419964858,162.99310629576294,164.0515594482422,48116400,0.0,0.0
2024-04-23,163.56687071664174,165.24853488832454,163.14149999003314,165.1001434326172,49537800,0.0,0.0
2024-04-24,164.7439994721628,167.4742448528629,164.41757152765254,167.197265625,48251800,0.0,0.0
2024-04-25,167.70175828470067,168.77011319134087,166.33663561051003,168.05787658691406,50558300,0.0,0.0
2024-04-26,168.04799015720317,169.49223681731962,167.35552700029277,167.4742431640625,44838400,0.0,0.0
2024-04-29,171.5003643815301,174.13168243053624,171.2332869429431,171.62896728515625,68169400,0.0,0.0
2024-04-30,171.46081207960546,173.1029142716877,168.1667209693098,168.4931640625,65934800,0.0,0.0
2024-05-01,167.75122238913238,170.84747276952126,167.28628974114312,167.4742431640625,50383100,0.0,0.0
2024-05-02,170.649650682897,171.54984088638673,169.04712555589578,171.16404724121094,94214900,0.0,0.0
2024-05-03,184.637145231003,184.98337684032407,180.69018337477516,181.4024200439453,163224100,0.0,0.0
2024-05-06,180.38352481626606,182.21356516877455,178.47433028646978,179.75042724609375,78569700,0.0,0.0
2024-05-07,181.47167851231154,182.90603874350563,179.36465862288415,180.43299865722656,77305800,0.0,0.0
2024-05-08,180.87814724687024,181.09577596912635,179.49323582394607,180.7693328857422,45057100,0.0,0.0
2024-05-09,180.59124108896245,182.6686003878229,180.14609698041687,182.57957458496094,48983000,0.0,0.0
2024-05-10,183.15410154420678,183.34230991411323,180.4102677646858,181.3215789794922,50759500,0.25,0.0
2024-05-13,183.68900761377958,185.3333368917867,182.87674310968822,184.5210723876953,72044800,0.0,0.0
2024-05-14,185.7394637127145,186.52201273815805,184.53098214319476,185.66021728515625,52393600,0.0,0.0
2024-05-15,186.13571225801192,188.8498308462509,185.60080260352015,187.92861938476562,70400000,0.0,0.0
2024-05-16,188.67151097089564,189.29556710780693,187.86916171755817,188.04745483398438,52845200,0.0,0.0
2024-05-17,187.72056236134898,189.0082902438942,187.3936765447615,188.07716369628906,41282900,0.0,0.0
2024-05-20,187.54228461702792,190.10782534306233,187.22529890901677,189.2361297607422,44361300,0.0,0.0
2024-05-21,189.28565540299905,190.91016932460286,189.11726241831752,190.5337677001953,42309400,0.0,0.0
2024-05-22,190.45453220558076,190.99934196064652,188.47341681604038,189.0974578857422,34648500,0.0,0.0
2024-05-23,189.1766947549615,189.19651013997458,184.86777806929078,185.11541748046875,51005900,0.0,0.0
2024-05-24,187.0370913918068,188.7804673088457,186.26444256610336,188.18612670898438,36327000,0.0,0.0
2024-05-28,189.70171236146703,191.17764887438426,187.31447963213384,188.19607543945312,52280100,0.0,0.0
2024-05-29,187.81963788738682,190.43470949642946,187.72057607583483,188.4932098388672,53068000,0.0,0.0
2024-05-30,188.95880074048753,190.36539100461115,188.8300385043191,189.48379516601562,49889100,0.0,0.0
2024-05-31,189.63235836586054,190.7516933437122,188.11680637508078,190.43470764160156,75158300,0.0,0.0
2024-06-03,191.07854113305333,193.14881785405223,190.7021395503604,192.1978759765625,50080500,0.0,0.0
2024-06-04,192.80213237542046,193.47571940906454,191.2073340206378,192.51487731933594,47471400,0.0,0.0
2024-06-05,193.5549597642067,195.04079624688396,193.02996541617088,194.02052307128906,54156800,0.0,0.0
2024-06-06,193.8422122853953,194.64456149457678,192.3365605546928,192.6436309814453,41181800,0.0,0.0
2024-06-07,192.81205951087668,195.08044521695948,192.30688050093246,195.03091430664062,53103900,0.0,0.0
2024-06-10,195.04080033594326,195.43703247512377,190.33565137548777,191.29649353027344,97010200,0.0,0.0
2024-06-11,191.82148694435384,205.2039307530545,191.80168667352532,205.1940155029297,172373300,0.0,0.0
2024-06-12,205.41194501546696,218.12080209568063,204.94638168818946,211.05813598632812,198134300,0.0,0.0
2024-06-13,212.71235034689784,214.70336573665497,209.60200000148347,212.21707153320312,97862700,0.0,0.0
2024-06-14,211.8307404302917,213.13826855094433,209.30481562722255,210.48358154296875,70122700,0.0,0.0
2024-06-17,211.35527186274084,216.88258512602053,210.71141546378874,214.62411499023438,93728300,0.0,0.0
2024-06-18,215.5354294813442,216.5656178731208,210.98877362098574,212.26658630371094,79943300,0.0,0.0
2024-06-20,211.90997342693947,212.21705896960654,206.87795427864972,207.70010375976562,86172500,0.0,0.0
2024-06-21,208.40341856791886,209.88925500861833,205.1543907600995,205.5308074951172,241805100,0.0,0.0
2024-06-24,205.75861973380415,210.69159220230495,204.63928484253907,206.17465209960938,80727000,0.0,0.0
2024-06-25,207.17514806736853,209.3841027399326,206.64025353103247,207.09591674804688,55549700,0.0,0.0
2024-06-26,209.5029589171147,212.83123347896796,208.65107866870252,211.23643493652344,66213200,0.0,0.0
2024-06-27,212.6628556479076,213.70294435668097,210.3449540327298,212.07843017578125,49772700,0.0,0.0
2024-06-28,213.73263728250333,214.02980761283354,208.3142855019514,208.63125610351562,82542700,0.0,0.0
2024-07-01,210.0873668962765,215.4561875080808,209.91897391071575,214.703369140625,60402900,0.0,0.0
2024-07-02,214.1090169642201,218.29908645117231,213.0689435868198,218.19012451171875,58046200,0.0,0.0
2024-07-03,217.92268618597842,219.4580535888672,216.9618440422543,219.4580535888672,37369800,0.0,0.0
2024-07-05,219.55707203955853,224.31175124030364,219.55707203955853,224.20278930664062,60412400,0.0,0.0
2024-07-08,224.94572057418634,225.69855401964364,221.14198303770854,225.66883850097656,59085900,0.0,0.0
2024-07-09,225.77780318070188,227.23392416937492,224.23253562897796,226.52072143554688,48076100,0.0,0.0
2024-07-10,227.1348758928893,230.87918266211804,227.08534498663496,230.78012084960938,62627700,0.0,0.0
2024-07-11,229.20511032654306,230.19566787410835,223.63818174593294,225.4211883544922,64710600,0.0,0.0
2024-07-12,226.75846058686048,230.44333633793113,226.52072130415218,228.3631591796875,53046500,0.0,0.0
2024-07-15,234.24706826366577,234.9899864993383,230.88907844301437,232.18670654296875,62631300,0.0,0.0
2024-07-16,232.781045805997,234.03905824310993,230.1362587163494,232.60275268554688,43234300,0.0,0.0
2024-07-17,227.28346685481674,229.27449755440023,224.50000206743292,226.71885681152344,57345900,0.0,0.0
2024-07-18,228.10560948409145,228.26410233218343,220.17124832102243,222.06320190429688,66034600,0.0,0.0
2024-07-19,222.6971954569991,224.65849552449666,221.1717280930588,222.19200134277344,49151500,0.0,0.0
2024-07-22,224.86651071890955,225.6292444230493,220.98352612966187,221.84532165527344,48201800,0.0,0.0
2024-07-23,222.25140445670337,224.7971447504236,220.57735968997056,222.88536071777344,39960300,0.0,0.0
2024-07-24,221.88490694575157,222.67735606492835,215.0797809310421,216.47645568847656,61777600,0.0,0.0
2024-07-25,216.86277641061952,218.76466037633443,212.59347540961954,215.43638610839844,51391200,0.0,0.0
2024-07-26,216.63493468142264,217.4174836156479,213.97033243488113,215.9019317626953,41601300,0.0,0.0
2024-07-29,214.91139345300462,217.22929471632008,213.71281205128278,216.17930603027344,36311800,0.0,0.0
2024-07-30,217.1203409396055,218.24957609355639,214.07932159795172,216.73402404785156,41643800,0.0,0.0
2024-07-31,219.34907597117163,221.70660788092644,218.5467267386139,219.9830322265625,50036300,0.0,0.0
2024-08-01,222.25141811315143,222.36038006072013,214.97082835556836,216.2981719970703,62501000,0.0,0.0
2024-08-02,217.08069402896655,223.46980270062375,215.65430376795194,217.78399658203125,105568600,0.0,0.0
2024-08-05,197.21010696314244,211.484045462397,194.14928763761037,207.2939910888672,119548600,0.0,0.0
2024-08-06,203.36148541473497,208.00720313955475,199.17143085232243,205.27325439453125,69660500,0.0,0.0
2024-08-07,204.94637966039352,211.62274392073394,204.4412006806638,207.8388214111328,63516400,0.0,0.0
2024-08-08,211.0977289070064,212.1774330540979,206.85814362500793,211.29583740234375,47161100,0.0,0.0
2024-08-09,210.09725832078288,214.7330603096952,209.96848100507697,214.1981658935547,42201600,0.0,0.0
2024-08-12,214.27755355785243,217.68900361003634,213.81145133020567,215.72543334960938,38028100,0.25,0.0
2024-08-13,217.19312608520667,220.04923895369578,217.19312608520667,219.43438720703125,44155300,0.0,0.0
2024-08-14,218.74022238953546,221.1798064675701,217.87742936780526,219.88067626953125,41960600,0.0,0.0
2024-08-15,222.73677426147512,223.48055242779947,220.9120269929499,222.85577392578125,46414000,0.0,0.0
2024-08-16,222.06239369045758,224.94825642777528,221.79462933024135,224.1747283935547,44340200,0.0,0.0
2024-08-19,223.84746435464618,224.11522871504155,221.18968933533225,224.01605224609375,40687800,0.0,0.0
2024-08-20,223.8970537532744,225.28543353253482,223.57970115675508,224.6309051513672,30299000,0.0,0.0
2024-08-21,224.64083485973637,226.08871448701353,223.1830285060583,224.52182006835938,34765500,0.0,0.0
2024-08-22,225.90029338876204,226.4457337259973,222.04256465043304,222.66734313964844,43695300,0.0,0.0
2024-08-23,223.78798715352852,226.32674764036014,222.4690186706249,224.95819091796875,38677300,0.0,0.0
2024-08-26,224.8788199493514,225.39451032680955,222.0326339780686,225.2953338623047,30602200,0.0,0.0
2024-08-27,224.1251322421701,226.95149505120298,223.0243400581704,226.13829040527344,35934600,0.0,0.0
2024-08-28,226.02921369079436,227.95312221094204,223.80779089178384,224.611083984375,38052200,0.0,0.0
2024-08-29,228.1911537968638,230.98775191089825,226.9812734022471,227.8837127685547,51906300,0.0,0.0
2024-08-30,228.28039594132485,228.4886453526855,225.59287085733376,227.1002655029297,52990800,0.0,0.0
2024-09-03,226.65401607692846,227.1002799762046,219.33523365285652,220.92196655273438,50190600,0.0,0.0
2024-09-04,219.82116129878526,219.94016096302124,215.67582978550038,219.01788330078125,43840200,0.0,0.0
2024-09-05,219.79139340374425,223.60944526365165,219.6823053430495,220.53517150878906,36615400,0.0,0.0
2024-09-06,222.09216799264019,223.3714749735505,217.94685141211724,218.98814392089844,48423000,0.0,0.0
2024-09-09,218.98812757352732,219.4343914347755,214.91222272734436,219.07737731933594,67180000,0.0,0.0
2024-09-10,217.10388142289187,219.6426417511051,214.9320468059923,218.2840118408203,51591000,0.0,0.0
2024-09-11,219.62279381512946,221.23926118740866,216.08240296027674,220.81283569335938,44587100,0.0,0.0
2024-09-12,220.65420216028613,221.6954946800681,217.99644195502805,220.92196655273438,37455600,0.0,0.0
2024-09-13,221.72523244234597,222.18140791181287,220.06908820245332,220.65419006347656,36766600,0.0,0.0
2024-09-16,214.7436126542421,215.41797935337752,212.14535259122513,214.52545166015625,59357400,0.0,0.0
2024-09-17,213.96018092212807,215.1006346980314,212.72055067344832,214.99154663085938,45519300,0.0,0.0
2024-09-18,215.7452565018275,220.86245391858552,215.7353297749969,218.8592071533203,59894900,0.0,0.0
2024-09-19,223.12351184232415,227.9134444812765,222.76649775953877,226.9713134765625,66781300,0.0,0.0
2024-09-20,228.06222073119503,231.15633305592988,225.7317097608303,226.30690002441406,318679900,0.0,0.0
2024-09-23,225.45401003818398,227.54650632766106,223.93670395169437,224.5912322998047,54146000,0.0,0.0
2024-09-24,226.75314473243895,227.44734973367454,223.85737047004787,225.4837646484375,43556100,0.0,0.0
2024-09-25,223.06402418257602,225.40444676008957,222.1615848378298,224.49208068847656,42308700,0.0,0.0
2024-09-26,225.41436171300208,226.60440369502516,223.54004142995942,225.63253784179688,36636700,0.0,0.0
2024-09-27,226.56475422029098,227.6159582791164,225.41437368594384,225.90029907226562,34026000,0.0,0.0
2024-09-30,228.13162655878588,231.06707763671875,227.74486252768645,231.06707763671875,54541900,0.0,0.0
2024-10-01,227.615942887257,227.74485413807125,221.88389405688537,224.33340454101562,63285000,0.0,0.0
2024-10-02,224.0160654907427,225.48378349827837,221.16987922367838,224.898681640625,32880600,0.0,0.0
2024-10-03,223.2722952944607,224.92843958391967,221.46740141968138,223.7978973388672,34044200,0.0,0.0
2024-10-04,226.00938361911108,226.10856009308668,222.27066963907552,224.91851806640625,37245100,0.0,0.0
2024-10-07,222.63760820325265,223.81773870352313,219.4939074890314,219.85092163085938,39505400,0.0,0.0
2024-10-08,222.43925780658088,224.10531361949606,221.3979653574062,223.89706420898438,31855700,0.0,0.0
2024-10-09,223.36153007501719,227.84403724277382,222.96485445261254,227.63577270507812,33591100,0.0,0.0
2024-10-10,225.8903660776275,227.59609839600836,225.2854259515482,227.13990783691406,28183500,0.0,0.0
2024-10-11,227.39779019694814,227.5068782710055,225.45404318616428,225.6623077392578,31759200,0.0,0.0
2024-10-14,226.80275797652766,229.80762063057296,226.70359663127624,229.38119506835938,39882100,0.0,0.0
2024-10-15,231.67201972311165,235.51983687729248,230.44230106244424,231.9100341796875,64751400,0.0,0.0
2024-10-16,229.67867825777722,230.1943535005289,227.93326933706737,229.857177734375,34082200,0.0,0.0
2024-10-17,231.49351658619665,231.91004568892726,228.6076687095473,230.22413635253906,32993800,0.0,0.0
2024-10-18,234.2206797118992,234.2206797118992,232.0686835146529,233.05047607421875,46431500,0.0,0.0
2024-10-21,232.5050454306036,234.88514457730523,232.5050454306036,234.51820373535156,36254500,0.0,0.0
2024-10-22,231.9496772340994,234.26034966164363,230.67038557078126,233.90333557128906,38846600,0.0,0.0
2024-10-23,232.13812257917175,233.18932661738793,225.87054472777703,228.8456573486328,52287000,0.0,0.0
2024-10-24,228.07212485007065,228.90516786821388,226.51515714412935,228.65724182128906,31109500,0.0,0.0
2024-10-25,227.83413589840254,231.28526239164006,227.6655479946858,229.4902801513672,38802300,0.0,0.0
2024-10-28,231.38443735420992,232.78272881287972,230.62082086290692,231.46376037597656,36087100,0.0,0.0
2024-10-29,231.1662428522856,232.38603471678388,230.39271482775456,231.73150634765625,35417200,0.0,0.0
2024-10-30,230.68031899274527,231.53318522639518,227.64570650368097,228.19114685058594,47070900,0.0,0.0
2024-10-31,227.43744214117888,227.92338265648337,223.50037517792762,224.03590393066406,64370100,0.0,0.0
2024-11-01,219.13685215826953,223.48052087870693,218.44266232747447,221.06076049804688,65276700,0.0,0.0
2024-11-04,219.1567312107691,220.94178678396568,217.88735096075072,220.1682586669922,44944500,0.0,0.0
2024-11-05,219.9599923572388,222.09215031274817,219.3054639601429,221.59629821777344,28111300,0.0,0.0
2024-11-06,220.76327216240406,224.19457534628128,219.35505401685137,220.8723602294922,54561100,0.0,0.0
2024-11-07,222.7665321945981,225.9895710313294,222.70703236030374,225.59288024902344,42137700,0.0,0.0
2024-11-08,225.53329235935942,227.01256271730918,224.77877343219782,225.32481384277344,38328800,0.25,0.0
2024-11-11,223.3789126974454,224.07386628495595,219.9041296110407,222.6144561767578,42005600,0.0,0.0
2024-11-12,222.93215790182094,223.964658210572,221.750729228627,222.6144561767578,40398300,0.0,0.0
2024-11-13,222.39605879884869,225.01703765642938,221.15506473467502,223.49806213378906,48566200,0.0,0.0
2024-11-14,223.3987876531247,227.2210402122622,223.3789275067786,226.5757293701172,44923900,0.0,0.0
2024-11-15,224.76884409236825,225.28510187679902,222.65420045885568,223.37893676757812,47923700,0.0,0.0
2024-11-18,223.62713486361545,228.08479108540536,223.54770942404784,226.37718200683594,44633700,0.0,0.0
2024-11-19,225.34467799276683,228.501774994788,225.02699136706502,226.63531494140625,36211800,0.0,0.0
2024-11-20,226.41689814964724,228.27342054954684,224.26253412411586,227.35012817382812,35169600,0.0,0.0
2024-11-21,227.2309725554499,228.50174921258224,224.08381355701644,226.87356567382812,42108300,0.0,0.0
2024-11-22,226.4168797117104,229.05771868234922,226.4168797117104,228.21383666992188,38168300,0.0,0.0
2024-11-25,229.79238523732437,231.56948199204686,228.0847762696763,231.1922149658203,90152800,0.0,0.0
2024-11-26,231.6489234928732,233.87279036398945,231.6489234928732,233.366455078125,45986200,0.0,0.0
2024-11-27,232.78068842055708,233.99189975911068,232.12543996222107,233.23736572265625,33498400,0.0,0.0
2024-11-29,233.1182385238603,236.0966241243161,232.28429419145726,235.62008666992188,28481400,0.0,0.0
2024-12-02,235.5605381566453,239.0551666028684,235.45133007089746,237.8638153076172,48137100,0.0,0.0
2024-12-03,238.0822139315433,241.01095673492534,237.17876666593097,240.90174865722656,38861000,0.0,0.0
2024-12-04,241.12017980186528,242.35125137710352,239.51185632927692,241.25917053222656,44383900,0.0,0.0
2024-12-05,242.23213863223197,242.77816394602775,240.38553870781277,241.28897094726562,40033900,0.0,0.0
2024-12-06,241.1599112680226,242.86752040520184,240.33588934668637,241.0904083251953,36870600,0.0,0.0
2024-12-09,240.08767817050534,245.45870413211114,240.0082527322972,244.97222900390625,44649200,0.0,0.0
2024-12-10,245.11121388943334,246.4217108653419,243.57237825215392,245.98487854003906,36914800,0.0,0.0
2024-12-11,246.17352158557497,248.9930565140259,244.48575750906295,244.714111328125,45205800,0.0,0.0
2024-12-12,245.11120954102955,246.9478867446912,243.90992066775823,246.1735076904297,32777500,0.0,0.0
2024-12-13,246.03453629863122,247.4939314395242,244.46591792091505,246.34230041503906,33155300,0.0,0.0
2024-12-16,246.20329464964811,249.56886987487528,245.86573275817128,249.23130798339844,51694800,0.0,0.0
2024-12-17,248.27824960945253,252.00123197197036,247.98040799068028,251.65374755859375,51356400,0.0,0.0
2024-12-18,250.34325221557475,252.44797328398425,245.95509905753715,246.2628631591797,56774100,0.0,0.0
2024-12-19,245.71681628677703,250.18439476471843,245.30976661195103,247.9903106689453,60882300,0.0,0.0
2024-12-20,246.2529371403228,253.16279902630112,243.919877297432,252.65647888183594,147495300,0.0,0.0
2024-12-23,252.93446477293034,253.80811434244586,251.6239676953758,253.4308624267578,40858800,0.0,0.0
2024-12-24,253.64924013847912,256.34962902881983,253.45066898797964,256.3397216796875,23234700,0.0,0.0
2024-12-26,256.32980188696064,258.2260444048055,255.77383898408218,257.15380859375,27237100,0.0,0.0
2024-12-27,255.9724022209019,256.8361595932908,251.23677948504655,253.74855041503906,42355300,0.0,0.0
2024-12-30,250.41271721299594,251.67357129905236,248.94338462815534,250.3829345703125,35557500,0.0,0.0
2024-12-31,250.62123433005314,251.45517870098834,247.63291094425557,248.61578369140625,39480700,0.0,0.0
2025-01-02,247.13651085819407,247.30529937932678,240.07775127221439,242.09312438964844,55740700,0.0,0.0
2025-01-03,241.60667419433594,242.42075849453866,240.147263834766,241.60667419433594,40244100,0.0,0.0
2025-01-06,242.54980162717402,245.54804748087855,241.4477983095151,243.23483276367188,45045600,0.0,0.0
2025-01-07,241.22939201717418,243.78088314896328,239.61114601786818,240.46495056152344,40856000,0.0,0.0
2025-01-08,240.17703689438372,241.9541489627904,238.32051453305579,240.951416015625,37628900,0.0,0.0
2025-01-10,238.28079154222544,238.4297199246896,231.32130202918376,235.14356994628906,61710900,0.0,0.0
2025-01-13,231.84750029737077,232.97928640713008,228.06495238182922,232.7112274169922,49630700,0.0,0.0
2025-01-14,233.05868390458076,234.41880854341963,230.7951119565212,231.59927368164062,39435300,0.0,0.0
2025-01-15,232.94949481929564,237.2383779015073,232.74100113522098,236.15621948242188,39832000,0.0,0.0
2025-01-16,235.6399687194268,236.29520209930612,226.3871093224655,226.61544799804688,71759100,0.0,0.0
2025-01-17,230.44764042021458,230.6164138035219,226.833866130533,228.32305908203125,68488300,0.0,0.0
2025-01-21,222.38612124582832,222.80309340530198,217.79941234276583,221.03591918945312,98070400,0.0,0.0
2025-01-22,218.2064601780486,222.5052654056773,218.2064601780486,222.2173614501953,64126500,0.0,0.0
2025-01-23,223.1208199792776,225.394314538592,220.69839703644928,222.04859924316406,60234800,0.0,0.0
2025-01-24,223.16050188156166,224.00438385368136,219.81478693461753,221.17491149902344,54697900,0.0,0.0
2025-01-27,222.40601266103107,230.47742834163907,222.36629236472388,228.2039337158203,94863400,0.0,0.0
2025-01-28,229.1868093297106,238.45951413038736,229.1470890329199,236.5434112548828,75707600,0.0,0.0
2025-01-29,232.43321505583046,238.1318651456976,232.3240069742682,237.63546752929688,45486100,0.0,0.0
2025-01-30,236.95042496326212,239.05514590762664,235.50095247665905,235.87820434570312,55658300,0.0,0.0
2025-01-31,245.40906406001392,245.40906406001392,231.75812916176676,234.2996826171875,100959800,0.0,0.0
2025-02-03,228.33297872450572,230.15971829856622,224.0738787357251,226.3672332763672,73063300,0.0,0.0
2025-02-04,225.61269513536308,231.45033539507892,225.0170119929568,231.12271118164062,45067300,0.0,0.0
2025-02-05,226.8835194075747,230.9936915376493,226.62539807097704,230.79513549804688,39620300,0.0,0.0
2025-02-06,229.62360070928509,232.11552641696264,228.76979621063217,231.53970336914062,29925300,0.0,0.0
2025-02-07,230.9241838961893,232.31409120281862,225.62264568638093,225.989990234375,39707200,0.0,0.0
2025-02-10,228.16660736242451,229.1803610121675,225.81108525741098,226.25833129882812,33115600,0.25,0.0
2025-02-11,226.80497424991785,233.79199753404617,226.7354100570617,231.1979522705078,53718400,0.0,0.0
2025-02-12,229.7866449882993,235.5114431570428,229.2698195612854,235.42198181152344,45243300,0.0,0.0
2025-02-13,235.46174477414044,240.85854326211725,234.12993999243653,240.05349731445312,53614100,0.0,0.0
2025-02-14,239.77520922194773,244.0489258287467,239.5168040933544,243.104736328125,40896200,0.0,0.0
2025-02-18,242.65747382373942,243.6811760890431,240.3615975750387,242.97552490234375,48822500,0.0,0.0
2025-02-19,243.16432390168916,244.50606184870875,241.67349385021794,243.37303161621094,32204200,0.0,0.0
2025-02-20,243.44262036367402,245.2713683243621,242.79658488378954,244.32717895507812,32316900,0.0,0.0
2025-02-21,244.44645306890683,247.1697083342209,243.72091995824803,244.0489044189453,53197400,0.0,0.0
2025-02-24,243.43269920852308,247.33868242018207,242.92582237394555,245.58944702148438,51326400,0.0,0.0
2025-02-25,246.48393846255715,248.47171215983582,243.41283173998391,245.52980041503906,48013300,0.0,0.0
2025-02-26,242.83637220684057,243.48239258336395,237.66816369812489,238.89064025878906,44433600,0.0,0.0
2025-02-27,237.94645181292123,240.9778097055873,235.61081167459415,235.84934997558594,41153600,0.0,0.0
2025-02-28,235.5014815283524,240.61005923211764,228.7927454203557,240.36158752441406,56833400,0.0,0.0
2025-03-03,240.3119148031628,242.53822699216576,234.6666443044386,236.5749053955078,47184000,0.0,0.0
2025-03-04,236.25684921580154,238.60242278275774,233.24535811530478,234.4877166748047,53798100,0.0,0.0
2025-03-05,233.9808533299346,235.10395038542654,227.82869096216822,234.2989044189453,47227600,0.0,0.0
2025-03-06,233.00684447444675,236.4059358119138,231.73467047090975,233.8914031982422,45170400,0.0,0.0
2025-03-07,233.67273718007357,239.89446338205195,233.32487071745646,237.60853576660156,46273600,0.0,0.0
2025-03-10,234.10011191080184,234.71633209649934,222.84932017741133,226.08938598632812,72071200,0.0,0.0
2025-03-11,222.44182022291236,224.45940937640347,216.12069905845206,219.48997497558594,76137400,0.0,0.0
2025-03-12,218.79428150067332,220.39444016213503,213.5962567862592,215.65359497070312,62547500,0.0,0.0
2025-03-13,214.6298526174969,215.5144112677834,207.14588618522245,208.39817810058594,61368300,0.0,0.0
2025-03-14,209.95860913307365,212.6421007492463,208.29881981801313,212.18492126464844,60107600,0.0,0.0
2025-03-17,212.00601857046763,213.90434624612,208.68643986463772,212.69180297851562,48073400,0.0,0.0
2025-03-18,212.85081593904235,213.83475423543342,210.19713981325924,211.38980102539062,42432400,0.0,0.0
2025-03-19,212.91044076829724,217.4226803637017,212.443312738742,213.92420959472656,54385400,0.0,0.0
2025-03-20,212.6818553101102,216.16045933121794,210.92267131595005,212.7911834716797,48862900,0.0,0.0
2025-03-21,210.26669685360034,217.5021918152461,209.9884097524224,216.93568420410156,94127800,0.0,0.0
2025-03-24,219.64898417718916,220.1260455978378,217.24377992596973,219.38063049316406,44299500,0.0,0.0
2025-03-25,219.4204082670252,222.73005335992565,218.73462390108503,222.38218688964844,34493600,0.0,0.0
2025-03-26,222.1436424317859,223.64442126802376,219.12223310716143,220.17575073242188,34466100,0.0,0.0
2025-03-27,220.03662935170198,223.61462840697533,219.21170137047196,222.48159790039062,37094800,0.0,0.0
2025-03-28,220.31488968867507,222.44180687800483,216.34927581514728,216.56793212890625,39818600,0.0,0.0
2025-03-31,215.6833836525119,224.24075018814546,214.90815310911736,220.7720947265625,65299300,0.0,0.0
2025-04-01,218.46626491168394,222.31260214779184,217.5618242432653,221.8256072998047,36412700,0.0,0.0
2025-04-02,219.96705040499884,223.81338775742097,219.66888130946384,222.52133178710938,35905900,0.0,0.0
2025-04-03,204.28348559152053,206.22157697816277,200.0197179050274,201.94786071777344,103419000,0.0,0.0
2025-04-04,192.70470416765195,198.65809134675584,186.19474282689396,187.2283935546875,125910900,0.0,0.0
2025-04-07,176.1167553732534,192.96313526897592,173.55252535537636,180.35072326660156,160466300,0.0,0.0
2025-04-08,185.5586861535385,189.1764339595553,168.1756135141289,171.36598205566406,120859500,0.0,0.0
2025-04-09,170.89882177160354,199.383619356675,170.8391909937331,197.63438415527344,184395900,0.0,0.0
2025-04-10,187.9141823452429,193.58926741380884,181.88128226075605,189.25592041015625,121880000,0.0,0.0
2025-04-11,184.96235041538483,198.32017705332044,184.92258644836306,196.9386749267578,87435900,0.0,0.0
2025-04-14,210.14745189040866,211.63828226401768,199.93029560984905,201.281982421875,101352900,0.0,0.0
2025-04-15,200.6259945192588,202.26590170954893,198.57859009217825,200.90428161621094,51343900,0.0,0.0
2025-04-16,197.1473753495745,199.4730666932086,191.19398828729797,193.08238220214844,59732400,0.0,0.0
2025-04-17,195.9944894564487,197.61452992177487,193.2314851467638,195.7758331298828,52164700,0.0,0.0
2025-04-21,192.08849990403363,192.6152586778503,188.64964501381652,191.9791717529297,46742500,0.0,0.0
2025-04-22,194.92108593270402,200.3576482646354,194.77200897005906,198.5189666748047,52976400,0.0,0.0
2025-04-23,204.74067860292737,206.7284521815966,201.56024391015845,203.3492431640625,52929200,0.0,0.0
2025-04-24,203.63746952607698,207.55338601533765,201.69939326414854,207.09619140625,47311000,0.0,0.0
2025-04-25,205.1083963732819,208.46773832051537,204.93943745171498,208.0006103515625,38222300,0.0,0.0
2025-04-28,208.71624889674396,210.2070792460064,206.1917828448175,208.8553924560547,38743100,0.0,0.0
2025-04-29,207.41425458581946,210.94255602883885,207.096203506044,209.91885375976562,36827600,0.0,0.0
2025-04-30,208.02050829648644,212.2743425468257,205.40658118436113,211.20094299316406,52286500,0.0,0.0
2025-05-01,207.80185982414434,213.2483553954001,207.62295230903422,212.0159454345703,57365700,0.0,0.0
2025-05-02,204.83016269927805,205.72467007460574,200.9241941734334,204.09469604492188,101010600,0.0,0.0
2025-05-05,201.85841873478097,202.85230555244996,196.99831280299983,197.6741485595703,69018500,0.0,0.0
2025-05-06,196.99832434112832,199.42339557924856,195.81559653234874,197.29647827148438,51216500,0.0,0.0
2025-05-07,197.95242524507105,198.22077891807172,192.0686174137577,195.05027770996094,68536700,0.0,0.0
2025-05-08,196.51130456752412,198.82706269335065,193.48988012199126,196.28271484375,50478900,0.0,0.0
2025-05-09,197.7834732241415,199.31405222350435,196.3323918231404,197.31634521484375,36453900,0.0,0.0
2025-05-12,209.95526516858178,210.2538252478288,205.75556156059073,209.776123046875,63775800,0.26,0.0
2025-05-13,209.4178625594749,212.3735786127325,207.99474788922345,211.9058380126953,51909300,0.0,0.0
2025-05-14,211.40825625105518,212.91100323820055,209.5671634108319,211.30874633789062,49325800,0.0,0.0
2025-05-15,209.9353730316401,211.93571508448807,208.53215118256114,210.43296813964844,45029500,0.0,0.0
2025-05-16,211.33859654598928,211.54759317457453,208.76105751069144,210.24388122558594,54737900,0.0,0.0
2025-05-19,206.90999202317107,208.47243269467637,203.2775387890809,207.7758026123047,46140500,0.0,0.0
2025-05-20,206.6711529249315,207.4673081447902,204.04385132917625,205.86505126953125,42496600,0.0,0.0
2025-05-21,204.18318404217405,206.0441849710538,199.7446439816099,201.1179962158203,59211800,0.0,0.0
2025-05-22,199.74461200022,201.77479312617928,198.73946027881726,200.3914794921875,46742400,0.0,0.0
2025-05-23,192.73846975457602,196.74908474491085,192.52948833207407,194.33078002929688,78432900,0.0,0.0
2025-05-27,197.34622283817185,199.77448939448533,196.4803970243206,199.24703979492188,56288500,0.0,0.0
2025-05-28,199.6252046868552,201.75491117265972,198.93852099816252,199.45602416992188,45339700,0.0,0.0
2025-05-29,202.60082660426147,202.82971610271787,197.55520490499057,198.98828125,51396800,0.0,0.0
2025-05-30,198.41106448584634,200.98861863398105,195.8335255231089,199.8839569091797,70819900,0.0,0.0
2025-06-02,199.31669015009302,201.15779807678393,199.15745607510846,200.7298583984375,35423300,0.0,0.0
2025-06-03,200.38156440883068,202.78992300957722,199.9934408158467,202.29232788085938,46381600,0.0,0.0
2025-06-04,201.9340306292736,205.24801554678163,201.1279290627925,201.84446716308594,43604000,0.0,0.0
2025-06-05,202.521183994692,203.765171611367,199.1872911078447,199.6649932861328,55126100,0.0,0.0
2025-06-06,202.0236053289331,204.7106157617459,201.07817770068002,202.93917846679688,46607700,0.0,0.0
2025-06-09,203.4069099948636,205.0091667110405,199.05793398755327,200.48104858398438,72862600,0.0,0.0
2025-06-10,199.63515466910712,203.36711781582227,199.60530017876516,201.6951904296875,54672600,0.0,0.0
2025-06-11,202.52118145308685,203.51637153393742,197.4556675860525,197.82388305664062,60989900,0.0,0.0
2025-06-12,198.12246436103902,198.71956936233477,196.4107360236097,198.24188232421875,43904600,0.0,0.0
2025-06-13,198.769334334526,199.40625545491926,194.7587190445596,195.50511169433594,51447300,0.0,0.0
2025-06-16,196.3510290449251,197.73434281232372,195.61458283187793,197.46563720703125,43020700,0.0,0.0
2025-06-17,196.2514839890114,197.43576263348734,194.27106541566712,194.69898986816406,38856200,0.0,0.0
2025-06-18,194.99756984742208,196.61973472966923,194.13175923439314,195.63449096679688,45394700,0.0,0.0
2025-06-20,197.28649906078425,200.72984844555882,195.9131318065836,200.03321838378906,96813500,0.0,0.0
2025-06-23,200.6601870689569,201.32696262150702,198.00303129313016,200.5308074951172,55814300,0.0,0.0
2025-06-24,201.61557243039425,202.46149014710028,199.23706853700068,199.3365936279297,54064000,0.0,0.0
2025-06-25,200.4810436177515,202.6903668657116,199.65503400834336,200.59051513671875,39525700,0.0,0.0
2025-06-26,200.4611428555203,201.66532960796235,198.50063224789568,200.03321838378906,50799100,0.0,0.0
2025-06-27,200.91895566349635,202.24256049649406,199.03804672932017,200.11285400390625,73188600,0.0,0.0
2025-06-30,201.03836190454115,206.39248990855162,198.3015889216639,204.18316650390625,91912800,0.0,0.0
2025-07-01,205.6759415551798,209.17901505124104,205.1484920031366,206.82041931152344,78788900,0.0,0.0
2025-07-02,207.90517762155153,212.3138626915596,207.13887695509675,211.41819763183594,67941800,0.0,0.0
2025-07-03,211.12958235725722,213.61755770997246,210.7912213537831,212.52285766601562,34955800,0.0,0.0
2025-07-07,211.65703516300363,215.18996325511674,207.79570768244494,208.94017028808594,50229000,0.0,0.0
2025-07-08,209.08947184941582,210.41306148236814,207.44739887083225,208.99989318847656,42848900,0.0,0.0
2025-07-09,208.52220905408606,210.31355451699514,206.22332203726856,210.1244659423828,48749400,0.0,0.0
2025-07-10,209.49748097232364,212.45319704499605,209.0197939340788,211.3883514404297,44443600,0.0,0.0
2025-07-11,209.55718962168862,211.1096837700706,208.85059795908091,210.14434814453125,39765800,0.0,0.0
2025-07-14,208.92025854176603,209.89555581124029,206.54175471753558,207.61656188964844,38840100,0.0,0.0
2025-07-15,208.2137043224775,210.8708604550018,207.915144211828,208.10423278808594,42296300,0.0,0.0
2025-07-16,209.28849593835915,211.37838618562168,207.63647661047767,209.149169921875,47490500,0.0,0.0
2025-07-17,209.5571995447156,210.78127919114968,208.58190225319882,209.0098419189453,48068100,0.0,0.0
2025-07-18,209.85573909301036,210.77131219576944,208.69136845628208,210.16424560546875,48974600,0.0,0.0
2025-07-21,211.07984586548804,214.74213848423943,210.61210526026528,211.4580078125,51377400,0.0,0.0
2025-07-22,212.1148250502387,213.91611676733493,211.20919838168209,213.36875915527344,46404100,0.0,0.0
2025-07-23,213.96589762082587,214.11517007989065,211.38835859165647,213.11997985839844,46989300,0.0,0.0
2025-07-24,212.87116805528336,214.65256693634578,212.50295255730364,212.73184204101562,46022600,0.0,0.0
2025-07-25,213.6673206036272,214.2047317845148,212.37357038101962,212.8512725830078,40268800,0.0,0.0
2025-07-28,213.000569237894,213.8166325366559,212.03523347491873,213.02047729492188,37858000,0.0,0.0
2025-07-29,213.14982178903043,213.7767964509494,209.80599741985404,210.2538299560547,51411700,0.0,0.0
2025-07-30,210.88077731884883,211.36842593737322,206.72088996610802,208.04449462890625,45512500,0.0,0.0
2025-07-31,207.4872131893059,208.83071086700429,206.1636083824018,206.57164001464844,80698400,0.0,0.0
2025-08-01,209.85574027592583,212.5527122409286,200.53081350952442,201.40658569335938,104434500,0.0,0.0
2025-08-04,203.52634207300898,206.88014336875773,200.70995198839026,202.37193298339844,75109300,0.0,0.0
2025-08-05,202.42167200915333,204.35234334482283,201.18764593221573,201.94398498535156,44155100,0.0,0.0
2025-08-06,204.6409599471833,214.3440641251077,204.60114383647723,212.22430419921875,108483100,0.0,0.0
2025-08-07,217.82723230897543,219.78775818606874,215.53829184895108,218.97169494628906,90224800,0.0,0.0
2025-08-08,219.76783274169614,229.8889142887861,218.19543055331755,228.24685668945312,113854000,0.0,0.0
2025-08-11,227.08115402328403,228.71511750604432,223.9327805410339,226.3438720703125,61806100,0.26,0.0
2025-08-12,227.17083074525974,229.95057099439725,226.23430307406312,228.80479431152344,55626200,0.0,0.0
2025-08-13,230.2195756343437,234.1351043372746,229.58191650034667,232.47125244140625,69878500,0.0,0.0
2025-08-14,233.1985666998313,234.25466305951576,230.0003892485326,231.92327880859375,51916300,0.0,0.0
2025-08-15,233.13877413921495,233.41774239633352,228.49592139875156,230.73764038085938,56038700,0.0,0.0
2025-08-18,230.8472538899505,232.26202593201924,229.26310933608104,230.0402374267578,37476200,0.0,0.0
2025-08-19,230.4287923573085,232.01293684851592,228.50590285589897,229.71144104003906,39402600,0.0,0.0
2025-08-20,229.13358225147155,229.6217843388592,224.93908515924198,225.17819213867188,42263900,0.0,0.0
2025-08-21,225.43724912794482,225.68632903786573,222.9564077521854,224.07228088378906,30621200,0.0,0.0
2025-08-22,225.33760837029214,228.2468598588307,224.58041092619504,226.9217529296875,42477800,0.0,0.0
2025-08-25,225.64645413109014,228.45608264282492,225.3973742361901,226.32395935058594,30983100,0.0,0.0
2025-08-26,226.03502689374838,228.6453946309622,223.86305742355088,228.46604919433594,54575100,0.0,0.0
2025-08-27,227.76862267507164,230.05018785299507,227.41990473660533,229.64170837402344,31259500,0.0,0.0
2025-08-28,229.97051505486425,232.55097936868034,228.49595098757067,231.7041015625,38074700,0.0,0.0
2025-08-29,231.65426265633033,232.52107103838586,230.51845893056873,231.28562927246094,39418400,0.0,0.0
2025-09-02,228.4062860305561,230.00040359535532,226.13467838242784,228.8745574951172,44075600,0.0,0.0
2025-09-03,236.33698891571112,237.9709525201245,233.49747185558658,237.59234619140625,66427800,0.0,0.0
2025-09-04,237.57239985348932,239.0170601981439,235.8687018920251,238.8975067138672,47549400,0.0,0.0
2025-09-05,239.1167027112504,240.43185187342493,237.61226559630578,238.80784606933594,54870400,0.0,0.0
2025-09-08,238.41928864081726,239.2661511981365,235.47017586985078,237.0045166015625,48999500,0.0,0.0
2025-09-09,236.12774389612645,237.90119155812317,232.5011411802574,233.4875030517578,66313900,0.0,0.0
2025-09-10,231.33545739080094,231.56460664903227,225.118417424808,225.955322265625,83440800,0.0,0.0
2025-09-11,226.04499474029723,229.60184779162614,225.81583028738913,229.1833953857422,50208600,0.0,0.0
2025-09-12,228.37638560886936,233.6469097348115,228.17712472443904,233.2085418701172,55824200,0.0,0.0
2025-09-15,236.1277410783948,237.31336381412066,234.16499028444412,235.82884216308594,42699500,0.0,0.0
2025-09-16,236.30708253667353,240.33222235518573,235.45026224943368,237.2735137939453,63421100,0.0,0.0
2025-09-17,238.09049720761,239.21634322602875,236.85505542454314,238.1104278564453,46508000,0.0,0.0
2025-09-18,239.08682096339746,240.31228984200703,235.77903252032195,237.0045166015625,44249600,0.0,0.0
2025-09-19,240.342162048153,245.3935094903633,239.32592704772566,244.59645080566406,163741300,0.0,0.0
2025-09-22,247.38616206443075,255.69547916115815,247.2068166293636,255.13751220703125,105517400,0.0,0.0
2025-09-23,254.9382669065294,256.3928850249964,252.64672876089196,253.49359130859375,60275200,0.0,0.0
2025-09-24,254.28068708944184,254.7987775332095,250.11606329601622,251.3813934326172,42303700,0.0,0.0
2025-09-25,252.27808820484515,256.22352044118514,250.7836088309123,255.9246063232422,55202100,0.0,0.0
2025-09-26,253.16481067495934,256.6519291955366,252.84598111295833,254.51980590820312,46076300,0.0,0.0
2025-09-29,253.62311772285494,254.06150078407975,252.07881928540593,253.49359130859375,40127700,0.0,0.0
2025-09-30,253.92202035086734,254.97811672142575,252.17846100632588,253.69287109375,37704300,0.0,0.0
2025-10-01,254.10136246357334,257.8375764362911,253.99176669154556,254.50985717773438,48713900,0.0,0.0
2025-10-02,255.63566078088252,257.229778167004,253.21461153357077,256.18365478515625,42630200,0.0,0.0
2025-10-03,253.73271197999827,258.2858846694617,253.01536064819075,257.07037353515625,49155600,0.0,0.0
2025-10-06,257.0404730386864,258.11651518827176,254.11130630837613,255.74526977539062,44664100,0.0,0.0
2025-10-07,255.86484387966763,256.45266881763376,254.48991791397023,255.53607177734375,31955800,0.0,0.0
2025-10-08,255.57591915435188,257.5685585594684,255.16742442767125,257.1102600097656,36496900,0.0,0.0
2025-10-09,256.8611554198282,257.0504585775582,252.2083446799687,253.1050262451172,38322000,0.0,0.0
2025-10-10,254.00171816056968,255.436420799504,243.10197943699816,244.3673095703125,61999100,0.0,0.0
2025-10-13,248.46219085423505,248.7710475029622,244.6562426215344,246.74851989746094,38142900,0.0,0.0
2025-10-14,245.69241642712313,247.93413549962378,243.79940008876653,246.8581085205078,35478000,0.0,0.0
2025-10-15,248.57178982967116,250.89321639065437,246.559219921403,248.42233276367188,33893600,0.0,0.0
2025-10-16,247.33635013275978,248.1234359576197,244.22783772705108,246.53929138183594,39777000,0.0,0.0
2025-10-17,247.10719170360767,252.44746537322095,246.35995200283696,251.36146545410156,49147000,0.0,0.0
2025-10-20,254.94822099113512,263.4069798400544,254.68918336894043,261.27484130859375,90483000,0.0,0.0
2025-10-21,260.916147926868,264.313600971564,260.8663137101643,261.8028564453125,46695900,0.0,0.0
2025-10-22,261.6833338430701,261.882609922878,254.4899051977633,257.4988098144531,45015300,0.0,0.0
2025-10-23,258.98329410338334,259.66078406832133,257.06040475940137,258.6246032714844,32754900,0.0,0.0
2025-10-24,260.2287466983284,263.1579290692685,258.2261343576155,261.8527526855469,38253700,0.0,0.0
2025-10-27,263.90514984178776,268.1295353654346,263.67598537979285,267.8206787109375,44888200,0.0,0.0
2025-10-28,268.00000632210845,268.89671830922975,267.1631014853557,268.0099792480469,41534800,0.0,0.0
2025-10-29,268.28892986747474,270.4110953948544,266.1269030442272,268.7073974609375,51086700,0.0,0.0
2025-10-30,270.98894793982623,273.1310593223432,267.49188695276854,270.401123046875,69886500,0.0,0.0
2025-10-31,275.9705701844509,276.29937269597025,268.16940070155243,269.37493896484375,86167100,0.0,0.0
2025-11-03,269.424736694289,269.8531467885877,265.2700709373508,268.05975341796875,50194600,0.0,0.0
2025-11-04,267.3424445625432,270.49081837885313,266.6350661079627,269.0461730957031,49274800,0.0,0.0
2025-11-05,267.6214146886098,270.7000692568828,265.94760492323326,269.14581298828125,43683100,0.0,0.0
2025-11-06,266.90407480138714,272.3937751745226,266.90407480138714,268.7771301269531,51204000,0.0,0.0
2025-11-07,268.80702532983145,271.2878818962731,265.7881780523408,267.48193359375,48227400,0.0,0.0
2025-11-10,268.22988302493957,272.9869540449525,266.7339548671466,268.6986083984375,41312400,0.26,0.0
2025-11-11,269.07757258136417,275.16101963639426,269.0675899882029,274.5028076171875,46208300,0.0,0.0
2025-11-12,274.25347600982695,274.9815052844664,270.9624464716027,272.7276306152344,48398000,0.0,0.0
2025-11-13,273.36590026791555,275.9488963676571,271.3513946141157,272.2090759277344,49602800,0.0,0.0
2025-11-14,270.31417782757546,275.21085247368256,268.8681323529343,271.6705017089844,47431300,0.0,0.0
2025-11-17,268.09027174019775,269.7557213346742,265.00866346949266,266.73394775390625,45018300,0.0,0.0
2025-11-18,269.25711627506445,269.9751630894399,264.59980979362433,266.71405029296875,45677300,0.0,0.0
2025-11-19,264.80918960656476,271.47104873805114,264.77927226211665,267.8309631347656,40424500,0.0,0.0
2025-11-20,270.09480618650156,274.68232536305425,265.1981613886433,265.5272521972656,45823600,0.0,0.0
2025-11-21,265.2280517805383,272.5879921198442,264.9488130991126,270.75299072265625,59030800,0.0,0.0
2025-11-24,270.164627965921,276.24807542504453,270.164627965921,275.1710205078125,65585800,0.0,0.0
2025-11-25,274.52277261748515,279.6189174225992,274.50283786370125,276.2181701660156,46914200,0.0,0.0
2025-11-26,276.2081750495132,278.7712060098946,275.8790842359358,276.79656982421875,33431400,0.0,0.0
2025-11-28,276.50736791500816,278.242634823177,275.2407959413455,278.0930480957031,20135600,0.0,0.0
2025-12-01,277.2553332443013,282.65065109438723,275.3904143522869,282.3315124511719,46587700,0.0,0.0
2025-12-02,282.231773534172,286.619823290159,281.86278279875575,285.4131164550781,53669500,0.0,0.0
2025-12-03,285.4231155973949,287.8365294074879,282.5309633672564,283.378662109375,43538700,0.0,0.0
2025-12-04,283.3287830094401,283.95707766942763,277.83373081751637,279.9380187988281,43989100,0.0,0.0
2025-12-05,279.77848663840757,280.37686403379615,277.29522501275557,278.02325439453125,47265800,0.0,0.0
2025-12-08,277.374989388386,278.9108174051644,275.4003533668138,277.1356506347656,38211800,0.0,0.0
2025-12-09,277.40493251311347,279.2698514894354,276.16830825817004,276.4275817871094,32193300,0.0,0.0
2025-12-10,276.99605153243056,278.9906225605669,275.6896099437804,278.02325439453125,33038300,0.0,0.0
2025-12-11,278.34237127554803,278.8310314000742,273.0667227973629,277.2752685546875,33248000,0.0,0.0
2025-12-12,277.1456542987284,278.46207855775873,276.06859927253834,277.5246276855469,39532900,0.0,0.0
2025-12-15,279.3894873363706,279.3894873363706,272.0993337942639,273.3658752441406,50409100,0.0,0.0
2025-12-16,272.07941349564567,274.752131096348,271.0522107383373,273.8645324707031,37648600,0.0,0.0
2025-12-17,274.2634587890498,275.41033087528734,270.9026119684932,271.10205078125,50138700,0.0,0.0
2025-12-18,272.8672697170699,272.88723490520505,266.22537510199504,271.4511413574219,51630700,0.0,0.0
2025-12-19,271.4112306527045,273.8545921928022,269.1673383776201,272.9271240234375,144632000,0.0,0.0
2025-12-22,272.1192896847017,273.13654030849926,269.7756932559407,270.23443603515625,36571800,0.0,0.0
2025-12-23,270.1048034873943,271.7603010837797,268.8282792538215,271.62066650390625,29642000,0.0,0.0
2025-12-24,271.60070067851706,274.6823088952694,271.46109654935304,273.06671142578125,17910600,0.0,0.0
2025-12-26,273.4157529954652,274.6224597374741,272.11926379011726,272.6578063964844,21521800,0.0,0.0
2025-12-29,271.9497734782625,273.61522314661676,271.6107000753325,273.0168762207031,23715200,0.0,0.0
2025-12-30,272.06942798009953,273.3359694836473,271.54086793463244,272.33868408203125,22139600,0.0,0.0
2025-12-31,272.3187639976345,272.9370761103812,271.0123224859311,271.12200927734375,27293600,0.0,0.0
2026-01-02,271.52092924369913,277.0857683126949,268.2697691424855,270.2743225097656,37838100,0.0,0.0
2026-01-05,269.9053450243044,270.7729784841199,265.41756056202854,266.5345153808594,45647200,0.0,0.0
2026-01-06,266.27521573774703,266.82371056256306,261.40845786144683,261.6477966308594,52352100,0.0,0.0
2026-01-07,262.48552563718374,262.964203143993,259.1047135716701,259.623291015625,48309800,0.0,0.0
2026-01-08,256.3222864925608,258.58614386359903,255.00587765735156,258.3368225097656,50419300,0.0,0.0
2026-01-09,258.3767027680543,259.5036402038468,255.52448097015204,258.6659240722656,39997000,0.0,0.0
2026-01-12,258.45648066308013,260.5906555331263,256.1028713590674,259.54351806640625,45263800,0.0,0.0
2026-01-13,258.0176775418968,261.0992857475004,257.6885867541948,260.3413391113281,45730800,0.0,0.0
2026-01-14,258.78560808748875,261.10930037675524,256.0131555781144,259.25433349609375,40019400,0.0,0.0
2026-01-15,259.9424426175537,260.3313985459844,256.35220896361545,257.5090637207031,39388600,0.0,0.0
2026-01-16,257.1999111311508,258.1971965798445,254.23797213114116,254.8363494873047,72142800,0.0,0.0
2026-01-20,252.04394930256512,254.09835490933511,242.75922413209136,246.0303192138672,80267500,0.0,0.0
2026-01-21,248.02490552393743,250.8771427168815,244.51445623630568,246.97775268554688,54641700,0.0,0.0
2026-01-22,248.52352576906395,250.31864258405668,247.47637302553753,247.67584228515625,39708300,0.0,0.0
2026-01-23,246.6486524137701,248.7329754164565,244.01580413580567,247.36668395996094,41689000,0.0,0.0
2026-01-26,250.7973351598156,255.86354695988197,249.12190294519746,254.7166748046875,55969200,0.0,0.0
2026-01-27,258.4664593428383,261.23891141767155,257.50904348719195,257.5688781738281,49648300,0.0,0.0
2026-01-28,256.95060341967536,258.15731035497566,253.8191275531099,255.743896484375,41288000,0.0,0.0
2026-01-29,257.29964922744847,258.94516415300217,253.7193980705993,257.5788879394531,67253000,0.0,0.0
2026-01-30,254.47732177254832,261.1890484668085,251.49543285360957,258.775634765625,92443400,0.0,0.0
2026-02-02,259.3241487899344,269.7557466562268,258.50636737104884,269.2770690917969,73913400,0.0,0.0
2026-02-03,268.4692659190308,271.1419837262723,266.88355520832346,268.7485046386719,64394700,0.0,0.0
2026-02-04,271.55083028665655,278.19275421850585,271.55083028665655,275.7394104003906,90545700,0.0,0.0
2026-02-05,277.37501624935936,278.7412924914769,272.48832346973,275.1610412597656,52977400,0.0,0.0
2026-02-06,276.3677049075235,280.1474248180158,276.1782182606431,277.364990234375,50453400,0.0,0.0
2026-02-09,277.41494619870406,277.70443813431814,271.2160169672847,274.13079833984375,44623400,0.26,0.0
2026-02-10,274.40031021957236,274.87943562430115,272.4537718732244,273.19244384765625,34376900,0.0,0.0
2026-02-11,274.2106536370846,279.6808719096702,273.9610989943363,275.00921630859375,51931300,0.0,0.0
2026-02-12,275.0990585104662,275.22883180172755,259.71650632997444,261.2637634277344,81077200,0.0,0.0
2026-02-13,261.5432690161623,261.7628783299504,254.9949421084194,255.32435607910156,56290700,0.0,0.0
2026-02-17,257.5903108294174,265.8156532326085,255.08478749757862,263.4099426269531,58469100,0.0,0.0
2026-02-18,263.13045584681157,266.3447212846438,261.9825104325609,263.8791198730469,34203300,0.0,0.0
2026-02-19,262.13220471573277,264.00886051677537,259.5867290635135,260.11578369140625,30845300,0.0,0.0
2026-02-20,258.50868117461044,264.2783836675007,257.7001265171608,264.1086730957031,42070500,0.0,0.0
2026-02-23,263.0206001676805,268.95002088588865,262.91081074777924,265.705810546875,37308200,0.0,0.0
2026-02-24,267.38283777638213,274.4003442568012,267.233111068832,271.6552429199219,47014600,0.0,0.0
2026-02-25,271.29586819299504,274.45024283739696,270.567157599074,273.74151611328125,33714300,0.0,0.0
2026-02-26,274.4602128097023,275.61811956353745,270.31758130113775,272.4637756347656,32345100,0.0,0.0
2026-02-27,272.3240439665745,272.3240439665745,262.4217314181026,263.70941162109375,72366500,0.0,0.0
2026-03-02,261.94253069595567,266.05518620599753,259.73647625260065,264.2484130859375,41827900,0.0,0.0
2026-03-03,263.0106738027697,265.08695529305965,259.6666350681776,263.2801818847656,38568900,0.0,0.0
2026-03-04,264.17854815272653,265.67587606267574,260.95432154975975,262.0523376464844,39803100,0.0,0.0
2026-03-05,260.3254337562426,261.09405110124777,256.79173142961054,259.8263244628906,49658600,0.0,0.0
2026-03-06,258.16927189629365,258.3090066542827,253.916851068475,257.0013427734375,41120000,0.0,0.0
2026-03-09,255.2345148744848,260.68477987096253,253.22808575123491,259.41705322265625,38218500,0.0,0.0
2026-03-10,257.19102845716964,262.01244158439727,256.4922936817907,260.3653564453125,30590800,0.0,0.0
2026-03-11,260.624897946549,261.6630538494394,259.08763272962494,260.34539794921875,26218900,0.0,0.0
2026-03-12,258.1992408199258,258.48873275942157,253.7272102811576,255.3043975830078,40794000,0.0,0.0
2026-03-13,255.024890934378,255.87336762960538,249.07551643845036,249.6744384765625,36930000,0.0,0.0
2026-03-16,251.66090222791988,253.43773019062647,249.4348789230203,252.36964416503906,32074200,0.0,0.0
2026-03-17,252.5093881906664,254.67552076289968,251.7307636559193,253.77711486816406,32361600,0.0,0.0
2026-03-18,252.1799767808244,254.48585937367065,248.55643828829037,249.49476623535156,35757900,0.0,0.0
2026-03-19,248.95572868612365,251.38140795985734,246.85947863088072,248.5165252685547,34864100,0.0,0.0
2026-03-20,247.53824109812177,248.75606899357115,245.56177255944445,247.54823303222656,88331100,0.0,0.0
2026-03-23,253.51758537106093,254.14646797882926,249.83415620831627,251.04200744628906,40546100,0.0,0.0
2026-03-24,249.90403139868116,254.37604644028636,249.10545347620703,251.1917266845703,45152300,0.0,0.0
2026-03-25,253.6473574345128,254.5457480998694,251.15181088451408,252.16998291015625,28476700,0.0,0.0
2026-03-26,251.67088153367666,256.5421934269488,250.32329549316128,252.43951416015625,41796700,0.0,0.0
2026-03-27,253.4477020992108,255.03488128462607,247.6281009352486,248.35679626464844,47900000,0.0,0.0
2026-03-30,249.62453299565456,250.4230956915925,245.07264337813007,246.19065856933594,39446200,0.0,0.0
2026-03-31,247.4683905467953,255.02489784868362,246.65983587287727,253.33790588378906,49598100,0.0,0.0
2026-04-01,253.6273948962928,255.72364490973627,252.8787309132899,255.1746368408203,40059400,0.0,0.0
2026-04-02,253.74717405681358,255.6737439434535,250.20349485503914,255.464111328125,31289400,0.0,0.0
2026-04-06,256.0530752925303,261.6930045642991,256.0031460821725,258.39886474609375,29329900,0.0,0.0
2026-04-07,255.70368128016966,255.7436185540334,245.2623079794448,253.0484161376953,62148000,0.0,0.0
2026-04-08,257.9896321241455,259.28730423338584,256.07303883918246,258.4388122558594,41032800,0.0,0.0
2026-04-09,258.5386343954405,260.6548530924392,255.61386101634736,260.0259704589844,28121600,0.0,0.0
2026-04-10,259.5168819122501,261.7229364827484,258.5585701252562,260.0159912109375,31291500,0.0,0.0
2026-04-13,259.2673359057164,259.71651601158027,256.2027973984465,258.73828125,36234700,0.0,0.0
2026-04-14,258.7881922504944,261.4634109961452,256.7318642110386,258.3689270019531,48370700,0.0,0.0
2026-04-15,257.7001261657452,266.08515659729386,257.35074355126085,265.95538330078125,49913500,0.0,0.0
2026-04-16,266.3247234477873,266.68409800240715,260.80457553569033,262.9307861328125,43323100,0.0,0.0
2026-04-17,266.4844323486072,271.8149160854778,266.24486962975914,269.7486267089844,61436200,0.0,0.0
2026-04-20,269.84841238867654,273.7913879220191,269.80850557942483,272.5635681152344,36590200,0.0,0.0
2026-04-21,271.0163536236942,272.3140256362382,264.9272139873882,265.69586181640625,50209800,0.0,0.0
2026-04-22,267.3429346055621,273.2523721409737,266.39461467279705,272.68341064453125,43249200,0.0,0.0
2026-04-23,274.56001085217736,275.2787294551341,271.1660737405759,272.9429016113281,33399600,0.0,0.0
2026-04-24,272.2741016414235,272.5735550213531,269.16962610782736,270.5771179199219,38157100,0.0,0.0
2026-04-27,265.6159889280984,267.88193422863776,264.59781690250213,267.1332702636719,41466800,0.0,0.0
2026-04-28,271.8548539018017,272.7432830913257,268.181416710472,270.2277526855469,40018900,0.0,0.0
2026-04-29,267.07336249706583,270.55716597281076,266.56429174844374,269.688720703125,30047900,0.0,0.0
2026-04-30,270.018146234023,275.50834883767226,267.6623648300734,270.86663818359375,91848200,0.0,0.0
2026-05-01,278.3632420760759,286.70836594964845,277.8741246788477,279.6409912109375,79915400,0.0,0.0
2026-05-04,279.16179801165765,280.13007120517506,274.3703307853319,276.3368225097656,46668400,0.0,0.0
2026-05-05,276.43668191704,284.0630869835518,276.00745521106614,283.67376708984375,49311700,0.0,0.0
2026-05-06,281.4178249779708,287.5169265187869,280.5693330033821,286.99786376953125,58336100,0.0,0.0
2026-05-07,288.75470528792926,291.6096265406606,285.2709318587503,286.927978515625,45224300,0.0,0.0
2026-05-08,289.49338424193445,294.2349225642168,289.48339230776435,292.7974853515625,52692800,0.0,0.0
2026-05-11,291.72841688276577,293.6267735875138,289.979924827367,292.42779541015625,42247300,0.27,0.0
2026-05-12,292.3078994315659,295.0155556946294,292.3078994315659,294.54595947265625,45748100,0.0,0.0
2026-05-13,293.24708951115105,300.6607090744109,293.24708951115105,298.6124572753906,52684300,0.0,0.0
2026-05-14,299.5616620172475,300.1911240450107,295.12548538387824,297.9530334472656,35324900,0.0,0.0
2026-05-15,297.643304079477,302.93875555297063,296.26448829773227,299.9713134765625,54862800,0.0,0.0
2026-05-18,299.98126929450746,300.4009207908792,294.6558756451712,297.5833435058594,34483000,0.0,0.0
2026-05-19,296.7140952726279,300.2510533099592,296.09463441963413,298.7123718261719,42243600,0.0,0.0
2026-05-20,297.9230626302997,302.5390768782648,297.82314269813475,301.98956298828125,38229800,0.0,0.0
2026-05-21,300.80056674721834,305.27671719779084,300.1411318265125,304.7271728515625,42965100,0.0,0.0
2026-05-22,305.85620846339293,311.13165741506583,305.57645096183757,308.55389404296875,43670200,0.0,0.0
2026-05-26,309.29325163060713,311.5513139598484,307.4048960873393,308.0643005371094,48000500,0.0,0.0
2026-05-27,308.0643052358437,312.9900803339556,308.0343323058515,310.5821533203125,50430900,0.0,0.0
2026-05-28,310.412282475935,312.5304508120942,309.30325358892543,312.24072265625,48220400,0.0,0.0
2026-05-29,311.5113496628706,314.7285763294451,309.2632884033746,311.7911071777344,70026800,0.0,0.0
2026-06-01,309.363197507879,310.67206624496237,304.7571540774977,306.0460510253906,48849900,0.0,0.0
2026-06-02,307.1950545511415,315.1781903378333,306.42572903356995,314.92840576171875,44534700,0.0,0.0
2026-06-03,313.9092501546009,316.6668815001487,308.5838566628498,309.9926452636719,50836700,0.0,0.0
2026-06-04,312.96009909963743,313.26982953176514,309.38316692864953,310.9618225097656,44869100,0.0,0.0
2026-06-05,312.5903972939029,314.8984348439246,306.8853260765596,307.0751647949219,65310500,0.0,0.0
2026-06-08,308.4739595974908,317.1265012321255,300.9105055796523,301.2801818847656,77949100,0.0,0.0
2026-06-09,300.0212482417878,300.4908444635933,287.5320194610898,290.29962158203125,70108800,0.0,0.0
2026-06-10,290.4894628291428,294.4960172141002,287.1323727394638,291.3287353515625,52793300,0.0,0.0
2026-06-11,293.4668864344149,296.7440586571729,289.3404406054596,295.375244140625,42572500,0.0,0.0
2026-06-12,295.7749221682621,296.88398158337014,289.3704417369658,290.879150390625,38742100,0.0,0.0
2026-06-15,293.8665449684006,297.5233947188816,291.4486474146935,296.1645812988281,45732600,0.0,0.0
2026-06-16,294.99559499590845,300.2210994929347,293.71669913987887,298.9821472167969,39874400,0.0,0.0
2026-06-17,300.59074812548096,301.8096980081642,294.10632015937927,295.6949768066406,42745100,0.0,0.0
2026-06-18,297.8530937792582,300.31099586682666,295.3652492546472,297.7532043457031,85962200,0.0,0.0
2026-06-22,297.05381866220307,302.1594314563154,296.5043047694293,296.75408935546875,44879900,0.0,0.0
2026-06-23,297.2836155142734,301.3800886038737,293.9264950024863,294.04638671875,52010900,0.0,0.0
2026-06-24,295.1054570720635,299.4417438827621,292.68755959702736,292.8274230957031,53081900,0.0,0.0
2026-06-25,287.1523472601469,288.55113481081804,273.5141152813601,274.91290283203125,107013700,0.0,0.0
2026-06-26,274.7630284991681,285.70360492137456,273.9737007161028,283.53546142578125,261775500,0.0,0.0
2026-06-29,286.4829438934296,288.12151489662153,279.6088673150861,281.4972229003906,66427000,0.0,0.0
2026-06-30,280.9277417485351,289.69017405322865,280.45814550695326,289.11065673828125,65100200,0.0,0.0
2026-07-01,293.1871503157195,296.33442991747245,288.95081360688545,294.1263427734375,50164200,0.0,0.0
2026-07-02,293.866538367699,309.15337194761725,293.4269150966668,308.3640441894531,75352800,0.0,0.0
2026-07-06,307.0951430290638,313.9292760509671,306.7354678654279,312.3905944824219,53590000,0.0,0.0
2026-07-07,315.0183186077797,315.20815732134815,309.88273318392555,310.3923034667969,42490000,0.0,0.0
2026-07-08,311.6412289475945,314.5487250421545,306.7854009831778,313.1199645996094,41323500,0.0,0.0
2026-07-09,310.24243869469103,316.2572401947346,307.8944576262147,315.947509765625,48124500,0.0,0.0
2026-07-10,314.4488202226986,316.6369356310425,311.9010296470402,315.0483093261719,34132300,0.0,0.0
2026-07-13,316.7468014245228,323.171283634363,315.5078797345754,317.03656005859375,43257800,0.0,0.0
2026-07-14,313.48965629761443,315.91755515351207,311.64124426456783,314.58868408203125,36336800,0.0,0.0
2026-07-15,317.34631234952286,328.44675508114506,317.0465830462295,327.2178039550781,60957600,0.0,0.0
2026-07-16,327.72736328456057,334.3915986652446,326.50841333986017,332.97283935546875,62970600,0.0,0.0
2026-07-17,331.693929977533,334.7013154010385,328.71648699084636,333.452392578125,63407100,0.0,0.0
2026-07-20,333.2226134619852,333.4224228207836,323.4010672140761,326.3085632324219,53468000,0.0,0.0
2026-07-21,322.85156758462244,329.3159936819017,321.94234806189104,327.45758056640625,41338900,0.0,0.0
2026-07-22,327.58746619388995,328.7164973399543,323.0613709608057,325.60919189453125,38755900,0.0,0.0
2026-07-23,321.4527900194849,323.0214140443725,319.0748358849152,321.3828430175781,40840800,0.0,0.0
2026-07-24,321.5127284115298,334.0818750563203,321.3428614810286,332.7330322265625,47489400,0.0,0.0
2026-07-27,334.2517370375488,339.277401491225,333.73216560461384,336.61968994140625,49604300,0.0,0.0
2026-07-28,339.73698155301014,342.59453283396704,335.31080637618777,339.78692626953125,51859000,0.0,0.0
2026-07-29,339.43727163464206,344.2730974331505,337.0593175600121,337.8985900878906,56090800,0.0,0.0
2026-07-30,332.8129674612056,334.4615395264105,329.30598233808786,333.1426696777344,74817800,0.0,0.0
2026-07-31,304.54735603914753,310.4222943774597,299.7415030462749,308.6438293457031,132489100,0.0,0.0
2026-08-03,309.313234694189,311.5313230344714,302.29929450581176,303.1585693359375,75052000,0.0,0.0
2026-08-04,302.46913991298527,310.1525156602479,301.0603512911937,309.1134033203125,68001000,0.0,0.0
2026-08-05,309.09342362565195,311.4414048335362,305.40663118634393,310.7320251464844,49438800,0.0,0.0
2026-08-06,314.06913775686996,316.0174696892129,308.96355554648414,312.14080810546875,46139900,0.0,0.0
2026-08-07,311.1816431226555,314.53873325457766,310.47223295908327,313.05999755859375,34437200,0.0,0.0
2026-08-10,306.8299865722656,308.260009765625,304.6099853515625,308.260009765625,44812500,0.27,0.0
2026-08-11,307.75,309.9700012207031,302.7900085449219,304.9100036621094,37476700,0.0,0.0
2026-08-12,305.1000061035156,305.6600036621094,300.57000732421875,302.25,41657800,0.0,0.0
2026-08-13,304.2099914550781,306.0,302.04998779296875,305.260009765625,40349300,0.0,0.0
2026-08-14,306.0,307.489990234375,304.29998779296875,305.92999267578125,28229400,0.0,0.0
2026-08-17,306.2099914550781,307.6600036621094,302.94000244140625,305.5899963378906,38169300,0.0,0.0
2026-08-18,307.5799865722656,311.489990234375,305.739990234375,310.0299987792969,53424500,0.0,0.0
2026-08-19,310.1400146484375,319.2799987792969,309.6000061035156,316.8299865722656,50505600,0.0,0.0
2026-08-20,317.4599914550781,320.2799987792969,310.6499938964844,311.29998779296875,40959200,0.0,0.0
2026-08-21,312.04998779296875,312.3800048828125,307.010009765625,309.3500061035156,46876800,0.0,0.0
2026-08-24,311.4700012207031,313.3599853515625,309.9700012207031,310.3399963378906,34673600,0.0,0.0
2026-08-25,310.7900085449219,313.5899963378906,308.2099914550781,309.8999938964844,25869800,0.0,0.0
2026-08-26,310.29998779296875,315.42999267578125,308.79998779296875,313.45001220703125,34024500,0.0,0.0
2026-08-27,310.54998779296875,315.3999938964844,309.3999938964844,314.5799865722656,32419200,0.0,0.0
2026-08-28,316.8500061035156,322.3699951171875,315.45001220703125,319.70001220703125,38649400,0.0,0.0
2026-08-31,319.6000061035156,321.239990234375,312.79998779296875,316.8500061035156,41242700,0.0,0.0
2026-09-01,316.9800109863281,327.29998779296875,314.7300109863281,325.1300048828125,53167400,0.0,0.0
2026-09-02,326.8699951171875,328.3999938964844,323.5299987792969,324.9599914550781,33776400,0.0,0.0
2026-09-03,324.8699951171875,330.80999755859375,324.1099853515625,328.2099914550781,37225800,0.0,0.0
2026-09-04,328.30999755859375,328.92999267578125,317.8599853515625,319.9700012207031,39606900,0.0,0.0
2026-09-08,317.1000061035156,320.70001220703125,314.8999938964844,316.2200012207031,35477100,0.0,0.0
2026-09-09,315.489990234375,319.1499938964844,309.8999938964844,315.3399963378906,65640000,0.0,0.0
2026-09-10,316.6700134277344,326.739990234375,316.510009765625,326.57000732421875,70011900,0.0,0.0
2026-09-11,327.45001220703125,336.2200012207031,326.29998779296875,332.2699890136719,50716900,0.0,0.0
2026-09-14,334.7900085449219,335.5,331.3399963378906,333.0799865722656,39269100,0.0,0.0
2026-09-15,330.1400146484375,331.7799987792969,328.3500061035156,331.3399963378906,31748200,0.0,0.0
2026-09-16,332.5299987792969,335.4800109863281,330.70001220703125,332.4100036621094,35981000,0.0,0.0
2026-09-17,334.7699890136719,338.3399963378906,330.17999267578125,337.0,36632800,0.0,0.0
