Date,Open,High,Low,Close,Volume,Dividends,Stock Splits,Capital Gains
2020-09-03,11.119999885559082,11.34000015258789,11.069999694824219,11.279999732971191,1844400,0.0,0.0,0.0
2020-09-04,11.199999809265137,11.220000267028809,10.850000381469727,10.869999885559082,1988700,0.0,0.0,0.0
2020-09-08,10.289999961853027,10.319999694824219,10.09000015258789,10.210000038146973,2720300,0.0,0.0,0.0
2020-09-09,10.229999542236328,10.5600004196167,10.1899995803833,10.430000305175781,1189600,0.0,0.0,0.0
2020-09-10,10.380000114440918,10.460000038146973,10.1899995803833,10.199999809265137,3254400,0.0,0.0,0.0
2020-09-11,10.199999809265137,10.329999923706055,10.15999984741211,10.239999771118164,774600,0.0,0.0,0.0
2020-09-14,10.140000343322754,10.210000038146973,10.079999923706055,10.15999984741211,771900,0.0,0.0,0.0
2020-09-15,10.199999809265137,10.460000038146973,10.180000305175781,10.399999618530273,1187100,0.0,0.0,0.0
2020-09-16,10.649999618530273,10.850000381469727,10.59000015258789,10.829999923706055,1051600,0.0,0.0,0.0
2020-09-17,10.779999732971191,11.140000343322754,10.75,11.079999923706055,1597700,0.0,0.0,0.0
2020-09-18,11.050000190734863,11.140000343322754,10.9399995803833,11.010000228881836,880800,0.0,0.0,0.0
2020-09-21,10.8100004196167,10.859999656677246,10.5,10.6899995803833,1167900,0.0,0.0,0.0
2020-09-22,10.720000267028809,10.789999961853027,10.550000190734863,10.670000076293945,420500,0.0,0.0,0.0
2020-09-23,10.720000267028809,10.890000343322754,10.600000381469727,10.609999656677246,1259100,0.0,0.0,0.0
2020-09-24,10.6899995803833,10.75,10.619999885559082,10.699999809265137,666200,0.0,0.0,0.0
2020-09-25,10.65999984741211,10.739999771118164,10.630000114440918,10.6899995803833,404100,0.0,0.0,0.0
2020-09-28,10.720000267028809,10.890000343322754,10.65999984741211,10.850000381469727,412200,0.0,0.0,0.0
2020-09-29,10.699999809265137,10.710000038146973,10.34000015258789,10.449999809265137,743500,0.0,0.0,0.0
2020-09-30,10.510000228881836,10.739999771118164,10.5,10.649999618530273,434800,0.0,0.0,0.0
2020-10-01,10.420000076293945,10.470000267028809,10.109999656677246,10.34000015258789,698000,0.0,0.0,0.0
2020-10-02,9.859999656677246,10.09000015258789,9.819999694824219,9.90999984741211,1323100,0.0,0.0,0.0
2020-10-05,10.369999885559082,10.569999694824219,10.329999923706055,10.489999771118164,1060300,0.0,0.0,0.0
2020-10-06,10.760000228881836,10.829999923706055,10.630000114440918,10.65999984741211,868600,0.0,0.0,0.0
2020-10-07,10.59000015258789,10.65999984741211,10.470000267028809,10.649999618530273,479300,0.0,0.0,0.0
2020-10-08,10.880000114440918,10.989999771118164,10.8100004196167,10.979999542236328,657600,0.0,0.0,0.0
2020-10-09,10.920000076293945,11.010000228881836,10.779999732971191,10.8100004196167,272400,0.0,0.0,0.0
2020-10-12,10.699999809265137,10.699999809265137,10.460000038146973,10.569999694824219,991900,0.0,0.0,0.0
2020-10-13,10.710000038146973,10.779999732971191,10.630000114440918,10.739999771118164,285500,0.0,0.0,0.0
2020-10-14,10.920000076293945,10.979999542236328,10.850000381469727,10.960000038146973,880900,0.0,0.0,0.0
2020-10-15,10.609999656677246,10.930000305175781,10.59000015258789,10.920000076293945,511600,0.0,0.0,0.0
2020-10-16,10.770000457763672,10.890000343322754,10.699999809265137,10.8100004196167,383700,0.0,0.0,0.0
2020-10-19,10.829999923706055,10.890000343322754,10.699999809265137,10.710000038146973,423000,0.0,0.0,0.0
2020-10-20,10.670000076293945,10.9399995803833,10.670000076293945,10.84000015258789,394200,0.0,0.0,0.0
2020-10-21,10.720000267028809,10.779999732971191,10.489999771118164,10.550000190734863,768600,0.0,0.0,0.0
2020-10-22,10.619999885559082,10.800000190734863,10.619999885559082,10.729999542236328,416500,0.0,0.0,0.0
2020-10-23,10.739999771118164,10.75,10.479999542236328,10.529999732971191,632400,0.0,0.0,0.0
2020-10-26,10.34000015258789,10.359999656677246,10.170000076293945,10.220000267028809,914600,0.0,0.0,0.0
2020-10-27,10.300000190734863,10.489999771118164,10.270000457763672,10.40999984741211,583000,0.0,0.0,0.0
2020-10-28,9.970000267028809,10.0,9.84000015258789,9.930000305175781,1118600,0.0,0.0,0.0
2020-10-29,9.399999618530273,9.65999984741211,9.34000015258789,9.619999885559082,1181400,0.0,0.0,0.0
2020-10-30,9.489999771118164,9.539999961853027,9.399999618530273,9.479999542236328,766900,0.0,0.0,0.0
2020-11-02,9.449999809265137,9.859999656677246,9.4399995803833,9.84000015258789,914500,0.0,0.0,0.0
2020-11-03,10.069999694824219,10.100000381469727,9.899999618530273,10.010000228881836,606200,0.0,0.0,0.0
2020-11-04,10.170000076293945,10.350000381469727,10.029999732971191,10.300000190734863,646600,0.0,0.0,0.0
2020-11-05,10.289999961853027,10.399999618530273,10.170000076293945,10.199999809265137,649500,0.0,0.0,0.0
2020-11-06,10.100000381469727,10.100000381469727,9.859999656677246,9.949999809265137,652100,0.0,0.0,0.0
2020-11-09,10.75,10.829999923706055,10.5600004196167,10.569999694824219,1951500,0.0,0.0,0.0
2020-11-10,10.770000457763672,10.949999809265137,10.720000267028809,10.930000305175781,1689600,0.0,0.0,0.0
2020-11-11,11.220000267028809,11.25,10.949999809265137,10.989999771118164,873300,0.0,0.0,0.0
2020-11-12,11.050000190734863,11.140000343322754,10.850000381469727,10.869999885559082,677300,0.0,0.0,0.0
2020-11-13,10.829999923706055,10.84000015258789,10.699999809265137,10.720000267028809,496700,0.0,0.0,0.0
2020-11-16,11.100000381469727,11.15999984741211,10.949999809265137,10.989999771118164,751300,0.0,0.0,0.0
2020-11-17,10.869999885559082,11.029999732971191,10.819999694824219,10.979999542236328,550500,0.0,0.0,0.0
2020-11-18,11.079999923706055,11.210000038146973,11.0600004196167,11.069999694824219,681700,0.0,0.0,0.0
2020-11-19,11.0600004196167,11.130000114440918,10.989999771118164,11.100000381469727,403700,0.0,0.0,0.0
2020-11-20,11.100000381469727,11.289999961853027,11.09000015258789,11.260000228881836,554600,0.0,0.0,0.0
2020-11-23,11.390000343322754,11.5,11.329999923706055,11.420000076293945,925500,0.0,0.0,0.0
2020-11-24,11.670000076293945,11.970000267028809,11.670000076293945,11.930000305175781,1349900,0.0,0.0,0.0
2020-11-25,12.050000190734863,12.210000038146973,11.970000267028809,12.130000114440918,962600,0.0,0.0,0.0
2020-11-27,12.0,12.050000190734863,11.960000038146973,12.020000457763672,351100,0.0,0.0,0.0
2020-11-30,11.949999809265137,12.010000228881836,11.789999961853027,11.920000076293945,1150000,0.0,0.0,0.0
2020-12-01,11.890000343322754,11.90999984741211,11.6899995803833,11.819999694824219,583400,0.0,0.0,0.0
2020-12-02,11.84000015258789,12.15999984741211,11.819999694824219,12.0,1050600,0.0,0.0,0.0
2020-12-03,12.010000228881836,12.199999809265137,12.0,12.15999984741211,791200,0.0,0.0,0.0
2020-12-04,12.180000305175781,12.319999694824219,12.180000305175781,12.239999771118164,869600,0.0,0.0,0.0
2020-12-07,12.170000076293945,12.329999923706055,12.140000343322754,12.170000076293945,470400,0.0,0.0,0.0
2020-12-08,12.119999885559082,12.220000267028809,12.0600004196167,12.210000038146973,409300,0.0,0.0,0.0
2020-12-09,12.279999732971191,12.329999923706055,12.069999694824219,12.199999809265137,1150400,0.0,0.0,0.0
2020-12-10,12.420000076293945,12.739999771118164,12.420000076293945,12.5600004196167,1283900,0.0,0.0,0.0
2020-12-11,12.510000228881836,12.550000190734863,12.40999984741211,12.479999542236328,479900,0.0,0.0,0.0
2020-12-14,12.550000190734863,12.5600004196167,12.270000457763672,12.539999961853027,728700,0.0,0.0,0.0
2020-12-15,12.569999694824219,12.6899995803833,12.5600004196167,12.649999618530273,523600,0.0,0.0,0.0
2020-12-16,12.65999984741211,12.760000228881836,12.569999694824219,12.739999771118164,448200,0.0,0.0,0.0
2020-12-17,12.8100004196167,12.899999618530273,12.779999732971191,12.850000381469727,303400,0.0,0.0,0.0
2020-12-18,12.90999984741211,13.069999694824219,12.899999618530273,13.020000457763672,623700,0.0,0.0,0.0
2020-12-21,12.5,12.75,12.489999771118164,12.680000305175781,920300,0.0,0.0,0.0
2020-12-22,12.550000190734863,12.619999885559082,12.460000038146973,12.479999542236328,591400,0.0,0.0,0.0
2020-12-23,12.5600004196167,12.850000381469727,12.5600004196167,12.75,555300,0.0,0.0,0.0
2020-12-24,12.6899995803833,12.789999961853027,12.670000076293945,12.789999961853027,216400,0.0,0.0,0.0
2020-12-28,12.800000190734863,12.850000381469727,12.680000305175781,12.6899995803833,760000,0.0,0.0,0.0
2020-12-29,12.829999923706055,12.850000381469727,12.710000038146973,12.75,364500,0.0,0.0,0.0
2020-12-30,12.699999809265137,12.9399995803833,12.699999809265137,12.829999923706055,573800,0.0,0.0,0.0
2020-12-31,12.75,12.90999984741211,12.729999542236328,12.880000114440918,687400,0.0,0.0,0.0
2021-01-04,12.9399995803833,13.029999732971191,12.600000381469727,12.640000343322754,1548900,0.0,0.0,0.0
2021-01-05,13.020000457763672,13.420000076293945,13.020000457763672,13.359999656677246,1320000,0.0,0.0,0.0
2021-01-06,13.40999984741211,13.630000114440918,13.229999542236328,13.460000038146973,1033600,0.0,0.0,0.0
2021-01-07,13.520000457763672,13.640000343322754,13.489999771118164,13.59000015258789,565400,0.0,0.0,0.0
2021-01-08,13.760000228881836,13.989999771118164,13.710000038146973,13.979999542236328,1110600,0.0,0.0,0.0
2021-01-11,13.720000267028809,13.90999984741211,13.710000038146973,13.819999694824219,1085200,0.0,0.0,0.0
2021-01-12,14.0,14.109999656677246,13.979999542236328,14.079999923706055,527500,0.0,0.0,0.0
2021-01-13,13.979999542236328,14.09000015258789,13.890000343322754,13.949999809265137,575400,0.0,0.0,0.0
2021-01-14,13.819999694824219,14.069999694824219,13.8100004196167,14.029999732971191,709400,0.0,0.0,0.0
2021-01-15,13.84000015258789,13.859999656677246,13.619999885559082,13.680000305175781,1114600,0.0,0.0,0.0
2021-01-19,13.880000114440918,13.960000038146973,13.8100004196167,13.90999984741211,952400,0.0,0.0,0.0
2021-01-20,14.050000190734863,14.079999923706055,13.859999656677246,13.899999618530273,1139400,0.0,0.0,0.0
2021-01-21,13.90999984741211,13.989999771118164,13.859999656677246,13.920000076293945,345200,0.0,0.0,0.0
2021-01-22,13.649999618530273,13.850000381469727,13.619999885559082,13.739999771118164,491900,0.0,0.0,0.0
2021-01-25,13.720000267028809,13.890000343322754,13.6899995803833,13.869999885559082,462200,0.0,0.0,0.0
2021-01-26,13.920000076293945,13.960000038146973,13.829999923706055,13.84000015258789,257300,0.0,0.0,0.0
2021-01-27,13.84000015258789,13.989999771118164,13.699999809265137,13.789999961853027,460000,0.0,0.0,0.0
2021-01-28,13.949999809265137,13.979999542236328,13.720000267028809,13.720000267028809,426600,0.0,0.0,0.0
2021-01-29,13.880000114440918,13.920000076293945,13.699999809265137,13.739999771118164,589700,0.0,0.0,0.0
2021-02-01,13.949999809265137,14.09000015258789,13.789999961853027,14.0600004196167,749000,0.0,0.0,0.0
2021-02-02,14.4399995803833,14.449999809265137,14.279999732971191,14.34000015258789,606800,0.0,0.0,0.0
2021-02-03,14.470000267028809,14.6899995803833,14.470000267028809,14.5600004196167,844700,0.0,0.0,0.0
2021-02-04,14.619999885559082,14.710000038146973,14.470000267028809,14.6899995803833,515500,0.0,0.0,0.0
2021-02-05,14.890000343322754,14.899999618530273,14.75,14.8100004196167,498600,0.0,0.0,0.0
2021-02-08,14.9399995803833,15.119999885559082,14.9399995803833,15.119999885559082,632100,0.0,0.0,0.0
2021-02-09,15.020000457763672,15.260000228881836,14.970000267028809,15.25,517900,0.0,0.0,0.0
2021-02-10,15.270000457763672,15.369999885559082,15.1899995803833,15.260000228881836,1256600,0.0,0.0,0.0
2021-02-11,15.300000190734863,15.329999923706055,15.149999618530273,15.170000076293945,390700,0.0,0.0,0.0
2021-02-12,15.25,15.649999618530273,15.25,15.600000381469727,744100,0.0,0.0,0.0
2021-02-16,15.720000267028809,15.829999923706055,15.65999984741211,15.8100004196167,1024200,0.0,0.0,0.0
2021-02-17,15.819999694824219,16.049999237060547,15.760000228881836,16.040000915527344,854800,0.0,0.0,0.0
2021-02-18,16.079999923706055,16.079999923706055,15.729999542236328,15.779999732971191,966100,0.0,0.0,0.0
2021-02-19,15.789999961853027,15.890000343322754,15.539999961853027,15.59000015258789,1151600,0.0,0.0,0.0
2021-02-22,15.880000114440918,16.219999313354492,15.880000114440918,16.190000534057617,932600,0.0,0.0,0.0
2021-02-23,16.170000076293945,16.3700008392334,16.010000228881836,16.34000015258789,981500,0.0,0.0,0.0
2021-02-24,16.440000534057617,16.700000762939453,16.399999618530273,16.670000076293945,1358600,0.0,0.0,0.0
2021-02-25,16.600000381469727,16.719999313354492,16.530000686645508,16.600000381469727,1404000,0.0,0.0,0.0
2021-02-26,16.5,16.510000228881836,16.18000030517578,16.200000762939453,1280800,0.0,0.0,0.0
2021-03-01,16.260000228881836,16.3700008392334,15.899999618530273,15.970000267028809,1226800,0.0,0.0,0.0
2021-03-02,16.079999923706055,16.110000610351562,15.729999542236328,15.729999542236328,1530700,0.0,0.0,0.0
2021-03-03,16.030000686645508,16.280000686645508,15.869999885559082,16.110000610351562,1191800,0.0,0.0,0.0
2021-03-04,16.43000030517578,17.049999237060547,16.280000686645508,16.899999618530273,2850900,0.0,0.0,0.0
2021-03-05,17.34000015258789,17.520000457763672,17.270000457763672,17.5,1484300,0.0,0.0,0.0
2021-03-08,17.350000381469727,17.3799991607666,17.06999969482422,17.100000381469727,1039400,0.0,0.0,0.0
2021-03-09,17.170000076293945,17.200000762939453,16.93000030517578,16.93000030517578,1290400,0.0,0.0,0.0
2021-03-10,17.010000228881836,17.219999313354492,16.81999969482422,17.18000030517578,1395700,0.0,0.0,0.0
2021-03-11,17.280000686645508,17.56999969482422,17.219999313354492,17.549999237060547,877800,0.0,0.0,0.0
2021-03-12,17.469999313354492,17.530000686645508,17.389999389648438,17.43000030517578,710100,0.0,0.0,0.0
2021-03-15,17.200000762939453,17.3700008392334,17.079999923706055,17.34000015258789,840100,0.0,0.0,0.0
2021-03-16,17.059999465942383,17.280000686645508,16.989999771118164,17.190000534057617,929900,0.0,0.0,0.0
2021-03-17,17.040000915527344,17.139999389648438,16.850000381469727,17.1299991607666,1141100,0.0,0.0,0.0
2021-03-18,16.780000686645508,16.780000686645508,15.470000267028809,15.779999732971191,5246100,0.0,0.0,0.0
2021-03-19,15.899999618530273,16.360000610351562,15.65999984741211,16.260000228881836,2237600,0.0,0.0,0.0
2021-03-22,16.299999237060547,16.399999618530273,16.18000030517578,16.229999542236328,852400,0.0,0.0,0.0
2021-03-23,15.65999984741211,15.920000076293945,15.279999732971191,15.3100004196167,2157100,0.0,0.0,0.0
2021-03-24,15.819999694824219,16.260000228881836,15.760000228881836,16.139999389648438,1350500,0.0,0.0,0.0
2021-03-25,15.770000457763672,15.829999923706055,15.369999885559082,15.569999694824219,1746400,0.0,0.0,0.0
2021-03-26,16.1299991607666,16.350000381469727,16.100000381469727,16.260000228881836,1331100,0.0,0.0,0.0
2021-03-29,16.15999984741211,16.40999984741211,16.040000915527344,16.399999618530273,1988500,0.0,0.0,0.0
2021-03-30,16.139999389648438,16.329999923706055,16.100000381469727,16.149999618530273,917700,0.0,0.0,0.0
2021-03-31,16.06999969482422,16.309999465942383,15.800000190734863,15.880000114440918,1934500,0.0,0.0,0.0
2021-04-01,16.18000030517578,16.440000534057617,15.760000228881836,16.309999465942383,3095900,0.0,0.0,0.0
2021-04-05,16.040000915527344,16.059999465942383,15.479999542236328,15.710000038146973,1098100,0.0,0.0,0.0
2021-04-06,16.040000915527344,16.219999313354492,15.8100004196167,15.850000381469727,869000,0.0,0.0,0.0
2021-04-07,15.789999961853027,15.970000267028809,15.5600004196167,15.930000305175781,918000,0.0,0.0,0.0
2021-04-08,15.880000114440918,16.020000457763672,15.760000228881836,15.970000267028809,647400,0.0,0.0,0.0
2021-04-09,15.869999885559082,15.989999771118164,15.850000381469727,15.899999618530273,334600,0.0,0.0,0.0
2021-04-12,16.1200008392334,16.219999313354492,15.90999984741211,15.970000267028809,557900,0.0,0.0,0.0
2021-04-13,16.1299991607666,16.18000030517578,16.049999237060547,16.1200008392334,412000,0.0,0.0,0.0
2021-04-14,16.399999618530273,16.8799991607666,16.360000610351562,16.760000228881836,1190200,0.0,0.0,0.0
2021-04-15,16.760000228881836,16.920000076293945,16.709999084472656,16.860000610351562,438400,0.0,0.0,0.0
2021-04-16,16.899999618530273,16.920000076293945,16.770000457763672,16.850000381469727,485600,0.0,0.0,0.0
2021-04-19,16.8700008392334,16.959999084472656,16.799999237060547,16.93000030517578,355600,0.0,0.0,0.0
2021-04-20,16.979999542236328,17.010000228881836,16.530000686645508,16.760000228881836,1049100,0.0,0.0,0.0
2021-04-21,16.450000762939453,16.709999084472656,16.3799991607666,16.389999389648438,941000,0.0,0.0,0.0
2021-04-22,16.56999969482422,16.56999969482422,16.350000381469727,16.530000686645508,666700,0.0,0.0,0.0
2021-04-23,16.450000762939453,16.700000762939453,16.43000030517578,16.649999618530273,636300,0.0,0.0,0.0
2021-04-26,16.3799991607666,16.639999389648438,16.3700008392334,16.559999465942383,639200,0.0,0.0,0.0
2021-04-27,16.68000030517578,16.850000381469727,16.6299991607666,16.84000015258789,774700,0.0,0.0,0.0
2021-04-28,16.950000762939453,17.149999618530273,16.920000076293945,16.959999084472656,1006800,0.0,0.0,0.0
2021-04-29,17.3700008392334,17.40999984741211,17.149999618530273,17.290000915527344,1128100,0.0,0.0,0.0
2021-04-30,16.989999771118164,17.049999237060547,16.8799991607666,16.959999084472656,444500,0.0,0.0,0.0
2021-05-03,17.040000915527344,17.260000228881836,17.040000915527344,17.18000030517578,350700,0.0,0.0,0.0
2021-05-04,17.489999771118164,17.559999465942383,17.360000610351562,17.549999237060547,735700,0.0,0.0,0.0
2021-05-05,17.719999313354492,17.799999237060547,17.399999618530273,17.489999771118164,1121100,0.0,0.0,0.0
2021-05-06,17.510000228881836,17.520000457763672,17.299999237060547,17.350000381469727,632900,0.0,0.0,0.0
2021-05-07,17.209999084472656,17.43000030517578,17.18000030517578,17.350000381469727,842500,0.0,0.0,0.0
2021-05-10,17.540000915527344,17.540000915527344,17.15999984741211,17.3700008392334,690000,0.0,0.0,0.0
2021-05-11,17.139999389648438,17.489999771118164,17.139999389648438,17.459999084472656,840400,0.0,0.0,0.0
2021-05-12,17.559999465942383,17.790000915527344,17.549999237060547,17.579999923706055,812500,0.0,0.0,0.0
2021-05-13,17.139999389648438,17.31999969482422,16.920000076293945,17.040000915527344,1555800,0.0,0.0,0.0
2021-05-14,17.329999923706055,17.5,17.309999465942383,17.469999313354492,1121100,0.0,0.0,0.0
2021-05-17,17.530000686645508,17.719999313354492,17.510000228881836,17.690000534057617,396800,0.0,0.0,0.0
2021-05-18,17.6299991607666,17.709999084472656,17.149999618530273,17.5,1463900,0.0,0.0,0.0
2021-05-19,17.06999969482422,17.06999969482422,16.639999389648438,16.989999771118164,1691000,0.0,0.0,0.0
2021-05-20,16.920000076293945,16.950000762939453,16.540000915527344,16.600000381469727,2089300,0.0,0.0,0.0
2021-05-21,16.969999313354492,17.06999969482422,16.920000076293945,17.0,1168100,0.0,0.0,0.0
2021-05-24,17.219999313354492,17.5,17.170000076293945,17.459999084472656,729500,0.0,0.0,0.0
2021-05-25,17.43000030517578,17.520000457763672,17.3700008392334,17.420000076293945,615500,0.0,0.0,0.0
2021-05-26,17.360000610351562,17.56999969482422,17.34000015258789,17.540000915527344,469700,0.0,0.0,0.0
2021-05-27,17.5,17.670000076293945,17.459999084472656,17.639999389648438,537700,0.0,0.0,0.0
2021-05-28,17.729999542236328,17.780000686645508,17.510000228881836,17.610000610351562,531400,0.0,0.0,0.0
2021-06-01,18.06999969482422,18.209999084472656,17.850000381469727,17.989999771118164,937100,0.0,0.0,0.0
2021-06-02,18.079999923706055,18.229999542236328,18.010000228881836,18.190000534057617,610800,0.0,0.0,0.0
2021-06-03,18.270000457763672,18.299999237060547,18.040000915527344,18.209999084472656,471900,0.0,0.0,0.0
2021-06-04,18.389999389648438,18.40999984741211,18.219999313354492,18.280000686645508,748300,0.0,0.0,0.0
2021-06-07,18.290000915527344,18.350000381469727,18.18000030517578,18.239999771118164,449100,0.0,0.0,0.0
2021-06-08,18.149999618530273,18.469999313354492,18.049999237060547,18.469999313354492,590500,0.0,0.0,0.0
2021-06-09,18.520000457763672,18.59000015258789,18.329999923706055,18.360000610351562,574400,0.0,0.0,0.0
2021-06-10,18.540000915527344,18.600000381469727,18.110000610351562,18.469999313354492,1169400,0.0,0.0,0.0
2021-06-11,18.5,18.639999389648438,18.5,18.520000457763672,567000,0.0,0.0,0.0
2021-06-14,18.690000534057617,18.75,18.559999465942383,18.639999389648438,427400,0.0,0.0,0.0
2021-06-15,18.780000686645508,18.93000030517578,18.770000457763672,18.920000076293945,608700,0.0,0.0,0.0
2021-06-16,18.90999984741211,19.1200008392334,18.8799991607666,18.889999389648438,618500,0.0,0.0,0.0
2021-06-17,18.950000762939453,18.979999542236328,18.3700008392334,18.6299991607666,1192100,0.0,0.0,0.0
2021-06-18,18.520000457763672,18.809999465942383,18.520000457763672,18.719999313354492,567500,0.0,0.0,0.0
2021-06-21,18.739999771118164,19.1200008392334,18.719999313354492,19.110000610351562,1261700,0.0,0.0,0.0
2021-06-22,19.100000381469727,19.18000030517578,19.040000915527344,19.110000610351562,500800,0.0,0.0,0.0
2021-06-23,19.34000015258789,19.399999618530273,19.200000762939453,19.25,521600,0.0,0.0,0.0
2021-06-24,19.1200008392334,19.299999237060547,19.100000381469727,19.280000686645508,339200,0.0,0.0,0.0
2021-06-25,19.34000015258789,19.43000030517578,19.1299991607666,19.40999984741211,619300,0.0,0.0,0.0
2021-06-28,19.329999923706055,19.34000015258789,19.059999465942383,19.1200008392334,560400,0.0,0.0,0.0
2021-06-29,19.25,19.329999923706055,19.100000381469727,19.239999771118164,296500,0.0,0.0,0.0
2021-06-30,19.260000228881836,19.420000076293945,19.15999984741211,19.25,454000,0.0,0.0,0.0
2021-07-01,19.719999313354492,19.780000686645508,19.420000076293945,19.469999313354492,1126800,0.0,0.0,0.0
2021-07-02,19.5,19.700000762939453,19.399999618530273,19.649999618530273,478700,0.0,0.0,0.0
2021-07-06,19.59000015258789,19.6299991607666,19.110000610351562,19.299999237060547,1771300,0.0,0.0,0.0
2021-07-07,19.280000686645508,19.3799991607666,18.729999542236328,18.829999923706055,2243100,0.0,0.0,0.0
2021-07-08,18.889999389648438,19.15999984741211,18.739999771118164,19.149999618530273,614700,0.0,0.0,0.0
2021-07-09,19.309999465942383,19.530000686645508,19.309999465942383,19.469999313354492,467800,0.0,0.0,0.0
2021-07-12,19.280000686645508,19.43000030517578,19.170000076293945,19.399999618530273,410800,0.0,0.0,0.0
2021-07-13,19.469999313354492,19.739999771118164,19.3799991607666,19.709999084472656,492500,0.0,0.0,0.0
2021-07-14,19.700000762939453,19.719999313354492,19.020000457763672,19.18000030517578,1176600,0.0,0.0,0.0
2021-07-15,18.969999313354492,19.209999084472656,18.860000610351562,18.8799991607666,464600,0.0,0.0,0.0
2021-07-16,19.010000228881836,19.049999237060547,18.649999618530273,18.8799991607666,559600,0.0,0.0,0.0
2021-07-19,18.350000381469727,18.360000610351562,17.489999771118164,17.639999389648438,1714100,0.0,0.0,0.0
2021-07-20,17.59000015258789,17.959999084472656,17.3799991607666,17.90999984741211,750000,0.0,0.0,0.0
2021-07-21,18.25,18.639999389648438,18.25,18.59000015258789,676000,0.0,0.0,0.0
2021-07-22,18.739999771118164,19.030000686645508,18.6200008392334,18.950000762939453,403700,0.0,0.0,0.0
2021-07-23,18.940000534057617,19.09000015258789,18.90999984741211,19.079999923706055,218100,0.0,0.0,0.0
2021-07-26,18.989999771118164,19.200000762939453,18.93000030517578,19.200000762939453,242300,0.0,0.0,0.0
2021-07-27,19.15999984741211,19.209999084472656,18.989999771118164,19.1200008392334,562300,0.0,0.0,0.0
2021-07-28,19.18000030517578,19.260000228881836,19.110000610351562,19.1299991607666,430300,0.0,0.0,0.0
2021-07-29,19.309999465942383,19.510000228881836,19.290000915527344,19.489999771118164,798500,0.0,0.0,0.0
2021-07-30,19.510000228881836,19.639999389648438,19.440000534057617,19.510000228881836,532200,0.0,0.0,0.0
2021-08-02,19.40999984741211,19.440000534057617,18.790000915527344,18.959999084472656,1338300,0.0,0.0,0.0
2021-08-03,18.559999465942383,18.8799991607666,18.479999542236328,18.81999969482422,1725200,0.0,0.0,0.0
2021-08-04,18.3799991607666,18.579999923706055,18.209999084472656,18.219999313354492,1280700,0.0,0.0,0.0
2021-08-05,18.290000915527344,18.56999969482422,18.290000915527344,18.530000686645508,427900,0.0,0.0,0.0
2021-08-06,18.670000076293945,18.690000534057617,18.280000686645508,18.329999923706055,971200,0.0,0.0,0.0
2021-08-09,17.889999389648438,18.010000228881836,17.700000762939453,17.969999313354492,912300,0.0,0.0,0.0
2021-08-10,18.09000015258789,18.489999771118164,18.09000015258789,18.3799991607666,443100,0.0,0.0,0.0
2021-08-11,18.15999984741211,18.579999923706055,18.049999237060547,18.56999969482422,431000,0.0,0.0,0.0
2021-08-12,18.540000915527344,18.579999923706055,18.360000610351562,18.479999542236328,681300,0.0,0.0,0.0
2021-08-13,18.479999542236328,18.520000457763672,18.18000030517578,18.219999313354492,599600,0.0,0.0,0.0
2021-08-16,17.860000610351562,18.18000030517578,17.700000762939453,18.079999923706055,642500,0.0,0.0,0.0
2021-08-17,17.969999313354492,18.170000076293945,17.8799991607666,17.950000762939453,557800,0.0,0.0,0.0
2021-08-18,18.06999969482422,18.09000015258789,17.549999237060547,17.579999923706055,945400,0.0,0.0,0.0
2021-08-19,17.190000534057617,17.389999389648438,17.030000686645508,17.360000610351562,1236400,0.0,0.0,0.0
2021-08-20,17.0,17.170000076293945,16.8700008392334,16.8700008392334,424000,0.0,0.0,0.0
2021-08-23,17.59000015258789,17.889999389648438,17.59000015258789,17.809999465942383,511200,0.0,0.0,0.0
2021-08-24,18.139999389648438,18.440000534057617,18.1200008392334,18.399999618530273,419800,0.0,0.0,0.0
2021-08-25,18.43000030517578,18.65999984741211,18.329999923706055,18.600000381469727,855300,0.0,0.0,0.0
2021-08-26,18.40999984741211,18.56999969482422,18.229999542236328,18.440000534057617,706400,0.0,0.0,0.0
2021-08-27,18.600000381469727,18.739999771118164,18.600000381469727,18.719999313354492,420000,0.0,0.0,0.0
2021-08-30,18.739999771118164,18.899999618530273,18.6299991607666,18.84000015258789,355200,0.0,0.0,0.0
2021-08-31,18.75,18.850000381469727,18.670000076293945,18.690000534057617,376400,0.0,0.0,0.0
2021-09-01,18.440000534057617,18.719999313354492,18.389999389648438,18.6200008392334,791100,0.0,0.0,0.0
2021-09-02,19.010000228881836,19.18000030517578,18.979999542236328,19.010000228881836,800100,0.0,0.0,0.0
2021-09-03,19.059999465942383,19.15999984741211,18.920000076293945,18.950000762939453,493200,0.0,0.0,0.0
2021-09-07,18.700000762939453,18.860000610351562,18.6200008392334,18.68000030517578,527600,0.0,0.0,0.0
2021-09-08,19.030000686645508,19.030000686645508,18.850000381469727,18.969999313354492,408700,0.0,0.0,0.0
2021-09-09,18.690000534057617,19.040000915527344,18.520000457763672,18.610000610351562,702300,0.0,0.0,0.0
2021-09-10,19.09000015258789,19.100000381469727,18.959999084472656,19.010000228881836,544800,0.0,0.0,0.0
2021-09-13,19.219999313354492,19.299999237060547,19.110000610351562,19.239999771118164,461900,0.0,0.0,0.0
2021-09-14,19.360000610351562,19.360000610351562,19.09000015258789,19.209999084472656,894500,0.0,0.0,0.0
2021-09-15,19.639999389648438,19.8799991607666,19.639999389648438,19.709999084472656,1351800,0.0,0.0,0.0
2021-09-16,19.65999984741211,19.809999465942383,19.450000762939453,19.75,894500,0.0,0.0,0.0
2021-09-17,19.59000015258789,19.700000762939453,19.489999771118164,19.670000076293945,440900,0.0,0.0,0.0
2021-09-20,19.43000030517578,19.520000457763672,19.18000030517578,19.420000076293945,672300,0.0,0.0,0.0
2021-09-21,19.450000762939453,19.469999313354492,19.139999389648438,19.450000762939453,405000,0.0,0.0,0.0
2021-09-22,19.719999313354492,19.899999618530273,19.65999984741211,19.799999237060547,663600,0.0,0.0,0.0
2021-09-23,19.899999618530273,20.190000534057617,19.889999389648438,20.149999618530273,632100,0.0,0.0,0.0
2021-09-24,20.1299991607666,20.420000076293945,20.1299991607666,20.350000381469727,283500,0.0,0.0,0.0
2021-09-27,20.75,20.84000015258789,20.690000534057617,20.760000228881836,496200,0.0,0.0,0.0
2021-09-28,20.959999084472656,20.979999542236328,20.479999542236328,20.510000228881836,926200,0.0,0.0,0.0
2021-09-29,20.540000915527344,20.760000228881836,20.450000762939453,20.5,435000,0.0,0.0,0.0
2021-09-30,20.299999237060547,20.920000076293945,20.190000534057617,20.639999389648438,1278400,0.0,0.0,0.0
2021-10-01,20.670000076293945,20.940000534057617,20.549999237060547,20.889999389648438,605800,0.0,0.0,0.0
2021-10-04,21.25,21.6200008392334,21.25,21.43000030517578,1103200,0.0,0.0,0.0
2021-10-05,21.760000228881836,21.90999984741211,21.709999084472656,21.860000610351562,762400,0.0,0.0,0.0
2021-10-06,21.530000686645508,21.540000915527344,21.260000228881836,21.309999465942383,1019000,0.0,0.0,0.0
2021-10-07,21.309999465942383,21.760000228881836,21.190000534057617,21.75,1059100,0.0,0.0,0.0
2021-10-08,21.8799991607666,22.0,21.610000610351562,21.75,631900,0.0,0.0,0.0
2021-10-11,22.110000610351562,22.219999313354492,22.020000457763672,22.020000457763672,584000,0.0,0.0,0.0
2021-10-12,22.079999923706055,22.209999084472656,21.90999984741211,21.969999313354492,608600,0.0,0.0,0.0
2021-10-13,21.790000915527344,22.049999237060547,21.690000534057617,21.950000762939453,244300,0.0,0.0,0.0
2021-10-14,22.170000076293945,22.209999084472656,21.950000762939453,22.18000030517578,513200,0.0,0.0,0.0
2021-10-15,22.3700008392334,22.420000076293945,22.209999084472656,22.350000381469727,506900,0.0,0.0,0.0
2021-10-18,22.549999237060547,22.6200008392334,22.149999618530273,22.18000030517578,411300,0.0,0.0,0.0
2021-10-19,22.149999618530273,22.510000228881836,22.079999923706055,22.399999618530273,455200,0.0,0.0,0.0
2021-10-20,22.239999771118164,22.649999618530273,22.170000076293945,22.6200008392334,403500,0.0,0.0,0.0
2021-10-21,22.399999618530273,22.5,21.979999542236328,22.34000015258789,573600,0.0,0.0,0.0
2021-10-22,22.459999084472656,22.56999969482422,22.280000686645508,22.56999969482422,412600,0.0,0.0,0.0
2021-10-25,22.719999313354492,22.790000915527344,22.540000915527344,22.56999969482422,361800,0.0,0.0,0.0
2021-10-26,22.6299991607666,22.780000686645508,22.56999969482422,22.760000228881836,378800,0.0,0.0,0.0
2021-10-27,22.440000534057617,22.6200008392334,22.15999984741211,22.15999984741211,788800,0.0,0.0,0.0
2021-10-28,22.110000610351562,22.31999969482422,21.950000762939453,22.299999237060547,647900,0.0,0.0,0.0
2021-10-29,22.139999389648438,22.309999465942383,22.0,22.25,734700,0.0,0.0,0.0
2021-11-01,22.56999969482422,22.610000610351562,22.420000076293945,22.469999313354492,417500,0.0,0.0,0.0
2021-11-02,22.34000015258789,22.530000686645508,22.270000457763672,22.469999313354492,419000,0.0,0.0,0.0
2021-11-03,21.940000534057617,22.079999923706055,21.559999465942383,21.579999923706055,2020900,0.0,0.0,0.0
2021-11-04,22.350000381469727,22.40999984741211,21.31999969482422,21.43000030517578,2708000,0.0,0.0,0.0
2021-11-05,21.65999984741211,22.09000015258789,21.469999313354492,21.979999542236328,1315900,0.0,0.0,0.0
2021-11-08,22.040000915527344,22.239999771118164,22.030000686645508,22.219999313354492,451800,0.0,0.0,0.0
2021-11-09,22.25,22.56999969482422,22.190000534057617,22.540000915527344,550200,0.0,0.0,0.0
2021-11-10,22.530000686645508,22.600000381469727,21.81999969482422,21.950000762939453,1012100,0.0,0.0,0.0
2021-11-11,22.030000686645508,22.139999389648438,21.780000686645508,21.920000076293945,923800,0.0,0.0,0.0
2021-11-12,21.790000915527344,21.959999084472656,21.690000534057617,21.799999237060547,685600,0.0,0.0,0.0
2021-11-15,21.510000228881836,21.809999465942383,21.43000030517578,21.790000915527344,482600,0.0,0.0,0.0
2021-11-16,21.760000228881836,22.010000228881836,21.65999984741211,21.899999618530273,658400,0.0,0.0,0.0
2021-11-17,21.780000686645508,21.790000915527344,21.200000762939453,21.399999618530273,897800,0.0,0.0,0.0
2021-11-18,21.479999542236328,21.6200008392334,21.290000915527344,21.549999237060547,540800,0.0,0.0,0.0
2021-11-19,21.290000915527344,21.290000915527344,20.780000686645508,20.8700008392334,1620100,0.0,0.0,0.0
2021-11-22,20.950000762939453,21.299999237060547,20.93000030517578,21.100000381469727,1167200,0.0,0.0,0.0
2021-11-23,21.479999542236328,21.899999618530273,21.479999542236328,21.8799991607666,1549200,0.0,0.0,0.0
2021-11-24,21.709999084472656,21.940000534057617,21.700000762939453,21.719999313354492,558700,0.0,0.0,0.0
2021-11-26,20.43000030517578,20.43000030517578,19.06999969482422,19.43000030517578,2571400,0.0,0.0,0.0
2021-11-29,20.280000686645508,20.34000015258789,19.3799991607666,19.540000915527344,1265800,0.0,0.0,0.0
2021-11-30,18.940000534057617,19.149999618530273,18.1299991607666,18.700000762939453,3491800,0.0,0.0,0.0
2021-12-01,19.18000030517578,19.329999923706055,18.299999237060547,18.3700008392334,2437400,0.0,0.0,0.0
2021-12-02,18.170000076293945,18.899999618530273,18.020000457763672,18.790000915527344,2774700,0.0,0.0,0.0
2021-12-03,19.40999984741211,19.479999542236328,18.59000015258789,18.75,1028600,0.0,0.0,0.0
2021-12-06,19.18000030517578,19.790000915527344,19.079999923706055,19.729999542236328,1305600,0.0,0.0,0.0
2021-12-07,20.010000228881836,20.459999084472656,20.010000228881836,20.079999923706055,1402700,0.0,0.0,0.0
2021-12-08,20.18000030517578,20.479999542236328,20.149999618530273,20.399999618530273,1750400,0.0,0.0,0.0
2021-12-09,20.170000076293945,20.229999542236328,19.829999923706055,19.84000015258789,847400,0.0,0.0,0.0
2021-12-10,20.1200008392334,20.25,19.959999084472656,20.229999542236328,811200,0.0,0.0,0.0
2021-12-13,20.020000457763672,20.239999771118164,19.920000076293945,19.959999084472656,955200,0.0,0.0,0.0
2021-12-14,19.670000076293945,19.81999969482422,19.479999542236328,19.690000534057617,1125200,0.0,0.0,0.0
2021-12-15,19.6200008392334,20.010000228881836,19.489999771118164,19.979999542236328,1354900,0.0,0.0,0.0
2021-12-16,19.979999542236328,20.280000686645508,19.860000610351562,20.059999465942383,1308800,0.0,0.0,0.0
2021-12-17,19.84000015258789,19.8799991607666,19.5,19.649999618530273,993700,0.0,0.0,0.0
2021-12-20,19.0,19.329999923706055,18.600000381469727,19.299999237060547,1195000,0.0,0.0,0.0
2021-12-21,19.649999618530273,19.920000076293945,19.540000915527344,19.920000076293945,799900,0.0,0.0,0.0
2021-12-22,19.8700008392334,20.270000457763672,19.81999969482422,20.260000228881836,694400,0.0,0.0,0.0
2021-12-23,20.260000228881836,20.610000610351562,20.209999084472656,20.56999969482422,937800,0.0,0.0,0.0
2021-12-27,20.510000228881836,21.100000381469727,20.43000030517578,21.020000457763672,519600,0.0,0.0,0.0
2021-12-28,21.149999618530273,21.260000228881836,21.059999465942383,21.110000610351562,494600,0.0,0.0,0.0
2021-12-29,21.059999465942383,21.469999313354492,20.959999084472656,21.239999771118164,1040600,0.0,0.0,0.0
2021-12-30,21.31999969482422,21.469999313354492,21.190000534057617,21.200000762939453,674400,0.0,0.0,0.0
2021-12-31,21.170000076293945,21.239999771118164,20.799999237060547,20.90999984741211,686600,0.0,0.0,0.0
2022-01-03,20.81999969482422,21.260000228881836,20.799999237060547,21.15999984741211,1006300,0.0,0.0,0.0
2022-01-04,21.34000015258789,21.6200008392334,21.329999923706055,21.450000762939453,948700,0.0,0.0,0.0
2022-01-05,21.75,21.860000610351562,21.469999313354492,21.479999542236328,880200,0.0,0.0,0.0
2022-01-06,22.110000610351562,22.200000762939453,21.90999984741211,21.969999313354492,1179300,0.0,0.0,0.0
2022-01-07,22.020000457763672,22.06999969482422,21.850000381469727,21.959999084472656,1032900,0.0,0.0,0.0
2022-01-10,21.889999389648438,21.950000762939453,21.59000015258789,21.709999084472656,1115100,0.0,0.0,0.0
2022-01-11,22.0,22.520000457763672,21.860000610351562,22.450000762939453,1182800,0.0,0.0,0.0
2022-01-12,22.56999969482422,22.860000610351562,22.559999465942383,22.700000762939453,845700,0.0,0.0,0.0
2022-01-13,22.790000915527344,22.81999969482422,22.469999313354492,22.489999771118164,863200,0.0,0.0,0.0
2022-01-14,22.829999923706055,23.190000534057617,22.81999969482422,23.170000076293945,936000,0.0,0.0,0.0
2022-01-18,23.329999923706055,23.600000381469727,23.239999771118164,23.56999969482422,848900,0.0,0.0,0.0
2022-01-19,23.68000030517578,23.899999618530273,23.549999237060547,23.59000015258789,952900,0.0,0.0,0.0
2022-01-20,23.649999618530273,24.0,23.40999984741211,23.420000076293945,859400,0.0,0.0,0.0
2022-01-21,23.530000686645508,23.649999618530273,23.25,23.5,876500,0.0,0.0,0.0
2022-01-24,23.18000030517578,23.290000915527344,22.780000686645508,23.25,1636100,0.0,0.0,0.0
2022-01-25,23.190000534057617,23.6200008392334,23.15999984741211,23.549999237060547,881300,0.0,0.0,0.0
2022-01-26,23.84000015258789,24.149999618530273,23.75,23.829999923706055,1276500,0.0,0.0,0.0
2022-01-27,24.219999313354492,24.229999542236328,23.760000228881836,23.93000030517578,1177900,0.0,0.0,0.0
2022-01-28,24.270000457763672,24.40999984741211,23.850000381469727,24.049999237060547,1231900,0.0,0.0,0.0
2022-01-31,24.149999618530273,24.209999084472656,23.829999923706055,24.200000762939453,827000,0.0,0.0,0.0
2022-02-01,23.969999313354492,24.329999923706055,23.860000610351562,24.190000534057617,927500,0.0,0.0,0.0
2022-02-02,24.25,24.290000915527344,23.8799991607666,24.219999313354492,1427500,0.0,0.0,0.0
2022-02-03,24.059999465942383,24.670000076293945,23.979999542236328,24.600000381469727,1073100,0.0,0.0,0.0
2022-02-04,25.079999923706055,25.34000015258789,25.079999923706055,25.200000762939453,990500,0.0,0.0,0.0
2022-02-07,25.06999969482422,25.25,25.030000686645508,25.06999969482422,841200,0.0,0.0,0.0
2022-02-08,24.68000030517578,24.700000762939453,24.31999969482422,24.6200008392334,1155200,0.0,0.0,0.0
2022-02-09,24.670000076293945,24.899999618530273,24.56999969482422,24.81999969482422,889300,0.0,0.0,0.0
2022-02-10,24.739999771118164,25.170000076293945,24.59000015258789,24.719999313354492,1082100,0.0,0.0,0.0
2022-02-11,24.969999313354492,25.860000610351562,24.950000762939453,25.690000534057617,2734400,0.0,0.0,0.0
2022-02-14,25.350000381469727,26.15999984741211,25.280000686645508,25.959999084472656,2193700,0.0,0.0,0.0
2022-02-15,25.190000534057617,25.260000228881836,24.889999389648438,25.190000534057617,1972900,0.0,0.0,0.0
2022-02-16,25.56999969482422,25.90999984741211,24.829999923706055,24.850000381469727,2196900,0.0,0.0,0.0
2022-02-17,24.950000762939453,25.290000915527344,24.899999618530273,25.1299991607666,1644100,0.0,0.0,0.0
2022-02-18,24.670000076293945,25.43000030517578,24.579999923706055,25.31999969482422,1994900,0.0,0.0,0.0
2022-02-22,26.309999465942383,26.329999923706055,25.719999313354492,25.829999923706055,2393900,0.0,0.0,0.0
2022-02-23,25.969999313354492,26.489999771118164,25.84000015258789,26.049999237060547,2177000,0.0,0.0,0.0
2022-02-24,27.90999984741211,27.920000076293945,26.049999237060547,26.510000228881836,6825500,0.0,0.0,0.0
2022-02-25,26.1200008392334,26.34000015258789,25.68000030517578,26.280000686645508,3506200,0.0,0.0,0.0
2022-02-28,27.020000457763672,27.420000076293945,26.850000381469727,27.15999984741211,3067500,0.0,0.0,0.0
2022-03-01,28.65999984741211,29.760000228881836,28.520000457763672,29.3700008392334,7057700,0.0,0.0,0.0
2022-03-02,30.920000076293945,31.860000610351562,29.649999618530273,31.600000381469727,7681700,0.0,0.0,0.0
2022-03-03,31.079999923706055,31.739999771118164,30.5,30.670000076293945,7468900,0.0,0.0,0.0
2022-03-04,31.719999313354492,32.91999816894531,31.280000686645508,32.77000045776367,6271300,0.0,0.0,0.0
2022-03-07,33.189998626708984,34.79999923706055,33.13999938964844,34.15999984741211,6738400,0.0,0.0,0.0
2022-03-08,35.900001525878906,36.84000015258789,34.220001220703125,35.70000076293945,9235900,0.0,0.0,0.0
2022-03-09,33.630001068115234,34.08000183105469,30.010000228881836,31.219999313354492,5609400,0.0,0.0,0.0
2022-03-10,32.27000045776367,32.36000061035156,30.170000076293945,30.420000076293945,4246200,0.0,0.0,0.0
2022-03-11,30.610000610351562,31.209999084472656,30.3799991607666,31.1299991607666,6211000,0.0,0.0,0.0
2022-03-14,29.719999313354492,29.719999313354492,28.6200008392334,29.309999465942383,6183600,0.0,0.0,0.0
2022-03-15,27.649999618530273,28.290000915527344,27.100000381469727,27.31999969482422,6391400,0.0,0.0,0.0
2022-03-16,27.979999542236328,28.139999389648438,26.799999237060547,27.040000915527344,5007100,0.0,0.0,0.0
2022-03-17,29.100000381469727,29.739999771118164,28.979999542236328,29.469999313354492,4489700,0.0,0.0,0.0
2022-03-18,29.59000015258789,29.90999984741211,29.31999969482422,29.770000457763672,2943800,0.0,0.0,0.0
2022-03-21,31.100000381469727,32.20000076293945,31.06999969482422,32.18000030517578,2855800,0.0,0.0,0.0
2022-03-22,31.809999465942383,32.34000015258789,31.40999984741211,31.829999923706055,2470900,0.0,0.0,0.0
2022-03-23,33.13999938964844,33.68000030517578,33.09000015258789,33.47999954223633,2537400,0.0,0.0,0.0
2022-03-24,33.47999954223633,33.5099983215332,32.31999969482422,32.619998931884766,2591800,0.0,0.0,0.0
2022-03-25,32.369998931884766,33.5,32.119998931884766,33.150001525878906,4102400,0.0,0.0,0.0
2022-03-28,31.40999984741211,31.93000030517578,30.219999313354492,30.389999389648438,4147500,0.0,0.0,0.0
2022-03-29,29.3700008392334,31.010000228881836,29.270000457763672,30.940000534057617,2950400,0.0,0.0,0.0
2022-03-30,31.690000534057617,31.989999771118164,31.329999923706055,31.540000915527344,1881800,0.0,0.0,0.0
2022-03-31,30.579999923706055,31.010000228881836,29.649999618530273,29.93000030517578,2671700,0.0,0.0,0.0
2022-04-01,29.6200008392334,30.200000762939453,29.579999923706055,29.790000915527344,1970800,0.0,0.0,0.0
2022-04-04,30.610000610351562,30.940000534057617,30.149999618530273,30.709999084472656,1983600,0.0,0.0,0.0
2022-04-05,30.850000381469727,31.010000228881836,29.790000915527344,29.889999389648438,2283600,0.0,0.0,0.0
2022-04-06,30.420000076293945,30.549999237060547,28.65999984741211,29.049999237060547,3653100,0.0,0.0,0.0
2022-04-07,29.030000686645508,29.260000228881836,28.049999237060547,28.850000381469727,2292000,0.0,0.0,0.0
2022-04-08,28.6299991607666,29.420000076293945,28.469999313354492,29.209999084472656,1978500,0.0,0.0,0.0
2022-04-11,28.18000030517578,28.520000457763672,27.93000030517578,28.219999313354492,1065800,0.0,0.0,0.0
2022-04-12,29.510000228881836,30.06999969482422,29.510000228881836,29.81999969482422,1559600,0.0,0.0,0.0
2022-04-13,30.43000030517578,31.040000915527344,29.979999542236328,31.010000228881836,1397900,0.0,0.0,0.0
2022-04-14,30.6299991607666,32.0,30.559999465942383,31.700000762939453,1724200,0.0,0.0,0.0
2022-04-18,32.20000076293945,32.709999084472656,31.969999313354492,32.220001220703125,1228200,0.0,0.0,0.0
2022-04-19,31.219999313354492,31.219999313354492,30.459999084472656,30.6200008392334,1886100,0.0,0.0,0.0
2022-04-20,30.790000915527344,30.899999618530273,29.889999389648438,30.600000381469727,1949800,0.0,0.0,0.0
2022-04-21,30.969999313354492,31.31999969482422,30.489999771118164,30.93000030517578,1659600,0.0,0.0,0.0
2022-04-22,30.479999542236328,30.690000534057617,30.239999771118164,30.239999771118164,621500,0.0,0.0,0.0
2022-04-25,28.709999084472656,29.549999237060547,28.440000534057617,29.43000030517578,1651500,0.0,0.0,0.0
2022-04-26,29.719999313354492,30.309999465942383,29.329999923706055,30.100000381469727,3029500,0.0,0.0,0.0
2022-04-27,29.610000610351562,30.18000030517578,29.510000228881836,30.06999969482422,2791300,0.0,0.0,0.0
2022-04-28,30.06999969482422,30.850000381469727,29.90999984741211,30.770000457763672,1269700,0.0,0.0,0.0
2022-04-29,31.15999984741211,31.530000686645508,30.420000076293945,30.549999237060547,1858500,0.0,0.0,0.0
2022-05-02,29.809999465942383,31.049999237060547,29.59000015258789,31.030000686645508,1286600,0.0,0.0,0.0
2022-05-03,30.3799991607666,30.770000457763672,29.979999542236328,30.200000762939453,881100,0.0,0.0,0.0
2022-05-04,31.290000915527344,31.790000915527344,30.969999313354492,31.639999389648438,1391200,0.0,0.0,0.0
2022-05-05,32.470001220703125,32.540000915527344,31.290000915527344,31.770000457763672,1776700,0.0,0.0,0.0
2022-05-06,32.29999923706055,32.5099983215332,31.799999237060547,32.40999984741211,1776400,0.0,0.0,0.0
2022-05-09,31.459999084472656,31.530000686645508,30.06999969482422,30.139999389648438,2283100,0.0,0.0,0.0
2022-05-10,30.350000381469727,30.459999084472656,29.139999389648438,29.260000228881836,2617800,0.0,0.0,0.0
2022-05-11,30.489999771118164,31.020000457763672,30.3799991607666,30.65999984741211,2412200,0.0,0.0,0.0
2022-05-12,30.700000762939453,31.1299991607666,30.489999771118164,30.989999771118164,1697400,0.0,0.0,0.0
2022-05-13,31.559999465942383,31.979999542236328,31.350000381469727,31.950000762939453,920400,0.0,0.0,0.0
2022-05-16,31.780000686645508,32.869998931884766,31.729999542236328,32.77000045776367,1025900,0.0,0.0,0.0
2022-05-17,32.790000915527344,33.029998779296875,31.81999969482422,31.920000076293945,1103300,0.0,0.0,0.0
2022-05-18,32.29999923706055,32.29999923706055,31.030000686645508,31.290000915527344,1001000,0.0,0.0,0.0
2022-05-19,30.950000762939453,32.13999938964844,30.889999389648438,31.860000610351562,610100,0.0,0.0,0.0
2022-05-20,32.11000061035156,32.349998474121094,31.690000534057617,32.279998779296875,440700,0.0,0.0,0.0
2022-05-23,32.15999984741211,32.459999084472656,31.969999313354492,32.38999938964844,652500,0.0,0.0,0.0
2022-05-24,32.43000030517578,32.709999084472656,32.18000030517578,32.40999984741211,485600,0.0,0.0,0.0
2022-05-25,32.540000915527344,32.70000076293945,32.209999084472656,32.59000015258789,290100,0.0,0.0,0.0
2022-05-26,32.77000045776367,33.529998779296875,32.77000045776367,33.31999969482422,561300,0.0,0.0,0.0
2022-05-27,33.31999969482422,33.83000183105469,33.209999084472656,33.77000045776367,389900,0.0,0.0,0.0
2022-05-31,34.9900016784668,35.119998931884766,33.66999816894531,33.939998626708984,1870200,0.0,0.0,0.0
2022-06-01,34.45000076293945,34.650001525878906,33.86000061035156,33.88999938964844,1148300,0.0,0.0,0.0
2022-06-02,33.97999954223633,34.54999923706055,33.779998779296875,34.47999954223633,921400,0.0,0.0,0.0
2022-06-03,34.40999984741211,35.4900016784668,34.33000183105469,35.43000030517578,831700,0.0,0.0,0.0
2022-06-06,35.25,35.27000045776367,34.709999084472656,34.880001068115234,606300,0.0,0.0,0.0
2022-06-07,34.880001068115234,35.459999084472656,34.63999938964844,35.38999938964844,914300,0.0,0.0,0.0
2022-06-08,35.54999923706055,36.349998474121094,35.369998931884766,36.290000915527344,1024100,0.0,0.0,0.0
2022-06-09,35.959999084472656,36.189998626708984,35.83000183105469,35.939998626708984,360400,0.0,0.0,0.0
2022-06-10,35.72999954223633,35.90999984741211,35.029998779296875,35.619998931884766,619100,0.0,0.0,0.0
2022-06-13,35.36000061035156,36.119998931884766,34.7599983215332,35.7400016784668,947300,0.0,0.0,0.0
2022-06-14,36.189998626708984,36.56999969482422,34.75,35.2599983215332,1122200,0.0,0.0,0.0
2022-06-15,35.16999816894531,35.43000030517578,34.40999984741211,34.66999816894531,1216300,0.0,0.0,0.0
2022-06-16,34.31999969482422,35.13999938964844,33.779998779296875,34.83000183105469,1240900,0.0,0.0,0.0
2022-06-17,34.380001068115234,34.470001220703125,32.650001525878906,33.119998931884766,2732300,0.0,0.0,0.0
2022-06-21,33.68000030517578,33.95000076293945,33.310001373291016,33.45000076293945,843900,0.0,0.0,0.0
2022-06-22,31.459999084472656,32.849998474121094,31.280000686645508,32.27000045776367,892500,0.0,0.0,0.0
2022-06-23,32.619998931884766,32.75,31.729999542236328,31.760000228881836,794300,0.0,0.0,0.0
2022-06-24,32.220001220703125,33.0,32.040000915527344,32.650001525878906,1065500,0.0,0.0,0.0
2022-06-27,32.72999954223633,33.52000045776367,32.380001068115234,33.290000915527344,750300,0.0,0.0,0.0
2022-06-28,33.72999954223633,34.189998626708984,33.52000045776367,34.06999969482422,960900,0.0,0.0,0.0
2022-06-29,34.58000183105469,34.83000183105469,33.47999954223633,33.47999954223633,1039800,0.0,0.0,0.0
2022-06-30,33.22999954223633,33.349998474121094,32.43000030517578,32.7400016784668,823100,0.0,0.0,0.0
2022-07-01,33.45000076293945,33.70000076293945,32.93000030517578,33.34000015258789,428900,0.0,0.0,0.0
2022-07-05,32.4900016784668,32.4900016784668,30.309999465942383,30.81999969482422,2222000,0.0,0.0,0.0
2022-07-06,30.450000762939453,30.739999771118164,29.530000686645508,30.1200008392334,1203000,0.0,0.0,0.0
2022-07-07,31.329999923706055,31.860000610351562,31.209999084472656,31.209999084472656,792800,0.0,0.0,0.0
2022-07-08,31.90999984741211,32.189998626708984,31.329999923706055,32.040000915527344,480500,0.0,0.0,0.0
2022-07-11,31.719999313354492,32.15999984741211,31.280000686645508,31.920000076293945,647200,0.0,0.0,0.0
2022-07-12,30.6299991607666,30.81999969482422,29.649999618530273,29.709999084472656,899900,0.0,0.0,0.0
2022-07-13,29.719999313354492,30.309999465942383,29.450000762939453,29.729999542236328,707100,0.0,0.0,0.0
2022-07-14,28.920000076293945,30.010000228881836,28.31999969482422,29.84000015258789,956900,0.0,0.0,0.0
2022-07-15,30.459999084472656,30.65999984741211,30.010000228881836,30.270000457763672,590500,0.0,0.0,0.0
2022-07-18,31.649999618530273,31.889999389648438,31.540000915527344,31.709999084472656,391200,0.0,0.0,0.0
2022-07-19,31.3799991607666,32.209999084472656,31.3799991607666,32.150001525878906,260000,0.0,0.0,0.0
2022-07-20,31.760000228881836,32.16999816894531,31.510000228881836,31.93000030517578,196100,0.0,0.0,0.0
2022-07-21,30.920000076293945,31.3700008392334,30.780000686645508,31.079999923706055,448300,0.0,0.0,0.0
2022-07-22,30.90999984741211,31.479999542236328,30.690000534057617,30.700000762939453,390500,0.0,0.0,0.0
2022-07-25,31.139999389648438,31.3799991607666,30.799999237060547,31.309999465942383,361000,0.0,0.0,0.0
2022-07-26,31.770000457763672,31.8700008392334,30.979999542236328,31.0,276400,0.0,0.0,0.0
2022-07-27,31.5,32.150001525878906,31.15999984741211,32.04999923706055,475700,0.0,0.0,0.0
2022-07-28,32.279998779296875,32.33000183105469,31.559999465942383,31.959999084472656,484200,0.0,0.0,0.0
2022-07-29,32.81999969482422,33.290000915527344,32.36000061035156,32.380001068115234,331500,0.0,0.0,0.0
2022-08-01,31.239999771118164,31.540000915527344,31.0,31.15999984741211,565900,0.0,0.0,0.0
2022-08-02,31.440000534057617,32.0,31.219999313354492,31.31999969482422,371100,0.0,0.0,0.0
2022-08-03,31.450000762939453,31.579999923706055,30.15999984741211,30.270000457763672,685100,0.0,0.0,0.0
2022-08-04,29.889999389648438,30.100000381469727,29.15999984741211,29.360000610351562,1041600,0.0,0.0,0.0
2022-08-05,29.020000457763672,30.139999389648438,29.020000457763672,29.489999771118164,269600,0.0,0.0,0.0
2022-08-08,29.520000457763672,30.25,29.489999771118164,30.15999984741211,208400,0.0,0.0,0.0
2022-08-09,30.420000076293945,30.739999771118164,29.8700008392334,30.1299991607666,167400,0.0,0.0,0.0
2022-08-10,30.010000228881836,30.639999389648438,29.280000686645508,30.31999969482422,376800,0.0,0.0,0.0
2022-08-11,30.860000610351562,31.309999465942383,30.559999465942383,31.06999969482422,333800,0.0,0.0,0.0
2022-08-12,30.719999313354492,30.799999237060547,30.309999465942383,30.65999984741211,223400,0.0,0.0,0.0
2022-08-15,29.139999389648438,29.81999969482422,29.09000015258789,29.579999923706055,416700,0.0,0.0,0.0
2022-08-16,29.469999313354492,29.90999984741211,28.690000534057617,28.850000381469727,579400,0.0,0.0,0.0
2022-08-17,28.950000762939453,29.510000228881836,28.739999771118164,29.170000076293945,299300,0.0,0.0,0.0
2022-08-18,29.829999923706055,30.440000534057617,29.799999237060547,30.200000762939453,351300,0.0,0.0,0.0
2022-08-19,30.09000015258789,30.600000381469727,30.010000228881836,30.06999969482422,175100,0.0,0.0,0.0
2022-08-22,29.540000915527344,30.299999237060547,28.979999542236328,30.280000686645508,494700,0.0,0.0,0.0
2022-08-23,30.729999542236328,31.31999969482422,30.729999542236328,31.209999084472656,243000,0.0,0.0,0.0
2022-08-24,31.31999969482422,31.739999771118164,30.969999313354492,31.719999313354492,215900,0.0,0.0,0.0
2022-08-25,31.93000030517578,31.950000762939453,30.969999313354492,31.229999542236328,150900,0.0,0.0,0.0
2022-08-26,30.8700008392334,31.270000457763672,30.549999237060547,31.1200008392334,221800,0.0,0.0,0.0
2022-08-29,31.59000015258789,32.52000045776367,31.489999771118164,32.38999938964844,580500,0.0,0.0,0.0
2022-08-30,31.520000457763672,31.549999237060547,30.479999542236328,30.979999542236328,595500,0.0,0.0,0.0
2022-08-31,30.229999542236328,30.739999771118164,29.940000534057617,29.959999084472656,482700,0.0,0.0,0.0
2022-09-01,29.520000457763672,29.760000228881836,28.950000762939453,29.0,329400,0.0,0.0,0.0
2022-09-02,29.920000076293945,29.959999084472656,29.270000457763672,29.299999237060547,339400,0.0,0.0,0.0
2022-09-06,29.670000076293945,29.690000534057617,29.09000015258789,29.15999984741211,273700,0.0,0.0,0.0
2022-09-07,28.299999237060547,28.510000228881836,27.65999984741211,27.670000076293945,611800,0.0,0.0,0.0
2022-09-08,28.079999923706055,28.31999969482422,27.68000030517578,27.90999984741211,296100,0.0,0.0,0.0
2022-09-09,28.829999923706055,29.34000015258789,28.75,29.15999984741211,321400,0.0,0.0,0.0
2022-09-12,29.799999237060547,30.010000228881836,29.5,29.649999618530273,229600,0.0,0.0,0.0
2022-09-13,29.549999237060547,29.760000228881836,28.75,29.469999313354492,316600,0.0,0.0,0.0
2022-09-14,29.739999771118164,30.200000762939453,29.549999237060547,29.739999771118164,615500,0.0,0.0,0.0
2022-09-15,29.1200008392334,29.1299991607666,28.40999984741211,28.68000030517578,612400,0.0,0.0,0.0
2022-09-16,29.020000457763672,29.229999542236328,28.670000076293945,28.889999389648438,413200,0.0,0.0,0.0
2022-09-19,28.030000686645508,29.030000686645508,27.989999771118164,28.959999084472656,173900,0.0,0.0,0.0
2022-09-20,28.770000457763672,28.790000915527344,28.350000381469727,28.649999618530273,1133000,0.0,0.0,0.0
2022-09-21,29.190000534057617,29.229999542236328,28.25,28.479999542236328,299300,0.0,0.0,0.0
2022-09-22,29.15999984741211,29.309999465942383,28.469999313354492,28.59000015258789,175000,0.0,0.0,0.0
2022-09-23,27.43000030517578,27.43000030517578,27.049999237060547,27.290000915527344,700200,0.0,0.0,0.0
2022-09-26,27.25,27.649999618530273,26.43000030517578,26.479999542236328,380600,0.0,0.0,0.0
2022-09-27,26.959999084472656,27.440000534057617,26.799999237060547,27.139999389648438,383000,0.0,0.0,0.0
2022-09-28,27.420000076293945,28.219999313354492,27.270000457763672,28.139999389648438,475900,0.0,0.0,0.0
2022-09-29,28.229999542236328,28.350000381469727,27.75,27.950000762939453,370900,0.0,0.0,0.0
2022-09-30,27.530000686645508,27.799999237060547,27.209999084472656,27.31999969482422,397800,0.0,0.0,0.0
2022-10-03,28.649999618530273,28.729999542236328,28.030000686645508,28.389999389648438,419700,0.0,0.0,0.0
2022-10-04,29.25,29.559999465942383,29.0,29.34000015258789,521700,0.0,0.0,0.0
2022-10-05,29.670000076293945,30.06999969482422,29.06999969482422,29.959999084472656,1013600,0.0,0.0,0.0
2022-10-06,29.8799991607666,30.40999984741211,29.829999923706055,30.399999618530273,722600,0.0,0.0,0.0
2022-10-07,30.559999465942383,31.549999237060547,30.549999237060547,31.299999237060547,950100,0.0,0.0,0.0
2022-10-10,31.309999465942383,31.56999969482422,30.6299991607666,30.65999984741211,350000,0.0,0.0,0.0
2022-10-11,30.229999542236328,30.440000534057617,29.809999465942383,29.959999084472656,603500,0.0,0.0,0.0
2022-10-12,29.860000610351562,29.889999389648438,29.350000381469727,29.59000015258789,364900,0.0,0.0,0.0
2022-10-13,29.420000076293945,30.3700008392334,29.3700008392334,30.299999237060547,486300,0.0,0.0,0.0
2022-10-14,29.799999237060547,29.90999984741211,29.239999771118164,29.3799991607666,383200,0.0,0.0,0.0
2022-10-17,29.729999542236328,29.829999923706055,29.18000030517578,29.34000015258789,233600,0.0,0.0,0.0
2022-10-18,29.079999923706055,29.190000534057617,28.440000534057617,28.8700008392334,427100,0.0,0.0,0.0
2022-10-19,28.969999313354492,29.639999389648438,28.8799991607666,29.440000534057617,695900,0.0,0.0,0.0
2022-10-20,29.90999984741211,30.219999313354492,29.3799991607666,29.59000015258789,278800,0.0,0.0,0.0
2022-10-21,29.59000015258789,29.90999984741211,29.3700008392334,29.799999237060547,218500,0.0,0.0,0.0
2022-10-24,29.75,30.110000610351562,29.579999923706055,29.809999465942383,213100,0.0,0.0,0.0
2022-10-25,29.850000381469727,30.170000076293945,29.719999313354492,29.75,307000,0.0,0.0,0.0
2022-10-26,30.049999237060547,30.739999771118164,30.049999237060547,30.68000030517578,335100,0.0,0.0,0.0
2022-10-27,30.950000762939453,31.09000015258789,30.739999771118164,30.989999771118164,255500,0.0,0.0,0.0
2022-10-28,30.610000610351562,30.860000610351562,30.350000381469727,30.670000076293945,207300,0.0,0.0,0.0
2022-10-31,30.1299991607666,30.549999237060547,29.850000381469727,30.190000534057617,396200,0.0,0.0,0.0
2022-11-01,31.06999969482422,31.110000610351562,30.65999984741211,30.8799991607666,349100,0.0,0.0,0.0
2022-11-02,30.860000610351562,31.479999542236328,30.709999084472656,31.190000534057617,444700,0.0,0.0,0.0
2022-11-03,30.81999969482422,31.15999984741211,30.75,30.860000610351562,414400,0.0,0.0,0.0
2022-11-04,32.06999969482422,32.2599983215332,31.639999389648438,32.209999084472656,383800,0.0,0.0,0.0
2022-11-07,32.189998626708984,32.4900016784668,31.899999618530273,32.040000915527344,261900,0.0,0.0,0.0
2022-11-08,31.959999084472656,32.02000045776367,31.09000015258789,31.209999084472656,259500,0.0,0.0,0.0
2022-11-09,30.690000534057617,30.729999542236328,30.149999618530273,30.170000076293945,490300,0.0,0.0,0.0
2022-11-10,30.270000457763672,30.799999237060547,30.09000015258789,30.540000915527344,296500,0.0,0.0,0.0
2022-11-11,31.3799991607666,31.6299991607666,31.059999465942383,31.31999969482422,565500,0.0,0.0,0.0
2022-11-14,30.969999313354492,31.389999389648438,30.209999084472656,30.209999084472656,256300,0.0,0.0,0.0
2022-11-15,30.209999084472656,31.270000457763672,29.969999313354492,30.6299991607666,389700,0.0,0.0,0.0
2022-11-16,30.209999084472656,30.389999389648438,29.950000762939453,30.239999771118164,347400,0.0,0.0,0.0
2022-11-17,29.969999313354492,30.049999237060547,29.260000228881836,29.399999618530273,892800,0.0,0.0,0.0
2022-11-18,28.270000457763672,28.829999923706055,28.170000076293945,28.809999465942383,1274000,0.0,0.0,0.0
2022-11-21,27.729999542236328,28.790000915527344,27.100000381469727,28.65999984741211,1506200,0.0,0.0,0.0
2022-11-22,29.020000457763672,29.3799991607666,28.850000381469727,28.959999084472656,307900,0.0,0.0,0.0
2022-11-23,28.030000686645508,28.18000030517578,27.670000076293945,27.850000381469727,653600,0.0,0.0,0.0
2022-11-25,28.190000534057617,28.299999237060547,27.68000030517578,27.739999771118164,200000,0.0,0.0,0.0
2022-11-28,26.959999084472656,27.90999984741211,26.899999618530273,27.540000915527344,501800,0.0,0.0,0.0
2022-11-29,28.280000686645508,28.510000228881836,27.600000381469727,27.889999389648438,537100,0.0,0.0,0.0
2022-11-30,28.649999618530273,28.809999465942383,28.459999084472656,28.670000076293945,544200,0.0,0.0,0.0
2022-12-01,29.270000457763672,29.450000762939453,28.579999923706055,28.639999389648438,689000,0.0,0.0,0.0
2022-12-02,28.68000030517578,28.860000610351562,28.079999923706055,28.280000686645508,167100,0.0,0.0,0.0
2022-12-05,28.969999313354492,29.040000915527344,27.25,27.3799991607666,381500,0.0,0.0,0.0
2022-12-06,27.06999969482422,27.209999084472656,25.969999313354492,26.219999313354492,1194600,0.0,0.0,0.0
2022-12-07,26.3700008392334,26.510000228881836,25.389999389648438,25.559999465942383,820700,0.0,0.0,0.0
2022-12-08,25.860000610351562,25.8799991607666,24.979999542236328,25.09000015258789,443600,0.0,0.0,0.0
2022-12-09,25.239999771118164,25.520000457763672,24.799999237060547,25.25,292300,0.0,0.0,0.0
2022-12-12,25.270000457763672,25.90999984741211,25.239999771118164,25.809999465942383,374000,0.0,0.0,0.0
2022-12-13,26.209999084472656,26.809999465942383,26.209999084472656,26.600000381469727,881600,0.0,0.0,0.0
2022-12-14,27.010000228881836,27.440000534057617,26.690000534057617,27.34000015258789,444100,0.0,0.0,0.0
2022-12-15,27.200000762939453,27.229999542236328,26.700000762939453,26.850000381469727,243200,0.0,0.0,0.0
2022-12-16,26.0,26.450000762939453,25.889999389648438,26.1200008392334,489300,0.0,0.0,0.0
2022-12-19,26.520000457763672,26.690000534057617,26.110000610351562,26.520000457763672,263400,0.0,0.0,0.0
2022-12-20,26.420000076293945,26.649999618530273,25.950000762939453,26.43000030517578,384600,0.0,0.0,0.0
2022-12-21,27.010000228881836,27.260000228881836,26.920000076293945,27.200000762939453,400100,0.0,0.0,0.0
2022-12-22,27.40999984741211,27.469999313354492,26.739999771118164,27.020000457763672,444000,0.0,0.0,0.0
2022-12-23,27.5,27.84000015258789,27.459999084472656,27.81999969482422,297500,0.0,0.0,0.0
2022-12-27,27.8799991607666,28.309999465942383,27.760000228881836,27.90999984741211,642100,0.0,0.0,0.0
2022-12-28,27.799999237060547,27.809999465942383,27.1299991607666,27.5,847200,0.0,0.0,0.0
2022-12-29,27.1299991607666,27.530000686645508,27.020000457763672,27.520000457763672,246000,0.0,0.0,0.0
2022-12-30,27.520000457763672,28.309999465942383,27.520000457763672,28.280000686645508,316200,0.0,0.0,0.0
2023-01-03,27.709999084472656,28.100000381469727,26.920000076293945,27.1299991607666,593500,0.0,0.0,0.0
2023-01-04,26.219999313354492,26.229999542236328,25.579999923706055,25.690000534057617,547300,0.0,0.0,0.0
2023-01-05,25.739999771118164,26.239999771118164,25.59000015258789,25.8799991607666,234500,0.0,0.0,0.0
2023-01-06,26.350000381469727,26.450000762939453,25.700000762939453,25.81999969482422,197100,0.0,0.0,0.0
2023-01-09,26.479999542236328,26.780000686645508,26.139999389648438,26.239999771118164,206200,0.0,0.0,0.0
2023-01-10,26.40999984741211,26.6299991607666,26.030000686645508,26.309999465942383,171400,0.0,0.0,0.0
2023-01-11,26.920000076293945,27.31999969482422,26.649999618530273,27.280000686645508,431200,0.0,0.0,0.0
2023-01-12,27.739999771118164,27.8700008392334,27.479999542236328,27.6299991607666,128400,0.0,0.0,0.0
2023-01-13,27.8799991607666,28.139999389648438,27.75,28.110000610351562,237400,0.0,0.0,0.0
2023-01-17,28.399999618530273,28.600000381469727,27.959999084472656,28.540000915527344,296100,0.0,0.0,0.0
2023-01-18,28.81999969482422,28.950000762939453,27.8799991607666,27.93000030517578,813600,0.0,0.0,0.0
2023-01-19,28.229999542236328,28.59000015258789,28.030000686645508,28.399999618530273,238500,0.0,0.0,0.0
2023-01-20,28.559999465942383,28.899999618530273,28.200000762939453,28.8700008392334,301700,0.0,0.0,0.0
2023-01-23,29.06999969482422,29.290000915527344,28.920000076293945,28.950000762939453,355900,0.0,0.0,0.0
2023-01-24,29.030000686645508,29.059999465942383,28.299999237060547,28.3799991607666,248300,0.0,0.0,0.0
2023-01-25,28.3799991607666,28.639999389648438,28.1299991607666,28.450000762939453,105700,0.0,0.0,0.0
2023-01-26,28.920000076293945,28.940000534057617,28.440000534057617,28.729999542236328,85400,0.0,0.0,0.0
2023-01-27,29.079999923706055,29.110000610351562,28.149999618530273,28.31999969482422,237500,0.0,0.0,0.0
2023-01-30,28.040000915527344,28.459999084472656,27.739999771118164,27.770000457763672,473000,0.0,0.0,0.0
2023-01-31,27.65999984741211,28.229999542236328,27.56999969482422,28.15999984741211,207700,0.0,0.0,0.0
2023-02-01,28.059999465942383,28.149999618530273,27.1200008392334,27.399999618530273,275400,0.0,0.0,0.0
2023-02-02,27.190000534057617,27.399999618530273,26.75,27.030000686645508,311700,0.0,0.0,0.0
2023-02-03,27.079999923706055,27.719999313354492,26.25,26.25,231500,0.0,0.0,0.0
2023-02-06,26.600000381469727,26.790000915527344,26.059999465942383,26.790000915527344,407000,0.0,0.0,0.0
2023-02-07,26.8799991607666,27.65999984741211,26.860000610351562,27.6299991607666,182800,0.0,0.0,0.0
2023-02-08,27.850000381469727,28.049999237060547,27.56999969482422,28.030000686645508,482100,0.0,0.0,0.0
2023-02-09,27.68000030517578,27.899999618530273,27.3700008392334,27.719999313354492,264800,0.0,0.0,0.0
2023-02-10,28.190000534057617,28.540000915527344,28.18000030517578,28.520000457763672,223700,0.0,0.0,0.0
2023-02-13,28.270000457763672,28.649999618530273,28.170000076293945,28.34000015258789,112900,0.0,0.0,0.0
2023-02-14,27.84000015258789,28.31999969482422,27.729999542236328,28.25,171400,0.0,0.0,0.0
2023-02-15,28.0,28.270000457763672,27.65999984741211,28.149999618530273,328300,0.0,0.0,0.0
2023-02-16,28.06999969482422,28.280000686645508,27.8799991607666,27.90999984741211,194900,0.0,0.0,0.0
2023-02-17,27.100000381469727,27.469999313354492,26.979999542236328,27.350000381469727,168800,0.0,0.0,0.0
2023-02-21,27.559999465942383,27.690000534057617,27.239999771118164,27.31999969482422,130700,0.0,0.0,0.0
2023-02-22,27.170000076293945,27.290000915527344,26.59000015258789,26.610000610351562,76300,0.0,0.0,0.0
2023-02-23,27.110000610351562,27.290000915527344,26.920000076293945,27.200000762939453,121500,0.0,0.0,0.0
2023-02-24,26.920000076293945,27.489999771118164,26.75,27.479999542236328,126000,0.0,0.0,0.0
2023-02-27,27.34000015258789,27.34000015258789,26.969999313354492,27.15999984741211,101400,0.0,0.0,0.0
2023-02-28,27.719999313354492,27.770000457763672,27.530000686645508,27.540000915527344,117800,0.0,0.0,0.0
2023-03-01,27.559999465942383,28.0,27.459999084472656,27.989999771118164,251600,0.0,0.0,0.0
2023-03-02,28.059999465942383,28.200000762939453,27.8799991607666,28.020000457763672,138000,0.0,0.0,0.0
2023-03-03,27.56999969482422,28.479999542236328,27.530000686645508,28.479999542236328,346700,0.0,0.0,0.0
2023-03-06,28.209999084472656,28.6299991607666,28.1299991607666,28.6299991607666,268200,0.0,0.0,0.0
2023-03-07,28.459999084472656,28.479999542236328,27.450000762939453,27.559999465942383,182600,0.0,0.0,0.0
2023-03-08,27.31999969482422,27.600000381469727,27.209999084472656,27.329999923706055,115400,0.0,0.0,0.0
2023-03-09,27.68000030517578,27.84000015258789,26.989999771118164,27.040000915527344,263000,0.0,0.0,0.0
2023-03-10,27.06999969482422,27.520000457763672,26.989999771118164,27.40999984741211,501100,0.0,0.0,0.0
2023-03-13,26.440000534057617,27.309999465942383,26.260000228881836,26.6299991607666,319700,0.0,0.0,0.0
2023-03-14,26.190000534057617,26.690000534057617,25.5,25.719999313354492,646400,0.0,0.0,0.0
2023-03-15,24.68000030517578,24.940000534057617,23.770000457763672,24.6299991607666,1019300,0.0,0.0,0.0
2023-03-16,24.15999984741211,25.049999237060547,23.84000015258789,24.68000030517578,775600,0.0,0.0,0.0
2023-03-17,24.56999969482422,24.56999969482422,23.690000534057617,24.059999465942383,792700,0.0,0.0,0.0
2023-03-20,24.09000015258789,24.510000228881836,23.84000015258789,24.489999771118164,383500,0.0,0.0,0.0
2023-03-21,24.75,25.020000457763672,24.579999923706055,24.989999771118164,289000,0.0,0.0,0.0
2023-03-22,25.040000915527344,25.549999237060547,24.860000610351562,25.170000076293945,323900,0.0,0.0,0.0
2023-03-23,25.469999313354492,25.65999984741211,24.8799991607666,24.90999984741211,584100,0.0,0.0,0.0
2023-03-24,24.610000610351562,24.940000534057617,24.43000030517578,24.84000015258789,265700,0.0,0.0,0.0
2023-03-27,25.290000915527344,25.979999542236328,25.149999618530273,25.889999389648438,717800,0.0,0.0,0.0
2023-03-28,25.780000686645508,26.209999084472656,25.780000686645508,26.09000015258789,234200,0.0,0.0,0.0
2023-03-29,26.239999771118164,26.329999923706055,25.770000457763672,25.84000015258789,274700,0.0,0.0,0.0
2023-03-30,26.06999969482422,26.280000686645508,25.809999465942383,26.15999984741211,316700,0.0,0.0,0.0
2023-03-31,26.360000610351562,26.6200008392334,26.1299991607666,26.579999923706055,1004100,0.0,0.0,0.0
2023-04-03,28.149999618530273,28.440000534057617,28.0,28.309999465942383,930200,0.0,0.0,0.0
2023-04-04,28.600000381469727,28.600000381469727,27.959999084472656,28.260000228881836,446400,0.0,0.0,0.0
2023-04-05,28.309999465942383,28.40999984741211,28.020000457763672,28.280000686645508,207800,0.0,0.0,0.0
2023-04-06,28.329999923706055,28.389999389648438,28.110000610351562,28.329999923706055,114200,0.0,0.0,0.0
2023-04-10,28.280000686645508,28.489999771118164,28.049999237060547,28.09000015258789,100600,0.0,0.0,0.0
2023-04-11,28.170000076293945,28.56999969482422,28.110000610351562,28.520000457763672,174900,0.0,0.0,0.0
2023-04-12,28.809999465942383,29.190000534057617,28.780000686645508,29.09000015258789,281600,0.0,0.0,0.0
2023-04-13,29.049999237060547,29.139999389648438,28.719999313354492,28.780000686645508,278100,0.0,0.0,0.0
2023-04-14,28.809999465942383,28.979999542236328,28.559999465942383,28.860000610351562,250000,0.0,0.0,0.0
2023-04-17,28.65999984741211,28.719999313354492,28.190000534057617,28.31999969482422,199000,0.0,0.0,0.0
2023-04-18,28.31999969482422,28.510000228881836,28.020000457763672,28.270000457763672,137500,0.0,0.0,0.0
2023-04-19,27.850000381469727,27.989999771118164,27.559999465942383,27.719999313354492,137500,0.0,0.0,0.0
2023-04-20,27.149999618530273,27.290000915527344,27.0,27.049999237060547,206500,0.0,0.0,0.0
2023-04-21,27.3799991607666,27.40999984741211,27.149999618530273,27.309999465942383,53900,0.0,0.0,0.0
2023-04-24,27.260000228881836,27.770000457763672,27.18000030517578,27.68000030517578,137400,0.0,0.0,0.0
2023-04-25,27.40999984741211,27.40999984741211,26.90999984741211,27.010000228881836,131200,0.0,0.0,0.0
2023-04-26,26.760000228881836,27.030000686645508,26.0,26.06999969482422,288100,0.0,0.0,0.0
2023-04-27,26.190000534057617,26.34000015258789,25.959999084472656,26.260000228881836,195100,0.0,0.0,0.0
2023-04-28,26.350000381469727,27.030000686645508,26.239999771118164,26.940000534057617,178000,0.0,0.0,0.0
2023-05-01,26.530000686645508,26.75,26.25,26.649999618530273,97400,0.0,0.0,0.0
2023-05-02,26.219999313354492,26.219999313354492,25.209999084472656,25.270000457763672,233400,0.0,0.0,0.0
2023-05-03,24.559999465942383,24.56999969482422,24.079999923706055,24.149999618530273,996700,0.0,0.0,0.0
2023-05-04,24.280000686645508,24.760000228881836,24.020000457763672,24.31999969482422,975000,0.0,0.0,0.0
2023-05-05,25.190000534057617,25.440000534057617,25.149999618530273,25.290000915527344,607100,0.0,0.0,0.0
2023-05-08,25.959999084472656,26.010000228881836,25.670000076293945,25.760000228881836,299300,0.0,0.0,0.0
2023-05-09,25.549999237060547,26.030000686645508,25.239999771118164,25.950000762939453,514600,0.0,0.0,0.0
2023-05-10,25.899999618530273,25.899999618530273,25.43000030517578,25.729999542236328,672200,0.0,0.0,0.0
2023-05-11,25.31999969482422,25.489999771118164,25.079999923706055,25.3799991607666,458500,0.0,0.0,0.0
2023-05-12,25.3700008392334,25.479999542236328,24.889999389648438,24.940000534057617,328900,0.0,0.0,0.0
2023-05-15,25.219999313354492,25.459999084472656,25.079999923706055,25.31999969482422,603500,0.0,0.0,0.0
2023-05-16,25.329999923706055,25.5,25.049999237060547,25.079999923706055,592300,0.0,0.0,0.0
2023-05-17,25.56999969482422,25.989999771118164,25.25,25.850000381469727,696200,0.0,0.0,0.0
2023-05-18,25.709999084472656,25.719999313354492,25.399999618530273,25.559999465942383,410200,0.0,0.0,0.0
2023-05-19,25.799999237060547,25.860000610351562,25.280000686645508,25.530000686645508,159800,0.0,0.0,0.0
2023-05-22,25.40999984741211,25.709999084472656,25.329999923706055,25.559999465942383,417300,0.0,0.0,0.0
2023-05-23,25.829999923706055,26.100000381469727,25.770000457763672,25.920000076293945,434700,0.0,0.0,0.0
2023-05-24,26.31999969482422,26.450000762939453,25.940000534057617,26.270000457763672,635800,0.0,0.0,0.0
2023-05-25,25.780000686645508,25.8700008392334,25.309999465942383,25.68000030517578,763300,0.0,0.0,0.0
2023-05-26,26.0,26.030000686645508,25.799999237060547,25.989999771118164,331800,0.0,0.0,0.0
2023-05-30,25.170000076293945,25.209999084472656,24.719999313354492,24.959999084472656,879300,0.0,0.0,0.0
2023-05-31,24.68000030517578,24.899999618530273,24.389999389648438,24.389999389648438,2222000,0.0,0.0,0.0
2023-06-01,24.3700008392334,25.3799991607666,24.329999923706055,25.040000915527344,954100,0.0,0.0,0.0
2023-06-02,25.670000076293945,25.809999465942383,25.43000030517578,25.760000228881836,1209900,0.0,0.0,0.0
2023-06-05,26.239999771118164,26.260000228881836,25.780000686645508,25.780000686645508,590700,0.0,0.0,0.0
2023-06-06,25.420000076293945,25.899999618530273,25.399999618530273,25.65999984741211,543800,0.0,0.0,0.0
2023-06-07,25.920000076293945,26.190000534057617,25.81999969482422,25.959999084472656,425000,0.0,0.0,0.0
2023-06-08,26.030000686645508,26.049999237060547,24.829999923706055,25.530000686645508,1979400,0.0,0.0,0.0
2023-06-09,25.600000381469727,25.84000015258789,25.229999542236328,25.280000686645508,475100,0.0,0.0,0.0
2023-06-12,24.600000381469727,24.670000076293945,24.190000534057617,24.239999771118164,833400,0.0,0.0,0.0
2023-06-13,25.0,25.209999084472656,24.969999313354492,24.989999771118164,407200,0.0,0.0,0.0
2023-06-14,25.3799991607666,25.440000534057617,24.670000076293945,24.8700008392334,808100,0.0,0.0,0.0
2023-06-15,25.040000915527344,25.65999984741211,25.010000228881836,25.530000686645508,1092000,0.0,0.0,0.0
2023-06-16,25.559999465942383,25.920000076293945,25.469999313354492,25.850000381469727,406500,0.0,0.0,0.0
2023-06-20,25.6200008392334,25.700000762939453,25.190000534057617,25.670000076293945,405400,0.0,0.0,0.0
2023-06-21,25.6200008392334,26.100000381469727,25.59000015258789,26.09000015258789,377500,0.0,0.0,0.0
2023-06-22,25.360000610351562,25.479999542236328,24.940000534057617,25.079999923706055,618800,0.0,0.0,0.0
2023-06-23,24.520000457763672,25.06999969482422,24.489999771118164,25.040000915527344,255300,0.0,0.0,0.0
2023-06-26,24.969999313354492,25.34000015258789,24.940000534057617,25.18000030517578,386400,0.0,0.0,0.0
2023-06-27,25.010000228881836,25.1200008392334,24.450000762939453,24.520000457763672,891800,0.0,0.0,0.0
2023-06-28,24.559999465942383,25.149999618530273,24.34000015258789,24.959999084472656,643200,0.0,0.0,0.0
2023-06-29,25.06999969482422,25.399999618530273,24.8799991607666,25.18000030517578,519900,0.0,0.0,0.0
2023-06-30,25.360000610351562,25.6299991607666,25.270000457763672,25.469999313354492,715900,0.0,0.0,0.0
2023-07-03,25.56999969482422,25.700000762939453,25.309999465942383,25.420000076293945,818400,0.0,0.0,0.0
2023-07-05,25.93000030517578,26.020000457763672,25.649999618530273,25.940000534057617,480700,0.0,0.0,0.0
2023-07-06,25.829999923706055,25.950000762939453,25.3799991607666,25.899999618530273,570700,0.0,0.0,0.0
2023-07-07,25.809999465942383,26.559999465942383,25.799999237060547,26.479999542236328,805600,0.0,0.0,0.0
2023-07-10,26.3700008392334,26.649999618530273,26.18000030517578,26.34000015258789,532700,0.0,0.0,0.0
2023-07-11,26.5,26.899999618530273,26.440000534057617,26.889999389648438,447100,0.0,0.0,0.0
2023-07-12,27.1200008392334,27.260000228881836,26.959999084472656,27.190000534057617,424300,0.0,0.0,0.0
2023-07-13,27.1299991607666,27.670000076293945,27.040000915527344,27.65999984741211,762900,0.0,0.0,0.0
2023-07-14,27.459999084472656,27.459999084472656,26.969999313354492,26.989999771118164,385000,0.0,0.0,0.0
2023-07-17,26.729999542236328,26.90999984741211,26.549999237060547,26.559999465942383,341400,0.0,0.0,0.0
2023-07-18,26.6200008392334,27.09000015258789,26.559999465942383,26.989999771118164,263200,0.0,0.0,0.0
2023-07-19,27.200000762939453,27.399999618530273,26.829999923706055,26.90999984741211,250100,0.0,0.0,0.0
2023-07-20,27.1200008392334,27.18000030517578,26.65999984741211,26.989999771118164,288000,0.0,0.0,0.0
2023-07-21,27.190000534057617,27.5,27.059999465942383,27.3799991607666,267000,0.0,0.0,0.0
2023-07-24,27.610000610351562,28.139999389648438,27.479999542236328,28.059999465942383,365700,0.0,0.0,0.0
2023-07-25,27.940000534057617,28.329999923706055,27.8799991607666,28.25,224500,0.0,0.0,0.0
2023-07-26,28.040000915527344,28.31999969482422,27.969999313354492,28.040000915527344,279000,0.0,0.0,0.0
2023-07-27,28.200000762939453,28.549999237060547,28.049999237060547,28.34000015258789,367300,0.0,0.0,0.0
2023-07-28,28.329999923706055,28.690000534057617,28.139999389648438,28.639999389648438,184600,0.0,0.0,0.0
2023-07-31,28.889999389648438,29.06999969482422,28.799999237060547,29.040000915527344,328400,0.0,0.0,0.0
2023-08-01,28.84000015258789,29.010000228881836,28.6299991607666,28.93000030517578,415200,0.0,0.0,0.0
2023-08-02,28.81999969482422,28.81999969482422,28.1299991607666,28.3700008392334,661700,0.0,0.0,0.0
2023-08-03,28.40999984741211,29.020000457763672,28.399999618530273,28.979999542236328,692900,0.0,0.0,0.0
2023-08-04,29.040000915527344,29.440000534057617,28.940000534057617,29.229999542236328,328000,0.0,0.0,0.0
2023-08-07,29.18000030517578,29.18000030517578,28.920000076293945,29.170000076293945,275100,0.0,0.0,0.0
2023-08-08,28.649999618530273,29.350000381469727,28.469999313354492,29.25,306700,0.0,0.0,0.0
2023-08-09,29.549999237060547,29.799999237060547,29.360000610351562,29.729999542236328,449300,0.0,0.0,0.0
2023-08-10,29.579999923706055,29.75,29.31999969482422,29.3799991607666,835600,0.0,0.0,0.0
2023-08-11,29.399999618530273,29.709999084472656,29.329999923706055,29.489999771118164,700800,0.0,0.0,0.0
2023-08-14,29.299999237060547,29.489999771118164,29.170000076293945,29.350000381469727,336100,0.0,0.0,0.0
2023-08-15,29.1299991607666,29.149999618530273,28.690000534057617,28.889999389648438,331100,0.0,0.0,0.0
2023-08-16,28.950000762939453,29.040000915527344,28.290000915527344,28.309999465942383,356500,0.0,0.0,0.0
2023-08-17,28.780000686645508,28.889999389648438,28.5,28.520000457763672,459100,0.0,0.0,0.0
2023-08-18,28.6200008392334,28.959999084472656,28.530000686645508,28.860000610351562,241700,0.0,0.0,0.0
2023-08-21,29.1200008392334,29.139999389648438,28.729999542236328,28.760000228881836,172900,0.0,0.0,0.0
2023-08-22,28.799999237060547,28.850000381469727,28.59000015258789,28.649999618530273,220900,0.0,0.0,0.0
2023-08-23,28.09000015258789,28.530000686645508,27.959999084472656,28.270000457763672,536300,0.0,0.0,0.0
2023-08-24,28.079999923706055,28.440000534057617,27.940000534057617,28.31999969482422,506600,0.0,0.0,0.0
2023-08-25,28.790000915527344,28.889999389648438,28.149999618530273,28.799999237060547,566500,0.0,0.0,0.0
2023-08-28,28.729999542236328,29.0,28.610000610351562,28.719999313354492,405000,0.0,0.0,0.0
2023-08-29,28.850000381469727,29.09000015258789,28.520000457763672,29.059999465942383,672700,0.0,0.0,0.0
2023-08-30,29.229999542236328,29.329999923706055,28.979999542236328,29.190000534057617,365100,0.0,0.0,0.0
2023-08-31,29.489999771118164,29.75,29.280000686645508,29.719999313354492,582800,0.0,0.0,0.0
2023-09-01,30.059999465942383,30.440000534057617,30.049999237060547,30.440000534057617,732500,0.0,0.0,0.0
2023-09-05,30.969999313354492,31.25,30.670000076293945,30.8700008392334,858800,0.0,0.0,0.0
2023-09-06,30.75,31.219999313354492,30.65999984741211,31.139999389648438,456400,0.0,0.0,0.0
2023-09-07,30.950000762939453,31.09000015258789,30.68000030517578,30.8799991607666,890400,0.0,0.0,0.0
2023-09-08,30.979999542236328,31.209999084472656,30.8799991607666,31.030000686645508,690700,0.0,0.0,0.0
2023-09-11,31.309999465942383,31.360000610351562,30.959999084472656,31.06999969482422,295200,0.0,0.0,0.0
2023-09-12,31.450000762939453,31.700000762939453,31.43000030517578,31.6200008392334,396300,0.0,0.0,0.0
2023-09-13,31.68000030517578,31.75,31.440000534057617,31.610000610351562,357900,0.0,0.0,0.0
2023-09-14,32.0,32.22999954223633,31.979999542236328,32.220001220703125,543700,0.0,0.0,0.0
2023-09-15,31.8799991607666,32.31999969482422,31.799999237060547,32.31999969482422,472500,0.0,0.0,0.0
2023-09-18,32.540000915527344,32.58000183105469,32.16999816894531,32.439998626708984,332500,0.0,0.0,0.0
2023-09-19,32.709999084472656,32.75,32.310001373291016,32.45000076293945,373100,0.0,0.0,0.0
2023-09-20,32.09000015258789,32.47999954223633,31.950000762939453,31.969999313354492,438400,0.0,0.0,0.0
2023-09-21,32.36000061035156,32.459999084472656,32.0099983215332,32.0099983215332,535600,0.0,0.0,0.0
2023-09-22,32.41999816894531,32.439998626708984,31.829999923706055,32.04999923706055,505100,0.0,0.0,0.0
2023-09-25,32.04999923706055,32.060001373291016,31.700000762939453,31.989999771118164,391100,0.0,0.0,0.0
2023-09-26,31.81999969482422,32.220001220703125,31.780000686645508,32.16999816894531,405500,0.0,0.0,0.0
2023-09-27,32.63999938964844,32.95000076293945,32.58000183105469,32.779998779296875,841500,0.0,0.0,0.0
2023-09-28,32.59000015258789,32.7400016784668,32.2599983215332,32.369998931884766,624600,0.0,0.0,0.0
2023-09-29,32.4900016784668,32.5099983215332,31.989999771118164,32.06999969482422,829500,0.0,0.0,0.0
2023-10-02,32.2400016784668,32.279998779296875,31.440000534057617,31.5,533800,0.0,0.0,0.0
2023-10-03,31.600000381469727,31.850000381469727,31.389999389648438,31.719999313354492,1177000,0.0,0.0,0.0
2023-10-04,30.969999313354492,30.969999313354492,29.84000015258789,29.989999771118164,1139600,0.0,0.0,0.0
2023-10-05,29.3700008392334,29.90999984741211,29.18000030517578,29.290000915527344,991900,0.0,0.0,0.0
2023-10-06,29.5,29.559999465942383,29.06999969482422,29.389999389648438,619300,0.0,0.0,0.0
2023-10-09,30.469999313354492,30.760000228881836,30.290000915527344,30.690000534057617,656400,0.0,0.0,0.0
2023-10-10,30.690000534057617,30.690000534057617,30.270000457763672,30.479999542236328,678400,0.0,0.0,0.0
2023-10-11,30.229999542236328,30.31999969482422,29.68000030517578,30.059999465942383,823000,0.0,0.0,0.0
2023-10-12,30.489999771118164,30.489999771118164,29.780000686645508,30.110000610351562,613100,0.0,0.0,0.0
2023-10-13,31.049999237060547,31.690000534057617,30.850000381469727,31.670000076293945,476500,0.0,0.0,0.0
2023-10-16,31.5,31.600000381469727,31.18000030517578,31.3700008392334,392000,0.0,0.0,0.0
2023-10-17,31.200000762939453,31.530000686645508,30.979999542236328,31.479999542236328,404500,0.0,0.0,0.0
2023-10-18,31.799999237060547,32.02000045776367,31.649999618530273,31.84000015258789,367600,0.0,0.0,0.0
2023-10-19,31.6200008392334,32.529998779296875,31.450000762939453,32.5099983215332,339900,0.0,0.0,0.0
2023-10-20,32.4900016784668,32.63999938964844,31.989999771118164,32.16999816894531,452900,0.0,0.0,0.0
2023-10-23,32.02000045776367,32.04999923706055,31.329999923706055,31.540000915527344,707000,0.0,0.0,0.0
2023-10-24,31.209999084472656,31.280000686645508,30.559999465942383,30.81999969482422,1115600,0.0,0.0,0.0
2023-10-25,30.8700008392334,31.600000381469727,30.350000381469727,31.459999084472656,1748900,0.0,0.0,0.0
2023-10-26,30.899999618530273,31.18000030517578,30.729999542236328,30.899999618530273,745200,0.0,0.0,0.0
2023-10-27,31.139999389648438,31.639999389648438,30.739999771118164,31.440000534057617,898100,0.0,0.0,0.0
2023-10-30,31.079999923706055,31.200000762939453,30.3799991607666,30.68000030517578,2089800,0.0,0.0,0.0
2023-10-31,30.709999084472656,30.969999313354492,30.020000457763672,30.200000762939453,1634100,0.0,0.0,0.0
2023-11-01,30.780000686645508,30.84000015258789,29.950000762939453,30.079999923706055,1553200,0.0,0.0,0.0
2023-11-02,30.219999313354492,30.829999923706055,30.149999618530273,30.700000762939453,759400,0.0,0.0,0.0
2023-11-03,30.3799991607666,30.799999237060547,29.959999084472656,30.190000534057617,1329400,0.0,0.0,0.0
2023-11-06,30.56999969482422,30.600000381469727,30.149999618530273,30.190000534057617,415300,0.0,0.0,0.0
2023-11-07,29.43000030517578,29.459999084472656,28.8799991607666,28.959999084472656,754300,0.0,0.0,0.0
2023-11-08,28.719999313354492,28.8799991607666,28.06999969482422,28.270000457763672,908900,0.0,0.0,0.0
2023-11-09,28.5,28.8799991607666,28.260000228881836,28.299999237060547,603100,0.0,0.0,0.0
2023-11-10,28.709999084472656,29.09000015258789,28.649999618530273,28.899999618530273,362900,0.0,0.0,0.0
2023-11-13,28.940000534057617,29.360000610351562,28.899999618530273,29.350000381469727,407300,0.0,0.0,0.0
2023-11-14,29.479999542236328,29.770000457763672,29.110000610351562,29.25,487500,0.0,0.0,0.0
2023-11-15,28.920000076293945,29.149999618530273,28.649999618530273,28.719999313354492,816100,0.0,0.0,0.0
2023-11-16,28.049999237060547,28.100000381469727,27.170000076293945,27.469999313354492,1183000,0.0,0.0,0.0
2023-11-17,27.93000030517578,28.639999389648438,27.93000030517578,28.530000686645508,882400,0.0,0.0,0.0
2023-11-20,29.100000381469727,29.40999984741211,29.020000457763672,29.139999389648438,392900,0.0,0.0,0.0
2023-11-21,29.049999237060547,29.290000915527344,28.93000030517578,29.290000915527344,435000,0.0,0.0,0.0
2023-11-22,28.020000457763672,29.06999969482422,27.850000381469727,28.940000534057617,704300,0.0,0.0,0.0
2023-11-24,28.770000457763672,29.110000610351562,28.690000534057617,28.700000762939453,486100,0.0,0.0,0.0
2023-11-27,28.520000457763672,28.809999465942383,28.239999771118164,28.389999389648438,641000,0.0,0.0,0.0
2023-11-28,28.639999389648438,29.100000381469727,28.510000228881836,28.889999389648438,513000,0.0,0.0,0.0
2023-11-29,29.190000534057617,29.469999313354492,28.670000076293945,29.360000610351562,1499000,0.0,0.0,0.0
2023-11-30,29.790000915527344,30.010000228881836,28.43000030517578,28.43000030517578,2402800,0.0,0.0,0.0
2023-12-01,28.709999084472656,28.959999084472656,27.979999542236328,28.049999237060547,1109700,0.0,0.0,0.0
2023-12-04,27.81999969482422,28.260000228881836,27.549999237060547,27.799999237060547,900800,0.0,0.0,0.0
2023-12-05,27.920000076293945,28.09000015258789,27.40999984741211,27.450000762939453,1322000,0.0,0.0,0.0
2023-12-06,26.889999389648438,27.0,26.350000381469727,26.40999984741211,1564300,0.0,0.0,0.0
2023-12-07,26.719999313354492,26.739999771118164,26.18000030517578,26.469999313354492,961600,0.0,0.0,0.0
2023-12-08,26.84000015258789,27.139999389648438,26.75,26.950000762939453,665200,0.0,0.0,0.0
2023-12-11,26.950000762939453,27.170000076293945,26.770000457763672,27.06999969482422,387100,0.0,0.0,0.0
2023-12-12,26.34000015258789,26.389999389648438,25.920000076293945,26.09000015258789,615300,0.0,0.0,0.0
2023-12-13,26.139999389648438,26.540000915527344,26.100000381469727,26.540000915527344,493900,0.0,0.0,0.0
2023-12-14,27.18000030517578,27.510000228881836,27.18000030517578,27.299999237060547,1409600,0.0,0.0,0.0
2023-12-15,27.329999923706055,27.399999618530273,26.799999237060547,27.309999465942383,615000,0.0,0.0,0.0
2023-12-18,28.030000686645508,28.280000686645508,27.600000381469727,27.790000915527344,570900,0.0,0.0,0.0
2023-12-19,27.8799991607666,28.31999969482422,27.860000610351562,28.299999237060547,572400,0.0,0.0,0.0
2023-12-20,28.56999969482422,28.6200008392334,28.09000015258789,28.09000015258789,586400,0.0,0.0,0.0
2023-12-21,27.850000381469727,28.18000030517578,27.829999923706055,28.1299991607666,607900,0.0,0.0,0.0
2023-12-22,28.360000610351562,28.450000762939453,27.940000534057617,28.010000228881836,627400,0.0,0.0,0.0
2023-12-26,28.719999313354492,28.940000534057617,28.59000015258789,28.610000610351562,597800,0.0,0.0,0.0
2023-12-27,28.540000915527344,28.6299991607666,28.18000030517578,28.190000534057617,483200,0.0,0.0,0.0
2023-12-28,27.90999984741211,28.1200008392334,27.40999984741211,27.479999542236328,809600,0.0,0.0,0.0
2023-12-29,27.65999984741211,27.700000762939453,27.280000686645508,27.309999465942383,525100,0.0,0.0,0.0
2024-01-02,27.68000030517578,27.68000030517578,26.889999389648438,27.0,1184900,0.0,0.0,0.0
2024-01-03,27.459999084472656,27.959999084472656,27.389999389648438,27.920000076293945,549400,0.0,0.0,0.0
2024-01-04,27.8799991607666,27.959999084472656,27.219999313354492,27.610000610351562,1002100,0.0,0.0,0.0
2024-01-05,28.030000686645508,28.190000534057617,27.850000381469727,28.049999237060547,568100,0.0,0.0,0.0
2024-01-08,26.959999084472656,27.209999084472656,26.780000686645508,27.190000534057617,655200,0.0,0.0,0.0
2024-01-09,27.549999237060547,27.790000915527344,27.31999969482422,27.56999969482422,546700,0.0,0.0,0.0
2024-01-10,27.899999618530273,28.0,27.190000534057617,27.299999237060547,769200,0.0,0.0,0.0
2024-01-11,27.950000762939453,28.149999618530273,27.469999313354492,27.700000762939453,645200,0.0,0.0,0.0
2024-01-12,28.3700008392334,28.530000686645508,27.760000228881836,27.899999618530273,640000,0.0,0.0,0.0
2024-01-16,27.989999771118164,28.059999465942383,27.639999389648438,27.700000762939453,552600,0.0,0.0,0.0
2024-01-17,27.40999984741211,27.81999969482422,27.280000686645508,27.799999237060547,710400,0.0,0.0,0.0
2024-01-18,27.90999984741211,28.229999542236328,27.719999313354492,28.1299991607666,581100,0.0,0.0,0.0
2024-01-19,28.290000915527344,28.399999618530273,27.90999984741211,28.079999923706055,316300,0.0,0.0,0.0
2024-01-22,28.15999984741211,28.68000030517578,28.100000381469727,28.459999084472656,586200,0.0,0.0,0.0
2024-01-23,28.290000915527344,28.6299991607666,28.209999084472656,28.40999984741211,256100,0.0,0.0,0.0
2024-01-24,28.489999771118164,28.790000915527344,28.3799991607666,28.670000076293945,640500,0.0,0.0,0.0
2024-01-25,29.0,29.420000076293945,28.84000015258789,29.34000015258789,724700,0.0,0.0,0.0
2024-01-26,29.270000457763672,29.81999969482422,28.969999313354492,29.799999237060547,626700,0.0,0.0,0.0
2024-01-29,29.540000915527344,29.540000915527344,29.219999313354492,29.40999984741211,565700,0.0,0.0,0.0
2024-01-30,29.34000015258789,29.719999313354492,29.229999542236328,29.579999923706055,594600,0.0,0.0,0.0
2024-01-31,29.450000762939453,29.459999084472656,28.790000915527344,28.850000381469727,1099400,0.0,0.0,0.0
2024-02-01,29.110000610351562,29.25,28.200000762939453,28.239999771118164,2426400,0.0,0.0,0.0
2024-02-02,27.8700008392334,27.989999771118164,27.579999923706055,27.690000534057617,1180000,0.0,0.0,0.0
2024-02-05,27.84000015258789,28.100000381469727,27.5,28.010000228881836,645900,0.0,0.0,0.0
2024-02-06,28.170000076293945,28.3799991607666,28.010000228881836,28.25,783200,0.0,0.0,0.0
2024-02-07,28.309999465942383,28.510000228881836,28.239999771118164,28.5,780100,0.0,0.0,0.0
2024-02-08,28.889999389648438,29.399999618530273,28.8700008392334,29.360000610351562,784900,0.0,0.0,0.0
2024-02-09,29.479999542236328,29.600000381469727,29.219999313354492,29.40999984741211,678300,0.0,0.0,0.0
2024-02-12,29.299999237060547,29.510000228881836,29.280000686645508,29.489999771118164,403800,0.0,0.0,0.0
2024-02-13,29.65999984741211,29.889999389648438,29.450000762939453,29.690000534057617,555700,0.0,0.0,0.0
2024-02-14,29.8700008392334,30.030000686645508,29.239999771118164,29.299999237060547,701900,0.0,0.0,0.0
2024-02-15,29.3700008392334,29.90999984741211,29.3700008392334,29.780000686645508,482600,0.0,0.0,0.0
2024-02-16,29.790000915527344,30.049999237060547,29.639999389648438,29.93000030517578,620600,0.0,0.0,0.0
2024-02-20,29.950000762939453,29.950000762939453,29.479999542236328,29.6299991607666,494900,0.0,0.0,0.0
2024-02-21,29.549999237060547,29.84000015258789,29.520000457763672,29.84000015258789,458100,0.0,0.0,0.0
2024-02-22,29.709999084472656,30.09000015258789,29.690000534057617,29.969999313354492,399100,0.0,0.0,0.0
2024-02-23,29.469999313354492,29.6299991607666,29.280000686645508,29.360000610351562,593800,0.0,0.0,0.0
2024-02-26,29.260000228881836,29.81999969482422,29.219999313354492,29.670000076293945,367400,0.0,0.0,0.0
2024-02-27,29.75,30.049999237060547,29.739999771118164,29.93000030517578,1042700,0.0,0.0,0.0
2024-02-28,30.09000015258789,30.190000534057617,29.68000030517578,29.809999465942383,669500,0.0,0.0,0.0
2024-02-29,29.829999923706055,30.079999923706055,29.68000030517578,29.729999542236328,624200,0.0,0.0,0.0
2024-03-01,30.200000762939453,30.639999389648438,30.149999618530273,30.290000915527344,444700,0.0,0.0,0.0
2024-03-04,30.520000457763672,30.540000915527344,30.020000457763672,30.100000381469727,457900,0.0,0.0,0.0
2024-03-05,29.950000762939453,30.219999313354492,29.739999771118164,29.829999923706055,1037200,0.0,0.0,0.0
2024-03-06,30.190000534057617,30.549999237060547,30.09000015258789,30.1200008392334,386400,0.0,0.0,0.0
2024-03-07,29.8700008392334,30.34000015258789,29.84000015258789,30.1200008392334,492300,0.0,0.0,0.0
2024-03-08,30.09000015258789,30.110000610351562,29.709999084472656,29.799999237060547,423300,0.0,0.0,0.0
2024-03-11,29.690000534057617,30.09000015258789,29.489999771118164,29.969999313354492,474700,0.0,0.0,0.0
2024-03-12,29.899999618530273,30.1299991607666,29.75,29.8700008392334,858400,0.0,0.0,0.0
2024-03-13,30.399999618530273,30.639999389648438,30.290000915527344,30.579999923706055,565900,0.0,0.0,0.0
2024-03-14,30.829999923706055,31.170000076293945,30.790000915527344,31.0,637800,0.0,0.0,0.0
2024-03-15,30.8700008392334,31.1299991607666,30.829999923706055,31.030000686645508,366500,0.0,0.0,0.0
2024-03-18,31.290000915527344,31.709999084472656,31.15999984741211,31.649999618530273,226200,0.0,0.0,0.0
2024-03-19,31.690000534057617,31.889999389648438,31.65999984741211,31.799999237060547,218900,0.0,0.0,0.0
2024-03-20,31.360000610351562,31.479999542236328,31.18000030517578,31.399999618530273,393100,0.0,0.0,0.0
2024-03-21,31.280000686645508,31.309999465942383,31.030000686645508,31.270000457763672,453700,0.0,0.0,0.0
2024-03-22,31.350000381469727,31.3700008392334,31.079999923706055,31.190000534057617,230700,0.0,0.0,0.0
2024-03-25,31.329999923706055,31.75,31.329999923706055,31.600000381469727,257000,0.0,0.0,0.0
2024-03-26,31.65999984741211,31.65999984741211,31.350000381469727,31.3700008392334,170600,0.0,0.0,0.0
2024-03-27,31.25,31.469999313354492,31.229999542236328,31.469999313354492,234000,0.0,0.0,0.0
2024-03-28,31.719999313354492,31.969999313354492,31.670000076293945,31.90999984741211,336200,0.0,0.0,0.0
2024-04-01,31.979999542236328,32.33000183105469,31.8799991607666,32.189998626708984,521300,0.0,0.0,0.0
2024-04-02,32.529998779296875,32.709999084472656,32.29999923706055,32.689998626708984,383700,0.0,0.0,0.0
2024-04-03,32.88999938964844,33.060001373291016,32.83000183105469,32.849998474121094,364700,0.0,0.0,0.0
2024-04-04,32.84000015258789,33.54999923706055,32.61000061035156,33.36000061035156,671900,0.0,0.0,0.0
2024-04-05,33.4900016784668,33.779998779296875,33.33000183105469,33.43000030517578,447500,0.0,0.0,0.0
2024-04-08,33.380001068115234,33.470001220703125,32.900001525878906,33.279998779296875,391000,0.0,0.0,0.0
2024-04-09,33.290000915527344,33.34000015258789,32.83000183105469,32.90999984741211,273800,0.0,0.0,0.0
2024-04-10,33.040000915527344,33.34000015258789,32.66999816894531,33.310001373291016,832000,0.0,0.0,0.0
2024-04-11,33.16999816894531,33.20000076293945,32.869998931884766,33.16999816894531,463000,0.0,0.0,0.0
2024-04-12,33.720001220703125,33.90999984741211,33.11000061035156,33.220001220703125,543100,0.0,0.0,0.0
2024-04-15,33.0,33.2599983215332,32.65999984741211,33.22999954223633,1398900,0.0,0.0,0.0
2024-04-16,33.099998474121094,33.25,32.959999084472656,33.11000061035156,732900,0.0,0.0,0.0
2024-04-17,32.689998626708984,32.91999816894531,32.08000183105469,32.15999984741211,751100,0.0,0.0,0.0
2024-04-18,32.189998626708984,32.31999969482422,31.860000610351562,32.040000915527344,419100,0.0,0.0,0.0
2024-04-19,32.02000045776367,32.31999969482422,31.979999542236328,32.06999969482422,620300,0.0,0.0,0.0
2024-04-22,31.68000030517578,32.06999969482422,31.579999923706055,32.0,422800,0.0,0.0,0.0
2024-04-23,31.790000915527344,32.470001220703125,31.760000228881836,32.43000030517578,464200,0.0,0.0,0.0
2024-04-24,32.36000061035156,32.58000183105469,32.189998626708984,32.36000061035156,372300,0.0,0.0,0.0
2024-04-25,32.29999923706055,32.689998626708984,32.029998779296875,32.68000030517578,401300,0.0,0.0,0.0
2024-04-26,32.86000061035156,32.869998931884766,32.560001373291016,32.72999954223633,381200,0.0,0.0,0.0
2024-04-29,32.63999938964844,32.709999084472656,32.31999969482422,32.43000030517578,403400,0.0,0.0,0.0
2024-04-30,32.220001220703125,32.290000915527344,31.770000457763672,31.969999313354492,489300,0.0,0.0,0.0
2024-05-01,31.579999923706055,31.899999618530273,30.969999313354492,31.020000457763672,880600,0.0,0.0,0.0
2024-05-02,31.139999389648438,31.280000686645508,30.8799991607666,31.100000381469727,733400,0.0,0.0,0.0
2024-05-03,31.06999969482422,31.149999618530273,30.790000915527344,30.829999923706055,599100,0.0,0.0,0.0
2024-05-06,31.010000228881836,31.15999984741211,30.790000915527344,31.020000457763672,1055700,0.0,0.0,0.0
2024-05-07,30.8799991607666,31.190000534057617,30.65999984741211,30.940000534057617,495700,0.0,0.0,0.0
2024-05-08,30.65999984741211,31.170000076293945,30.59000015258789,31.149999618530273,525100,0.0,0.0,0.0
2024-05-09,31.1200008392334,31.34000015258789,31.059999465942383,31.31999969482422,437000,0.0,0.0,0.0
2024-05-10,31.350000381469727,31.40999984741211,30.790000915527344,30.829999923706055,513600,0.0,0.0,0.0
2024-05-13,30.959999084472656,31.200000762939453,30.8700008392334,31.079999923706055,451200,0.0,0.0,0.0
2024-05-14,30.75,30.959999084472656,30.56999969482422,30.690000534057617,400300,0.0,0.0,0.0
2024-05-15,30.3700008392334,30.889999389648438,30.170000076293945,30.8799991607666,914700,0.0,0.0,0.0
2024-05-16,31.110000610351562,31.190000534057617,30.889999389648438,31.020000457763672,379900,0.0,0.0,0.0
2024-05-17,31.030000686645508,31.280000686645508,30.959999084472656,31.25,260900,0.0,0.0,0.0
2024-05-20,31.09000015258789,31.469999313354492,30.969999313354492,31.200000762939453,490500,0.0,0.0,0.0
2024-05-21,30.889999389648438,31.06999969482422,30.700000762939453,30.889999389648438,425000,0.0,0.0,0.0
2024-05-22,30.540000915527344,30.770000457763672,30.420000076293945,30.440000534057617,530100,0.0,0.0,0.0
2024-05-23,30.829999923706055,30.899999618530273,30.15999984741211,30.309999465942383,767900,0.0,0.0,0.0
2024-05-24,30.40999984741211,30.709999084472656,30.389999389648438,30.610000610351562,276100,0.0,0.0,0.0
2024-05-28,31.149999618530273,31.530000686645508,31.09000015258789,31.5,327100,0.0,0.0,0.0
2024-05-29,31.5,31.510000228881836,31.09000015258789,31.100000381469727,750800,0.0,0.0,0.0
2024-05-30,30.90999984741211,31.15999984741211,30.6200008392334,30.649999618530273,907300,0.0,0.0,0.0
2024-05-31,30.719999313354492,30.780000686645508,30.209999084472656,30.420000076293945,779800,0.0,0.0,0.0
2024-06-03,30.079999923706055,30.09000015258789,29.229999542236328,29.260000228881836,685400,0.0,0.0,0.0
2024-06-04,28.920000076293945,29.139999389648438,28.700000762939453,29.010000228881836,432000,0.0,0.0,0.0
2024-06-05,29.15999984741211,29.399999618530273,28.899999618530273,29.360000610351562,466800,0.0,0.0,0.0
2024-06-06,29.450000762939453,29.969999313354492,29.399999618530273,29.899999618530273,353900,0.0,0.0,0.0
2024-06-07,29.959999084472656,30.09000015258789,29.700000762939453,29.719999313354492,581800,0.0,0.0,0.0
2024-06-10,29.989999771118164,30.649999618530273,29.920000076293945,30.6299991607666,307200,0.0,0.0,0.0
2024-06-11,30.59000015258789,30.84000015258789,30.420000076293945,30.649999618530273,297100,0.0,0.0,0.0
2024-06-12,31.170000076293945,31.209999084472656,30.709999084472656,30.8799991607666,382500,0.0,0.0,0.0
2024-06-13,31.040000915527344,31.100000381469727,30.770000457763672,30.81999969482422,293300,0.0,0.0,0.0
2024-06-14,31.18000030517578,31.239999771118164,30.860000610351562,30.950000762939453,292700,0.0,0.0,0.0
2024-06-17,31.149999618530273,31.649999618530273,31.1200008392334,31.600000381469727,229800,0.0,0.0,0.0
2024-06-18,31.600000381469727,31.989999771118164,31.579999923706055,31.940000534057617,125300,0.0,0.0,0.0
2024-06-20,32.130001068115234,32.20000076293945,31.950000762939453,32.11000061035156,163000,0.0,0.0,0.0
2024-06-21,32.119998931884766,32.25,31.75,31.860000610351562,286400,0.0,0.0,0.0
2024-06-24,31.81999969482422,32.2599983215332,31.81999969482422,32.2400016784668,131100,0.0,0.0,0.0
2024-06-25,32.13999938964844,32.22999954223633,31.809999465942383,31.8700008392334,190300,0.0,0.0,0.0
2024-06-26,31.889999389648438,32.15999984741211,31.68000030517578,31.8700008392334,279600,0.0,0.0,0.0
2024-06-27,32.25,32.33000183105469,32.040000915527344,32.290000915527344,311400,0.0,0.0,0.0
2024-06-28,32.34000015258789,32.349998474121094,31.989999771118164,32.150001525878906,283100,0.0,0.0,0.0
2024-07-01,32.43000030517578,32.900001525878906,32.2599983215332,32.86000061035156,289800,0.0,0.0,0.0
2024-07-02,33.0099983215332,33.0099983215332,32.630001068115234,32.7400016784668,355300,0.0,0.0,0.0
2024-07-03,32.65999984741211,32.900001525878906,32.529998779296875,32.810001373291016,226300,0.0,0.0,0.0
2024-07-05,33.119998931884766,33.29999923706055,32.7599983215332,32.810001373291016,396300,0.0,0.0,0.0
2024-07-08,32.529998779296875,32.709999084472656,32.41999816894531,32.459999084472656,174200,0.0,0.0,0.0
2024-07-09,32.310001373291016,32.5099983215332,32.040000915527344,32.119998931884766,327100,0.0,0.0,0.0
2024-07-10,32.0,32.45000076293945,31.899999618530273,32.34000015258789,549300,0.0,0.0,0.0
2024-07-11,32.15999984741211,32.52000045776367,32.08000183105469,32.5099983215332,396200,0.0,0.0,0.0
2024-07-12,32.59000015258789,32.61000061035156,32.209999084472656,32.22999954223633,492900,0.0,0.0,0.0
2024-07-15,32.25,32.279998779296875,32.02000045776367,32.16999816894531,269800,0.0,0.0,0.0
2024-07-16,31.68000030517578,31.959999084472656,31.649999618530273,31.770000457763672,319100,0.0,0.0,0.0
2024-07-17,32.09000015258789,32.290000915527344,32.060001373291016,32.2400016784668,558300,0.0,0.0,0.0
2024-07-18,32.22999954223633,32.439998626708984,31.950000762939453,32.09000015258789,390700,0.0,0.0,0.0
2024-07-19,31.969999313354492,32.189998626708984,31.31999969482422,31.40999984741211,423200,0.0,0.0,0.0
2024-07-22,31.110000610351562,31.31999969482422,30.979999542236328,31.270000457763672,435700,0.0,0.0,0.0
2024-07-23,31.059999465942383,31.100000381469727,30.6200008392334,30.93000030517578,410200,0.0,0.0,0.0
2024-07-24,30.969999313354492,31.229999542236328,30.790000915527344,31.010000228881836,330400,0.0,0.0,0.0
2024-07-25,30.770000457763672,31.350000381469727,30.549999237060547,31.270000457763672,304600,0.0,0.0,0.0
2024-07-26,31.0,31.030000686645508,30.549999237060547,30.739999771118164,362100,0.0,0.0,0.0
2024-07-29,30.93000030517578,30.989999771118164,30.260000228881836,30.40999984741211,778400,0.0,0.0,0.0
2024-07-30,30.139999389648438,30.239999771118164,29.989999771118164,30.15999984741211,318800,0.0,0.0,0.0
2024-07-31,30.8700008392334,31.350000381469727,30.700000762939453,31.299999237060547,436600,0.0,0.0,0.0
2024-08-01,31.31999969482422,31.350000381469727,30.56999969482422,30.829999923706055,341900,0.0,0.0,0.0
2024-08-02,29.93000030517578,29.93000030517578,29.40999984741211,29.729999542236328,598900,0.0,0.0,0.0
2024-08-05,29.190000534057617,29.709999084472656,29.139999389648438,29.690000534057617,764400,0.0,0.0,0.0
2024-08-06,29.149999618530273,29.700000762939453,29.149999618530273,29.3700008392334,711900,0.0,0.0,0.0
2024-08-07,29.90999984741211,30.360000610351562,29.8700008392334,30.18000030517578,847500,0.0,0.0,0.0
2024-08-08,30.09000015258789,30.549999237060547,30.049999237060547,30.450000762939453,309500,0.0,0.0,0.0
2024-08-09,30.510000228881836,30.729999542236328,30.3700008392334,30.709999084472656,316000,0.0,0.0,0.0
2024-08-12,31.049999237060547,31.729999542236328,30.920000076293945,31.549999237060547,416800,0.0,0.0,0.0
2024-08-13,31.420000076293945,31.440000534057617,31.040000915527344,31.1299991607666,504100,0.0,0.0,0.0
2024-08-14,31.1299991607666,31.190000534057617,30.68000030517578,30.770000457763672,409000,0.0,0.0,0.0
2024-08-15,31.040000915527344,31.3700008392334,31.040000915527344,31.170000076293945,277100,0.0,0.0,0.0
2024-08-16,30.719999313354492,30.8700008392334,30.530000686645508,30.75,1144700,0.0,0.0,0.0
2024-08-19,30.709999084472656,30.75,29.899999618530273,30.010000228881836,457600,0.0,0.0,0.0
2024-08-20,30.1299991607666,30.209999084472656,29.739999771118164,29.790000915527344,575000,0.0,0.0,0.0
2024-08-21,29.940000534057617,30.219999313354492,29.209999084472656,29.3700008392334,386900,0.0,0.0,0.0
2024-08-22,29.469999313354492,29.93000030517578,29.420000076293945,29.709999084472656,333300,0.0,0.0,0.0
2024-08-23,30.18000030517578,30.459999084472656,30.15999984741211,30.3799991607666,276400,0.0,0.0,0.0
2024-08-26,31.229999542236328,31.309999465942383,31.079999923706055,31.149999618530273,376000,0.0,0.0,0.0
2024-08-27,30.989999771118164,31.06999969482422,30.559999465942383,30.639999389648438,291400,0.0,0.0,0.0
2024-08-28,30.270000457763672,30.530000686645508,30.06999969482422,30.229999542236328,353800,0.0,0.0,0.0
2024-08-29,30.670000076293945,30.940000534057617,30.440000534057617,30.709999084472656,625000,0.0,0.0,0.0
2024-08-30,30.190000534057617,30.190000534057617,29.850000381469727,29.950000762939453,460200,0.0,0.0,0.0
2024-09-03,29.100000381469727,29.100000381469727,28.6200008392334,28.719999313354492,697500,0.0,0.0,0.0
2024-09-04,28.530000686645508,28.850000381469727,28.18000030517578,28.200000762939453,888500,0.0,0.0,0.0
2024-09-05,28.600000381469727,28.8799991607666,28.190000534057617,28.309999465942383,831200,0.0,0.0,0.0
2024-09-06,28.520000457763672,28.6299991607666,27.510000228881836,27.860000610351562,979700,0.0,0.0,0.0
2024-09-09,27.670000076293945,28.06999969482422,27.530000686645508,27.93000030517578,581400,0.0,0.0,0.0
2024-09-10,27.969999313354492,27.969999313354492,26.770000457763672,27.1200008392334,980200,0.0,0.0,0.0
2024-09-11,27.43000030517578,27.690000534057617,26.889999389648438,27.459999084472656,744600,0.0,0.0,0.0
2024-09-12,27.889999389648438,28.389999389648438,27.690000534057617,28.15999984741211,816100,0.0,0.0,0.0
2024-09-13,28.280000686645508,28.540000915527344,27.860000610351562,28.1200008392334,420200,0.0,0.0,0.0
2024-09-16,28.389999389648438,28.600000381469727,28.200000762939453,28.450000762939453,306000,0.0,0.0,0.0
2024-09-17,28.420000076293945,28.950000762939453,28.399999618530273,28.790000915527344,348100,0.0,0.0,0.0
2024-09-18,28.5,28.8700008392334,28.360000610351562,28.399999618530273,375700,0.0,0.0,0.0
2024-09-19,28.950000762939453,29.280000686645508,28.790000915527344,29.1299991607666,303200,0.0,0.0,0.0
2024-09-20,29.0,29.219999313354492,28.850000381469727,29.1299991607666,370300,0.0,0.0,0.0
2024-09-23,29.110000610351562,29.329999923706055,28.540000915527344,28.920000076293945,506600,0.0,0.0,0.0
2024-09-24,29.489999771118164,29.510000228881836,29.170000076293945,29.350000381469727,357200,0.0,0.0,0.0
2024-09-25,29.059999465942383,29.229999542236328,28.579999923706055,28.790000915527344,569100,0.0,0.0,0.0
2024-09-26,27.969999313354492,28.280000686645508,27.739999771118164,27.8700008392334,488500,0.0,0.0,0.0
2024-09-27,27.979999542236328,28.3700008392334,27.780000686645508,28.360000610351562,619500,0.0,0.0,0.0
2024-09-30,28.229999542236328,28.600000381469727,28.06999969482422,28.309999465942383,393600,0.0,0.0,0.0
2024-10-01,28.09000015258789,29.760000228881836,28.059999465942383,29.190000534057617,2332400,0.0,0.0,0.0
2024-10-02,29.899999618530273,30.0,29.040000915527344,29.479999542236328,865800,0.0,0.0,0.0
2024-10-03,29.84000015258789,30.760000228881836,29.729999542236328,30.670000076293945,1339100,0.0,0.0,0.0
2024-10-04,30.8799991607666,31.270000457763672,30.700000762939453,30.829999923706055,1558200,0.0,0.0,0.0
2024-10-07,31.229999542236328,32.029998779296875,31.209999084472656,32.0099983215332,840200,0.0,0.0,0.0
2024-10-08,31.049999237060547,31.100000381469727,30.149999618530273,30.59000015258789,2003100,0.0,0.0,0.0
2024-10-09,29.90999984741211,30.34000015258789,29.68000030517578,30.299999237060547,798600,0.0,0.0,0.0
2024-10-10,30.68000030517578,31.459999084472656,30.540000915527344,31.34000015258789,802700,0.0,0.0,0.0
2024-10-11,31.079999923706055,31.3799991607666,30.969999313354492,31.190000534057617,629500,0.0,0.0,0.0
2024-10-14,30.670000076293945,30.850000381469727,30.469999313354492,30.6299991607666,450200,0.0,0.0,0.0
2024-10-15,29.280000686645508,29.520000457763672,29.010000228881836,29.450000762939453,659800,0.0,0.0,0.0
2024-10-16,29.31999969482422,29.43000030517578,29.010000228881836,29.3700008392334,445100,0.0,0.0,0.0
2024-10-17,29.25,29.5,28.959999084472656,29.450000762939453,514000,0.0,0.0,0.0
2024-10-18,29.110000610351562,29.15999984741211,28.670000076293945,28.959999084472656,648600,0.0,0.0,0.0
2024-10-21,29.350000381469727,29.489999771118164,29.09000015258789,29.290000915527344,277500,0.0,0.0,0.0
2024-10-22,29.6200008392334,30.18000030517578,29.549999237060547,29.950000762939453,514700,0.0,0.0,0.0
2024-10-23,29.760000228881836,29.93000030517578,29.540000915527344,29.75,485400,0.0,0.0,0.0
2024-10-24,29.829999923706055,29.969999313354492,29.290000915527344,29.579999923706055,477300,0.0,0.0,0.0
2024-10-25,29.860000610351562,30.110000610351562,29.709999084472656,30.030000686645508,349200,0.0,0.0,0.0
2024-10-28,28.34000015258789,28.600000381469727,28.229999542236328,28.459999084472656,512200,0.0,0.0,0.0
2024-10-29,28.350000381469727,28.399999618530273,27.969999313354492,28.15999984741211,534000,0.0,0.0,0.0
2024-10-30,28.549999237060547,28.899999618530273,28.440000534057617,28.829999923706055,437400,0.0,0.0,0.0
2024-10-31,28.979999542236328,29.559999465942383,28.81999969482422,29.489999771118164,826600,0.0,0.0,0.0
2024-11-01,29.6299991607666,29.68000030517578,29.049999237060547,29.059999465942383,248500,0.0,0.0,0.0
2024-11-04,29.760000228881836,30.010000228881836,29.56999969482422,29.979999542236328,314900,0.0,0.0,0.0
2024-11-05,30.190000534057617,30.34000015258789,29.860000610351562,30.079999923706055,515600,0.0,0.0,0.0
2024-11-06,29.5,30.25,29.489999771118164,29.950000762939453,802400,0.0,0.0,0.0
2024-11-07,29.729999542236328,30.290000915527344,29.540000915527344,30.020000457763672,448500,0.0,0.0,0.0
2024-11-08,29.700000762939453,29.719999313354492,29.260000228881836,29.450000762939453,591400,0.0,0.0,0.0
2024-11-11,28.709999084472656,28.799999237060547,28.510000228881836,28.670000076293945,481800,0.0,0.0,0.0
2024-11-12,28.989999771118164,29.0,28.520000457763672,28.59000015258789,406800,0.0,0.0,0.0
2024-11-13,28.450000762939453,28.920000076293945,28.190000534057617,28.65999984741211,577600,0.0,0.0,0.0
2024-11-14,29.139999389648438,29.139999389648438,28.670000076293945,28.860000610351562,235600,0.0,0.0,0.0
2024-11-15,28.700000762939453,28.84000015258789,28.25,28.309999465942383,412200,0.0,0.0,0.0
2024-11-18,28.790000915527344,29.260000228881836,28.760000228881836,29.219999313354492,586900,0.0,0.0,0.0
2024-11-19,29.34000015258789,29.440000534057617,28.959999084472656,29.260000228881836,439500,0.0,0.0,0.0
2024-11-20,29.40999984741211,29.40999984741211,28.979999542236328,29.1200008392334,373100,0.0,0.0,0.0
2024-11-21,29.510000228881836,29.579999923706055,29.260000228881836,29.56999969482422,449600,0.0,0.0,0.0
2024-11-22,29.459999084472656,29.950000762939453,29.399999618530273,29.81999969482422,346200,0.0,0.0,0.0
2024-11-25,29.3700008392334,29.520000457763672,28.969999313354492,29.06999969482422,315600,0.0,0.0,0.0
2024-11-26,29.229999542236328,29.540000915527344,28.690000534057617,28.899999618530273,773100,0.0,0.0,0.0
2024-11-27,28.899999618530273,29.15999984741211,28.719999313354492,28.959999084472656,420400,0.0,0.0,0.0
2024-11-29,29.229999542236328,29.3700008392334,28.950000762939453,29.0,330400,0.0,0.0,0.0
2024-12-02,29.09000015258789,29.1200008392334,28.670000076293945,28.770000457763672,714800,0.0,0.0,0.0
2024-12-03,29.190000534057617,29.600000381469727,29.059999465942383,29.5,356900,0.0,0.0,0.0
2024-12-04,29.670000076293945,29.690000534057617,28.959999084472656,29.059999465942383,741100,0.0,0.0,0.0
2024-12-05,29.1200008392334,29.209999084472656,28.860000610351562,28.940000534057617,407200,0.0,0.0,0.0
2024-12-06,28.610000610351562,28.670000076293945,28.399999618530273,28.469999313354492,338300,0.0,0.0,0.0
2024-12-09,28.850000381469727,29.110000610351562,28.829999923706055,28.829999923706055,332300,0.0,0.0,0.0
2024-12-10,28.90999984741211,29.149999618530273,28.84000015258789,28.850000381469727,315800,0.0,0.0,0.0
2024-12-11,29.270000457763672,29.579999923706055,29.100000381469727,29.5,605800,0.0,0.0,0.0
2024-12-12,29.329999923706055,29.600000381469727,29.049999237060547,29.479999542236328,357100,0.0,0.0,0.0
2024-12-13,29.600000381469727,29.899999618530273,29.579999923706055,29.829999923706055,273600,0.0,0.0,0.0
2024-12-16,29.780000686645508,29.809999465942383,29.56999969482422,29.610000610351562,320500,0.0,0.0,0.0
2024-12-17,29.329999923706055,29.43000030517578,29.09000015258789,29.399999618530273,193200,0.0,0.0,0.0
2024-12-18,29.520000457763672,29.75,29.200000762939453,29.200000762939453,189700,0.0,0.0,0.0
2024-12-19,29.559999465942383,29.610000610351562,29.09000015258789,29.09000015258789,283100,0.0,0.0,0.0
2024-12-20,29.0,29.399999618530273,28.899999618530273,29.280000686645508,361200,0.0,0.0,0.0
2024-12-23,29.209999084472656,29.290000915527344,28.93000030517578,29.270000457763672,348900,0.0,0.0,0.0
2024-12-24,29.469999313354492,29.6200008392334,29.399999618530273,29.469999313354492,207900,0.0,0.0,0.0
2024-12-26,29.719999313354492,29.739999771118164,29.290000915527344,29.350000381469727,155500,0.0,0.0,0.0
2024-12-27,29.709999084472656,29.829999923706055,29.579999923706055,29.6299991607666,172800,0.0,0.0,0.0
2024-12-30,29.969999313354492,30.079999923706055,29.799999237060547,29.920000076293945,230000,0.0,0.0,0.0
2024-12-31,30.049999237060547,30.239999771118164,29.729999542236328,29.950000762939453,246300,0.0,0.0,0.0
2025-01-02,30.6299991607666,30.90999984741211,30.6299991607666,30.639999389648438,450000,0.0,0.0,0.0
2025-01-03,30.790000915527344,30.979999542236328,30.719999313354492,30.93000030517578,205900,0.0,0.0,0.0
2025-01-06,31.1299991607666,31.299999237060547,30.68000030517578,30.780000686645508,253300,0.0,0.0,0.0
2025-01-07,31.1299991607666,31.229999542236328,30.969999313354492,31.149999618530273,240800,0.0,0.0,0.0
2025-01-08,31.18000030517578,31.229999542236328,30.739999771118164,30.799999237060547,300200,0.0,0.0,0.0
2025-01-10,32.58000183105469,32.650001525878906,31.719999313354492,32.220001220703125,533300,0.0,0.0,0.0
2025-01-13,32.59000015258789,32.90999984741211,32.5099983215332,32.68000030517578,446900,0.0,0.0,0.0
2025-01-14,32.529998779296875,32.599998474121094,32.290000915527344,32.41999816894531,304900,0.0,0.0,0.0
2025-01-15,32.58000183105469,33.38999938964844,32.58000183105469,33.349998474121094,880200,0.0,0.0,0.0
2025-01-16,33.040000915527344,33.06999969482422,32.52000045776367,32.88999938964844,594000,0.0,0.0,0.0
2025-01-17,32.65999984741211,32.849998474121094,32.56999969482422,32.650001525878906,301500,0.0,0.0,0.0
2025-01-21,32.0099983215332,32.220001220703125,31.959999084472656,32.18000030517578,386600,0.0,0.0,0.0
2025-01-22,32.040000915527344,32.25,31.940000534057617,31.969999313354492,401100,0.0,0.0,0.0
2025-01-23,32.08000183105469,32.2599983215332,31.579999923706055,31.579999923706055,539000,0.0,0.0,0.0
2025-01-24,31.90999984741211,31.940000534057617,31.549999237060547,31.709999084472656,499200,0.0,0.0,0.0
2025-01-27,31.600000381469727,31.709999084472656,30.93000030517578,31.149999618530273,301200,0.0,0.0,0.0
2025-01-28,31.5,31.5,31.09000015258789,31.34000015258789,426200,0.0,0.0,0.0
2025-01-29,31.030000686645508,31.34000015258789,30.860000610351562,31.049999237060547,397200,0.0,0.0,0.0
2025-01-30,31.079999923706055,31.3700008392334,31.040000915527344,31.079999923706055,416900,0.0,0.0,0.0
2025-01-31,31.06999969482422,31.260000228881836,30.799999237060547,31.18000030517578,766500,0.0,0.0,0.0
2025-02-03,31.200000762939453,31.309999465942383,30.760000228881836,31.059999465942383,569400,0.0,0.0,0.0
2025-02-04,30.450000762939453,31.40999984741211,30.420000076293945,31.1299991607666,927700,0.0,0.0,0.0
2025-02-05,30.799999237060547,30.940000534057617,30.559999465942383,30.610000610351562,397100,0.0,0.0,0.0
2025-02-06,30.75,30.889999389648438,30.3700008392334,30.440000534057617,399000,0.0,0.0,0.0
2025-02-07,30.700000762939453,30.739999771118164,30.469999313354492,30.579999923706055,171600,0.0,0.0,0.0
2025-02-10,30.979999542236328,31.18000030517578,30.8799991607666,31.170000076293945,140500,0.0,0.0,0.0
2025-02-11,31.559999465942383,31.600000381469727,31.3700008392334,31.559999465942383,134400,0.0,0.0,0.0
2025-02-12,31.100000381469727,31.229999542236328,30.780000686645508,30.780000686645508,465500,0.0,0.0,0.0
2025-02-13,30.520000457763672,30.84000015258789,30.5,30.81999969482422,171400,0.0,0.0,0.0
2025-02-14,30.90999984741211,30.969999313354492,30.59000015258789,30.639999389648438,165500,0.0,0.0,0.0
2025-02-18,30.950000762939453,31.1200008392334,30.84000015258789,31.06999969482422,234300,0.0,0.0,0.0
2025-02-19,31.440000534057617,31.489999771118164,31.139999389648438,31.219999313354492,65200,0.0,0.0,0.0
2025-02-20,31.40999984741211,31.610000610351562,31.309999465942383,31.34000015258789,147700,0.0,0.0,0.0
2025-02-21,30.969999313354492,31.020000457763672,30.420000076293945,30.43000030517578,140400,0.0,0.0,0.0
2025-02-24,30.59000015258789,30.700000762939453,30.510000228881836,30.639999389648438,360100,0.0,0.0,0.0
2025-02-25,30.510000228881836,30.510000228881836,29.799999237060547,29.940000534057617,231500,0.0,0.0,0.0
2025-02-26,29.81999969482422,29.940000534057617,29.68000030517578,29.790000915527344,436700,0.0,0.0,0.0
2025-02-27,30.170000076293945,30.440000534057617,30.079999923706055,30.260000228881836,404000,0.0,0.0,0.0
2025-02-28,29.989999771118164,30.229999542236328,29.84000015258789,30.15999984741211,316000,0.0,0.0,0.0
2025-03-03,30.219999313354492,30.280000686645508,29.3799991607666,29.450000762939453,951000,0.0,0.0,0.0
2025-03-04,29.170000076293945,29.40999984741211,28.790000915527344,29.329999923706055,664300,0.0,0.0,0.0
2025-03-05,28.709999084472656,28.729999542236328,28.209999084472656,28.649999618530273,907000,0.0,0.0,0.0
2025-03-06,28.6200008392334,28.81999969482422,28.3799991607666,28.6200008392334,956900,0.0,0.0,0.0
2025-03-07,29.239999771118164,29.459999084472656,28.920000076293945,29.020000457763672,807100,0.0,0.0,0.0
2025-03-10,29.040000915527344,29.09000015258789,28.530000686645508,28.579999923706055,395100,0.0,0.0,0.0
2025-03-11,28.940000534057617,29.079999923706055,28.649999618530273,28.809999465942383,548300,0.0,0.0,0.0
2025-03-12,29.110000610351562,29.350000381469727,29.0,29.299999237060547,394900,0.0,0.0,0.0
2025-03-13,29.049999237060547,29.15999984741211,28.780000686645508,28.84000015258789,472900,0.0,0.0,0.0
2025-03-14,28.959999084472656,29.170000076293945,28.889999389648438,29.1200008392334,248900,0.0,0.0,0.0
2025-03-17,29.420000076293945,29.479999542236328,29.209999084472656,29.34000015258789,408300,0.0,0.0,0.0
2025-03-18,29.579999923706055,29.6299991607666,29.079999923706055,29.18000030517578,439100,0.0,0.0,0.0
2025-03-19,29.1299991607666,29.40999984741211,29.09000015258789,29.280000686645508,165300,0.0,0.0,0.0
2025-03-20,29.229999542236328,29.790000915527344,29.149999618530273,29.770000457763672,551200,0.0,0.0,0.0
2025-03-21,29.6299991607666,29.850000381469727,29.540000915527344,29.780000686645508,380500,0.0,0.0,0.0
2025-03-24,29.899999618530273,30.200000762939453,29.84000015258789,30.18000030517578,508300,0.0,0.0,0.0
2025-03-25,30.299999237060547,30.350000381469727,29.93000030517578,30.170000076293945,333100,0.0,0.0,0.0
2025-03-26,30.399999618530273,30.59000015258789,30.329999923706055,30.43000030517578,216300,0.0,0.0,0.0
2025-03-27,30.350000381469727,30.540000915527344,30.190000534057617,30.459999084472656,188200,0.0,0.0,0.0
2025-03-28,30.450000762939453,30.450000762939453,30.1200008392334,30.18000030517578,543000,0.0,0.0,0.0
2025-03-31,30.43000030517578,31.239999771118164,30.3799991607666,31.110000610351562,394800,0.0,0.0,0.0
2025-04-01,31.209999084472656,31.34000015258789,30.969999313354492,31.020000457763672,436400,0.0,0.0,0.0
2025-04-02,30.8799991607666,31.299999237060547,30.860000610351562,31.270000457763672,299100,0.0,0.0,0.0
2025-04-03,29.18000030517578,29.360000610351562,28.93000030517578,29.139999389648438,608600,0.0,0.0,0.0
2025-04-04,27.15999984741211,27.770000457763672,26.670000076293945,27.600000381469727,1262400,0.0,0.0,0.0
2025-04-07,26.739999771118164,28.079999923706055,26.489999771118164,26.829999923706055,2552300,0.0,0.0,0.0
2025-04-08,27.030000686645508,27.1200008392334,25.56999969482422,25.790000915527344,2092400,0.0,0.0,0.0
2025-04-09,25.079999923706055,27.489999771118164,24.719999313354492,27.309999465942383,3337600,0.0,0.0,0.0
2025-04-10,26.280000686645508,26.559999465942383,25.850000381469727,26.530000686645508,1575300,0.0,0.0,0.0
2025-04-11,26.270000457763672,27.09000015258789,26.229999542236328,26.969999313354492,704000,0.0,0.0,0.0
2025-04-14,27.25,27.260000228881836,26.700000762939453,27.110000610351562,540600,0.0,0.0,0.0
2025-04-15,27.0,27.15999984741211,26.780000686645508,27.040000915527344,413000,0.0,0.0,0.0
2025-04-16,27.25,27.649999618530273,27.25,27.559999465942383,390400,0.0,0.0,0.0
2025-04-17,27.780000686645508,28.389999389648438,27.709999084472656,28.190000534057617,595400,0.0,0.0,0.0
2025-04-21,27.709999084472656,27.81999969482422,27.43000030517578,27.809999465942383,536300,0.0,0.0,0.0
2025-04-22,27.889999389648438,28.3799991607666,27.829999923706055,28.079999923706055,433300,0.0,0.0,0.0
2025-04-23,27.8700008392334,28.209999084472656,27.260000228881836,27.59000015258789,1266400,0.0,0.0,0.0
2025-04-24,27.799999237060547,27.860000610351562,27.479999542236328,27.739999771118164,337100,0.0,0.0,0.0
2025-04-25,27.559999465942383,27.959999084472656,27.559999465942383,27.899999618530273,334100,0.0,0.0,0.0
2025-04-28,27.809999465942383,27.8700008392334,27.209999084472656,27.399999618530273,318000,0.0,0.0,0.0
2025-04-29,27.010000228881836,27.049999237060547,26.729999542236328,26.760000228881836,517700,0.0,0.0,0.0
2025-04-30,26.579999923706055,26.600000381469727,25.739999771118164,25.829999923706055,1143800,0.0,0.0,0.0
2025-05-01,25.860000610351562,26.40999984741211,25.690000534057617,26.209999084472656,888300,0.0,0.0,0.0
2025-05-02,26.25,26.25,25.709999084472656,26.079999923706055,553400,0.0,0.0,0.0
2025-05-05,25.6200008392334,25.68000030517578,25.260000228881836,25.489999771118164,399100,0.0,0.0,0.0
2025-05-06,26.350000381469727,26.600000381469727,26.270000457763672,26.329999923706055,361900,0.0,0.0,0.0
2025-05-07,26.25,26.309999465942383,25.790000915527344,25.889999389648438,374000,0.0,0.0,0.0
2025-05-08,26.190000534057617,26.700000762939453,26.190000534057617,26.670000076293945,515700,0.0,0.0,0.0
2025-05-09,26.770000457763672,27.110000610351562,26.770000457763672,27.040000915527344,226400,0.0,0.0,0.0
2025-05-12,27.989999771118164,28.059999465942383,27.420000076293945,27.479999542236328,483900,0.0,0.0,0.0
2025-05-13,27.770000457763672,28.31999969482422,27.739999771118164,28.200000762939453,727300,0.0,0.0,0.0
2025-05-14,28.1200008392334,28.200000762939453,27.8700008392334,27.8700008392334,397800,0.0,0.0,0.0
2025-05-15,27.360000610351562,27.5,27.170000076293945,27.420000076293945,601800,0.0,0.0,0.0
2025-05-16,27.540000915527344,27.790000915527344,27.3799991607666,27.670000076293945,486700,0.0,0.0,0.0
2025-05-19,27.6299991607666,27.979999542236328,27.549999237060547,27.780000686645508,825100,0.0,0.0,0.0
2025-05-20,27.729999542236328,27.8799991607666,27.510000228881836,27.829999923706055,184100,0.0,0.0,0.0
2025-05-21,28.020000457763672,28.040000915527344,27.459999084472656,27.459999084472656,988000,0.0,0.0,0.0
2025-05-22,27.190000534057617,27.399999618530273,27.079999923706055,27.229999542236328,746500,0.0,0.0,0.0
2025-05-23,27.149999618530273,27.600000381469727,27.149999618530273,27.540000915527344,431900,0.0,0.0,0.0
2025-05-27,27.290000915527344,27.350000381469727,26.969999313354492,27.270000457763672,186700,0.0,0.0,0.0
2025-05-28,27.649999618530273,27.860000610351562,27.40999984741211,27.440000534057617,788800,0.0,0.0,0.0
2025-05-29,27.299999237060547,27.299999237060547,27.040000915527344,27.139999389648438,519600,0.0,0.0,0.0
2025-05-30,27.010000228881836,27.010000228881836,26.59000015258789,26.93000030517578,813800,0.0,0.0,0.0
2025-06-02,28.0,28.0,27.59000015258789,27.90999984741211,1246600,0.0,0.0,0.0
2025-06-03,27.90999984741211,28.260000228881836,27.84000015258789,28.110000610351562,628600,0.0,0.0,0.0
2025-06-04,28.1200008392334,28.260000228881836,27.559999465942383,27.809999465942383,1535000,0.0,0.0,0.0
2025-06-05,28.190000534057617,28.239999771118164,27.959999084472656,27.989999771118164,420400,0.0,0.0,0.0
2025-06-06,28.149999618530273,28.579999923706055,28.149999618530273,28.520000457763672,619500,0.0,0.0,0.0
2025-06-09,28.559999465942383,28.790000915527344,28.450000762939453,28.739999771118164,288200,0.0,0.0,0.0
2025-06-10,28.829999923706055,29.149999618530273,28.520000457763672,28.610000610351562,367300,0.0,0.0,0.0
2025-06-11,29.110000610351562,29.989999771118164,29.059999465942383,29.809999465942383,1172500,0.0,0.0,0.0
2025-06-12,29.510000228881836,29.959999084472656,29.420000076293945,29.84000015258789,1370400,0.0,0.0,0.0
2025-06-13,31.950000762939453,32.27000045776367,31.280000686645508,31.860000610351562,4463000,0.0,0.0,0.0
2025-06-16,31.440000534057617,31.6200008392334,30.299999237060547,31.299999237060547,2361600,0.0,0.0,0.0
2025-06-17,32.040000915527344,32.95000076293945,31.889999389648438,32.7599983215332,1330400,0.0,0.0,0.0
2025-06-18,33.04999923706055,33.18000030517578,31.950000762939453,32.7400016784668,2505900,0.0,0.0,0.0
2025-06-20,32.68000030517578,33.15999984741211,32.619998931884766,33.119998931884766,745200,0.0,0.0,0.0
2025-06-23,33.20000076293945,33.33000183105469,30.6200008392334,30.649999618530273,3237000,0.0,0.0,0.0
2025-06-24,29.43000030517578,29.56999969482422,28.8700008392334,29.209999084472656,1312100,0.0,0.0,0.0
2025-06-25,29.110000610351562,29.549999237060547,29.06999969482422,29.190000534057617,1126500,0.0,0.0,0.0
2025-06-26,29.31999969482422,29.670000076293945,29.110000610351562,29.309999465942383,1329100,0.0,0.0,0.0
2025-06-27,29.389999389648438,29.469999313354492,28.979999542236328,29.110000610351562,1009000,0.0,0.0,0.0
2025-06-30,29.25,29.299999237060547,29.030000686645508,29.190000534057617,516800,0.0,0.0,0.0
2025-07-01,29.350000381469727,29.530000686645508,29.209999084472656,29.510000228881836,358900,0.0,0.0,0.0
2025-07-02,29.65999984741211,30.309999465942383,29.420000076293945,30.200000762939453,549400,0.0,0.0,0.0
2025-07-03,30.1200008392334,30.299999237060547,29.959999084472656,30.079999923706055,509800,0.0,0.0,0.0
2025-07-07,30.239999771118164,30.649999618530273,30.149999618530273,30.520000457763672,782600,0.0,0.0,0.0
2025-07-08,30.420000076293945,30.969999313354492,30.389999389648438,30.75,427100,0.0,0.0,0.0
2025-07-09,30.59000015258789,30.950000762939453,30.530000686645508,30.719999313354492,435400,0.0,0.0,0.0
2025-07-10,30.200000762939453,30.389999389648438,30.059999465942383,30.200000762939453,412600,0.0,0.0,0.0
2025-07-11,30.5,30.969999313354492,30.5,30.950000762939453,507400,0.0,0.0,0.0
2025-07-14,30.940000534057617,30.950000762939453,30.31999969482422,30.34000015258789,844400,0.0,0.0,0.0
2025-07-15,30.239999771118164,30.420000076293945,30.09000015258789,30.200000762939453,697200,0.0,0.0,0.0
2025-07-16,29.809999465942383,30.209999084472656,29.709999084472656,30.15999984741211,773800,0.0,0.0,0.0
2025-07-17,30.09000015258789,30.549999237060547,30.010000228881836,30.520000457763672,398300,0.0,0.0,0.0
2025-07-18,30.809999465942383,30.940000534057617,30.360000610351562,30.399999618530273,625800,0.0,0.0,0.0
2025-07-21,30.260000228881836,30.420000076293945,30.100000381469727,30.31999969482422,469500,0.0,0.0,0.0
2025-07-22,30.1200008392334,30.25,29.950000762939453,30.209999084472656,480300,0.0,0.0,0.0
2025-07-23,30.059999465942383,30.25,29.940000534057617,30.219999313354492,570800,0.0,0.0,0.0
2025-07-24,30.3700008392334,30.549999237060547,30.1200008392334,30.469999313354492,665600,0.0,0.0,0.0
2025-07-25,30.459999084472656,30.459999084472656,30.030000686645508,30.030000686645508,384900,0.0,0.0,0.0
2025-07-28,30.75,31.0,30.6200008392334,30.979999542236328,351700,0.0,0.0,0.0
2025-07-29,31.079999923706055,32.099998474121094,31.059999465942383,31.959999084472656,860300,0.0,0.0,0.0
2025-07-30,32.0,32.400001525878906,31.920000076293945,32.380001068115234,493000,0.0,0.0,0.0
2025-07-31,31.93000030517578,32.13999938964844,31.600000381469727,31.84000015258789,366300,0.0,0.0,0.0
2025-08-01,31.850000381469727,31.8700008392334,30.889999389648438,30.940000534057617,611400,0.0,0.0,0.0
2025-08-04,30.309999465942383,30.860000610351562,30.260000228881836,30.510000228881836,759200,0.0,0.0,0.0
2025-08-05,30.290000915527344,30.360000610351562,30.049999237060547,30.100000381469727,524800,0.0,0.0,0.0
2025-08-06,30.59000015258789,30.790000915527344,29.489999771118164,29.65999984741211,1057900,0.0,0.0,0.0
2025-08-07,29.760000228881836,29.899999618530273,29.489999771118164,29.5,444600,0.0,0.0,0.0
2025-08-08,29.729999542236328,29.889999389648438,29.170000076293945,29.549999237060547,660200,0.0,0.0,0.0
2025-08-11,29.790000915527344,29.90999984741211,29.549999237060547,29.700000762939453,465000,0.0,0.0,0.0
2025-08-12,29.5,29.670000076293945,29.389999389648438,29.450000762939453,364800,0.0,0.0,0.0
2025-08-13,29.40999984741211,29.440000534057617,28.959999084472656,29.290000915527344,630900,0.0,0.0,0.0
2025-08-14,29.649999618530273,29.84000015258789,29.489999771118164,29.81999969482422,662900,0.0,0.0,0.0
2025-08-15,29.450000762939453,29.6200008392334,29.290000915527344,29.450000762939453,460400,0.0,0.0,0.0
2025-08-18,29.270000457763672,29.760000228881836,29.110000610351562,29.65999984741211,584600,0.0,0.0,0.0
2025-08-19,29.3799991607666,29.5,29.260000228881836,29.3700008392334,339000,0.0,0.0,0.0
2025-08-20,29.690000534057617,29.8799991607666,29.510000228881836,29.84000015258789,553500,0.0,0.0,0.0
2025-08-21,29.84000015258789,30.209999084472656,29.770000457763672,30.110000610351562,437800,0.0,0.0,0.0
2025-08-22,30.15999984741211,30.329999923706055,30.1200008392334,30.260000228881836,1383100,0.0,0.0,0.0
2025-08-25,30.450000762939453,30.780000686645508,30.389999389648438,30.649999618530273,451800,0.0,0.0,0.0
2025-08-26,30.229999542236328,30.40999984741211,29.950000762939453,30.010000228881836,380800,0.0,0.0,0.0
2025-08-27,30.030000686645508,30.34000015258789,30.030000686645508,30.200000762939453,783200,0.0,0.0,0.0
2025-08-28,30.290000915527344,30.59000015258789,30.030000686645508,30.43000030517578,711100,0.0,0.0,0.0
2025-08-29,30.489999771118164,30.510000228881836,30.270000457763672,30.31999969482422,477200,0.0,0.0,0.0
2025-09-02,30.809999465942383,31.15999984741211,30.670000076293945,31.100000381469727,782000,0.0,0.0,0.0
2025-09-03,30.690000534057617,30.770000457763672,30.329999923706055,30.3799991607666,909100,0.0,0.0,0.0
2025-09-04,30.010000228881836,30.229999542236328,29.940000534057617,30.06999969482422,734600,0.0,0.0,0.0
2025-09-05,29.65999984741211,29.65999984741211,29.280000686645508,29.540000915527344,661000,0.0,0.0,0.0
2025-09-08,29.940000534057617,29.940000534057617,29.579999923706055,29.729999542236328,842900,0.0,0.0,0.0
2025-09-09,30.1200008392334,30.309999465942383,29.860000610351562,29.8799991607666,542800,0.0,0.0,0.0
2025-09-10,30.110000610351562,30.5,30.040000915527344,30.43000030517578,716000,0.0,0.0,0.0
2025-09-11,29.84000015258789,29.959999084472656,29.790000915527344,29.809999465942383,334100,0.0,0.0,0.0
2025-09-12,30.34000015258789,30.450000762939453,30.030000686645508,30.06999969482422,338000,0.0,0.0,0.0
2025-09-15,30.40999984741211,30.530000686645508,30.260000228881836,30.360000610351562,344500,0.0,0.0,0.0
2025-09-16,30.6299991607666,30.920000076293945,30.520000457763672,30.84000015258789,430800,0.0,0.0,0.0
2025-09-17,30.770000457763672,30.860000610351562,30.450000762939453,30.549999237060547,261400,0.0,0.0,0.0
2025-09-18,30.6200008392334,30.790000915527344,30.260000228881836,30.399999618530273,298900,0.0,0.0,0.0
2025-09-19,30.1299991607666,30.290000915527344,29.889999389648438,29.959999084472656,322300,0.0,0.0,0.0
2025-09-22,29.729999542236328,29.989999771118164,29.690000534057617,29.950000762939453,237000,0.0,0.0,0.0
2025-09-23,30.25,30.610000610351562,30.25,30.540000915527344,603600,0.0,0.0,0.0
2025-09-24,30.780000686645508,31.100000381469727,30.670000076293945,31.010000228881836,333000,0.0,0.0,0.0
2025-09-25,30.90999984741211,31.25,30.739999771118164,31.25,610100,0.0,0.0,0.0
2025-09-26,31.290000915527344,31.729999542236328,31.229999542236328,31.239999771118164,562800,0.0,0.0,0.0
2025-09-29,30.690000534057617,30.719999313354492,30.290000915527344,30.34000015258789,600300,0.0,0.0,0.0
2025-09-30,30.049999237060547,30.270000457763672,29.90999984741211,30.049999237060547,1120400,0.0,0.0,0.0
2025-10-01,29.639999389648438,29.920000076293945,29.559999465942383,29.770000457763672,708400,0.0,0.0,0.0
2025-10-02,29.450000762939453,29.690000534057617,29.079999923706055,29.200000762939453,552700,0.0,0.0,0.0
2025-10-03,29.290000915527344,29.479999542236328,29.25,29.280000686645508,558100,0.0,0.0,0.0
2025-10-06,29.59000015258789,29.889999389648438,29.559999465942383,29.790000915527344,454400,0.0,0.0,0.0
2025-10-07,29.6200008392334,29.899999618530273,29.5,29.899999618530273,482000,0.0,0.0,0.0
2025-10-08,30.010000228881836,30.25,29.93000030517578,30.06999969482422,531000,0.0,0.0,0.0
2025-10-09,30.1200008392334,30.15999984741211,29.540000915527344,29.610000610351562,302100,0.0,0.0,0.0
2025-10-10,28.950000762939453,29.190000534057617,28.43000030517578,28.489999771118164,782000,0.0,0.0,0.0
2025-10-13,28.850000381469727,29.030000686645508,28.690000534057617,28.8700008392334,330300,0.0,0.0,0.0
2025-10-14,28.3799991607666,28.479999542236328,28.06999969482422,28.25,761300,0.0,0.0,0.0
2025-10-15,28.540000915527344,28.59000015258789,28.110000610351562,28.25,419100,0.0,0.0,0.0
2025-10-16,28.290000915527344,28.31999969482422,27.68000030517578,27.780000686645508,627300,0.0,0.0,0.0
2025-10-17,27.75,27.950000762939453,27.649999618530273,27.8700008392334,540000,0.0,0.0,0.0
2025-10-20,27.510000228881836,27.790000915527344,27.489999771118164,27.75,420600,0.0,0.0,0.0
2025-10-21,27.84000015258789,28.239999771118164,27.469999313354492,27.93000030517578,498500,0.0,0.0,0.0
2025-10-22,28.360000610351562,28.989999771118164,28.309999465942383,28.799999237060547,733900,0.0,0.0,0.0
2025-10-23,29.670000076293945,29.989999771118164,29.59000015258789,29.729999542236328,658600,0.0,0.0,0.0
2025-10-24,29.889999389648438,30.110000610351562,29.760000228881836,29.790000915527344,348300,0.0,0.0,0.0
2025-10-27,29.739999771118164,29.950000762939453,29.579999923706055,29.700000762939453,404700,0.0,0.0,0.0
2025-10-28,29.299999237060547,29.389999389648438,28.989999771118164,29.079999923706055,592200,0.0,0.0,0.0
2025-10-29,29.260000228881836,29.559999465942383,29.260000228881836,29.34000015258789,424300,0.0,0.0,0.0
2025-10-30,29.15999984741211,29.489999771118164,29.06999969482422,29.25,439100,0.0,0.0,0.0
2025-10-31,29.579999923706055,29.700000762939453,29.3799991607666,29.56999969482422,780000,0.0,0.0,0.0
2025-11-03,29.610000610351562,29.84000015258789,29.420000076293945,29.670000076293945,408200,0.0,0.0,0.0
2025-11-04,29.399999618530273,29.59000015258789,29.329999923706055,29.3799991607666,416800,0.0,0.0,0.0
2025-11-05,29.309999465942383,29.579999923706055,29.010000228881836,29.030000686645508,516700,0.0,0.0,0.0
2025-11-06,28.889999389648438,29.100000381469727,28.739999771118164,29.020000457763672,297300,0.0,0.0,0.0
2025-11-07,29.149999618530273,29.200000762939453,28.920000076293945,29.1200008392334,597600,0.0,0.0,0.0
2025-11-10,29.25,29.34000015258789,28.989999771118164,29.31999969482422,477200,0.0,0.0,0.0
2025-11-11,29.579999923706055,29.860000610351562,29.579999923706055,29.75,225400,0.0,0.0,0.0
2025-11-12,29.149999618530273,29.149999618530273,28.6299991607666,28.670000076293945,475400,0.0,0.0,0.0
2025-11-13,28.979999542236328,29.0,28.75,28.780000686645508,338100,0.0,0.0,0.0
2025-11-14,29.34000015258789,29.56999969482422,29.229999542236328,29.399999618530273,421000,0.0,0.0,0.0
2025-11-17,29.479999542236328,29.540000915527344,29.31999969482422,29.329999923706055,376700,0.0,0.0,0.0
2025-11-18,29.270000457763672,29.770000457763672,29.149999618530273,29.719999313354492,405700,0.0,0.0,0.0
2025-11-19,28.950000762939453,29.110000610351562,28.799999237060547,29.06999969482422,468900,0.0,0.0,0.0
2025-11-20,29.239999771118164,29.43000030517578,28.799999237060547,28.84000015258789,773400,0.0,0.0,0.0
2025-11-21,28.5,28.610000610351562,28.260000228881836,28.520000457763672,859200,0.0,0.0,0.0
2025-11-24,28.489999771118164,29.020000457763672,28.360000610351562,28.979999542236328,376500,0.0,0.0,0.0
2025-11-25,28.3799991607666,28.59000015258789,28.1299991607666,28.520000457763672,744600,0.0,0.0,0.0
2025-11-26,28.43000030517578,28.8799991607666,28.43000030517578,28.81999969482422,314500,0.0,0.0,0.0
2025-11-28,28.899999618530273,29.25,28.899999618530273,29.170000076293945,418300,0.0,0.0,0.0
2025-12-01,29.149999618530273,29.280000686645508,29.06999969482422,29.190000534057617,268700,0.0,0.0,0.0
2025-12-02,28.979999542236328,29.18000030517578,28.700000762939453,28.829999923706055,492600,0.0,0.0,0.0
2025-12-03,29.059999465942383,29.219999313354492,28.8799991607666,29.0,197000,0.0,0.0,0.0
2025-12-04,29.0,29.350000381469727,28.8799991607666,29.209999084472656,235200,0.0,0.0,0.0
2025-12-05,29.219999313354492,29.579999923706055,29.219999313354492,29.43000030517578,350800,0.0,0.0,0.0
2025-12-08,29.020000457763672,29.1299991607666,28.790000915527344,28.84000015258789,412400,0.0,0.0,0.0
2025-12-09,28.829999923706055,28.829999923706055,28.559999465942383,28.639999389648438,328900,0.0,0.0,0.0
2025-12-10,28.459999084472656,28.959999084472656,28.34000015258789,28.93000030517578,605800,0.0,0.0,0.0
2025-12-11,28.34000015258789,28.399999618530273,28.059999465942383,28.399999618530273,711700,0.0,0.0,0.0
2025-12-12,28.25,28.329999923706055,28.09000015258789,28.25,365100,0.0,0.0,0.0
2025-12-15,28.100000381469727,28.149999618530273,27.790000915527344,27.899999618530273,546700,0.0,0.0,0.0
2025-12-16,27.43000030517578,27.440000534057617,27.139999389648438,27.200000762939453,738200,0.0,0.0,0.0
2025-12-17,27.610000610351562,27.940000534057617,27.459999084472656,27.90999984741211,803300,0.0,0.0,0.0
2025-12-18,27.809999465942383,27.850000381469727,27.559999465942383,27.579999923706055,251400,0.0,0.0,0.0
2025-12-19,27.75,27.969999313354492,27.65999984741211,27.93000030517578,187600,0.0,0.0,0.0
2025-12-22,28.489999771118164,28.639999389648438,28.40999984741211,28.600000381469727,396600,0.0,0.0,0.0
2025-12-23,28.649999618530273,28.799999237060547,28.479999542236328,28.780000686645508,205100,0.0,0.0,0.0
2025-12-24,28.790000915527344,28.850000381469727,28.610000610351562,28.709999084472656,105900,0.0,0.0,0.0
2025-12-26,28.5,28.510000228881836,27.959999084472656,28.09000015258789,406500,0.0,0.0,0.0
2025-12-29,28.479999542236328,28.690000534057617,28.459999084472656,28.469999313354492,395600,0.0,0.0,0.0
2025-12-30,28.690000534057617,28.719999313354492,28.5,28.520000457763672,255700,0.0,0.0,0.0
2025-12-31,28.700000762939453,28.719999313354492,28.200000762939453,28.31999969482422,406300,0.0,0.0,0.0
2026-01-02,28.030000686645508,28.290000915527344,27.920000076293945,28.25,638900,0.0,0.0,0.0
2026-01-05,28.5,28.780000686645508,28.360000610351562,28.75,554600,0.0,0.0,0.0
2026-01-06,28.899999618530273,28.950000762939453,28.100000381469727,28.1299991607666,562700,0.0,0.0,0.0
2026-01-07,28.09000015258789,28.139999389648438,27.829999923706055,28.030000686645508,381800,0.0,0.0,0.0
2026-01-08,28.450000762939453,29.290000915527344,28.31999969482422,29.270000457763672,370800,0.0,0.0,0.0
2026-01-09,29.31999969482422,29.75,29.309999465942383,29.31999969482422,770400,0.0,0.0,0.0
2026-01-12,29.40999984741211,29.850000381469727,29.239999771118164,29.739999771118164,716400,0.0,0.0,0.0
2026-01-13,30.209999084472656,30.670000076293945,30.110000610351562,30.440000534057617,1582400,0.0,0.0,0.0
2026-01-14,30.780000686645508,31.09000015258789,29.549999237060547,30.059999465942383,3031000,0.0,0.0,0.0
2026-01-15,29.68000030517578,29.809999465942383,29.450000762939453,29.579999923706055,535200,0.0,0.0,0.0
2026-01-16,30.09000015258789,30.09000015258789,29.799999237060547,29.84000015258789,493600,0.0,0.0,0.0
2026-01-20,30.200000762939453,30.299999237060547,29.739999771118164,29.780000686645508,578700,0.0,0.0,0.0
2026-01-21,30.209999084472656,30.440000534057617,30.1299991607666,30.40999984741211,287300,0.0,0.0,0.0
2026-01-22,30.040000915527344,30.06999969482422,29.6200008392334,29.860000610351562,551500,0.0,0.0,0.0
2026-01-23,30.579999923706055,30.709999084472656,30.479999542236328,30.690000534057617,422600,0.0,0.0,0.0
2026-01-26,30.469999313354492,30.65999984741211,30.3700008392334,30.56999969482422,478600,0.0,0.0,0.0
2026-01-27,30.75,31.440000534057617,30.639999389648438,31.420000076293945,434900,0.0,0.0,0.0
2026-01-28,31.59000015258789,31.84000015258789,31.40999984741211,31.799999237060547,591100,0.0,0.0,0.0
2026-01-29,33.130001068115234,33.2400016784668,32.40999984741211,32.790000915527344,1621200,0.0,0.0,0.0
2026-01-30,32.93000030517578,33.06999969482422,32.16999816894531,32.95000076293945,1539400,0.0,0.0,0.0
2026-02-02,31.25,31.3700008392334,30.989999771118164,31.280000686645508,1234000,0.0,0.0,0.0
2026-02-03,31.459999084472656,32.15999984741211,31.389999389648438,32.119998931884766,1821700,0.0,0.0,0.0
2026-02-04,31.969999313354492,32.869998931884766,31.68000030517578,32.310001373291016,1870300,0.0,0.0,0.0
2026-02-05,31.93000030517578,32.06999969482422,31.56999969482422,31.829999923706055,624400,0.0,0.0,0.0
2026-02-06,31.690000534057617,32.439998626708984,31.68000030517578,32.02000045776367,1022300,0.0,0.0,0.0
2026-02-09,31.989999771118164,32.72999954223633,31.979999542236328,32.52000045776367,550100,0.0,0.0,0.0
2026-02-10,32.5,32.7400016784668,32.29999923706055,32.59000015258789,600700,0.0,0.0,0.0
2026-02-11,33.279998779296875,33.349998474121094,32.65999984741211,32.900001525878906,974400,0.0,0.0,0.0
2026-02-12,32.529998779296875,32.560001373291016,31.6200008392334,31.8799991607666,667200,0.0,0.0,0.0
2026-02-13,31.81999969482422,32.09000015258789,31.639999389648438,31.889999389648438,1133300,0.0,0.0,0.0
2026-02-17,31.920000076293945,32.02000045776367,31.520000457763672,31.780000686645508,873000,0.0,0.0,0.0
2026-02-18,32.709999084472656,33.369998931884766,32.689998626708984,33.27000045776367,2094200,0.0,0.0,0.0
2026-02-19,33.720001220703125,34.040000915527344,33.43000030517578,34.0099983215332,1501700,0.0,0.0,0.0
2026-02-20,33.75,34.0099983215332,33.599998474121094,33.880001068115234,1251900,0.0,0.0,0.0
2026-02-23,34.099998474121094,34.2599983215332,33.72999954223633,33.88999938964844,903600,0.0,0.0,0.0
2026-02-24,34.029998779296875,34.029998779296875,33.540000915527344,33.90999984741211,1384700,0.0,0.0,0.0
2026-02-25,33.689998626708984,33.790000915527344,33.43000030517578,33.650001525878906,751700,0.0,0.0,0.0
2026-02-26,33.20000076293945,34.40999984741211,33.150001525878906,33.810001373291016,5472000,0.0,0.0,0.0
2026-02-27,34.77000045776367,34.869998931884766,34.209999084472656,34.810001373291016,1624200,0.0,0.0,0.0
2026-03-02,37.58000183105469,37.869998931884766,36.52000045776367,37.34000015258789,6977000,0.0,0.0,0.0
2026-03-03,39.9900016784668,40.04999923706055,37.33000183105469,38.61000061035156,7079200,0.0,0.0,0.0
2026-03-04,38.63999938964844,39.15999984741211,38.31999969482422,38.900001525878906,3880600,0.0,0.0,0.0
2026-03-05,39.93000030517578,41.04999923706055,39.790000915527344,40.2400016784668,6713600,0.0,0.0,0.0
2026-03-06,43.130001068115234,44.97999954223633,42.970001220703125,43.95000076293945,11051700,0.0,0.0,0.0
2026-03-09,48.720001220703125,50.29999923706055,39.880001068115234,42.720001220703125,20717300,0.0,0.0,0.0
2026-03-10,43.72999954223633,43.97999954223633,38.65999984741211,43.369998931884766,13783000,0.0,0.0,0.0
2026-03-11,43.040000915527344,44.349998474121094,41.540000915527344,44.040000915527344,8909600,0.0,0.0,0.0
2026-03-12,47.27000045776367,48.47999954223633,46.540000915527344,48.25,9455000,0.0,0.0,0.0
2026-03-13,47.150001525878906,49.439998626708984,47.02000045776367,49.040000915527344,5263500,0.0,0.0,0.0
2026-03-16,48.560001373291016,49.15999984741211,47.43000030517578,47.65999984741211,6347600,0.0,0.0,0.0
2026-03-17,48.619998931884766,49.47999954223633,48.040000915527344,49.400001525878906,3378000,0.0,0.0,0.0
2026-03-18,51.400001525878906,52.310001373291016,50.36000061035156,52.15999984741211,9839300,0.0,0.0,0.0
2026-03-19,53.25,53.66999816894531,49.4900016784668,51.13999938964844,20930000,0.0,0.0,0.0
2026-03-20,51.95000076293945,53.540000915527344,51.61000061035156,52.91999816894531,9574200,0.0,0.0,0.0
2026-03-23,49.400001525878906,49.77000045776367,46.38999938964844,47.880001068115234,16443500,0.0,0.0,0.0
2026-03-24,49.7599983215332,50.220001220703125,48.83000183105469,49.70000076293945,6900300,0.0,0.0,0.0
2026-03-25,47.34000015258789,49.06999969482422,47.27000045776367,48.77000045776367,7380600,0.0,0.0,0.0
2026-03-26,50.33000183105469,51.099998474121094,49.91999816894531,50.54999923706055,7441100,0.0,0.0,0.0
2026-03-27,51.869998931884766,53.27000045776367,51.290000915527344,52.70000076293945,11163200,0.0,0.0,0.0
2026-03-30,53.869998931884766,54.2599983215332,53.209999084472656,53.9900016784668,6247900,0.0,0.0,0.0
2026-03-31,53.83000183105469,53.900001525878906,51.220001220703125,52.0099983215332,11663400,0.0,0.0,0.0
2026-04-01,50.7599983215332,51.09000015258789,49.810001373291016,50.33000183105469,7840600,0.0,0.0,0.0
2026-04-02,54.459999084472656,54.619998931884766,52.47999954223633,54.119998931884766,10705100,0.0,0.0,0.0
2026-04-06,54.529998779296875,55.459999084472656,53.84000015258789,54.66999816894531,7691300,0.0,0.0,0.0
2026-04-07,54.880001068115234,55.65999984741211,52.209999084472656,53.52000045776367,10273600,0.0,0.0,0.0
2026-04-08,45.63999938964844,48.52000045776367,45.599998474121094,48.02000045776367,8895800,0.0,0.0,0.0
2026-04-09,48.900001525878906,49.66999816894531,47.060001373291016,48.52000045776367,8616700,0.0,0.0,0.0
2026-04-10,47.849998474121094,48.61000061035156,47.04999923706055,47.25,5224300,0.0,0.0,0.0
2026-04-13,50.79999923706055,51.029998779296875,48.75,49.06999969482422,7121800,0.0,0.0,0.0
2026-04-14,48.720001220703125,48.810001373291016,47.150001525878906,47.5099983215332,3478500,0.0,0.0,0.0
2026-04-15,47.310001373291016,47.88999938964844,46.97999954223633,47.31999969482422,3845100,0.0,0.0,0.0
2026-04-16,48.099998474121094,49.84000015258789,48.09000015258789,49.08000183105469,2590400,0.0,0.0,0.0
2026-04-17,44.900001525878906,45.77000045776367,43.31999969482422,45.470001220703125,8555800,0.0,0.0,0.0
2026-04-20,46.630001068115234,48.04999923706055,46.470001220703125,47.45000076293945,3509900,0.0,0.0,0.0
2026-04-21,47.689998626708984,50.33000183105469,47.54999923706055,50.06999969482422,5895500,0.0,0.0,0.0
2026-04-22,49.81999969482422,50.970001220703125,49.81999969482422,50.529998779296875,3379200,0.0,0.0,0.0
2026-04-23,51.33000183105469,53.45000076293945,51.16999816894531,52.70000076293945,5053000,0.0,0.0,0.0
2026-04-24,52.130001068115234,52.7400016784668,51.459999084472656,52.59000015258789,3879400,0.0,0.0,0.0
2026-04-27,53.20000076293945,54.08000183105469,53.15999984741211,53.560001373291016,2489500,0.0,0.0,0.0
2026-04-28,54.86000061035156,55.290000915527344,54.4900016784668,55.040000915527344,3155900,0.0,0.0,0.0
2026-04-29,57.689998626708984,58.959999084472656,57.529998779296875,58.810001373291016,3928500,0.0,0.0,0.0
2026-04-30,57.33000183105469,58.58000183105469,57.279998779296875,58.529998779296875,3809500,0.0,0.0,0.0
2026-05-01,57.720001220703125,57.88999938964844,56.04999923706055,57.27000045776367,4830000,0.0,0.0,0.0
2026-05-04,58.41999816894531,60.810001373291016,57.959999084472656,60.130001068115234,5691000,0.0,0.0,0.0
2026-05-05,58.709999084472656,59.029998779296875,57.81999969482422,58.18000030517578,3208700,0.0,0.0,0.0
2026-05-06,54.5,54.68000030517578,53.09000015258789,53.529998779296875,5834200,0.0,0.0,0.0
2026-05-07,51.400001525878906,54.2400016784668,50.81999969482422,53.66999816894531,7203700,0.0,0.0,0.0
2026-05-08,52.70000076293945,53.91999816894531,52.56999969482422,53.11000061035156,4028500,0.0,0.0,0.0
2026-05-11,54.47999954223633,55.72999954223633,54.25,55.02000045776367,2661600,0.0,0.0,0.0
2026-05-12,57.0099983215332,57.209999084472656,56.52000045776367,56.88999938964844,2662900,0.0,0.0,0.0
2026-05-13,56.72999954223633,57.099998474121094,55.650001525878906,55.849998474121094,1712800,0.0,0.0,0.0
2026-05-14,55.369998931884766,56.22999954223633,55.15999984741211,56.209999084472656,1396900,0.0,0.0,0.0
2026-05-15,57.060001373291016,57.93000030517578,56.970001220703125,57.689998626708984,2157800,0.0,0.0,0.0
2026-05-18,56.91999816894531,59.4900016784668,56.779998779296875,57.650001525878906,3702900,0.0,0.0,0.0
2026-05-19,58.810001373291016,59.02000045776367,57.900001525878906,58.810001373291016,2024400,0.0,0.0,0.0
2026-05-20,57.619998931884766,57.91999816894531,54.689998626708984,55.63999938964844,7514200,0.0,0.0,0.0
2026-05-21,57.540000915527344,57.91999816894531,54.40999984741211,55.560001373291016,6577300,0.0,0.0,0.0
2026-05-22,55.15999984741211,55.880001068115234,54.040000915527344,55.0,4013600,0.0,0.0,0.0
2026-05-26,53.099998474121094,53.810001373291016,52.95000076293945,53.099998474121094,3016300,0.0,0.0,0.0
2026-05-27,51.400001525878906,52.04999923706055,50.70000076293945,51.13999938964844,3185800,0.0,0.0,0.0
2026-05-28,51.970001220703125,52.189998626708984,49.88999938964844,51.33000183105469,5283700,0.0,0.0,0.0
2026-05-29,50.130001068115234,50.7599983215332,49.5099983215332,50.59000015258789,4572900,0.0,0.0,0.0
2026-06-01,52.79999923706055,53.869998931884766,51.83000183105469,52.4900016784668,6346900,0.0,0.0,0.0
2026-06-02,52.22999954223633,53.0,52.060001373291016,52.88999938964844,1684600,0.0,0.0,0.0
2026-06-03,53.68000030517578,54.130001068115234,53.31999969482422,53.939998626708984,2629400,0.0,0.0,0.0
2026-06-04,52.5099983215332,52.56999969482422,51.869998931884766,52.47999954223633,1914900,0.0,0.0,0.0
2026-06-05,51.970001220703125,51.970001220703125,51.040000915527344,51.20000076293945,2483500,0.0,0.0,0.0
2026-06-08,51.880001068115234,52.439998626708984,51.61000061035156,51.88999938964844,2677400,0.0,0.0,0.0
2026-06-09,50.68000030517578,51.20000076293945,49.369998931884766,50.459999084472656,4973300,0.0,0.0,0.0
2026-06-10,50.900001525878906,52.13999938964844,50.77000045776367,51.459999084472656,4291000,0.0,0.0,0.0
2026-06-11,51.31999969482422,51.79999923706055,48.810001373291016,49.130001068115234,7984400,0.0,0.0,0.0
2026-06-12,48.599998474121094,49.52000045776367,47.7400016784668,47.81999969482422,3826400,0.0,0.0,0.0
2026-06-15,45.810001373291016,46.150001525878906,45.400001525878906,46.04999923706055,4545500,0.0,0.0,0.0
2026-06-16,44.290000915527344,44.560001373291016,43.25,43.88999938964844,2818600,0.0,0.0,0.0
2026-06-17,44.029998779296875,45.63999938964844,43.459999084472656,43.4900016784668,2132100,0.0,0.0,0.0
2026-06-18,43.060001373291016,44.09000015258789,42.220001220703125,43.880001068115234,3481900,0.0,0.0,0.0
2026-06-22,43.16999816894531,43.20000076293945,42.59000015258789,43.119998931884766,1253600,0.0,0.0,0.0
2026-06-23,42.4900016784668,42.70000076293945,42.22999954223633,42.540000915527344,666600,0.0,0.0,0.0
2026-06-24,40.810001373291016,41.27000045776367,40.599998474121094,40.7400016784668,1700400,0.0,0.0,0.0
2026-06-25,40.7599983215332,42.130001068115234,40.709999084472656,41.880001068115234,1366000,0.0,0.0,0.0
2026-06-26,40.45000076293945,40.540000915527344,39.86000061035156,40.310001373291016,1535900,0.0,0.0,0.0
2026-06-29,40.689998626708984,41.119998931884766,40.560001373291016,40.849998474121094,597700,0.0,0.0,0.0
2026-06-30,41.29999923706055,41.29999923706055,40.279998779296875,40.689998626708984,547100,0.0,0.0,0.0
2026-07-01,39.83000183105469,40.02000045776367,39.36000061035156,39.40999984741211,697600,0.0,0.0,0.0
2026-07-02,39.220001220703125,39.83000183105469,39.040000915527344,39.66999816894531,835200,0.0,0.0,0.0
2026-07-06,40.02000045776367,40.22999954223633,39.709999084472656,39.939998626708984,563100,0.0,0.0,0.0
2026-07-07,40.529998779296875,42.31999969482422,40.47999954223633,41.93000030517578,1610600,0.0,0.0,0.0
2026-07-08,43.439998626708984,44.65999984741211,42.959999084472656,43.56999969482422,3471800,0.0,0.0,0.0
2026-07-09,43.220001220703125,43.27000045776367,41.90999984741211,42.16999816894531,2202800,0.0,0.0,0.0
2026-07-10,42.380001068115234,42.959999084472656,41.75,42.150001525878906,1215900,0.0,0.0,0.0
2026-07-13,43.5,46.31999969482422,43.439998626708984,46.0,3289000,0.0,0.0,0.0
2026-07-14,47.810001373291016,48.0,46.27000045776367,47.290000915527344,3889100,0.0,0.0,0.0
2026-07-15,47.41999816894531,47.720001220703125,46.209999084472656,47.59000015258789,1664700,0.0,0.0,0.0
2026-07-16,47.459999084472656,47.599998474121094,46.54999923706055,46.779998779296875,1280900,0.0,0.0,0.0
2026-07-17,48.150001525878906,48.97999954223633,47.65999984741211,48.70000076293945,1638900,0.0,0.0,0.0
2026-07-20,48.650001525878906,49.7400016784668,48.47999954223633,49.31999969482422,1936000,0.0,0.0,0.0
2026-07-21,50.38999938964844,50.790000915527344,50.099998474121094,50.560001373291016,1295200,0.0,0.0,0.0
2026-07-22,51.22999954223633,51.68000030517578,50.93000030517578,51.41999816894531,1880700,0.0,0.0,0.0
2026-07-23,53.40999984741211,54.40999984741211,53.2400016784668,53.45000076293945,2651300,0.0,0.0,0.0
2026-07-24,52.630001068115234,52.65999984741211,51.560001373291016,52.58000183105469,2386600,0.0,0.0,0.0
2026-07-27,49.86000061035156,49.88999938964844,48.709999084472656,48.720001220703125,2450600,0.0,0.0,0.0
2026-07-28,47.959999084472656,48.220001220703125,46.06999969482422,46.7400016784668,3102400,0.0,0.0,0.0
2026-07-29,49.560001373291016,50.58000183105469,49.529998779296875,50.43000030517578,2810800,0.0,0.0,0.0
2026-07-30,49.52000045776367,50.029998779296875,49.43000030517578,49.65999984741211,1397600,0.0,0.0,0.0
2026-07-31,50.529998779296875,50.75,49.7599983215332,50.380001068115234,1482800,0.0,0.0,0.0
2026-08-03,47.72999954223633,48.279998779296875,47.2599983215332,47.83000183105469,2340400,0.0,0.0,0.0
2026-08-04,44.5,46.13999938964844,44.5,45.31999969482422,4090200,0.0,0.0,0.0
2026-08-05,45.81999969482422,45.81999969482422,44.7599983215332,45.40999984741211,2351200,0.0,0.0,0.0
2026-08-06,46.220001220703125,47.68000030517578,46.06999969482422,47.369998931884766,2133500,0.0,0.0,0.0
2026-08-07,46.849998474121094,47.88999938964844,46.79999923706055,46.93000030517578,1747700,0.0,0.0,0.0
2026-08-10,48.7599983215332,50.25,48.720001220703125,50.11000061035156,1885700,0.0,0.0,0.0
2026-08-11,49.689998626708984,51.060001373291016,49.59000015258789,50.959999084472656,1601300,0.0,0.0,0.0
2026-08-12,50.599998474121094,50.939998626708984,50.4900016784668,50.720001220703125,813200,0.0,0.0,0.0
2026-08-13,49.650001525878906,50.61000061035156,49.06999969482422,49.7400016784668,1171800,0.0,0.0,0.0
2026-08-14,49.7599983215332,50.75,49.4900016784668,50.63999938964844,874200,0.0,0.0,0.0
2026-08-17,50.93000030517578,52.15999984741211,50.61000061035156,51.970001220703125,1121800,0.0,0.0,0.0
2026-08-18,52.31999969482422,52.720001220703125,51.97999954223633,52.11000061035156,2457600,0.0,0.0,0.0
2026-08-19,52.31999969482422,53.060001373291016,52.16999816894531,52.31999969482422,1214000,0.0,0.0,0.0
2026-08-20,53.54999923706055,53.75,53.06999969482422,53.4900016784668,1435500,0.0,0.0,0.0
2026-08-21,53.959999084472656,54.2599983215332,53.630001068115234,53.79999923706055,1544000,0.0,0.0,0.0
2026-08-24,53.61000061035156,53.66999816894531,52.619998931884766,52.779998779296875,1628000,0.0,0.0,0.0
2026-08-25,51.310001373291016,51.779998779296875,50.2599983215332,50.2599983215332,1790200,0.0,0.0,0.0
2026-08-26,50.040000915527344,51.63999938964844,50.040000915527344,50.540000915527344,1144600,0.0,0.0,0.0
2026-08-27,51.08000183105469,52.029998779296875,50.70000076293945,51.709999084472656,1164000,0.0,0.0,0.0
2026-08-28,51.0099983215332,51.59000015258789,50.970001220703125,51.47999954223633,564000,0.0,0.0,0.0
2026-08-31,52.84000015258789,53.29999923706055,52.61000061035156,52.84000015258789,834700,0.0,0.0,0.0
2026-09-01,54.09000015258789,55.599998474121094,53.66999816894531,55.560001373291016,1694900,0.0,0.0,0.0
2026-09-02,55.08000183105469,56.040000915527344,54.7599983215332,55.7400016784668,1229900,0.0,0.0,0.0
2026-09-03,56.11000061035156,56.66999816894531,55.540000915527344,55.900001525878906,1151600,0.0,0.0,0.0
2026-09-04,55.189998626708984,56.40999984741211,54.43000030517578,56.11000061035156,1392800,0.0,0.0,0.0
2026-09-08,57.209999084472656,57.81999969482422,56.56999969482422,57.72999954223633,2865300,0.0,0.0,0.0
2026-09-09,58.880001068115234,59.36000061035156,58.56999969482422,59.31999969482422,1718500,0.0,0.0,0.0
2026-09-10,61.5,63.310001373291016,60.66999816894531,63.130001068115234,3546800,0.0,0.0,0.0
2026-09-11,60.75,61.70000076293945,60.65999984741211,61.369998931884766,1989000,0.0,0.0,0.0
2026-09-14,63.650001525878906,63.959999084472656,61.279998779296875,62.15999984741211,3597800,0.0,0.0,0.0
2026-09-15,62.59000015258789,63.97999954223633,62.47999954223633,63.560001373291016,2568700,0.0,0.0,0.0
2026-09-16,62.959999084472656,62.97999954223633,60.86000061035156,61.709999084472656,1809700,0.0,0.0,0.0
2026-09-17,60.279998779296875,61.400001525878906,60.130001068115234,60.90999984741211,1378200,0.0,0.0,0.0
