Date,Open,High,Low,Close,Volume,Dividends,Stock Splits,Capital Gains
2021-10-01 00:00:00-04:00,9.510000228881836,9.550000190734863,9.479999542236328,9.520000457763672,45700,0.0,0.0,0.0
2021-10-04 00:00:00-04:00,9.489999771118164,9.489999771118164,9.34000015258789,9.369999885559082,34700,0.0,0.0,0.0
2021-10-05 00:00:00-04:00,9.479999542236328,9.5,9.380000114440918,9.470000267028809,27200,0.0,0.0,0.0
2021-10-06 00:00:00-04:00,9.449999809265137,9.470000267028809,9.380000114440918,9.449999809265137,11100,0.0,0.0,0.0
2021-10-07 00:00:00-04:00,9.430000305175781,9.5,9.420000076293945,9.470000267028809,22600,0.0,0.0,0.0
2021-10-08 00:00:00-04:00,9.5,9.680000305175781,9.479999542236328,9.65999984741211,96500,0.0,0.0,0.0
2021-10-11 00:00:00-04:00,9.699999809265137,9.75,9.619999885559082,9.680000305175781,86800,0.0,0.0,0.0
2021-10-12 00:00:00-04:00,9.630000114440918,9.680000305175781,9.569999694824219,9.59000015258789,94000,0.0,0.0,0.0
2021-10-13 00:00:00-04:00,9.600000381469727,9.600000381469727,9.489999771118164,9.520000457763672,39100,0.0,0.0,0.0
2021-10-14 00:00:00-04:00,9.470000267028809,9.489999771118164,9.380000114440918,9.430000305175781,68600,0.0,0.0,0.0
2021-10-15 00:00:00-04:00,9.579999923706055,9.579999923706055,9.510000228881836,9.579999923706055,34200,0.0,0.0,0.0
2021-10-18 00:00:00-04:00,9.550000190734863,9.550000190734863,9.40999984741211,9.40999984741211,106200,0.0,0.0,0.0
2021-10-19 00:00:00-04:00,9.3100004196167,9.369999885559082,9.300000190734863,9.350000381469727,164200,0.0,0.0,0.0
2021-10-20 00:00:00-04:00,9.329999923706055,9.329999923706055,9.229999542236328,9.239999771118164,116700,0.0,0.0,0.0
2021-10-21 00:00:00-04:00,9.260000228881836,9.289999961853027,9.15999984741211,9.279999732971191,591500,0.0,0.0,0.0
2021-10-22 00:00:00-04:00,9.300000190734863,9.300000190734863,9.239999771118164,9.270000457763672,170000,0.0,0.0,0.0
2021-10-25 00:00:00-04:00,9.3100004196167,9.380000114440918,9.270000457763672,9.359999656677246,599100,0.0,0.0,0.0
2021-10-26 00:00:00-04:00,9.399999618530273,9.470000267028809,9.380000114440918,9.4399995803833,80200,0.0,0.0,0.0
2021-10-27 00:00:00-04:00,9.489999771118164,9.550000190734863,9.470000267028809,9.489999771118164,46000,0.0,0.0,0.0
2021-10-28 00:00:00-04:00,9.529999732971191,9.529999732971191,9.4399995803833,9.479999542236328,76200,0.0,0.0,0.0
2021-10-29 00:00:00-04:00,9.420000076293945,9.420000076293945,9.3100004196167,9.3100004196167,114800,0.0,0.0,0.0
2021-11-01 00:00:00-04:00,9.399999618530273,9.449999809265137,9.359999656677246,9.390000343322754,47600,0.0,0.0,0.0
2021-11-02 00:00:00-04:00,9.470000267028809,9.510000228881836,9.4399995803833,9.5,31700,0.0,0.0,0.0
2021-11-03 00:00:00-04:00,9.479999542236328,9.479999542236328,9.40999984741211,9.4399995803833,30700,0.0,0.0,0.0
2021-11-04 00:00:00-04:00,9.539999961853027,9.569999694824219,9.5,9.539999961853027,67400,0.0,0.0,0.0
2021-11-05 00:00:00-04:00,9.579999923706055,9.65999984741211,9.569999694824219,9.65999984741211,66900,0.0,0.0,0.0
2021-11-08 00:00:00-05:00,9.65999984741211,9.670000076293945,9.619999885559082,9.649999618530273,35600,0.0,0.0,0.0
2021-11-09 00:00:00-05:00,9.640000343322754,9.640000343322754,9.59000015258789,9.630000114440918,39900,0.0,0.0,0.0
2021-11-10 00:00:00-05:00,9.609999656677246,9.609999656677246,9.5,9.5,33600,0.0,0.0,0.0
2021-11-11 00:00:00-05:00,9.600000381469727,9.739999771118164,9.600000381469727,9.729999542236328,105600,0.0,0.0,0.0
2021-11-12 00:00:00-05:00,9.75,9.75,9.65999984741211,9.65999984741211,41500,0.0,0.0,0.0
2021-11-15 00:00:00-05:00,9.729999542236328,9.729999542236328,9.529999732971191,9.529999732971191,44600,0.0,0.0,0.0
2021-11-16 00:00:00-05:00,9.649999618530273,9.670000076293945,9.600000381469727,9.640000343322754,34600,0.0,0.0,0.0
2021-11-17 00:00:00-05:00,9.699999809265137,9.829999923706055,9.699999809265137,9.829999923706055,120700,0.0,0.0,0.0
2021-11-18 00:00:00-05:00,9.850000381469727,9.869999885559082,9.680000305175781,9.720000267028809,86000,0.0,0.0,0.0
2021-11-19 00:00:00-05:00,9.739999771118164,9.739999771118164,9.600000381469727,9.680000305175781,66800,0.0,0.0,0.0
2021-11-22 00:00:00-05:00,9.539999961853027,9.569999694824219,9.510000228881836,9.539999961853027,61500,0.0,0.0,0.0
2021-11-23 00:00:00-05:00,9.579999923706055,9.680000305175781,9.520000457763672,9.649999618530273,123100,0.0,0.0,0.0
2021-11-24 00:00:00-05:00,9.600000381469727,9.630000114440918,9.539999961853027,9.630000114440918,22500,0.0,0.0,0.0
2021-11-26 00:00:00-05:00,9.369999885559082,9.390000343322754,9.199999809265137,9.329999923706055,119700,0.0,0.0,0.0
2021-11-29 00:00:00-05:00,9.350000381469727,9.399999618530273,9.210000038146973,9.220000267028809,51500,0.0,0.0,0.0
2021-11-30 00:00:00-05:00,9.09000015258789,9.130000114440918,8.960000038146973,8.970000267028809,193400,0.0,0.0,0.0
2021-12-01 00:00:00-05:00,9.029999732971191,9.100000381469727,8.9399995803833,8.949999809265137,116800,0.0,0.0,0.0
2021-12-02 00:00:00-05:00,9.0,9.039999961853027,8.930000305175781,8.930000305175781,52100,0.0,0.0,0.0
2021-12-03 00:00:00-05:00,8.960000038146973,9.0600004196167,8.960000038146973,9.0,15600,0.0,0.0,0.0
2021-12-06 00:00:00-05:00,9.09000015258789,9.15999984741211,9.079999923706055,9.119999885559082,48200,0.0,0.0,0.0
2021-12-07 00:00:00-05:00,9.270000457763672,9.329999923706055,9.25,9.300000190734863,31000,0.0,0.0,0.0
2021-12-08 00:00:00-05:00,9.399999618530273,9.5,9.380000114440918,9.449999809265137,60300,0.0,0.0,0.0
2021-12-09 00:00:00-05:00,9.420000076293945,9.4399995803833,9.399999618530273,9.40999984741211,18600,0.0,0.0,0.0
2021-12-10 00:00:00-05:00,9.40999984741211,9.460000038146973,9.40999984741211,9.4399995803833,9300,0.0,0.0,0.0
2021-12-13 00:00:00-05:00,9.420000076293945,9.460000038146973,9.420000076293945,9.420000076293945,27800,0.0,0.0,0.0
2021-12-14 00:00:00-05:00,9.430000305175781,9.479999542236328,9.420000076293945,9.430000305175781,43800,0.0,0.0,0.0
2021-12-15 00:00:00-05:00,9.300000190734863,9.359999656677246,9.279999732971191,9.34000015258789,17900,0.0,0.0,0.0
2021-12-16 00:00:00-05:00,9.319999694824219,9.380000114440918,9.300000190734863,9.369999885559082,18800,0.0,0.0,0.0
2021-12-17 00:00:00-05:00,9.300000190734863,9.300000190734863,9.180000305175781,9.180000305175781,19800,0.0,0.0,0.0
2021-12-20 00:00:00-05:00,9.100000381469727,9.100000381469727,8.979999542236328,9.010000228881836,57400,0.0,0.0,0.0
2021-12-21 00:00:00-05:00,8.989999771118164,9.09000015258789,8.989999771118164,9.0600004196167,40800,0.0,0.0,0.0
2021-12-22 00:00:00-05:00,9.149999618530273,9.300000190734863,9.119999885559082,9.270000457763672,56300,0.0,0.0,0.0
2021-12-23 00:00:00-05:00,9.239999771118164,9.300000190734863,9.239999771118164,9.279999732971191,87000,0.0,0.0,0.0
2021-12-27 00:00:00-05:00,9.260000228881836,9.329999923706055,9.210000038146973,9.289999961853027,27500,0.0,0.0,0.0
2021-12-28 00:00:00-05:00,9.25,9.279999732971191,9.199999809265137,9.199999809265137,49100,0.0,0.0,0.0
2021-12-29 00:00:00-05:00,9.180000305175781,9.279999732971191,9.170000076293945,9.229999542236328,12200,0.0,0.0,0.0
2021-12-30 00:00:00-05:00,9.270000457763672,9.270000457763672,9.109999656677246,9.130000114440918,16300,0.0,0.0,0.0
2021-12-31 00:00:00-05:00,9.170000076293945,9.229999542236328,9.170000076293945,9.199999809265137,8400,0.0,0.0,0.0
2022-01-03 00:00:00-05:00,9.210000038146973,9.25,9.140000343322754,9.199999809265137,29500,0.0,0.0,0.0
2022-01-04 00:00:00-05:00,9.1899995803833,9.199999809265137,9.119999885559082,9.15999984741211,14800,0.0,0.0,0.0
2022-01-05 00:00:00-05:00,9.119999885559082,9.119999885559082,9.010000228881836,9.010000228881836,17100,0.0,0.0,0.0
2022-01-06 00:00:00-05:00,8.979999542236328,9.050000190734863,8.90999984741211,8.920000076293945,51200,0.0,0.0,0.0
2022-01-07 00:00:00-05:00,8.920000076293945,8.9399995803833,8.869999885559082,8.880000114440918,197900,0.0,0.0,0.0
2022-01-10 00:00:00-05:00,8.800000190734863,8.819999694824219,8.710000038146973,8.8100004196167,49300,0.0,0.0,0.0
2022-01-11 00:00:00-05:00,8.829999923706055,8.890000343322754,8.789999961853027,8.869999885559082,25700,0.0,0.0,0.0
2022-01-12 00:00:00-05:00,8.949999809265137,9.0,8.930000305175781,8.930000305175781,18400,0.0,0.0,0.0
2022-01-13 00:00:00-05:00,8.960000038146973,8.960000038146973,8.829999923706055,8.899999618530273,57000,0.0,0.0,0.0
2022-01-14 00:00:00-05:00,8.930000305175781,9.020000457763672,8.90999984741211,9.010000228881836,20200,0.0,0.0,0.0
2022-01-18 00:00:00-05:00,9.069999694824219,9.15999984741211,9.0600004196167,9.079999923706055,188600,0.0,0.0,0.0
2022-01-19 00:00:00-05:00,9.130000114440918,9.279999732971191,9.130000114440918,9.25,252900,0.0,0.0,0.0
2022-01-20 00:00:00-05:00,9.3100004196167,9.350000381469727,9.15999984741211,9.15999984741211,204000,0.0,0.0,0.0
2022-01-21 00:00:00-05:00,9.180000305175781,9.229999542236328,9.180000305175781,9.1899995803833,31900,0.0,0.0,0.0
2022-01-24 00:00:00-05:00,9.15999984741211,9.239999771118164,9.050000190734863,9.229999542236328,107700,0.0,0.0,0.0
2022-01-25 00:00:00-05:00,9.109999656677246,9.1899995803833,9.109999656677246,9.15999984741211,227500,0.0,0.0,0.0
2022-01-26 00:00:00-05:00,9.0600004196167,9.09000015258789,9.010000228881836,9.050000190734863,116000,0.0,0.0,0.0
2022-01-27 00:00:00-05:00,9.109999656677246,9.109999656677246,9.0,9.0,38600,0.0,0.0,0.0
2022-01-28 00:00:00-05:00,8.989999771118164,9.020000457763672,8.90999984741211,8.979999542236328,61900,0.0,0.0,0.0
2022-01-31 00:00:00-05:00,8.979999542236328,8.979999542236328,8.789999961853027,8.930000305175781,22400,0.0,0.0,0.0
2022-02-01 00:00:00-05:00,9.020000457763672,9.020000457763672,8.949999809265137,8.970000267028809,181400,0.0,0.0,0.0
2022-02-02 00:00:00-05:00,8.899999618530273,8.899999618530273,8.760000228881836,8.760000228881836,49800,0.0,0.0,0.0
2022-02-03 00:00:00-05:00,8.720000267028809,8.890000343322754,8.720000267028809,8.819999694824219,51300,0.0,0.0,0.0
2022-02-04 00:00:00-05:00,8.859999656677246,8.890000343322754,8.829999923706055,8.869999885559082,29000,0.0,0.0,0.0
2022-02-07 00:00:00-05:00,8.84000015258789,8.890000343322754,8.829999923706055,8.850000381469727,39900,0.0,0.0,0.0
2022-02-08 00:00:00-05:00,8.84000015258789,8.869999885559082,8.789999961853027,8.859999656677246,30300,0.0,0.0,0.0
2022-02-09 00:00:00-05:00,8.949999809265137,9.0,8.930000305175781,8.960000038146973,38000,0.0,0.0,0.0
2022-02-10 00:00:00-05:00,8.9399995803833,9.0,8.920000076293945,8.930000305175781,13800,0.0,0.0,0.0
2022-02-11 00:00:00-05:00,8.949999809265137,8.949999809265137,8.880000114440918,8.920000076293945,110200,0.0,0.0,0.0
2022-02-14 00:00:00-05:00,8.880000114440918,8.890000343322754,8.819999694824219,8.869999885559082,62200,0.0,0.0,0.0
2022-02-15 00:00:00-05:00,8.8100004196167,8.850000381469727,8.779999732971191,8.84000015258789,21200,0.0,0.0,0.0
2022-02-16 00:00:00-05:00,8.84000015258789,8.880000114440918,8.760000228881836,8.819999694824219,281700,0.0,0.0,0.0
2022-02-17 00:00:00-05:00,8.819999694824219,8.90999984741211,8.8100004196167,8.869999885559082,31800,0.0,0.0,0.0
2022-02-18 00:00:00-05:00,8.970000267028809,8.970000267028809,8.8100004196167,8.84000015258789,34700,0.0,0.0,0.0
2022-02-22 00:00:00-05:00,8.90999984741211,8.960000038146973,8.899999618530273,8.949999809265137,186400,0.0,0.0,0.0
2022-02-23 00:00:00-05:00,8.970000267028809,8.970000267028809,8.899999618530273,8.90999984741211,83100,0.0,0.0,0.0
2022-02-24 00:00:00-05:00,9.029999732971191,9.0600004196167,8.890000343322754,8.970000267028809,84200,0.0,0.0,0.0
2022-02-25 00:00:00-05:00,8.899999618530273,8.899999618530273,8.800000190734863,8.819999694824219,77600,0.0,0.0,0.0
2022-02-28 00:00:00-05:00,8.880000114440918,8.899999618530273,8.770000457763672,8.800000190734863,145900,0.0,0.0,0.0
2022-03-01 00:00:00-05:00,9.020000457763672,9.119999885559082,8.970000267028809,9.050000190734863,100100,0.0,0.0,0.0
2022-03-02 00:00:00-05:00,9.140000343322754,9.25,9.140000343322754,9.210000038146973,352300,0.0,0.0,0.0
2022-03-03 00:00:00-05:00,9.220000267028809,9.369999885559082,9.15999984741211,9.369999885559082,202200,0.0,0.0,0.0
2022-03-04 00:00:00-05:00,9.539999961853027,9.59000015258789,9.430000305175781,9.59000015258789,222800,0.0,0.0,0.0
2022-03-07 00:00:00-05:00,9.609999656677246,9.619999885559082,9.510000228881836,9.609999656677246,324800,0.0,0.0,0.0
2022-03-08 00:00:00-05:00,9.630000114440918,9.739999771118164,9.579999923706055,9.600000381469727,164900,0.0,0.0,0.0
2022-03-09 00:00:00-05:00,9.569999694824219,9.630000114440918,9.460000038146973,9.460000038146973,210100,0.0,0.0,0.0
2022-03-10 00:00:00-05:00,9.600000381469727,9.649999618530273,9.550000190734863,9.619999885559082,96100,0.0,0.0,0.0
2022-03-11 00:00:00-05:00,9.619999885559082,9.649999618530273,9.550000190734863,9.619999885559082,33500,0.0,0.0,0.0
2022-03-14 00:00:00-04:00,9.569999694824219,9.600000381469727,9.5,9.529999732971191,125400,0.0,0.0,0.0
2022-03-15 00:00:00-04:00,9.430000305175781,9.430000305175781,9.3100004196167,9.369999885559082,98700,0.0,0.0,0.0
2022-03-16 00:00:00-04:00,9.369999885559082,9.369999885559082,9.229999542236328,9.260000228881836,108300,0.0,0.0,0.0
2022-03-17 00:00:00-04:00,9.390000343322754,9.399999618530273,9.3100004196167,9.359999656677246,28200,0.0,0.0,0.0
2022-03-18 00:00:00-04:00,9.350000381469727,9.449999809265137,9.319999694824219,9.430000305175781,25400,0.0,0.0,0.0
2022-03-21 00:00:00-04:00,9.59000015258789,9.600000381469727,9.5,9.600000381469727,63800,0.0,0.0,0.0
2022-03-22 00:00:00-04:00,9.619999885559082,9.619999885559082,9.529999732971191,9.59000015258789,159600,0.0,0.0,0.0
2022-03-23 00:00:00-04:00,9.600000381469727,9.619999885559082,9.550000190734863,9.619999885559082,33100,0.0,0.0,0.0
2022-03-24 00:00:00-04:00,9.720000267028809,9.720000267028809,9.5600004196167,9.600000381469727,47200,0.0,0.0,0.0
2022-03-25 00:00:00-04:00,9.649999618530273,9.739999771118164,9.649999618530273,9.739999771118164,63500,0.0,0.0,0.0
2022-03-28 00:00:00-04:00,9.710000038146973,9.739999771118164,9.600000381469727,9.739999771118164,53000,0.0,0.0,0.0
2022-03-29 00:00:00-04:00,9.489999771118164,9.550000190734863,9.40999984741211,9.510000228881836,72700,0.0,0.0,0.0
2022-03-30 00:00:00-04:00,9.609999656677246,9.699999809265137,9.609999656677246,9.670000076293945,226400,0.0,0.0,0.0
2022-03-31 00:00:00-04:00,9.640000343322754,9.670000076293945,9.579999923706055,9.649999618530273,95100,0.0,0.0,0.0
2022-04-01 00:00:00-04:00,9.579999923706055,9.640000343322754,9.5600004196167,9.5600004196167,43900,0.0,0.0,0.0
2022-04-04 00:00:00-04:00,9.699999809265137,9.729999542236328,9.649999618530273,9.710000038146973,91300,0.0,0.0,0.0
2022-04-05 00:00:00-04:00,9.75,9.760000228881836,9.680000305175781,9.729999542236328,103300,0.0,0.0,0.0
2022-04-06 00:00:00-04:00,9.649999618530273,9.729999542236328,9.649999618530273,9.729999542236328,40100,0.0,0.0,0.0
2022-04-07 00:00:00-04:00,9.859999656677246,9.890000343322754,9.789999961853027,9.84000015258789,113600,0.0,0.0,0.0
2022-04-08 00:00:00-04:00,10.0,10.100000381469727,9.970000267028809,10.100000381469727,206400,0.0,0.0,0.0
2022-04-11 00:00:00-04:00,10.069999694824219,10.119999885559082,10.010000228881836,10.100000381469727,429700,0.0,0.0,0.0
2022-04-12 00:00:00-04:00,10.109999656677246,10.149999618530273,10.0600004196167,10.09000015258789,192900,0.0,0.0,0.0
2022-04-13 00:00:00-04:00,10.140000343322754,10.180000305175781,10.020000457763672,10.079999923706055,108600,0.0,0.0,0.0
2022-04-14 00:00:00-04:00,10.100000381469727,10.109999656677246,9.930000305175781,10.0600004196167,215700,0.0,0.0,0.0
2022-04-18 00:00:00-04:00,10.029999732971191,10.119999885559082,9.989999771118164,10.119999885559082,214900,0.0,0.0,0.0
2022-04-19 00:00:00-04:00,9.930000305175781,9.9399995803833,9.829999923706055,9.84000015258789,143000,0.0,0.0,0.0
2022-04-20 00:00:00-04:00,9.84000015258789,9.890000343322754,9.800000190734863,9.819999694824219,75400,0.0,0.0,0.0
2022-04-21 00:00:00-04:00,9.84000015258789,9.930000305175781,9.8100004196167,9.90999984741211,88700,0.0,0.0,0.0
2022-04-22 00:00:00-04:00,9.699999809265137,9.699999809265137,9.569999694824219,9.569999694824219,208200,0.0,0.0,0.0
2022-04-25 00:00:00-04:00,9.449999809265137,9.5,9.4399995803833,9.470000267028809,301900,0.0,0.0,0.0
2022-04-26 00:00:00-04:00,9.510000228881836,9.550000190734863,9.420000076293945,9.4399995803833,103600,0.0,0.0,0.0
2022-04-27 00:00:00-04:00,9.550000190734863,9.579999923706055,9.40999984741211,9.40999984741211,88500,0.0,0.0,0.0
2022-04-28 00:00:00-04:00,9.399999618530273,9.59000015258789,9.380000114440918,9.569999694824219,78000,0.0,0.0,0.0
2022-04-29 00:00:00-04:00,9.630000114440918,9.680000305175781,9.569999694824219,9.579999923706055,149000,0.0,0.0,0.0
2022-05-02 00:00:00-04:00,9.470000267028809,9.5,9.420000076293945,9.470000267028809,124400,0.0,0.0,0.0
2022-05-03 00:00:00-04:00,9.430000305175781,9.479999542236328,9.399999618530273,9.430000305175781,94200,0.0,0.0,0.0
2022-05-04 00:00:00-04:00,9.420000076293945,9.479999542236328,9.359999656677246,9.460000038146973,42300,0.0,0.0,0.0
2022-05-05 00:00:00-04:00,9.470000267028809,9.5,9.390000343322754,9.479999542236328,179200,0.0,0.0,0.0
2022-05-06 00:00:00-04:00,9.479999542236328,9.609999656677246,9.430000305175781,9.5600004196167,81800,0.0,0.0,0.0
2022-05-09 00:00:00-04:00,9.460000038146973,9.460000038146973,9.369999885559082,9.369999885559082,158500,0.0,0.0,0.0
2022-05-10 00:00:00-04:00,9.40999984741211,9.4399995803833,9.359999656677246,9.359999656677246,153900,0.0,0.0,0.0
2022-05-11 00:00:00-04:00,9.359999656677246,9.449999809265137,9.350000381469727,9.369999885559082,161500,0.0,0.0,0.0
2022-05-12 00:00:00-04:00,9.34000015258789,9.40999984741211,9.279999732971191,9.380000114440918,78300,0.0,0.0,0.0
2022-05-13 00:00:00-04:00,9.449999809265137,9.619999885559082,9.449999809265137,9.609999656677246,230000,0.0,0.0,0.0
2022-05-16 00:00:00-04:00,9.699999809265137,9.869999885559082,9.699999809265137,9.850000381469727,205500,0.0,0.0,0.0
2022-05-17 00:00:00-04:00,9.90999984741211,10.039999961853027,9.890000343322754,9.979999542236328,245200,0.0,0.0,0.0
2022-05-18 00:00:00-04:00,10.010000228881836,10.010000228881836,9.869999885559082,9.930000305175781,274900,0.0,0.0,0.0
2022-05-19 00:00:00-04:00,9.859999656677246,9.9399995803833,9.8100004196167,9.90999984741211,126600,0.0,0.0,0.0
2022-05-20 00:00:00-04:00,9.920000076293945,10.0600004196167,9.920000076293945,10.050000190734863,193700,0.0,0.0,0.0
2022-05-23 00:00:00-04:00,10.010000228881836,10.010000228881836,9.930000305175781,9.970000267028809,87900,0.0,0.0,0.0
2022-05-24 00:00:00-04:00,9.970000267028809,9.979999542236328,9.800000190734863,9.960000038146973,117400,0.0,0.0,0.0
2022-05-25 00:00:00-04:00,9.850000381469727,9.920000076293945,9.84000015258789,9.899999618530273,188200,0.0,0.0,0.0
2022-05-26 00:00:00-04:00,9.880000114440918,9.880000114440918,9.800000190734863,9.819999694824219,123900,0.0,0.0,0.0
2022-05-27 00:00:00-04:00,9.8100004196167,9.90999984741211,9.779999732971191,9.859999656677246,57900,0.0,0.0,0.0
2022-05-31 00:00:00-04:00,9.930000305175781,9.930000305175781,9.75,9.789999961853027,109400,0.0,0.0,0.0
2022-06-01 00:00:00-04:00,9.8100004196167,9.899999618530273,9.779999732971191,9.819999694824219,112400,0.0,0.0,0.0
2022-06-02 00:00:00-04:00,9.789999961853027,9.869999885559082,9.729999542236328,9.770000457763672,92600,0.0,0.0,0.0
2022-06-03 00:00:00-04:00,9.760000228881836,9.819999694824219,9.75,9.819999694824219,41900,0.0,0.0,0.0
2022-06-06 00:00:00-04:00,9.850000381469727,9.949999809265137,9.850000381469727,9.930000305175781,119900,0.0,0.0,0.0
2022-06-07 00:00:00-04:00,9.859999656677246,9.859999656677246,9.65999984741211,9.670000076293945,254100,0.0,0.0,0.0
2022-06-08 00:00:00-04:00,9.65999984741211,9.779999732971191,9.649999618530273,9.6899995803833,121300,0.0,0.0,0.0
2022-06-09 00:00:00-04:00,9.720000267028809,9.859999656677246,9.720000267028809,9.819999694824219,143000,0.0,0.0,0.0
2022-06-10 00:00:00-04:00,9.720000267028809,9.720000267028809,9.609999656677246,9.640000343322754,75100,0.0,0.0,0.0
2022-06-13 00:00:00-04:00,9.539999961853027,9.569999694824219,9.479999542236328,9.5,213500,0.0,0.0,0.0
2022-06-14 00:00:00-04:00,9.479999542236328,9.550000190734863,9.4399995803833,9.520000457763672,104000,0.0,0.0,0.0
2022-06-15 00:00:00-04:00,9.430000305175781,9.430000305175781,9.329999923706055,9.369999885559082,76700,0.0,0.0,0.0
2022-06-16 00:00:00-04:00,9.359999656677246,9.470000267028809,9.359999656677246,9.40999984741211,69700,0.0,0.0,0.0
2022-06-17 00:00:00-04:00,9.4399995803833,9.520000457763672,9.380000114440918,9.380000114440918,54400,0.0,0.0,0.0
2022-06-21 00:00:00-04:00,9.479999542236328,9.579999923706055,9.420000076293945,9.4399995803833,89700,0.0,0.0,0.0
2022-06-22 00:00:00-04:00,9.380000114440918,9.380000114440918,9.3100004196167,9.3100004196167,43200,0.0,0.0,0.0
2022-06-23 00:00:00-04:00,9.289999961853027,9.3100004196167,9.220000267028809,9.25,136300,0.0,0.0,0.0
2022-06-24 00:00:00-04:00,9.15999984741211,9.25,9.15999984741211,9.210000038146973,237600,0.0,0.0,0.0
2022-06-27 00:00:00-04:00,9.149999618530273,9.270000457763672,9.149999618530273,9.1899995803833,45400,0.0,0.0,0.0
2022-06-28 00:00:00-04:00,9.270000457763672,9.34000015258789,9.25,9.25,89900,0.0,0.0,0.0
2022-06-29 00:00:00-04:00,9.319999694824219,9.319999694824219,9.270000457763672,9.300000190734863,10900,0.0,0.0,0.0
2022-06-30 00:00:00-04:00,9.289999961853027,9.319999694824219,9.25,9.319999694824219,49200,0.0,0.0,0.0
2022-07-01 00:00:00-04:00,9.220000267028809,9.220000267028809,9.100000381469727,9.119999885559082,120800,0.0,0.0,0.0
2022-07-05 00:00:00-04:00,9.069999694824219,9.09000015258789,8.960000038146973,9.020000457763672,221200,0.0,0.0,0.0
2022-07-06 00:00:00-04:00,9.029999732971191,9.0600004196167,8.949999809265137,9.039999961853027,109200,0.0,0.0,0.0
2022-07-07 00:00:00-04:00,9.15999984741211,9.25,9.15999984741211,9.25,131700,0.0,0.0,0.0
2022-07-08 00:00:00-04:00,9.390000343322754,9.449999809265137,9.319999694824219,9.449999809265137,86200,0.0,0.0,0.0
2022-07-11 00:00:00-04:00,9.420000076293945,9.4399995803833,9.300000190734863,9.300000190734863,48800,0.0,0.0,0.0
2022-07-12 00:00:00-04:00,9.25,9.300000190734863,9.25,9.270000457763672,66300,0.0,0.0,0.0
2022-07-13 00:00:00-04:00,9.300000190734863,9.420000076293945,9.300000190734863,9.420000076293945,69100,0.0,0.0,0.0
2022-07-14 00:00:00-04:00,9.359999656677246,9.369999885559082,9.270000457763672,9.350000381469727,42300,0.0,0.0,0.0
2022-07-15 00:00:00-04:00,9.399999618530273,9.520000457763672,9.380000114440918,9.420000076293945,95300,0.0,0.0,0.0
2022-07-18 00:00:00-04:00,9.550000190734863,9.579999923706055,9.479999542236328,9.5,86900,0.0,0.0,0.0
2022-07-19 00:00:00-04:00,9.399999618530273,9.40999984741211,9.300000190734863,9.350000381469727,57000,0.0,0.0,0.0
2022-07-20 00:00:00-04:00,9.3100004196167,9.3100004196167,9.1899995803833,9.1899995803833,37000,0.0,0.0,0.0
2022-07-21 00:00:00-04:00,9.15999984741211,9.1899995803833,9.079999923706055,9.119999885559082,24200,0.0,0.0,0.0
2022-07-22 00:00:00-04:00,8.970000267028809,8.979999542236328,8.869999885559082,8.880000114440918,103500,0.0,0.0,0.0
2022-07-25 00:00:00-04:00,8.84000015258789,8.84000015258789,8.720000267028809,8.729999542236328,134100,0.0,0.0,0.0
2022-07-26 00:00:00-04:00,8.770000457763672,8.789999961853027,8.720000267028809,8.739999771118164,106900,0.0,0.0,0.0
2022-07-27 00:00:00-04:00,8.779999732971191,8.779999732971191,8.680000305175781,8.6899995803833,35400,0.0,0.0,0.0
2022-07-28 00:00:00-04:00,8.770000457763672,8.890000343322754,8.770000457763672,8.859999656677246,103300,0.0,0.0,0.0
2022-07-29 00:00:00-04:00,8.850000381469727,8.850000381469727,8.729999542236328,8.729999542236328,18100,0.0,0.0,0.0
2022-08-01 00:00:00-04:00,8.720000267028809,8.770000457763672,8.579999923706055,8.739999771118164,58800,0.0,0.0,0.0
2022-08-02 00:00:00-04:00,8.710000038146973,8.819999694824219,8.699999809265137,8.800000190734863,31100,0.0,0.0,0.0
2022-08-03 00:00:00-04:00,8.880000114440918,8.920000076293945,8.819999694824219,8.859999656677246,19900,0.0,0.0,0.0
2022-08-04 00:00:00-04:00,8.869999885559082,8.869999885559082,8.739999771118164,8.739999771118164,34600,0.0,0.0,0.0
2022-08-05 00:00:00-04:00,8.770000457763672,8.899999618530273,8.770000457763672,8.869999885559082,35700,0.0,0.0,0.0
2022-08-08 00:00:00-04:00,8.850000381469727,8.949999809265137,8.850000381469727,8.949999809265137,44600,0.0,0.0,0.0
2022-08-09 00:00:00-04:00,8.9399995803833,8.9399995803833,8.850000381469727,8.9399995803833,179400,0.0,0.0,0.0
2022-08-10 00:00:00-04:00,9.020000457763672,9.029999732971191,8.949999809265137,9.029999732971191,19300,0.0,0.0,0.0
2022-08-11 00:00:00-04:00,9.100000381469727,9.119999885559082,9.029999732971191,9.119999885559082,24800,0.0,0.0,0.0
2022-08-12 00:00:00-04:00,9.119999885559082,9.170000076293945,9.119999885559082,9.170000076293945,21500,0.0,0.0,0.0
2022-08-15 00:00:00-04:00,9.100000381469727,9.149999618530273,9.069999694824219,9.100000381469727,29200,0.0,0.0,0.0
2022-08-16 00:00:00-04:00,9.069999694824219,9.109999656677246,8.949999809265137,8.949999809265137,53800,0.0,0.0,0.0
2022-08-17 00:00:00-04:00,8.960000038146973,9.0,8.949999809265137,8.949999809265137,18500,0.0,0.0,0.0
2022-08-18 00:00:00-04:00,8.920000076293945,8.920000076293945,8.779999732971191,8.779999732971191,56700,0.0,0.0,0.0
2022-08-19 00:00:00-04:00,8.8100004196167,8.949999809265137,8.779999732971191,8.90999984741211,43000,0.0,0.0,0.0
2022-08-22 00:00:00-04:00,8.84000015258789,8.899999618530273,8.800000190734863,8.869999885559082,52000,0.0,0.0,0.0
2022-08-23 00:00:00-04:00,8.84000015258789,8.899999618530273,8.84000015258789,8.859999656677246,67100,0.0,0.0,0.0
2022-08-24 00:00:00-04:00,8.930000305175781,8.989999771118164,8.920000076293945,8.9399995803833,20500,0.0,0.0,0.0
2022-08-25 00:00:00-04:00,8.869999885559082,8.869999885559082,8.800000190734863,8.84000015258789,26500,0.0,0.0,0.0
2022-08-26 00:00:00-04:00,9.0,9.0600004196167,8.979999542236328,9.050000190734863,33600,0.0,0.0,0.0
2022-08-29 00:00:00-04:00,9.0600004196167,9.100000381469727,9.010000228881836,9.100000381469727,23000,0.0,0.0,0.0
2022-08-30 00:00:00-04:00,9.039999961853027,9.039999961853027,8.930000305175781,8.9399995803833,25600,0.0,0.0,0.0
2022-08-31 00:00:00-04:00,8.880000114440918,8.899999618530273,8.850000381469727,8.850000381469727,10300,0.0,0.0,0.0
2022-09-01 00:00:00-04:00,8.829999923706055,8.890000343322754,8.8100004196167,8.880000114440918,90500,0.0,0.0,0.0
2022-09-02 00:00:00-04:00,8.930000305175781,8.989999771118164,8.920000076293945,8.9399995803833,58200,0.0,0.0,0.0
2022-09-06 00:00:00-04:00,8.90999984741211,8.90999984741211,8.819999694824219,8.819999694824219,31400,0.0,0.0,0.0
2022-09-07 00:00:00-04:00,8.899999618530273,8.970000267028809,8.869999885559082,8.890000343322754,25400,0.0,0.0,0.0
2022-09-08 00:00:00-04:00,8.859999656677246,8.930000305175781,8.819999694824219,8.829999923706055,23600,0.0,0.0,0.0
2022-09-09 00:00:00-04:00,8.859999656677246,8.970000267028809,8.859999656677246,8.970000267028809,77200,0.0,0.0,0.0
2022-09-12 00:00:00-04:00,8.970000267028809,9.010000228881836,8.930000305175781,9.010000228881836,40200,0.0,0.0,0.0
2022-09-13 00:00:00-04:00,9.010000228881836,9.010000228881836,8.930000305175781,8.9399995803833,154200,0.0,0.0,0.0
2022-09-14 00:00:00-04:00,9.0,9.010000228881836,8.9399995803833,9.0,58400,0.0,0.0,0.0
2022-09-15 00:00:00-04:00,8.930000305175781,8.949999809265137,8.819999694824219,8.819999694824219,86100,0.0,0.0,0.0
2022-09-16 00:00:00-04:00,8.800000190734863,8.829999923706055,8.770000457763672,8.800000190734863,83200,0.0,0.0,0.0
2022-09-19 00:00:00-04:00,8.770000457763672,8.770000457763672,8.619999885559082,8.649999618530273,186400,0.0,0.0,0.0
2022-09-20 00:00:00-04:00,8.8100004196167,8.890000343322754,8.729999542236328,8.890000343322754,60100,0.0,0.0,0.0
2022-09-21 00:00:00-04:00,8.930000305175781,8.930000305175781,8.800000190734863,8.8100004196167,66100,0.0,0.0,0.0
2022-09-22 00:00:00-04:00,8.890000343322754,8.9399995803833,8.880000114440918,8.9399995803833,60900,0.0,0.0,0.0
2022-09-23 00:00:00-04:00,8.800000190734863,8.800000190734863,8.680000305175781,8.75,85100,0.0,0.0,0.0
2022-09-26 00:00:00-04:00,8.829999923706055,8.869999885559082,8.680000305175781,8.680000305175781,61300,0.0,0.0,0.0
2022-09-27 00:00:00-04:00,8.75,8.800000190734863,8.6899995803833,8.6899995803833,104800,0.0,0.0,0.0
2022-09-28 00:00:00-04:00,8.819999694824219,8.819999694824219,8.720000267028809,8.729999542236328,106800,0.0,0.0,0.0
2022-09-29 00:00:00-04:00,8.720000267028809,8.770000457763672,8.699999809265137,8.720000267028809,108600,0.0,0.0,0.0
2022-09-30 00:00:00-04:00,8.680000305175781,8.75,8.680000305175781,8.680000305175781,58100,0.0,0.0,0.0
2022-10-03 00:00:00-04:00,8.720000267028809,8.729999542236328,8.649999618530273,8.6899995803833,67500,0.0,0.0,0.0
2022-10-04 00:00:00-04:00,8.760000228881836,8.899999618530273,8.760000228881836,8.859999656677246,91200,0.0,0.0,0.0
2022-10-05 00:00:00-04:00,8.880000114440918,8.920000076293945,8.859999656677246,8.90999984741211,106500,0.0,0.0,0.0
2022-10-06 00:00:00-04:00,8.90999984741211,9.039999961853027,8.90999984741211,9.020000457763672,218700,0.0,0.0,0.0
2022-10-07 00:00:00-04:00,9.050000190734863,9.109999656677246,9.050000190734863,9.079999923706055,68600,0.0,0.0,0.0
2022-10-10 00:00:00-04:00,9.09000015258789,9.149999618530273,9.0600004196167,9.149999618530273,59100,0.0,0.0,0.0
2022-10-11 00:00:00-04:00,9.100000381469727,9.119999885559082,9.069999694824219,9.109999656677246,46400,0.0,0.0,0.0
2022-10-12 00:00:00-04:00,9.149999618530273,9.180000305175781,9.079999923706055,9.149999618530273,77300,0.0,0.0,0.0
2022-10-13 00:00:00-04:00,9.100000381469727,9.119999885559082,9.029999732971191,9.119999885559082,22800,0.0,0.0,0.0
2022-10-14 00:00:00-04:00,9.119999885559082,9.149999618530273,9.09000015258789,9.09000015258789,38100,0.0,0.0,0.0
2022-10-17 00:00:00-04:00,9.170000076293945,9.180000305175781,9.119999885559082,9.140000343322754,56600,0.0,0.0,0.0
2022-10-18 00:00:00-04:00,9.09000015258789,9.140000343322754,9.050000190734863,9.119999885559082,76300,0.0,0.0,0.0
2022-10-19 00:00:00-04:00,9.029999732971191,9.130000114440918,9.029999732971191,9.09000015258789,57900,0.0,0.0,0.0
2022-10-20 00:00:00-04:00,9.039999961853027,9.09000015258789,8.970000267028809,8.970000267028809,38900,0.0,0.0,0.0
2022-10-21 00:00:00-04:00,9.0,9.050000190734863,8.970000267028809,8.979999542236328,28600,0.0,0.0,0.0
2022-10-24 00:00:00-04:00,8.960000038146973,8.960000038146973,8.819999694824219,8.819999694824219,76500,0.0,0.0,0.0
2022-10-25 00:00:00-04:00,8.8100004196167,8.869999885559082,8.8100004196167,8.8100004196167,23500,0.0,0.0,0.0
2022-10-26 00:00:00-04:00,8.770000457763672,8.789999961853027,8.670000076293945,8.6899995803833,35100,0.0,0.0,0.0
2022-10-27 00:00:00-04:00,8.670000076293945,8.6899995803833,8.609999656677246,8.630000114440918,69400,0.0,0.0,0.0
2022-10-28 00:00:00-04:00,8.600000381469727,8.609999656677246,8.5600004196167,8.59000015258789,88600,0.0,0.0,0.0
2022-10-31 00:00:00-04:00,8.59000015258789,8.65999984741211,8.59000015258789,8.630000114440918,52500,0.0,0.0,0.0
2022-11-01 00:00:00-04:00,8.760000228881836,8.920000076293945,8.760000228881836,8.890000343322754,46100,0.0,0.0,0.0
2022-11-02 00:00:00-04:00,8.800000190734863,8.979999542236328,8.800000190734863,8.930000305175781,32400,0.0,0.0,0.0
2022-11-03 00:00:00-04:00,8.930000305175781,8.949999809265137,8.829999923706055,8.949999809265137,54200,0.0,0.0,0.0
2022-11-04 00:00:00-04:00,9.09000015258789,9.119999885559082,9.050000190734863,9.09000015258789,18600,0.0,0.0,0.0
2022-11-07 00:00:00-05:00,9.079999923706055,9.109999656677246,9.050000190734863,9.0600004196167,21900,0.0,0.0,0.0
2022-11-08 00:00:00-05:00,9.109999656677246,9.260000228881836,9.109999656677246,9.239999771118164,169100,0.0,0.0,0.0
2022-11-09 00:00:00-05:00,9.270000457763672,9.380000114440918,9.229999542236328,9.329999923706055,61200,0.0,0.0,0.0
2022-11-10 00:00:00-05:00,9.34000015258789,9.380000114440918,9.229999542236328,9.380000114440918,142500,0.0,0.0,0.0
2022-11-11 00:00:00-05:00,9.40999984741211,9.460000038146973,9.390000343322754,9.390000343322754,27100,0.0,0.0,0.0
2022-11-14 00:00:00-05:00,9.449999809265137,9.529999732971191,9.449999809265137,9.5,70500,0.0,0.0,0.0
2022-11-15 00:00:00-05:00,9.529999732971191,9.680000305175781,9.529999732971191,9.630000114440918,99000,0.0,0.0,0.0
2022-11-16 00:00:00-05:00,9.680000305175781,9.680000305175781,9.579999923706055,9.579999923706055,52300,0.0,0.0,0.0
2022-11-17 00:00:00-05:00,9.420000076293945,9.460000038146973,9.369999885559082,9.369999885559082,40900,0.0,0.0,0.0
2022-11-18 00:00:00-05:00,9.510000228881836,9.579999923706055,9.489999771118164,9.489999771118164,19500,0.0,0.0,0.0
2022-11-21 00:00:00-05:00,9.430000305175781,9.5,9.399999618530273,9.5,34300,0.0,0.0,0.0
2022-11-22 00:00:00-05:00,9.489999771118164,9.489999771118164,9.430000305175781,9.479999542236328,38100,0.0,0.0,0.0
2022-11-23 00:00:00-05:00,9.430000305175781,9.430000305175781,9.369999885559082,9.369999885559082,45100,0.0,0.0,0.0
2022-11-25 00:00:00-05:00,9.420000076293945,9.420000076293945,9.350000381469727,9.350000381469727,18200,0.0,0.0,0.0
2022-11-28 00:00:00-05:00,9.300000190734863,9.359999656677246,9.25,9.319999694824219,80100,0.0,0.0,0.0
2022-11-29 00:00:00-05:00,9.279999732971191,9.420000076293945,9.260000228881836,9.399999618530273,22000,0.0,0.0,0.0
2022-11-30 00:00:00-05:00,9.420000076293945,9.470000267028809,9.390000343322754,9.470000267028809,36400,0.0,0.0,0.0
2022-12-01 00:00:00-05:00,9.369999885559082,9.460000038146973,9.34000015258789,9.420000076293945,14500,0.0,0.0,0.0
2022-12-02 00:00:00-05:00,9.380000114440918,9.380000114440918,9.279999732971191,9.279999732971191,76000,0.0,0.0,0.0
2022-12-05 00:00:00-05:00,9.399999618530273,9.449999809265137,9.350000381469727,9.350000381469727,52400,0.0,0.0,0.0
2022-12-06 00:00:00-05:00,9.40999984741211,9.40999984741211,9.289999961853027,9.300000190734863,15000,0.0,0.0,0.0
2022-12-07 00:00:00-05:00,9.329999923706055,9.34000015258789,9.239999771118164,9.319999694824219,39300,0.0,0.0,0.0
2022-12-08 00:00:00-05:00,9.40999984741211,9.449999809265137,9.380000114440918,9.390000343322754,27800,0.0,0.0,0.0
2022-12-09 00:00:00-05:00,9.430000305175781,9.430000305175781,9.359999656677246,9.380000114440918,25300,0.0,0.0,0.0
2022-12-12 00:00:00-05:00,9.34000015258789,9.350000381469727,9.300000190734863,9.329999923706055,83700,0.0,0.0,0.0
2022-12-13 00:00:00-05:00,9.399999618530273,9.470000267028809,9.390000343322754,9.4399995803833,14800,0.0,0.0,0.0
2022-12-14 00:00:00-05:00,9.4399995803833,9.630000114440918,9.4399995803833,9.619999885559082,61600,0.0,0.0,0.0
2022-12-15 00:00:00-05:00,9.649999618530273,9.649999618530273,9.4399995803833,9.479999542236328,75800,0.0,0.0,0.0
2022-12-16 00:00:00-05:00,9.510000228881836,9.59000015258789,9.5,9.510000228881836,28100,0.0,0.0,0.0
2022-12-19 00:00:00-05:00,9.569999694824219,9.619999885559082,9.550000190734863,9.5600004196167,47200,0.0,0.0,0.0
2022-12-20 00:00:00-05:00,9.630000114440918,9.710000038146973,9.630000114440918,9.680000305175781,86600,0.0,0.0,0.0
2022-12-21 00:00:00-05:00,9.710000038146973,9.75,9.6899995803833,9.729999542236328,88800,0.0,0.0,0.0
2022-12-22 00:00:00-05:00,9.6899995803833,9.800000190734863,9.6899995803833,9.779999732971191,59400,0.0,0.0,0.0
2022-12-23 00:00:00-05:00,9.789999961853027,9.8100004196167,9.729999542236328,9.789999961853027,17800,0.0,0.0,0.0
2022-12-27 00:00:00-05:00,9.670000076293945,9.699999809265137,9.550000190734863,9.579999923706055,66500,0.0,0.0,0.0
2022-12-28 00:00:00-05:00,9.630000114440918,9.630000114440918,9.520000457763672,9.529999732971191,48900,0.0,0.0,0.0
2022-12-29 00:00:00-05:00,9.529999732971191,9.680000305175781,9.529999732971191,9.609999656677246,19800,0.0,0.0,0.0
2022-12-30 00:00:00-05:00,9.539999961853027,9.59000015258789,9.489999771118164,9.529999732971191,53600,0.0,0.0,0.0
2023-01-03 00:00:00-05:00,9.470000267028809,9.470000267028809,9.359999656677246,9.399999618530273,69600,0.0,0.0,0.0
2023-01-04 00:00:00-05:00,9.390000343322754,9.390000343322754,9.34000015258789,9.359999656677246,29100,0.0,0.0,0.0
2023-01-05 00:00:00-05:00,9.359999656677246,9.380000114440918,9.289999961853027,9.289999961853027,62600,0.0,0.0,0.0
2023-01-06 00:00:00-05:00,9.270000457763672,9.270000457763672,9.170000076293945,9.170000076293945,168000,0.0,0.0,0.0
2023-01-09 00:00:00-05:00,9.210000038146973,9.279999732971191,9.210000038146973,9.220000267028809,68000,0.0,0.0,0.0
2023-01-10 00:00:00-05:00,9.260000228881836,9.359999656677246,9.260000228881836,9.329999923706055,78900,0.0,0.0,0.0
2023-01-11 00:00:00-05:00,9.359999656677246,9.399999618530273,9.319999694824219,9.350000381469727,27100,0.0,0.0,0.0
2023-01-12 00:00:00-05:00,9.34000015258789,9.390000343322754,9.300000190734863,9.380000114440918,23500,0.0,0.0,0.0
2023-01-13 00:00:00-05:00,9.319999694824219,9.40999984741211,9.319999694824219,9.380000114440918,22100,0.0,0.0,0.0
2023-01-17 00:00:00-05:00,9.4399995803833,9.569999694824219,9.4399995803833,9.539999961853027,43000,0.0,0.0,0.0
2023-01-18 00:00:00-05:00,9.5,9.539999961853027,9.430000305175781,9.510000228881836,13900,0.0,0.0,0.0
2023-01-19 00:00:00-05:00,9.460000038146973,9.460000038146973,9.430000305175781,9.449999809265137,10300,0.0,0.0,0.0
2023-01-20 00:00:00-05:00,9.390000343322754,9.470000267028809,9.380000114440918,9.4399995803833,30400,0.0,0.0,0.0
2023-01-23 00:00:00-05:00,9.430000305175781,9.460000038146973,9.399999618530273,9.430000305175781,32300,0.0,0.0,0.0
2023-01-24 00:00:00-05:00,9.470000267028809,9.539999961853027,9.460000038146973,9.529999732971191,27900,0.0,0.0,0.0
2023-01-25 00:00:00-05:00,9.5600004196167,9.640000343322754,9.529999732971191,9.640000343322754,37100,0.0,0.0,0.0
2023-01-26 00:00:00-05:00,9.789999961853027,9.890000343322754,9.789999961853027,9.8100004196167,72600,0.0,0.0,0.0
2023-01-27 00:00:00-05:00,9.829999923706055,10.0,9.819999694824219,9.979999542236328,95700,0.0,0.0,0.0
2023-01-30 00:00:00-05:00,10.039999961853027,10.130000114440918,10.029999732971191,10.109999656677246,73000,0.0,0.0,0.0
2023-01-31 00:00:00-05:00,10.239999771118164,10.390000343322754,10.220000267028809,10.380000114440918,127400,0.0,0.0,0.0
2023-02-01 00:00:00-05:00,10.300000190734863,10.300000190734863,10.199999809265137,10.220000267028809,176800,0.0,0.0,0.0
2023-02-02 00:00:00-05:00,10.359999656677246,10.40999984741211,10.289999961853027,10.380000114440918,109200,0.0,0.0,0.0
2023-02-03 00:00:00-05:00,10.329999923706055,10.329999923706055,10.220000267028809,10.229999542236328,52300,0.0,0.0,0.0
2023-02-06 00:00:00-05:00,10.069999694824219,10.100000381469727,9.979999542236328,10.0,106900,0.0,0.0,0.0
2023-02-07 00:00:00-05:00,10.050000190734863,10.15999984741211,10.010000228881836,10.140000343322754,20100,0.0,0.0,0.0
2023-02-08 00:00:00-05:00,10.020000457763672,10.199999809265137,10.010000228881836,10.149999618530273,18000,0.0,0.0,0.0
2023-02-09 00:00:00-05:00,10.279999732971191,10.279999732971191,10.15999984741211,10.220000267028809,19700,0.0,0.0,0.0
2023-02-10 00:00:00-05:00,10.1899995803833,10.350000381469727,10.180000305175781,10.239999771118164,67800,0.0,0.0,0.0
2023-02-13 00:00:00-05:00,10.1899995803833,10.1899995803833,10.100000381469727,10.180000305175781,426900,0.0,0.0,0.0
2023-02-14 00:00:00-05:00,10.149999618530273,10.270000457763672,10.140000343322754,10.270000457763672,20900,0.0,0.0,0.0
2023-02-15 00:00:00-05:00,10.180000305175781,10.180000305175781,10.100000381469727,10.149999618530273,34100,0.0,0.0,0.0
2023-02-16 00:00:00-05:00,10.25,10.25,10.15999984741211,10.220000267028809,13600,0.0,0.0,0.0
2023-02-17 00:00:00-05:00,10.25,10.25,10.220000267028809,10.25,8700,0.0,0.0,0.0
2023-02-21 00:00:00-05:00,10.359999656677246,10.390000343322754,10.260000228881836,10.3100004196167,121200,0.0,0.0,0.0
2023-02-22 00:00:00-05:00,10.390000343322754,10.390000343322754,10.279999732971191,10.3100004196167,24000,0.0,0.0,0.0
2023-02-23 00:00:00-05:00,10.40999984741211,10.520000457763672,10.40999984741211,10.520000457763672,53500,0.0,0.0,0.0
2023-02-24 00:00:00-05:00,10.270000457763672,10.279999732971191,10.170000076293945,10.210000038146973,74900,0.0,0.0,0.0
2023-02-27 00:00:00-05:00,10.180000305175781,10.460000038146973,10.180000305175781,10.449999809265137,352100,0.0,0.0,0.0
2023-02-28 00:00:00-05:00,10.40999984741211,10.40999984741211,10.329999923706055,10.34000015258789,32400,0.0,0.0,0.0
2023-03-01 00:00:00-05:00,10.479999542236328,10.619999885559082,10.479999542236328,10.600000381469727,83200,0.0,0.0,0.0
2023-03-02 00:00:00-05:00,10.479999542236328,10.489999771118164,10.40999984741211,10.489999771118164,23200,0.0,0.0,0.0
2023-03-03 00:00:00-05:00,10.630000114440918,10.720000267028809,10.569999694824219,10.720000267028809,34400,0.0,0.0,0.0
2023-03-06 00:00:00-05:00,10.600000381469727,10.680000305175781,10.5600004196167,10.670000076293945,39200,0.0,0.0,0.0
2023-03-07 00:00:00-05:00,10.720000267028809,10.829999923706055,10.699999809265137,10.789999961853027,69500,0.0,0.0,0.0
2023-03-08 00:00:00-05:00,10.720000267028809,10.729999542236328,10.6899995803833,10.720000267028809,27300,0.0,0.0,0.0
2023-03-09 00:00:00-05:00,10.800000190734863,10.899999618530273,10.800000190734863,10.819999694824219,80200,0.0,0.0,0.0
2023-03-10 00:00:00-05:00,10.779999732971191,10.890000343322754,10.760000228881836,10.850000381469727,22300,0.0,0.0,0.0
2023-03-13 00:00:00-04:00,10.789999961853027,10.829999923706055,10.699999809265137,10.720000267028809,73600,0.0,0.0,0.0
2023-03-14 00:00:00-04:00,10.670000076293945,10.710000038146973,10.579999923706055,10.600000381469727,150300,0.0,0.0,0.0
2023-03-15 00:00:00-04:00,10.579999923706055,10.609999656677246,10.539999961853027,10.550000190734863,109100,0.0,0.0,0.0
2023-03-16 00:00:00-04:00,10.569999694824219,10.670000076293945,10.520000457763672,10.640000343322754,38200,0.0,0.0,0.0
2023-03-17 00:00:00-04:00,10.579999923706055,10.65999984741211,10.5600004196167,10.640000343322754,86700,0.0,0.0,0.0
2023-03-20 00:00:00-04:00,10.520000457763672,10.619999885559082,10.5,10.529999732971191,406200,0.0,0.0,0.0
2023-03-21 00:00:00-04:00,10.6899995803833,10.699999809265137,10.640000343322754,10.649999618530273,49300,0.0,0.0,0.0
2023-03-22 00:00:00-04:00,10.850000381469727,10.850000381469727,10.770000457763672,10.819999694824219,32000,0.0,0.0,0.0
2023-03-23 00:00:00-04:00,10.819999694824219,10.84000015258789,10.680000305175781,10.729999542236328,71400,0.0,0.0,0.0
2023-03-24 00:00:00-04:00,10.699999809265137,10.710000038146973,10.630000114440918,10.710000038146973,27100,0.0,0.0,0.0
2023-03-27 00:00:00-04:00,10.800000190734863,10.800000190734863,10.729999542236328,10.770000457763672,38700,0.0,0.0,0.0
2023-03-28 00:00:00-04:00,10.850000381469727,11.0,10.8100004196167,10.949999809265137,109700,0.0,0.0,0.0
2023-03-29 00:00:00-04:00,10.899999618530273,10.979999542236328,10.859999656677246,10.960000038146973,44300,0.0,0.0,0.0
2023-03-30 00:00:00-04:00,11.199999809265137,11.3100004196167,11.180000305175781,11.3100004196167,56400,0.0,0.0,0.0
2023-03-31 00:00:00-04:00,11.270000457763672,11.489999771118164,11.25,11.380000114440918,358800,0.0,0.0,0.0
2023-04-03 00:00:00-04:00,11.569999694824219,11.59000015258789,11.460000038146973,11.59000015258789,276500,0.0,0.0,0.0
2023-04-04 00:00:00-04:00,11.619999885559082,11.630000114440918,11.5600004196167,11.600000381469727,156200,0.0,0.0,0.0
2023-04-05 00:00:00-04:00,11.75,11.869999885559082,11.729999542236328,11.869999885559082,97700,0.0,0.0,0.0
2023-04-06 00:00:00-04:00,11.930000305175781,12.229999542236328,11.920000076293945,12.220000267028809,120600,0.0,0.0,0.0
2023-04-10 00:00:00-04:00,12.180000305175781,12.229999542236328,12.119999885559082,12.199999809265137,47900,0.0,0.0,0.0
2023-04-11 00:00:00-04:00,12.239999771118164,12.479999542236328,12.180000305175781,12.460000038146973,136500,0.0,0.0,0.0
2023-04-12 00:00:00-04:00,12.359999656677246,12.359999656677246,12.170000076293945,12.300000190734863,92300,0.0,0.0,0.0
2023-04-13 00:00:00-04:00,12.529999732971191,12.630000114440918,12.260000228881836,12.260000228881836,58400,0.0,0.0,0.0
2023-04-14 00:00:00-04:00,12.329999923706055,12.399999618530273,12.229999542236328,12.390000343322754,143200,0.0,0.0,0.0
2023-04-17 00:00:00-04:00,12.300000190734863,12.520000457763672,12.300000190734863,12.5,91700,0.0,0.0,0.0
2023-04-18 00:00:00-04:00,12.470000267028809,12.670000076293945,12.34000015258789,12.579999923706055,68900,0.0,0.0,0.0
2023-04-19 00:00:00-04:00,12.59000015258789,12.680000305175781,12.510000228881836,12.550000190734863,61300,0.0,0.0,0.0
2023-04-20 00:00:00-04:00,12.600000381469727,13.069999694824219,12.600000381469727,13.0600004196167,164900,0.0,0.0,0.0
2023-04-21 00:00:00-04:00,12.90999984741211,12.90999984741211,12.710000038146973,12.800000190734863,158200,0.0,0.0,0.0
2023-04-24 00:00:00-04:00,12.920000076293945,13.34000015258789,12.869999885559082,13.270000457763672,141600,0.0,0.0,0.0
2023-04-25 00:00:00-04:00,13.260000228881836,13.699999809265137,13.130000114440918,13.630000114440918,334700,0.0,0.0,0.0
2023-04-26 00:00:00-04:00,13.6899995803833,13.6899995803833,13.449999809265137,13.489999771118164,90700,0.0,0.0,0.0
2023-04-27 00:00:00-04:00,13.880000114440918,14.0,13.670000076293945,13.850000381469727,158400,0.0,0.0,0.0
2023-04-28 00:00:00-04:00,13.8100004196167,13.90999984741211,13.600000381469727,13.850000381469727,94400,0.0,0.0,0.0
2023-05-01 00:00:00-04:00,13.899999618530273,13.899999618530273,13.460000038146973,13.520000457763672,95400,0.0,0.0,0.0
2023-05-02 00:00:00-04:00,13.649999618530273,13.739999771118164,13.3100004196167,13.3100004196167,117100,0.0,0.0,0.0
2023-05-03 00:00:00-04:00,13.239999771118164,13.5600004196167,13.239999771118164,13.260000228881836,60900,0.0,0.0,0.0
2023-05-04 00:00:00-04:00,13.220000267028809,13.630000114440918,13.220000267028809,13.529999732971191,81500,0.0,0.0,0.0
2023-05-05 00:00:00-04:00,13.609999656677246,13.930000305175781,13.609999656677246,13.930000305175781,138300,0.0,0.0,0.0
2023-05-08 00:00:00-04:00,13.920000076293945,13.920000076293945,13.609999656677246,13.739999771118164,75000,0.0,0.0,0.0
2023-05-09 00:00:00-04:00,13.84000015258789,13.890000343322754,13.720000267028809,13.829999923706055,28700,0.0,0.0,0.0
2023-05-10 00:00:00-04:00,13.829999923706055,14.079999923706055,13.729999542236328,14.079999923706055,74800,0.0,0.0,0.0
2023-05-11 00:00:00-04:00,13.869999885559082,13.970000267028809,13.75,13.789999961853027,69800,0.0,0.0,0.0
2023-05-12 00:00:00-04:00,13.760000228881836,13.899999618530273,13.760000228881836,13.880000114440918,80400,0.0,0.0,0.0
2023-05-15 00:00:00-04:00,13.819999694824219,13.90999984741211,13.680000305175781,13.899999618530273,90500,0.0,0.0,0.0
2023-05-16 00:00:00-04:00,13.899999618530273,14.0,13.739999771118164,13.770000457763672,45900,0.0,0.0,0.0
2023-05-17 00:00:00-04:00,13.789999961853027,13.789999961853027,13.649999618530273,13.739999771118164,48200,0.0,0.0,0.0
2023-05-18 00:00:00-04:00,13.600000381469727,13.619999885559082,13.520000457763672,13.600000381469727,152700,0.0,0.0,0.0
2023-05-19 00:00:00-04:00,13.649999618530273,13.739999771118164,13.619999885559082,13.65999984741211,125600,0.0,0.0,0.0
2023-05-22 00:00:00-04:00,13.630000114440918,13.75,13.630000114440918,13.710000038146973,39700,0.0,0.0,0.0
2023-05-23 00:00:00-04:00,13.789999961853027,13.819999694824219,13.649999618530273,13.649999618530273,37300,0.0,0.0,0.0
2023-05-24 00:00:00-04:00,13.649999618530273,13.739999771118164,13.5600004196167,13.579999923706055,51600,0.0,0.0,0.0
2023-05-25 00:00:00-04:00,13.449999809265137,13.449999809265137,13.229999542236328,13.40999984741211,234400,0.0,0.0,0.0
2023-05-26 00:00:00-04:00,13.449999809265137,13.729999542236328,13.449999809265137,13.649999618530273,114600,0.0,0.0,0.0
2023-05-30 00:00:00-04:00,13.5600004196167,13.640000343322754,13.5,13.539999961853027,46900,0.0,0.0,0.0
2023-05-31 00:00:00-04:00,13.5,13.630000114440918,13.420000076293945,13.430000305175781,33400,0.0,0.0,0.0
2023-06-01 00:00:00-04:00,13.539999961853027,13.579999923706055,13.350000381469727,13.460000038146973,60400,0.0,0.0,0.0
2023-06-02 00:00:00-04:00,13.350000381469727,13.520000457763672,13.350000381469727,13.470000267028809,56100,0.0,0.0,0.0
2023-06-05 00:00:00-04:00,13.359999656677246,13.510000228881836,13.319999694824219,13.359999656677246,200300,0.0,0.0,0.0
2023-06-06 00:00:00-04:00,13.390000343322754,13.489999771118164,13.380000114440918,13.460000038146973,63500,0.0,0.0,0.0
2023-06-07 00:00:00-04:00,13.470000267028809,13.5,13.380000114440918,13.40999984741211,30700,0.0,0.0,0.0
2023-06-08 00:00:00-04:00,13.630000114440918,13.920000076293945,13.630000114440918,13.90999984741211,97500,0.0,0.0,0.0
2023-06-09 00:00:00-04:00,13.850000381469727,14.0,13.6899995803833,13.739999771118164,48400,0.0,0.0,0.0
2023-06-12 00:00:00-04:00,13.859999656677246,13.899999618530273,13.760000228881836,13.800000190734863,21800,0.0,0.0,0.0
2023-06-13 00:00:00-04:00,13.739999771118164,13.779999732971191,13.619999885559082,13.640000343322754,305100,0.0,0.0,0.0
2023-06-14 00:00:00-04:00,13.6899995803833,13.899999618530273,13.6899995803833,13.899999618530273,26600,0.0,0.0,0.0
2023-06-15 00:00:00-04:00,14.020000457763672,14.09000015258789,13.859999656677246,14.020000457763672,76800,0.0,0.0,0.0
2023-06-16 00:00:00-04:00,14.029999732971191,14.220000267028809,13.970000267028809,14.119999885559082,97500,0.0,0.0,0.0
2023-06-20 00:00:00-04:00,14.220000267028809,14.229999542236328,14.09000015258789,14.220000267028809,179300,0.0,0.0,0.0
2023-06-21 00:00:00-04:00,14.1899995803833,14.229999542236328,14.119999885559082,14.140000343322754,65500,0.0,0.0,0.0
2023-06-22 00:00:00-04:00,13.9399995803833,14.010000228881836,13.779999732971191,13.84000015258789,50400,0.0,0.0,0.0
2023-06-23 00:00:00-04:00,13.729999542236328,13.729999542236328,13.479999542236328,13.5600004196167,85900,0.0,0.0,0.0
2023-06-26 00:00:00-04:00,13.5600004196167,13.670000076293945,13.170000076293945,13.180000305175781,185200,0.0,0.0,0.0
2023-06-27 00:00:00-04:00,12.989999771118164,13.020000457763672,12.800000190734863,12.930000305175781,148600,0.0,0.0,0.0
2023-06-28 00:00:00-04:00,12.75,12.75,12.59000015258789,12.600000381469727,70700,0.0,0.0,0.0
2023-06-29 00:00:00-04:00,12.59000015258789,12.600000381469727,12.350000381469727,12.5,168900,0.0,0.0,0.0
2023-06-30 00:00:00-04:00,12.649999618530273,12.8100004196167,12.630000114440918,12.760000228881836,84600,0.0,0.0,0.0
2023-07-03 00:00:00-04:00,12.829999923706055,13.079999923706055,12.800000190734863,12.960000038146973,34300,0.0,0.0,0.0
2023-07-05 00:00:00-04:00,13.010000228881836,13.050000190734863,12.90999984741211,12.960000038146973,178500,0.0,0.0,0.0
2023-07-06 00:00:00-04:00,12.9399995803833,12.949999809265137,12.789999961853027,12.819999694824219,14800,0.0,0.0,0.0
2023-07-07 00:00:00-04:00,13.0,13.050000190734863,12.930000305175781,12.930000305175781,29600,0.0,0.0,0.0
2023-07-10 00:00:00-04:00,12.899999618530273,12.930000305175781,12.819999694824219,12.930000305175781,11000,0.0,0.0,0.0
2023-07-11 00:00:00-04:00,12.880000114440918,13.020000457763672,12.869999885559082,13.020000457763672,22300,0.0,0.0,0.0
2023-07-12 00:00:00-04:00,13.130000114440918,13.239999771118164,13.079999923706055,13.239999771118164,34400,0.0,0.0,0.0
2023-07-13 00:00:00-04:00,13.25,13.289999961853027,13.15999984741211,13.289999961853027,29500,0.0,0.0,0.0
2023-07-14 00:00:00-04:00,13.369999885559082,13.40999984741211,13.329999923706055,13.380000114440918,72400,0.0,0.0,0.0
2023-07-17 00:00:00-04:00,13.220000267028809,13.220000267028809,13.09000015258789,13.130000114440918,78600,0.0,0.0,0.0
2023-07-18 00:00:00-04:00,13.09000015258789,13.199999809265137,13.069999694824219,13.1899995803833,42400,0.0,0.0,0.0
2023-07-19 00:00:00-04:00,13.369999885559082,13.380000114440918,13.25,13.300000190734863,51900,0.0,0.0,0.0
2023-07-20 00:00:00-04:00,13.449999809265137,13.529999732971191,13.430000305175781,13.529999732971191,40000,0.0,0.0,0.0
2023-07-21 00:00:00-04:00,13.40999984741211,13.729999542236328,13.40999984741211,13.680000305175781,58600,0.0,0.0,0.0
2023-07-24 00:00:00-04:00,13.729999542236328,13.760000228881836,13.65999984741211,13.710000038146973,98200,0.0,0.0,0.0
2023-07-25 00:00:00-04:00,13.640000343322754,13.699999809265137,13.59000015258789,13.670000076293945,16700,0.0,0.0,0.0
2023-07-26 00:00:00-04:00,13.640000343322754,13.640000343322754,13.40999984741211,13.489999771118164,53500,0.0,0.0,0.0
2023-07-27 00:00:00-04:00,13.390000343322754,13.539999961853027,13.359999656677246,13.510000228881836,25000,0.0,0.0,0.0
2023-07-28 00:00:00-04:00,13.329999923706055,13.390000343322754,13.270000457763672,13.279999732971191,26300,0.0,0.0,0.0
2023-07-31 00:00:00-04:00,13.329999923706055,13.399999618530273,13.329999923706055,13.380000114440918,33500,0.0,0.0,0.0
2023-08-01 00:00:00-04:00,13.350000381469727,13.5600004196167,13.350000381469727,13.479999542236328,47700,0.0,0.0,0.0
2023-08-02 00:00:00-04:00,13.449999809265137,13.449999809265137,13.34000015258789,13.399999618530273,18800,0.0,0.0,0.0
2023-08-03 00:00:00-04:00,13.260000228881836,13.329999923706055,13.180000305175781,13.260000228881836,42300,0.0,0.0,0.0
2023-08-04 00:00:00-04:00,13.170000076293945,13.210000038146973,13.119999885559082,13.130000114440918,177500,0.0,0.0,0.0
2023-08-07 00:00:00-04:00,13.260000228881836,13.3100004196167,13.15999984741211,13.180000305175781,46300,0.0,0.0,0.0
2023-08-08 00:00:00-04:00,13.079999923706055,13.109999656677246,13.039999961853027,13.109999656677246,48700,0.0,0.0,0.0
2023-08-09 00:00:00-04:00,13.15999984741211,13.220000267028809,13.100000381469727,13.1899995803833,13800,0.0,0.0,0.0
2023-08-10 00:00:00-04:00,13.289999961853027,13.40999984741211,13.289999961853027,13.359999656677246,73000,0.0,0.0,0.0
2023-08-11 00:00:00-04:00,13.380000114440918,13.550000190734863,13.369999885559082,13.550000190734863,41100,0.0,0.0,0.0
2023-08-14 00:00:00-04:00,13.380000114440918,13.380000114440918,13.329999923706055,13.369999885559082,33800,0.0,0.0,0.0
2023-08-15 00:00:00-04:00,13.3100004196167,13.3100004196167,13.1899995803833,13.25,25600,0.0,0.0,0.0
2023-08-16 00:00:00-04:00,13.420000076293945,13.470000267028809,13.399999618530273,13.4399995803833,42200,0.0,0.0,0.0
2023-08-17 00:00:00-04:00,13.600000381469727,13.609999656677246,13.359999656677246,13.369999885559082,29300,0.0,0.0,0.0
2023-08-18 00:00:00-04:00,13.229999542236328,13.369999885559082,13.229999542236328,13.369999885559082,22200,0.0,0.0,0.0
2023-08-21 00:00:00-04:00,13.34000015258789,13.460000038146973,13.140000343322754,13.199999809265137,67100,0.0,0.0,0.0
2023-08-22 00:00:00-04:00,13.220000267028809,13.239999771118164,13.170000076293945,13.180000305175781,12200,0.0,0.0,0.0
2023-08-23 00:00:00-04:00,13.569999694824219,13.569999694824219,13.300000190734863,13.529999732971191,27500,0.0,0.0,0.0
2023-08-24 00:00:00-04:00,13.539999961853027,13.699999809265137,13.5,13.65999984741211,23400,0.0,0.0,0.0
2023-08-25 00:00:00-04:00,13.710000038146973,13.9399995803833,13.630000114440918,13.930000305175781,123100,0.0,0.0,0.0
2023-08-28 00:00:00-04:00,14.0,14.15999984741211,13.949999809265137,14.140000343322754,71100,0.0,0.0,0.0
2023-08-29 00:00:00-04:00,14.130000114440918,14.140000343322754,14.029999732971191,14.100000381469727,72400,0.0,0.0,0.0
2023-08-30 00:00:00-04:00,14.1899995803833,14.329999923706055,14.020000457763672,14.020000457763672,107800,0.0,0.0,0.0
2023-08-31 00:00:00-04:00,14.100000381469727,14.119999885559082,13.920000076293945,13.970000267028809,49400,0.0,0.0,0.0
2023-09-01 00:00:00-04:00,14.039999961853027,14.279999732971191,13.989999771118164,14.25,27300,0.0,0.0,0.0
2023-09-05 00:00:00-04:00,14.399999618530273,14.710000038146973,14.399999618530273,14.609999656677246,197800,0.0,0.0,0.0
2023-09-06 00:00:00-04:00,14.5600004196167,14.600000381469727,14.359999656677246,14.470000267028809,135300,0.0,0.0,0.0
2023-09-07 00:00:00-04:00,14.510000228881836,14.75,14.40999984741211,14.75,48900,0.0,0.0,0.0
2023-09-08 00:00:00-04:00,14.720000267028809,14.720000267028809,14.470000267028809,14.640000343322754,67700,0.0,0.0,0.0
2023-09-11 00:00:00-04:00,14.539999961853027,14.670000076293945,14.539999961853027,14.649999618530273,40800,0.0,0.0,0.0
2023-09-12 00:00:00-04:00,14.84000015258789,15.0,14.800000190734863,14.850000381469727,89800,0.0,0.0,0.0
2023-09-13 00:00:00-04:00,14.8100004196167,14.869999885559082,14.720000267028809,14.850000381469727,31100,0.0,0.0,0.0
2023-09-14 00:00:00-04:00,14.979999542236328,15.029999732971191,14.880000114440918,14.979999542236328,47500,0.0,0.0,0.0
2023-09-15 00:00:00-04:00,15.149999618530273,15.180000305175781,14.9399995803833,14.970000267028809,81700,0.0,0.0,0.0
2023-09-18 00:00:00-04:00,14.970000267028809,15.15999984741211,14.9399995803833,15.119999885559082,197500,0.0,0.0,0.0
2023-09-19 00:00:00-04:00,15.239999771118164,15.300000190734863,15.170000076293945,15.260000228881836,55900,0.0,0.0,0.0
2023-09-20 00:00:00-04:00,15.09000015258789,15.149999618530273,14.949999809265137,15.010000228881836,42900,0.0,0.0,0.0
2023-09-21 00:00:00-04:00,14.859999656677246,15.039999961853027,14.829999923706055,15.029999732971191,61500,0.0,0.0,0.0
2023-09-22 00:00:00-04:00,15.029999732971191,15.130000114440918,14.970000267028809,15.0600004196167,38900,0.0,0.0,0.0
2023-09-25 00:00:00-04:00,14.84000015258789,14.84000015258789,14.710000038146973,14.729999542236328,73300,0.0,0.0,0.0
2023-09-26 00:00:00-04:00,14.670000076293945,14.819999694824219,14.59000015258789,14.59000015258789,68000,0.0,0.0,0.0
2023-09-27 00:00:00-04:00,14.630000114440918,14.770000457763672,14.609999656677246,14.680000305175781,85300,0.0,0.0,0.0
2023-09-28 00:00:00-04:00,14.630000114440918,14.989999771118164,14.630000114440918,14.979999542236328,40500,0.0,0.0,0.0
2023-09-29 00:00:00-04:00,14.899999618530273,14.899999618530273,14.729999542236328,14.779999732971191,46700,0.0,0.0,0.0
2023-10-02 00:00:00-04:00,14.720000267028809,14.859999656677246,14.6899995803833,14.770000457763672,41700,0.0,0.0,0.0
2023-10-03 00:00:00-04:00,14.720000267028809,14.770000457763672,14.420000076293945,14.4399995803833,64300,0.0,0.0,0.0
2023-10-04 00:00:00-04:00,14.649999618530273,14.649999618530273,14.470000267028809,14.529999732971191,43500,0.0,0.0,0.0
2023-10-05 00:00:00-04:00,14.600000381469727,14.720000267028809,14.550000190734863,14.579999923706055,17700,0.0,0.0,0.0
2023-10-06 00:00:00-04:00,14.34000015258789,14.859999656677246,14.34000015258789,14.859999656677246,54700,0.0,0.0,0.0
2023-10-09 00:00:00-04:00,14.930000305175781,15.100000381469727,14.850000381469727,15.079999923706055,113400,0.0,0.0,0.0
2023-10-10 00:00:00-04:00,15.050000190734863,15.09000015258789,14.930000305175781,15.09000015258789,28700,0.0,0.0,0.0
2023-10-11 00:00:00-04:00,15.050000190734863,15.050000190734863,14.720000267028809,14.720000267028809,41200,0.0,0.0,0.0
2023-10-12 00:00:00-04:00,14.84000015258789,14.920000076293945,14.720000267028809,14.779999732971191,40200,0.0,0.0,0.0
2023-10-13 00:00:00-04:00,14.930000305175781,15.069999694824219,14.880000114440918,14.920000076293945,122000,0.0,0.0,0.0
2023-10-16 00:00:00-04:00,15.069999694824219,15.069999694824219,14.930000305175781,15.020000457763672,93800,0.0,0.0,0.0
2023-10-17 00:00:00-04:00,15.1899995803833,15.279999732971191,15.109999656677246,15.210000038146973,46600,0.0,0.0,0.0
2023-10-18 00:00:00-04:00,15.300000190734863,15.300000190734863,15.109999656677246,15.199999809265137,30200,0.0,0.0,0.0
2023-10-19 00:00:00-04:00,15.039999961853027,15.180000305175781,14.979999542236328,15.09000015258789,48600,0.0,0.0,0.0
2023-10-20 00:00:00-04:00,14.979999542236328,15.0,14.890000343322754,14.890000343322754,30300,0.0,0.0,0.0
2023-10-23 00:00:00-04:00,15.020000457763672,15.239999771118164,14.979999542236328,15.210000038146973,127200,0.0,0.0,0.0
2023-10-24 00:00:00-04:00,15.270000457763672,15.300000190734863,15.130000114440918,15.289999961853027,67700,0.0,0.0,0.0
2023-10-25 00:00:00-04:00,15.319999694824219,15.350000381469727,15.109999656677246,15.319999694824219,101100,0.0,0.0,0.0
2023-10-26 00:00:00-04:00,15.149999618530273,15.180000305175781,14.989999771118164,14.989999771118164,68500,0.0,0.0,0.0
2023-10-27 00:00:00-04:00,15.170000076293945,15.229999542236328,15.079999923706055,15.15999984741211,33200,0.0,0.0,0.0
2023-10-30 00:00:00-04:00,15.0,15.020000457763672,14.850000381469727,14.869999885559082,172500,0.0,0.0,0.0
2023-10-31 00:00:00-04:00,14.979999542236328,15.029999732971191,14.869999885559082,14.979999542236328,99800,0.0,0.0,0.0
2023-11-01 00:00:00-04:00,15.25,15.289999961853027,15.09000015258789,15.220000267028809,51900,0.0,0.0,0.0
2023-11-02 00:00:00-04:00,15.180000305175781,15.239999771118164,15.039999961853027,15.210000038146973,163900,0.0,0.0,0.0
2023-11-03 00:00:00-04:00,15.210000038146973,15.359999656677246,15.210000038146973,15.359999656677246,102600,0.0,0.0,0.0
2023-11-06 00:00:00-05:00,15.489999771118164,15.510000228881836,15.380000114440918,15.479999542236328,81300,0.0,0.0,0.0
2023-11-07 00:00:00-05:00,15.390000343322754,15.420000076293945,15.260000228881836,15.260000228881836,32000,0.0,0.0,0.0
2023-11-08 00:00:00-05:00,15.25,15.260000228881836,15.020000457763672,15.050000190734863,145400,0.0,0.0,0.0
2023-11-09 00:00:00-05:00,15.270000457763672,15.420000076293945,15.270000457763672,15.359999656677246,62000,0.0,0.0,0.0
2023-11-10 00:00:00-05:00,15.1899995803833,15.1899995803833,15.079999923706055,15.140000343322754,71100,0.0,0.0,0.0
2023-11-13 00:00:00-05:00,15.100000381469727,15.289999961853027,15.079999923706055,15.289999961853027,27500,0.0,0.0,0.0
2023-11-14 00:00:00-05:00,15.130000114440918,15.149999618530273,15.020000457763672,15.069999694824219,130600,0.0,0.0,0.0
2023-11-15 00:00:00-05:00,14.979999542236328,15.109999656677246,14.979999542236328,15.109999656677246,113300,0.0,0.0,0.0
2023-11-16 00:00:00-05:00,15.069999694824219,15.130000114440918,15.020000457763672,15.100000381469727,45900,0.0,0.0,0.0
2023-11-17 00:00:00-05:00,15.039999961853027,15.119999885559082,15.020000457763672,15.09000015258789,111800,0.0,0.0,0.0
2023-11-20 00:00:00-05:00,15.100000381469727,15.319999694824219,15.100000381469727,15.319999694824219,141900,0.0,0.0,0.0
2023-11-21 00:00:00-05:00,15.399999618530273,15.449999809265137,15.329999923706055,15.420000076293945,63100,0.0,0.0,0.0
2023-11-22 00:00:00-05:00,15.229999542236328,15.279999732971191,15.130000114440918,15.140000343322754,106600,0.0,0.0,0.0
2023-11-24 00:00:00-05:00,15.0,15.069999694824219,14.970000267028809,15.010000228881836,50700,0.0,0.0,0.0
2023-11-27 00:00:00-05:00,15.0600004196167,15.199999809265137,15.039999961853027,15.140000343322754,67600,0.0,0.0,0.0
2023-11-28 00:00:00-05:00,15.050000190734863,15.180000305175781,15.020000457763672,15.119999885559082,191400,0.0,0.0,0.0
2023-11-29 00:00:00-05:00,15.149999618530273,15.170000076293945,15.039999961853027,15.0600004196167,56700,0.0,0.0,0.0
2023-11-30 00:00:00-05:00,14.890000343322754,14.890000343322754,14.649999618530273,14.710000038146973,167800,0.0,0.0,0.0
2023-12-01 00:00:00-05:00,14.399999618530273,14.609999656677246,14.34000015258789,14.350000381469727,148900,0.0,0.0,0.0
2023-12-04 00:00:00-05:00,14.5,14.699999809265137,14.479999542236328,14.600000381469727,186900,0.0,0.0,0.0
2023-12-05 00:00:00-05:00,14.279999732971191,14.369999885559082,14.199999809265137,14.289999961853027,38200,0.0,0.0,0.0
2023-12-06 00:00:00-05:00,13.920000076293945,13.9399995803833,13.3100004196167,13.350000381469727,174300,0.0,0.0,0.0
2023-12-07 00:00:00-05:00,13.229999542236328,13.40999984741211,13.210000038146973,13.270000457763672,133900,0.0,0.0,0.0
2023-12-08 00:00:00-05:00,13.25,13.350000381469727,13.210000038146973,13.319999694824219,33900,0.0,0.0,0.0
2023-12-11 00:00:00-05:00,13.020000457763672,13.020000457763672,12.779999732971191,12.9399995803833,116500,0.0,0.0,0.0
2023-12-12 00:00:00-05:00,12.680000305175781,12.930000305175781,12.670000076293945,12.930000305175781,103600,0.0,0.0,0.0
2023-12-13 00:00:00-05:00,12.949999809265137,12.970000267028809,12.579999923706055,12.630000114440918,41400,0.0,0.0,0.0
2023-12-14 00:00:00-05:00,12.359999656677246,12.8100004196167,12.319999694824219,12.779999732971191,116800,0.0,0.0,0.0
2023-12-15 00:00:00-05:00,12.770000457763672,12.949999809265137,12.670000076293945,12.75,27200,0.0,0.0,0.0
2023-12-18 00:00:00-05:00,12.449999809265137,12.5600004196167,12.430000305175781,12.449999809265137,23600,0.0,0.0,0.0
2023-12-19 00:00:00-05:00,12.449999809265137,12.609999656677246,12.430000305175781,12.59000015258789,26000,0.0,0.0,0.0
2023-12-20 00:00:00-05:00,12.670000076293945,12.670000076293945,12.260000228881836,12.329999923706055,30500,0.0,0.0,0.0
2023-12-21 00:00:00-05:00,12.100000381469727,12.170000076293945,12.010000228881836,12.140000343322754,84800,0.0,0.0,0.0
2023-12-22 00:00:00-05:00,12.199999809265137,12.479999542236328,12.199999809265137,12.319999694824219,26900,0.0,0.0,0.0
2023-12-26 00:00:00-05:00,12.25,12.369999885559082,12.199999809265137,12.25,28200,0.0,0.0,0.0
2023-12-27 00:00:00-05:00,12.180000305175781,12.520000457763672,12.170000076293945,12.380000114440918,37500,0.0,0.0,0.0
2023-12-28 00:00:00-05:00,12.380000114440918,12.949999809265137,12.329999923706055,12.90999984741211,95200,0.0,0.0,0.0
2023-12-29 00:00:00-05:00,12.75,12.75,12.260000228881836,12.399999618530273,143200,0.0,0.0,0.0
2024-01-02 00:00:00-05:00,12.5600004196167,12.699999809265137,12.470000267028809,12.489999771118164,30100,0.0,0.0,0.0
2024-01-03 00:00:00-05:00,12.59000015258789,12.619999885559082,12.420000076293945,12.460000038146973,61900,0.0,0.0,0.0
2024-01-04 00:00:00-05:00,12.5,12.619999885559082,12.470000267028809,12.579999923706055,27700,0.0,0.0,0.0
2024-01-05 00:00:00-05:00,12.449999809265137,12.600000381469727,12.399999618530273,12.579999923706055,55800,0.0,0.0,0.0
2024-01-08 00:00:00-05:00,12.720000267028809,12.859999656677246,12.670000076293945,12.859999656677246,44000,0.0,0.0,0.0
2024-01-09 00:00:00-05:00,12.819999694824219,12.850000381469727,12.710000038146973,12.739999771118164,14300,0.0,0.0,0.0
2024-01-10 00:00:00-05:00,12.8100004196167,12.819999694824219,12.619999885559082,12.649999618530273,17800,0.0,0.0,0.0
2024-01-11 00:00:00-05:00,12.75,12.84000015258789,12.75,12.819999694824219,47200,0.0,0.0,0.0
2024-01-12 00:00:00-05:00,12.84000015258789,12.850000381469727,12.6899995803833,12.699999809265137,17600,0.0,0.0,0.0
2024-01-16 00:00:00-05:00,12.920000076293945,13.180000305175781,12.920000076293945,13.170000076293945,71400,0.0,0.0,0.0
2024-01-17 00:00:00-05:00,13.140000343322754,13.170000076293945,13.0,13.029999732971191,21300,0.0,0.0,0.0
2024-01-18 00:00:00-05:00,13.109999656677246,13.390000343322754,13.100000381469727,13.380000114440918,79700,0.0,0.0,0.0
2024-01-19 00:00:00-05:00,13.529999732971191,13.619999885559082,13.4399995803833,13.550000190734863,46700,0.0,0.0,0.0
2024-01-22 00:00:00-05:00,13.579999923706055,13.600000381469727,13.529999732971191,13.579999923706055,24300,0.0,0.0,0.0
2024-01-23 00:00:00-05:00,13.649999618530273,13.739999771118164,13.619999885559082,13.6899995803833,20700,0.0,0.0,0.0
2024-01-24 00:00:00-05:00,13.710000038146973,14.010000228881836,13.600000381469727,14.0,62500,0.0,0.0,0.0
2024-01-25 00:00:00-05:00,13.979999542236328,13.989999771118164,13.859999656677246,13.90999984741211,36000,0.0,0.0,0.0
2024-01-26 00:00:00-05:00,13.829999923706055,13.899999618530273,13.739999771118164,13.850000381469727,28100,0.0,0.0,0.0
2024-01-29 00:00:00-05:00,13.850000381469727,13.850000381469727,13.640000343322754,13.699999809265137,63200,0.0,0.0,0.0
2024-01-30 00:00:00-05:00,13.729999542236328,13.90999984741211,13.65999984741211,13.899999618530273,34700,0.0,0.0,0.0
2024-01-31 00:00:00-05:00,13.90999984741211,13.930000305175781,13.819999694824219,13.899999618530273,39800,0.0,0.0,0.0
2024-02-01 00:00:00-05:00,13.880000114440918,13.880000114440918,13.6899995803833,13.720000267028809,17900,0.0,0.0,0.0
2024-02-02 00:00:00-05:00,13.739999771118164,13.890000343322754,13.739999771118164,13.880000114440918,34000,0.0,0.0,0.0
2024-02-05 00:00:00-05:00,13.869999885559082,13.869999885559082,13.699999809265137,13.739999771118164,26200,0.0,0.0,0.0
2024-02-06 00:00:00-05:00,13.770000457763672,13.8100004196167,13.609999656677246,13.789999961853027,12600,0.0,0.0,0.0
2024-02-07 00:00:00-05:00,13.960000038146973,14.149999618530273,13.920000076293945,13.949999809265137,50400,0.0,0.0,0.0
2024-02-08 00:00:00-05:00,14.0,14.010000228881836,13.890000343322754,13.970000267028809,16400,0.0,0.0,0.0
2024-02-09 00:00:00-05:00,14.069999694824219,14.170000076293945,14.0,14.039999961853027,13700,0.0,0.0,0.0
2024-02-12 00:00:00-05:00,14.149999618530273,14.149999618530273,13.789999961853027,13.800000190734863,21300,0.0,0.0,0.0
2024-02-13 00:00:00-05:00,13.699999809265137,13.720000267028809,13.619999885559082,13.649999618530273,18200,0.0,0.0,0.0
2024-02-14 00:00:00-05:00,13.680000305175781,13.819999694824219,13.630000114440918,13.739999771118164,34600,0.0,0.0,0.0
2024-02-15 00:00:00-05:00,13.619999885559082,13.619999885559082,13.380000114440918,13.390000343322754,29400,0.0,0.0,0.0
2024-02-16 00:00:00-05:00,13.390000343322754,13.789999961853027,13.390000343322754,13.600000381469727,29600,0.0,0.0,0.0
2024-02-20 00:00:00-05:00,13.489999771118164,13.520000457763672,13.279999732971191,13.520000457763672,22700,0.0,0.0,0.0
2024-02-21 00:00:00-05:00,13.40999984741211,13.550000190734863,13.399999618530273,13.539999961853027,11600,0.0,0.0,0.0
2024-02-22 00:00:00-05:00,13.149999618530273,13.460000038146973,13.149999618530273,13.449999809265137,15600,0.0,0.0,0.0
2024-02-23 00:00:00-05:00,13.289999961853027,13.289999961853027,13.199999809265137,13.220000267028809,6300,0.0,0.0,0.0
2024-02-26 00:00:00-05:00,13.3100004196167,13.579999923706055,13.3100004196167,13.420000076293945,18100,0.0,0.0,0.0
2024-02-27 00:00:00-05:00,13.510000228881836,13.829999923706055,13.510000228881836,13.65999984741211,34600,0.0,0.0,0.0
2024-02-28 00:00:00-05:00,13.699999809265137,13.770000457763672,13.640000343322754,13.699999809265137,18000,0.0,0.0,0.0
2024-02-29 00:00:00-05:00,13.350000381469727,13.420000076293945,13.140000343322754,13.1899995803833,34800,0.0,0.0,0.0
2024-03-01 00:00:00-05:00,13.050000190734863,13.109999656677246,12.779999732971191,12.800000190734863,39300,0.0,0.0,0.0
2024-03-04 00:00:00-05:00,12.949999809265137,12.949999809265137,12.579999923706055,12.609999656677246,32400,0.0,0.0,0.0
2024-03-05 00:00:00-05:00,12.640000343322754,12.800000190734863,12.609999656677246,12.680000305175781,23500,0.0,0.0,0.0
2024-03-06 00:00:00-05:00,12.9399995803833,13.010000228881836,12.920000076293945,13.0,27400,0.0,0.0,0.0
2024-03-07 00:00:00-05:00,12.9399995803833,13.0,12.800000190734863,12.960000038146973,8800,0.0,0.0,0.0
2024-03-08 00:00:00-05:00,12.920000076293945,12.920000076293945,12.789999961853027,12.859999656677246,10000,0.0,0.0,0.0
2024-03-11 00:00:00-04:00,13.050000190734863,13.3100004196167,13.050000190734863,13.3100004196167,22600,0.0,0.0,0.0
2024-03-12 00:00:00-04:00,13.399999618530273,13.399999618530273,13.180000305175781,13.239999771118164,19700,0.0,0.0,0.0
2024-03-13 00:00:00-04:00,12.960000038146973,13.260000228881836,12.789999961853027,13.239999771118164,22900,0.0,0.0,0.0
2024-03-14 00:00:00-04:00,13.0600004196167,13.300000190734863,13.0600004196167,13.149999618530273,14700,0.0,0.0,0.0
2024-03-15 00:00:00-04:00,13.729999542236328,13.729999542236328,13.1899995803833,13.260000228881836,11700,0.0,0.0,0.0
2024-03-18 00:00:00-04:00,13.520000457763672,13.520000457763672,13.239999771118164,13.289999961853027,14400,0.0,0.0,0.0
2024-03-19 00:00:00-04:00,13.109999656677246,13.109999656677246,13.0,13.029999732971191,39700,0.0,0.0,0.0
2024-03-20 00:00:00-04:00,12.960000038146973,13.119999885559082,12.960000038146973,13.119999885559082,13700,0.0,0.0,0.0
2024-03-21 00:00:00-04:00,13.199999809265137,13.350000381469727,13.199999809265137,13.319999694824219,24100,0.0,0.0,0.0
2024-03-22 00:00:00-04:00,13.270000457763672,13.300000190734863,13.149999618530273,13.239999771118164,11800,0.0,0.0,0.0
2024-03-25 00:00:00-04:00,13.260000228881836,13.289999961853027,13.1899995803833,13.270000457763672,7400,0.0,0.0,0.0
2024-03-26 00:00:00-04:00,13.359999656677246,13.460000038146973,13.359999656677246,13.460000038146973,61200,0.0,0.0,0.0
2024-03-27 00:00:00-04:00,13.229999542236328,13.380000114440918,13.229999542236328,13.329999923706055,21200,0.0,0.0,0.0
2024-03-28 00:00:00-04:00,13.390000343322754,13.520000457763672,13.380000114440918,13.489999771118164,15800,0.0,0.0,0.0
2024-04-01 00:00:00-04:00,13.640000343322754,13.65999984741211,13.550000190734863,13.550000190734863,30100,0.0,0.0,0.0
2024-04-02 00:00:00-04:00,13.5,13.510000228881836,13.40999984741211,13.460000038146973,30500,0.0,0.0,0.0
2024-04-03 00:00:00-04:00,13.470000267028809,13.479999542236328,13.260000228881836,13.260000228881836,11400,0.0,0.0,0.0
2024-04-04 00:00:00-04:00,13.300000190734863,13.40999984741211,13.300000190734863,13.359999656677246,38900,0.0,0.0,0.0
2024-04-05 00:00:00-04:00,13.289999961853027,13.329999923706055,13.119999885559082,13.149999618530273,54000,0.0,0.0,0.0
2024-04-08 00:00:00-04:00,13.050000190734863,13.09000015258789,12.960000038146973,12.960000038146973,18800,0.0,0.0,0.0
2024-04-09 00:00:00-04:00,12.890000343322754,13.039999961853027,12.890000343322754,12.90999984741211,9100,0.0,0.0,0.0
2024-04-10 00:00:00-04:00,12.960000038146973,12.979999542236328,12.819999694824219,12.819999694824219,11300,0.0,0.0,0.0
2024-04-11 00:00:00-04:00,12.710000038146973,12.739999771118164,12.5,12.59000015258789,25000,0.0,0.0,0.0
2024-04-12 00:00:00-04:00,12.470000267028809,12.609999656677246,12.289999961853027,12.300000190734863,62100,0.0,0.0,0.0
2024-04-15 00:00:00-04:00,12.430000305175781,12.430000305175781,12.140000343322754,12.140000343322754,15800,0.0,0.0,0.0
2024-04-16 00:00:00-04:00,11.890000343322754,12.050000190734863,11.880000114440918,11.960000038146973,26000,0.0,0.0,0.0
2024-04-17 00:00:00-04:00,11.899999618530273,11.920000076293945,11.789999961853027,11.84000015258789,27300,0.0,0.0,0.0
2024-04-18 00:00:00-04:00,11.960000038146973,12.029999732971191,11.930000305175781,12.0,45400,0.0,0.0,0.0
2024-04-19 00:00:00-04:00,12.0,12.050000190734863,11.869999885559082,12.020000457763672,29800,0.0,0.0,0.0
2024-04-22 00:00:00-04:00,12.039999961853027,12.140000343322754,12.029999732971191,12.069999694824219,41200,0.0,0.0,0.0
2024-04-23 00:00:00-04:00,12.050000190734863,12.100000381469727,12.020000457763672,12.029999732971191,15100,0.0,0.0,0.0
2024-04-24 00:00:00-04:00,12.069999694824219,12.119999885559082,12.010000228881836,12.050000190734863,14200,0.0,0.0,0.0
2024-04-25 00:00:00-04:00,12.0,12.020000457763672,11.699999809265137,11.789999961853027,19800,0.0,0.0,0.0
2024-04-26 00:00:00-04:00,11.880000114440918,11.899999618530273,11.720000267028809,11.760000228881836,6100,0.0,0.0,0.0
2024-04-29 00:00:00-04:00,11.859999656677246,12.09000015258789,11.859999656677246,12.09000015258789,46600,0.0,0.0,0.0
2024-04-30 00:00:00-04:00,12.600000381469727,12.600000381469727,11.880000114440918,11.920000076293945,23200,0.0,0.0,0.0
2024-05-01 00:00:00-04:00,11.800000190734863,11.819999694824219,11.720000267028809,11.819999694824219,25000,0.0,0.0,0.0
2024-05-02 00:00:00-04:00,11.779999732971191,11.880000114440918,11.760000228881836,11.880000114440918,9400,0.0,0.0,0.0
2024-05-03 00:00:00-04:00,11.859999656677246,11.9399995803833,11.850000381469727,11.899999618530273,16900,0.0,0.0,0.0
2024-05-06 00:00:00-04:00,11.899999618530273,11.970000267028809,11.850000381469727,11.970000267028809,22600,0.0,0.0,0.0
2024-05-07 00:00:00-04:00,12.010000228881836,12.170000076293945,12.010000228881836,12.130000114440918,26700,0.0,0.0,0.0
2024-05-08 00:00:00-04:00,12.520000457763672,12.520000457763672,11.989999771118164,12.069999694824219,32300,0.0,0.0,0.0
2024-05-09 00:00:00-04:00,11.989999771118164,12.020000457763672,11.899999618530273,11.979999542236328,19900,0.0,0.0,0.0
2024-05-10 00:00:00-04:00,11.979999542236328,11.979999542236328,11.829999923706055,11.869999885559082,10100,0.0,0.0,0.0
2024-05-13 00:00:00-04:00,11.720000267028809,11.720000267028809,11.5,11.520000457763672,109500,0.0,0.0,0.0
2024-05-14 00:00:00-04:00,11.479999542236328,11.65999984741211,11.479999542236328,11.649999618530273,53200,0.0,0.0,0.0
2024-05-15 00:00:00-04:00,11.649999618530273,11.649999618530273,11.5,11.539999961853027,23700,0.0,0.0,0.0
2024-05-16 00:00:00-04:00,11.479999542236328,11.479999542236328,11.180000305175781,11.34000015258789,31900,0.0,0.0,0.0
2024-05-17 00:00:00-04:00,11.270000457763672,11.3100004196167,11.220000267028809,11.229999542236328,37300,0.0,0.0,0.0
2024-05-20 00:00:00-04:00,11.369999885559082,11.569999694824219,11.350000381469727,11.529999732971191,61900,0.0,0.0,0.0
2024-05-21 00:00:00-04:00,11.489999771118164,11.489999771118164,11.399999618530273,11.470000267028809,26500,0.0,0.0,0.0
2024-05-22 00:00:00-04:00,11.34000015258789,11.369999885559082,11.270000457763672,11.279999732971191,17400,0.0,0.0,0.0
2024-05-23 00:00:00-04:00,11.399999618530273,11.449999809265137,11.3100004196167,11.3100004196167,18600,0.0,0.0,0.0
2024-05-24 00:00:00-04:00,11.289999961853027,11.420000076293945,11.270000457763672,11.40999984741211,61600,0.0,0.0,0.0
2024-05-28 00:00:00-04:00,11.460000038146973,11.569999694824219,11.460000038146973,11.5600004196167,39700,0.0,0.0,0.0
2024-05-29 00:00:00-04:00,11.34000015258789,11.369999885559082,11.300000190734863,11.350000381469727,17000,0.0,0.0,0.0
2024-05-30 00:00:00-04:00,11.279999732971191,11.329999923706055,11.239999771118164,11.260000228881836,15100,0.0,0.0,0.0
2024-05-31 00:00:00-04:00,11.300000190734863,11.380000114440918,11.279999732971191,11.34000015258789,35200,0.0,0.0,0.0
2024-06-03 00:00:00-04:00,11.520000457763672,11.59000015258789,11.40999984741211,11.579999923706055,58800,0.0,0.0,0.0
2024-06-04 00:00:00-04:00,11.539999961853027,11.609999656677246,11.5,11.609999656677246,27900,0.0,0.0,0.0
2024-06-05 00:00:00-04:00,11.630000114440918,11.699999809265137,11.600000381469727,11.699999809265137,46300,0.0,0.0,0.0
2024-06-06 00:00:00-04:00,11.699999809265137,11.720000267028809,11.649999618530273,11.680000305175781,89800,0.0,0.0,0.0
2024-06-07 00:00:00-04:00,11.600000381469727,11.600000381469727,11.449999809265137,11.520000457763672,23200,0.0,0.0,0.0
2024-06-10 00:00:00-04:00,11.640000343322754,11.640000343322754,11.380000114440918,11.390000343322754,79700,0.0,0.0,0.0
2024-06-11 00:00:00-04:00,11.520000457763672,11.520000457763672,11.4399995803833,11.470000267028809,36000,0.0,0.0,0.0
2024-06-12 00:00:00-04:00,11.449999809265137,11.65999984741211,11.449999809265137,11.5600004196167,75600,0.0,0.0,0.0
2024-06-13 00:00:00-04:00,11.600000381469727,11.829999923706055,11.600000381469727,11.800000190734863,121100,0.0,0.0,0.0
2024-06-14 00:00:00-04:00,11.729999542236328,11.800000190734863,11.670000076293945,11.75,74700,0.0,0.0,0.0
2024-06-17 00:00:00-04:00,11.5,11.579999923706055,11.449999809265137,11.5600004196167,48900,0.0,0.0,0.0
2024-06-18 00:00:00-04:00,11.609999656677246,11.65999984741211,11.520000457763672,11.569999694824219,41200,0.0,0.0,0.0
2024-06-20 00:00:00-04:00,11.760000228881836,11.789999961853027,11.529999732971191,11.569999694824219,97300,0.0,0.0,0.0
2024-06-21 00:00:00-04:00,11.649999618530273,11.649999618530273,11.569999694824219,11.619999885559082,20900,0.0,0.0,0.0
2024-06-24 00:00:00-04:00,11.779999732971191,11.899999618530273,11.760000228881836,11.890000343322754,33000,0.0,0.0,0.0
2024-06-25 00:00:00-04:00,11.800000190734863,11.84000015258789,11.670000076293945,11.800000190734863,25200,0.0,0.0,0.0
2024-06-26 00:00:00-04:00,11.729999542236328,11.800000190734863,11.699999809265137,11.789999961853027,31800,0.0,0.0,0.0
2024-06-27 00:00:00-04:00,12.010000228881836,12.15999984741211,12.0,12.119999885559082,85000,0.0,0.0,0.0
2024-06-28 00:00:00-04:00,12.199999809265137,12.210000038146973,12.029999732971191,12.199999809265137,61100,0.0,0.0,0.0
2024-07-01 00:00:00-04:00,12.180000305175781,12.220000267028809,12.15999984741211,12.210000038146973,32700,0.0,0.0,0.0
2024-07-02 00:00:00-04:00,12.09000015258789,12.319999694824219,12.09000015258789,12.3100004196167,46400,0.0,0.0,0.0
2024-07-03 00:00:00-04:00,12.3100004196167,12.350000381469727,12.25,12.289999961853027,26800,0.0,0.0,0.0
2024-07-05 00:00:00-04:00,12.1899995803833,12.279999732971191,12.100000381469727,12.220000267028809,54300,0.0,0.0,0.0
2024-07-08 00:00:00-04:00,12.149999618530273,12.229999542236328,12.09000015258789,12.220000267028809,34000,0.0,0.0,0.0
2024-07-09 00:00:00-04:00,12.0600004196167,12.09000015258789,11.970000267028809,12.010000228881836,26100,0.0,0.0,0.0
2024-07-10 00:00:00-04:00,12.09000015258789,12.220000267028809,12.0600004196167,12.069999694824219,18500,0.0,0.0,0.0
2024-07-11 00:00:00-04:00,11.979999542236328,12.09000015258789,11.869999885559082,11.890000343322754,31400,0.0,0.0,0.0
2024-07-12 00:00:00-04:00,11.859999656677246,11.890000343322754,11.760000228881836,11.760000228881836,24800,0.0,0.0,0.0
2024-07-15 00:00:00-04:00,11.90999984741211,12.029999732971191,11.800000190734863,12.0,21200,0.0,0.0,0.0
2024-07-16 00:00:00-04:00,11.989999771118164,12.020000457763672,11.920000076293945,12.0,15500,0.0,0.0,0.0
2024-07-17 00:00:00-04:00,11.970000267028809,11.970000267028809,11.819999694824219,11.850000381469727,25600,0.0,0.0,0.0
2024-07-18 00:00:00-04:00,11.75,11.800000190734863,11.609999656677246,11.670000076293945,32000,0.0,0.0,0.0
2024-07-19 00:00:00-04:00,11.529999732971191,11.529999732971191,11.4399995803833,11.470000267028809,27500,0.0,0.0,0.0
2024-07-22 00:00:00-04:00,11.329999923706055,11.34000015258789,11.260000228881836,11.3100004196167,52900,0.0,0.0,0.0
2024-07-23 00:00:00-04:00,11.279999732971191,11.279999732971191,11.1899995803833,11.25,24600,0.0,0.0,0.0
2024-07-24 00:00:00-04:00,11.210000038146973,11.210000038146973,11.050000190734863,11.069999694824219,24700,0.0,0.0,0.0
2024-07-25 00:00:00-04:00,11.289999961853027,11.430000305175781,11.289999961853027,11.369999885559082,26600,0.0,0.0,0.0
2024-07-26 00:00:00-04:00,11.3100004196167,11.319999694824219,11.260000228881836,11.319999694824219,6700,0.0,0.0,0.0
2024-07-29 00:00:00-04:00,11.529999732971191,11.59000015258789,11.510000228881836,11.5600004196167,22000,0.0,0.0,0.0
2024-07-30 00:00:00-04:00,11.609999656677246,11.65999984741211,11.510000228881836,11.65999984741211,17000,0.0,0.0,0.0
2024-07-31 00:00:00-04:00,11.600000381469727,11.65999984741211,11.539999961853027,11.65999984741211,18300,0.0,0.0,0.0
2024-08-01 00:00:00-04:00,11.449999809265137,11.460000038146973,11.3100004196167,11.390000343322754,25300,0.0,0.0,0.0
2024-08-02 00:00:00-04:00,11.300000190734863,11.300000190734863,11.119999885559082,11.1899995803833,35100,0.0,0.0,0.0
2024-08-05 00:00:00-04:00,11.130000114440918,11.229999542236328,11.09000015258789,11.109999656677246,29100,0.0,0.0,0.0
2024-08-06 00:00:00-04:00,11.079999923706055,11.100000381469727,10.970000267028809,11.010000228881836,20400,0.0,0.0,0.0
2024-08-07 00:00:00-04:00,10.989999771118164,11.1899995803833,10.989999771118164,11.09000015258789,20500,0.0,0.0,0.0
2024-08-08 00:00:00-04:00,11.369999885559082,11.470000267028809,11.3100004196167,11.319999694824219,17200,0.0,0.0,0.0
2024-08-09 00:00:00-04:00,11.4399995803833,11.5,11.239999771118164,11.399999618530273,65600,0.0,0.0,0.0
2024-08-12 00:00:00-04:00,11.329999923706055,11.350000381469727,11.289999961853027,11.3100004196167,17300,0.0,0.0,0.0
2024-08-13 00:00:00-04:00,11.359999656677246,11.369999885559082,11.289999961853027,11.3100004196167,3700,0.0,0.0,0.0
2024-08-14 00:00:00-04:00,11.170000076293945,11.170000076293945,11.09000015258789,11.119999885559082,33400,0.0,0.0,0.0
2024-08-15 00:00:00-04:00,11.029999732971191,11.119999885559082,11.020000457763672,11.029999732971191,9200,0.0,0.0,0.0
2024-08-16 00:00:00-04:00,11.069999694824219,11.329999923706055,11.069999694824219,11.1899995803833,20000,0.0,0.0,0.0
2024-08-19 00:00:00-04:00,11.140000343322754,11.199999809265137,11.140000343322754,11.180000305175781,14400,0.0,0.0,0.0
2024-08-20 00:00:00-04:00,11.100000381469727,11.100000381469727,10.920000076293945,10.949999809265137,15100,0.0,0.0,0.0
2024-08-21 00:00:00-04:00,10.9399995803833,10.989999771118164,10.90999984741211,10.979999542236328,14000,0.0,0.0,0.0
2024-08-22 00:00:00-04:00,11.130000114440918,11.140000343322754,11.029999732971191,11.039999961853027,17400,0.0,0.0,0.0
2024-08-23 00:00:00-04:00,11.210000038146973,11.319999694824219,11.210000038146973,11.300000190734863,24100,0.0,0.0,0.0
2024-08-26 00:00:00-04:00,11.569999694824219,11.710000038146973,11.550000190734863,11.630000114440918,97700,0.0,0.0,0.0
2024-08-27 00:00:00-04:00,11.760000228881836,11.989999771118164,11.760000228881836,11.989999771118164,53800,0.0,0.0,0.0
2024-08-28 00:00:00-04:00,11.9399995803833,11.9399995803833,11.729999542236328,11.930000305175781,56300,0.0,0.0,0.0
2024-08-29 00:00:00-04:00,11.869999885559082,12.020000457763672,11.859999656677246,11.970000267028809,33000,0.0,0.0,0.0
2024-08-30 00:00:00-04:00,11.920000076293945,11.930000305175781,11.699999809265137,11.819999694824219,50900,0.0,0.0,0.0
2024-09-03 00:00:00-04:00,11.84000015258789,11.9399995803833,11.789999961853027,11.819999694824219,100300,0.0,0.0,0.0
2024-09-04 00:00:00-04:00,11.800000190734863,11.800000190734863,11.640000343322754,11.75,29000,0.0,0.0,0.0
2024-09-05 00:00:00-04:00,11.829999923706055,11.829999923706055,11.699999809265137,11.770000457763672,36400,0.0,0.0,0.0
2024-09-06 00:00:00-04:00,11.84000015258789,11.859999656677246,11.539999961853027,11.600000381469727,142600,0.0,0.0,0.0
2024-09-09 00:00:00-04:00,11.550000190734863,11.550000190734863,11.399999618530273,11.479999542236328,10500,0.0,0.0,0.0
2024-09-10 00:00:00-04:00,11.430000305175781,11.4399995803833,11.319999694824219,11.319999694824219,12500,0.0,0.0,0.0
2024-09-11 00:00:00-04:00,11.5,11.5,11.380000114440918,11.5,15500,0.0,0.0,0.0
2024-09-12 00:00:00-04:00,11.569999694824219,11.720000267028809,11.569999694824219,11.670000076293945,29000,0.0,0.0,0.0
2024-09-13 00:00:00-04:00,11.800000190734863,11.84000015258789,11.640000343322754,11.649999618530273,12300,0.0,0.0,0.0
2024-09-16 00:00:00-04:00,11.800000190734863,11.880000114440918,11.710000038146973,11.829999923706055,39500,0.0,0.0,0.0
2024-09-17 00:00:00-04:00,11.920000076293945,12.229999542236328,11.890000343322754,12.210000038146973,105200,0.0,0.0,0.0
2024-09-18 00:00:00-04:00,12.420000076293945,12.789999961853027,12.40999984741211,12.699999809265137,156500,0.0,0.0,0.0
2024-09-19 00:00:00-04:00,12.8100004196167,13.0,12.779999732971191,13.0,95300,0.0,0.0,0.0
2024-09-20 00:00:00-04:00,13.100000381469727,13.270000457763672,13.010000228881836,13.180000305175781,136800,0.0,0.0,0.0
2024-09-23 00:00:00-04:00,13.350000381469727,13.350000381469727,13.09000015258789,13.149999618530273,45900,0.0,0.0,0.0
2024-09-24 00:00:00-04:00,13.5,13.5,13.34000015258789,13.430000305175781,57800,0.0,0.0,0.0
2024-09-25 00:00:00-04:00,13.420000076293945,13.579999923706055,13.40999984741211,13.569999694824219,61800,0.0,0.0,0.0
2024-09-26 00:00:00-04:00,13.600000381469727,13.600000381469727,13.479999542236328,13.489999771118164,30600,0.0,0.0,0.0
2024-09-27 00:00:00-04:00,13.260000228881836,13.34000015258789,13.119999885559082,13.260000228881836,153800,0.0,0.0,0.0
2024-09-30 00:00:00-04:00,13.050000190734863,13.220000267028809,13.029999732971191,13.220000267028809,27300,0.0,0.0,0.0
2024-10-01 00:00:00-04:00,13.5,13.5,13.170000076293945,13.3100004196167,10100,0.0,0.0,0.0
2024-10-02 00:00:00-04:00,13.5,13.5,13.0600004196167,13.140000343322754,68200,0.0,0.0,0.0
2024-10-03 00:00:00-04:00,13.300000190734863,13.399999618530273,13.300000190734863,13.390000343322754,15300,0.0,0.0,0.0
2024-10-04 00:00:00-04:00,13.390000343322754,13.390000343322754,13.149999618530273,13.239999771118164,46000,0.0,0.0,0.0
2024-10-07 00:00:00-04:00,13.09000015258789,13.119999885559082,12.9399995803833,13.029999732971191,34700,0.0,0.0,0.0
2024-10-08 00:00:00-04:00,13.149999618530273,13.149999618530273,12.960000038146973,13.0600004196167,8100,0.0,0.0,0.0
2024-10-09 00:00:00-04:00,12.819999694824219,12.880000114440918,12.699999809265137,12.819999694824219,58700,0.0,0.0,0.0
2024-10-10 00:00:00-04:00,12.819999694824219,12.970000267028809,12.8100004196167,12.869999885559082,37000,0.0,0.0,0.0
2024-10-11 00:00:00-04:00,13.729999542236328,13.729999542236328,12.699999809265137,12.819999694824219,102600,0.0,0.0,0.0
2024-10-14 00:00:00-04:00,12.75,12.90999984741211,12.739999771118164,12.880000114440918,31600,0.0,0.0,0.0
2024-10-15 00:00:00-04:00,12.899999618530273,13.039999961853027,12.880000114440918,13.039999961853027,42400,0.0,0.0,0.0
2024-10-16 00:00:00-04:00,12.949999809265137,12.949999809265137,12.720000267028809,12.720000267028809,70000,0.0,0.0,0.0
2024-10-17 00:00:00-04:00,12.850000381469727,12.869999885559082,12.619999885559082,12.779999732971191,119200,0.0,0.0,0.0
2024-10-18 00:00:00-04:00,12.880000114440918,12.930000305175781,12.75,12.779999732971191,36400,0.0,0.0,0.0
2024-10-21 00:00:00-04:00,12.739999771118164,12.829999923706055,12.5600004196167,12.680000305175781,68300,0.0,0.0,0.0
2024-10-22 00:00:00-04:00,12.779999732971191,12.779999732971191,12.619999885559082,12.65999984741211,59300,0.0,0.0,0.0
2024-10-23 00:00:00-04:00,12.739999771118164,12.920000076293945,12.739999771118164,12.899999618530273,72300,0.0,0.0,0.0
2024-10-24 00:00:00-04:00,12.859999656677246,12.859999656677246,12.770000457763672,12.819999694824219,44000,0.0,0.0,0.0
2024-10-25 00:00:00-04:00,12.920000076293945,12.920000076293945,12.75,12.779999732971191,14300,0.0,0.0,0.0
2024-10-28 00:00:00-04:00,12.779999732971191,12.789999961853027,12.59000015258789,12.760000228881836,81400,0.0,0.0,0.0
2024-10-29 00:00:00-04:00,12.770000457763672,12.8100004196167,12.710000038146973,12.800000190734863,54200,0.0,0.0,0.0
2024-10-30 00:00:00-04:00,12.75,12.890000343322754,12.75,12.880000114440918,69500,0.0,0.0,0.0
2024-10-31 00:00:00-04:00,13.010000228881836,13.140000343322754,12.970000267028809,13.130000114440918,112700,0.0,0.0,0.0
2024-11-01 00:00:00-04:00,13.050000190734863,13.09000015258789,12.739999771118164,12.819999694824219,121800,0.0,0.0,0.0
2024-11-04 00:00:00-05:00,12.600000381469727,12.760000228881836,12.600000381469727,12.75,181300,0.0,0.0,0.0
2024-11-05 00:00:00-05:00,12.609999656677246,12.75,12.600000381469727,12.729999542236328,80500,0.0,0.0,0.0
2024-11-06 00:00:00-05:00,12.65999984741211,12.84000015258789,12.550000190734863,12.84000015258789,89500,0.0,0.0,0.0
2024-11-07 00:00:00-05:00,12.989999771118164,12.989999771118164,12.899999618530273,12.989999771118164,47300,0.0,0.0,0.0
2024-11-08 00:00:00-05:00,13.170000076293945,13.170000076293945,12.779999732971191,12.829999923706055,64400,0.0,0.0,0.0
2024-11-11 00:00:00-05:00,12.520000457763672,12.569999694824219,12.4399995803833,12.510000228881836,64100,0.0,0.0,0.0
2024-11-12 00:00:00-05:00,12.479999542236328,12.649999618530273,12.470000267028809,12.569999694824219,146800,0.0,0.0,0.0
2024-11-13 00:00:00-05:00,12.470000267028809,12.479999542236328,12.300000190734863,12.390000343322754,318100,0.0,0.0,0.0
2024-11-14 00:00:00-05:00,12.529999732971191,12.720000267028809,12.529999732971191,12.609999656677246,33700,0.0,0.0,0.0
2024-11-15 00:00:00-05:00,12.630000114440918,12.779999732971191,12.630000114440918,12.630000114440918,64300,0.0,0.0,0.0
2024-11-18 00:00:00-05:00,12.899999618530273,12.989999771118164,12.760000228881836,12.960000038146973,47000,0.0,0.0,0.0
2024-11-19 00:00:00-05:00,12.930000305175781,12.9399995803833,12.8100004196167,12.899999618530273,39200,0.0,0.0,0.0
2024-11-20 00:00:00-05:00,12.869999885559082,12.869999885559082,12.680000305175781,12.739999771118164,13800,0.0,0.0,0.0
2024-11-21 00:00:00-05:00,12.579999923706055,12.649999618530273,12.550000190734863,12.619999885559082,37800,0.0,0.0,0.0
2024-11-22 00:00:00-05:00,12.520000457763672,12.75,12.520000457763672,12.609999656677246,78500,0.0,0.0,0.0
2024-11-25 00:00:00-05:00,12.609999656677246,12.640000343322754,12.5600004196167,12.600000381469727,15800,0.0,0.0,0.0
2024-11-26 00:00:00-05:00,12.739999771118164,12.829999923706055,12.710000038146973,12.829999923706055,40900,0.0,0.0,0.0
2024-11-27 00:00:00-05:00,12.859999656677246,12.859999656677246,12.75,12.8100004196167,12100,0.0,0.0,0.0
2024-11-29 00:00:00-05:00,12.390000343322754,12.510000228881836,12.34000015258789,12.510000228881836,20500,0.0,0.0,0.0
2024-12-02 00:00:00-05:00,12.65999984741211,12.65999984741211,12.279999732971191,12.5,36800,0.0,0.0,0.0
2024-12-03 00:00:00-05:00,12.600000381469727,12.640000343322754,12.529999732971191,12.550000190734863,157800,0.0,0.0,0.0
2024-12-04 00:00:00-05:00,12.550000190734863,12.550000190734863,12.479999542236328,12.5,102900,0.0,0.0,0.0
2024-12-05 00:00:00-05:00,12.489999771118164,12.550000190734863,12.3100004196167,12.510000228881836,37100,0.0,0.0,0.0
2024-12-06 00:00:00-05:00,12.489999771118164,12.729999542236328,12.489999771118164,12.699999809265137,32900,0.0,0.0,0.0
2024-12-09 00:00:00-05:00,12.670000076293945,12.670000076293945,12.479999542236328,12.5600004196167,49600,0.0,0.0,0.0
2024-12-10 00:00:00-05:00,12.470000267028809,12.470000267028809,12.319999694824219,12.380000114440918,30900,0.0,0.0,0.0
2024-12-11 00:00:00-05:00,12.4399995803833,12.5,12.399999618530273,12.470000267028809,32500,0.0,0.0,0.0
2024-12-12 00:00:00-05:00,12.359999656677246,12.390000343322754,12.270000457763672,12.34000015258789,18200,0.0,0.0,0.0
2024-12-13 00:00:00-05:00,12.279999732971191,12.279999732971191,12.140000343322754,12.170000076293945,53900,0.0,0.0,0.0
2024-12-16 00:00:00-05:00,12.079999923706055,12.140000343322754,12.029999732971191,12.109999656677246,24100,0.0,0.0,0.0
2024-12-17 00:00:00-05:00,11.880000114440918,11.880000114440918,11.699999809265137,11.770000457763672,140400,0.0,0.0,0.0
2024-12-18 00:00:00-05:00,11.710000038146973,11.710000038146973,11.579999923706055,11.579999923706055,132000,0.0,0.0,0.0
2024-12-19 00:00:00-05:00,11.579999923706055,11.600000381469727,11.470000267028809,11.529999732971191,96700,0.0,0.0,0.0
2024-12-20 00:00:00-05:00,11.5,11.539999961853027,11.470000267028809,11.479999542236328,29800,0.0,0.0,0.0
2024-12-23 00:00:00-05:00,11.569999694824219,11.569999694824219,11.479999542236328,11.510000228881836,23700,0.0,0.0,0.0
2024-12-24 00:00:00-05:00,11.460000038146973,11.640000343322754,11.460000038146973,11.539999961853027,17100,0.0,0.0,0.0
2024-12-26 00:00:00-05:00,11.5,11.5,11.399999618530273,11.40999984741211,13600,0.0,0.0,0.0
2024-12-27 00:00:00-05:00,11.4399995803833,11.470000267028809,11.390000343322754,11.4399995803833,11200,0.0,0.0,0.0
2024-12-30 00:00:00-05:00,11.550000190734863,11.550000190734863,11.350000381469727,11.380000114440918,15300,0.0,0.0,0.0
2024-12-31 00:00:00-05:00,11.369999885559082,11.460000038146973,11.369999885559082,11.430000305175781,10900,0.0,0.0,0.0
2025-01-02 00:00:00-05:00,11.600000381469727,11.75,11.600000381469727,11.670000076293945,56200,0.0,0.0,0.0
2025-01-03 00:00:00-05:00,11.699999809265137,11.699999809265137,11.569999694824219,11.649999618530273,11000,0.0,0.0,0.0
2025-01-06 00:00:00-05:00,11.619999885559082,11.619999885559082,11.479999542236328,11.5,26300,0.0,0.0,0.0
2025-01-07 00:00:00-05:00,11.59000015258789,11.699999809265137,11.569999694824219,11.579999923706055,22400,0.0,0.0,0.0
2025-01-08 00:00:00-05:00,11.579999923706055,11.579999923706055,11.460000038146973,11.479999542236328,5400,0.0,0.0,0.0
2025-01-10 00:00:00-05:00,11.539999961853027,11.59000015258789,11.4399995803833,11.569999694824219,16900,0.0,0.0,0.0
2025-01-13 00:00:00-05:00,11.649999618530273,11.649999618530273,11.390000343322754,11.5,36400,0.0,0.0,0.0
2025-01-14 00:00:00-05:00,11.199999809265137,11.229999542236328,11.15999984741211,11.1899995803833,17000,0.0,0.0,0.0
2025-01-15 00:00:00-05:00,11.300000190734863,11.300000190734863,11.0,11.079999923706055,150100,0.0,0.0,0.0
2025-01-16 00:00:00-05:00,11.199999809265137,11.25,11.079999923706055,11.09000015258789,21900,0.0,0.0,0.0
2025-01-17 00:00:00-05:00,11.0600004196167,11.0600004196167,10.960000038146973,10.989999771118164,67500,0.0,0.0,0.0
2025-01-21 00:00:00-05:00,10.880000114440918,10.890000343322754,10.770000457763672,10.859999656677246,80900,0.0,0.0,0.0
2025-01-22 00:00:00-05:00,10.869999885559082,11.079999923706055,10.869999885559082,11.029999732971191,26900,0.0,0.0,0.0
2025-01-23 00:00:00-05:00,11.300000190734863,11.300000190734863,11.09000015258789,11.170000076293945,37800,0.0,0.0,0.0
2025-01-24 00:00:00-05:00,11.25,11.34000015258789,11.25,11.319999694824219,25600,0.0,0.0,0.0
2025-01-27 00:00:00-05:00,11.34000015258789,11.479999542236328,11.34000015258789,11.380000114440918,26800,0.0,0.0,0.0
2025-01-28 00:00:00-05:00,11.479999542236328,11.510000228881836,11.380000114440918,11.460000038146973,35400,0.0,0.0,0.0
2025-01-29 00:00:00-05:00,11.399999618530273,11.579999923706055,11.399999618530273,11.520000457763672,15600,0.0,0.0,0.0
2025-01-30 00:00:00-05:00,11.529999732971191,11.579999923706055,11.520000457763672,11.539999961853027,34600,0.0,0.0,0.0
2025-01-31 00:00:00-05:00,11.380000114440918,11.520000457763672,11.380000114440918,11.479999542236328,13500,0.0,0.0,0.0
2025-02-03 00:00:00-05:00,11.420000076293945,11.510000228881836,11.40999984741211,11.449999809265137,21000,0.0,0.0,0.0
2025-02-04 00:00:00-05:00,11.470000267028809,11.670000076293945,11.470000267028809,11.630000114440918,58900,0.0,0.0,0.0
2025-02-05 00:00:00-05:00,11.600000381469727,11.630000114440918,11.569999694824219,11.619999885559082,27300,0.0,0.0,0.0
2025-02-06 00:00:00-05:00,11.710000038146973,11.710000038146973,11.550000190734863,11.550000190734863,28400,0.0,0.0,0.0
2025-02-07 00:00:00-05:00,11.539999961853027,11.569999694824219,11.420000076293945,11.420000076293945,17700,0.0,0.0,0.0
2025-02-10 00:00:00-05:00,11.529999732971191,11.619999885559082,11.510000228881836,11.550000190734863,71900,0.0,0.0,0.0
2025-02-11 00:00:00-05:00,11.710000038146973,11.760000228881836,11.670000076293945,11.75,33300,0.0,0.0,0.0
2025-02-12 00:00:00-05:00,11.75,11.800000190734863,11.729999542236328,11.75,36100,0.0,0.0,0.0
2025-02-13 00:00:00-05:00,11.779999732971191,12.069999694824219,11.779999732971191,12.029999732971191,52800,0.0,0.0,0.0
2025-02-14 00:00:00-05:00,12.25,12.260000228881836,12.1899995803833,12.239999771118164,215300,0.0,0.0,0.0
2025-02-18 00:00:00-05:00,12.289999961853027,12.300000190734863,12.220000267028809,12.239999771118164,72100,0.0,0.0,0.0
2025-02-19 00:00:00-05:00,12.140000343322754,12.430000305175781,12.140000343322754,12.390000343322754,56500,0.0,0.0,0.0
2025-02-20 00:00:00-05:00,12.520000457763672,12.600000381469727,12.510000228881836,12.59000015258789,54300,0.0,0.0,0.0
2025-02-21 00:00:00-05:00,12.59000015258789,12.710000038146973,12.59000015258789,12.680000305175781,35900,0.0,0.0,0.0
2025-02-24 00:00:00-05:00,12.739999771118164,12.75,12.5,12.510000228881836,60700,0.0,0.0,0.0
2025-02-25 00:00:00-05:00,12.510000228881836,12.760000228881836,12.510000228881836,12.739999771118164,24700,0.0,0.0,0.0
2025-02-26 00:00:00-05:00,12.720000267028809,12.720000267028809,12.5,12.539999961853027,13900,0.0,0.0,0.0
2025-02-27 00:00:00-05:00,12.199999809265137,12.289999961853027,12.069999694824219,12.149999618530273,94000,0.0,0.0,0.0
2025-02-28 00:00:00-05:00,11.880000114440918,11.970000267028809,11.829999923706055,11.84000015258789,67400,0.0,0.0,0.0
2025-03-03 00:00:00-05:00,11.609999656677246,11.84000015258789,11.579999923706055,11.720000267028809,96300,0.0,0.0,0.0
2025-03-04 00:00:00-05:00,11.5600004196167,11.630000114440918,11.539999961853027,11.619999885559082,83200,0.0,0.0,0.0
2025-03-05 00:00:00-05:00,11.680000305175781,11.720000267028809,11.649999618530273,11.699999809265137,51100,0.0,0.0,0.0
2025-03-06 00:00:00-05:00,11.640000343322754,11.699999809265137,11.5,11.680000305175781,35600,0.0,0.0,0.0
2025-03-07 00:00:00-05:00,11.779999732971191,11.819999694824219,11.699999809265137,11.760000228881836,33900,0.0,0.0,0.0
2025-03-10 00:00:00-04:00,12.09000015258789,12.170000076293945,12.079999923706055,12.140000343322754,34800,0.0,0.0,0.0
2025-03-11 00:00:00-04:00,12.15999984741211,12.15999984741211,11.960000038146973,11.989999771118164,11600,0.0,0.0,0.0
2025-03-12 00:00:00-04:00,12.140000343322754,12.279999732971191,12.109999656677246,12.140000343322754,21100,0.0,0.0,0.0
2025-03-13 00:00:00-04:00,12.699999809265137,12.699999809265137,12.220000267028809,12.350000381469727,6200,0.0,0.0,0.0
2025-03-14 00:00:00-04:00,12.399999618530273,12.399999618530273,12.149999618530273,12.350000381469727,67300,0.0,0.0,0.0
2025-03-17 00:00:00-04:00,12.680000305175781,12.720000267028809,12.5600004196167,12.699999809265137,56100,0.0,0.0,0.0
2025-03-18 00:00:00-04:00,12.460000038146973,12.829999923706055,12.460000038146973,12.739999771118164,88400,0.0,0.0,0.0
2025-03-19 00:00:00-04:00,12.760000228881836,12.760000228881836,12.489999771118164,12.489999771118164,39600,0.0,0.0,0.0
2025-03-20 00:00:00-04:00,12.720000267028809,12.8100004196167,12.720000267028809,12.75,37500,0.0,0.0,0.0
2025-03-21 00:00:00-04:00,12.829999923706055,12.829999923706055,12.5600004196167,12.609999656677246,29500,0.0,0.0,0.0
2025-03-24 00:00:00-04:00,12.539999961853027,12.539999961853027,12.380000114440918,12.399999618530273,29300,0.0,0.0,0.0
2025-03-25 00:00:00-04:00,12.399999618530273,12.569999694824219,12.399999618530273,12.550000190734863,90800,0.0,0.0,0.0
2025-03-26 00:00:00-04:00,12.390000343322754,12.59000015258789,12.390000343322754,12.460000038146973,17500,0.0,0.0,0.0
2025-03-27 00:00:00-04:00,12.289999961853027,12.329999923706055,12.220000267028809,12.3100004196167,19000,0.0,0.0,0.0
2025-03-28 00:00:00-04:00,12.229999542236328,12.359999656677246,12.229999542236328,12.319999694824219,2400,0.0,0.0,0.0
2025-03-31 00:00:00-04:00,12.359999656677246,12.449999809265137,12.210000038146973,12.210000038146973,21500,0.0,0.0,0.0
2025-04-01 00:00:00-04:00,12.369999885559082,12.5600004196167,12.350000381469727,12.529999732971191,32400,0.0,0.0,0.0
2025-04-02 00:00:00-04:00,12.5,12.699999809265137,12.5,12.680000305175781,40600,0.0,0.0,0.0
2025-04-03 00:00:00-04:00,12.399999618530273,12.489999771118164,12.369999885559082,12.369999885559082,46600,0.0,0.0,0.0
2025-04-04 00:00:00-04:00,12.239999771118164,12.350000381469727,12.180000305175781,12.239999771118164,52800,0.0,0.0,0.0
2025-04-07 00:00:00-04:00,12.170000076293945,12.300000190734863,12.0600004196167,12.100000381469727,82800,0.0,0.0,0.0
2025-04-08 00:00:00-04:00,12.170000076293945,12.199999809265137,11.84000015258789,11.84000015258789,77000,0.0,0.0,0.0
2025-04-09 00:00:00-04:00,11.779999732971191,11.800000190734863,11.600000381469727,11.699999809265137,222100,0.0,0.0,0.0
2025-04-10 00:00:00-04:00,11.829999923706055,11.859999656677246,11.680000305175781,11.680000305175781,8200,0.0,0.0,0.0
2025-04-11 00:00:00-04:00,11.760000228881836,11.760000228881836,11.649999618530273,11.649999618530273,32200,0.0,0.0,0.0
2025-04-14 00:00:00-04:00,11.65999984741211,11.720000267028809,11.5600004196167,11.59000015258789,7900,0.0,0.0,0.0
2025-04-15 00:00:00-04:00,11.479999542236328,11.5,11.40999984741211,11.40999984741211,19500,0.0,0.0,0.0
2025-04-16 00:00:00-04:00,11.40999984741211,11.600000381469727,11.40999984741211,11.59000015258789,44100,0.0,0.0,0.0
2025-04-17 00:00:00-04:00,11.65999984741211,11.699999809265137,11.600000381469727,11.600000381469727,20700,0.0,0.0,0.0
2025-04-21 00:00:00-04:00,11.729999542236328,11.729999542236328,11.579999923706055,11.579999923706055,23900,0.0,0.0,0.0
2025-04-22 00:00:00-04:00,11.710000038146973,11.779999732971191,11.65999984741211,11.729999542236328,23400,0.0,0.0,0.0
2025-04-23 00:00:00-04:00,11.75,11.75,11.630000114440918,11.6899995803833,32200,0.0,0.0,0.0
2025-04-24 00:00:00-04:00,11.739999771118164,11.739999771118164,11.600000381469727,11.65999984741211,37600,0.0,0.0,0.0
2025-04-25 00:00:00-04:00,11.720000267028809,11.869999885559082,11.699999809265137,11.850000381469727,23700,0.0,0.0,0.0
2025-04-28 00:00:00-04:00,11.649999618530273,11.710000038146973,11.600000381469727,11.680000305175781,35100,0.0,0.0,0.0
2025-04-29 00:00:00-04:00,11.489999771118164,11.619999885559082,11.479999542236328,11.529999732971191,17900,0.0,0.0,0.0
2025-04-30 00:00:00-04:00,11.520000457763672,11.520000457763672,11.34000015258789,11.399999618530273,112600,0.0,0.0,0.0
2025-05-01 00:00:00-04:00,11.369999885559082,11.390000343322754,11.279999732971191,11.279999732971191,55200,0.0,0.0,0.0
2025-05-02 00:00:00-04:00,11.279999732971191,11.350000381469727,11.199999809265137,11.34000015258789,35200,0.0,0.0,0.0
2025-05-05 00:00:00-04:00,11.369999885559082,11.449999809265137,11.369999885559082,11.399999618530273,26500,0.0,0.0,0.0
2025-05-06 00:00:00-04:00,11.529999732971191,11.529999732971191,11.40999984741211,11.430000305175781,23500,0.0,0.0,0.0
2025-05-07 00:00:00-04:00,11.460000038146973,11.460000038146973,11.199999809265137,11.199999809265137,17500,0.0,0.0,0.0
2025-05-08 00:00:00-04:00,11.210000038146973,11.470000267028809,11.210000038146973,11.4399995803833,22000,0.0,0.0,0.0
2025-05-09 00:00:00-04:00,11.65999984741211,11.680000305175781,11.600000381469727,11.649999618530273,28600,0.0,0.0,0.0
2025-05-12 00:00:00-04:00,11.680000305175781,11.75,11.550000190734863,11.5600004196167,42800,0.0,0.0,0.0
2025-05-13 00:00:00-04:00,11.819999694824219,11.920000076293945,11.8100004196167,11.890000343322754,42600,0.0,0.0,0.0
2025-05-14 00:00:00-04:00,11.90999984741211,11.90999984741211,11.819999694824219,11.829999923706055,16200,0.0,0.0,0.0
2025-05-15 00:00:00-04:00,11.65999984741211,11.680000305175781,11.569999694824219,11.59000015258789,21200,0.0,0.0,0.0
2025-05-16 00:00:00-04:00,11.600000381469727,11.600000381469727,11.489999771118164,11.569999694824219,18500,0.0,0.0,0.0
2025-05-19 00:00:00-04:00,11.579999923706055,11.609999656677246,11.510000228881836,11.520000457763672,23600,0.0,0.0,0.0
2025-05-20 00:00:00-04:00,11.510000228881836,11.510000228881836,11.399999618530273,11.479999542236328,20600,0.0,0.0,0.0
2025-05-21 00:00:00-04:00,11.680000305175781,11.680000305175781,11.619999885559082,11.640000343322754,29200,0.0,0.0,0.0
2025-05-22 00:00:00-04:00,11.449999809265137,11.5,11.380000114440918,11.5,17800,0.0,0.0,0.0
2025-05-23 00:00:00-04:00,11.420000076293945,11.5,11.40999984741211,11.479999542236328,13300,0.0,0.0,0.0
2025-05-27 00:00:00-04:00,11.40999984741211,11.4399995803833,11.319999694824219,11.420000076293945,31800,0.0,0.0,0.0
2025-05-28 00:00:00-04:00,11.350000381469727,11.350000381469727,11.25,11.279999732971191,15700,0.0,0.0,0.0
2025-05-29 00:00:00-04:00,11.279999732971191,11.34000015258789,11.270000457763672,11.329999923706055,14800,0.0,0.0,0.0
2025-05-30 00:00:00-04:00,11.319999694824219,11.390000343322754,11.319999694824219,11.34000015258789,22500,0.0,0.0,0.0
2025-06-02 00:00:00-04:00,11.460000038146973,11.460000038146973,11.229999542236328,11.229999542236328,128600,0.0,0.0,0.0
2025-06-03 00:00:00-04:00,11.180000305175781,11.300000190734863,11.170000076293945,11.289999961853027,13300,0.0,0.0,0.0
2025-06-04 00:00:00-04:00,11.289999961853027,11.300000190734863,11.199999809265137,11.210000038146973,5700,0.0,0.0,0.0
2025-06-05 00:00:00-04:00,11.220000267028809,11.220000267028809,11.15999984741211,11.170000076293945,8200,0.0,0.0,0.0
2025-06-06 00:00:00-04:00,11.0600004196167,11.15999984741211,11.050000190734863,11.149999618530273,17600,0.0,0.0,0.0
2025-06-09 00:00:00-04:00,11.220000267028809,11.229999542236328,11.119999885559082,11.220000267028809,16600,0.0,0.0,0.0
2025-06-10 00:00:00-04:00,11.25,11.25,11.119999885559082,11.140000343322754,24900,0.0,0.0,0.0
2025-06-11 00:00:00-04:00,11.199999809265137,11.199999809265137,11.119999885559082,11.130000114440918,13600,0.0,0.0,0.0
2025-06-12 00:00:00-04:00,11.050000190734863,11.09000015258789,11.020000457763672,11.069999694824219,17200,0.0,0.0,0.0
2025-06-13 00:00:00-04:00,11.0600004196167,11.119999885559082,10.9399995803833,10.9399995803833,31800,0.0,0.0,0.0
2025-06-16 00:00:00-04:00,10.9399995803833,11.270000457763672,10.920000076293945,11.260000228881836,44400,0.0,0.0,0.0
2025-06-17 00:00:00-04:00,11.0,11.010000228881836,10.9399995803833,10.9399995803833,97500,0.0,0.0,0.0
2025-06-18 00:00:00-04:00,10.970000267028809,11.010000228881836,10.869999885559082,10.90999984741211,33500,0.0,0.0,0.0
2025-06-20 00:00:00-04:00,11.020000457763672,11.020000457763672,10.949999809265137,10.989999771118164,16400,0.0,0.0,0.0
2025-06-23 00:00:00-04:00,10.989999771118164,11.020000457763672,10.989999771118164,11.010000228881836,25600,0.0,0.0,0.0
2025-06-24 00:00:00-04:00,10.979999542236328,11.039999961853027,10.920000076293945,10.930000305175781,19000,0.0,0.0,0.0
2025-06-25 00:00:00-04:00,11.0,11.09000015258789,11.0,11.0600004196167,29700,0.0,0.0,0.0
2025-06-26 00:00:00-04:00,10.9399995803833,11.039999961853027,10.890000343322754,10.960000038146973,17500,0.0,0.0,0.0
2025-06-27 00:00:00-04:00,11.119999885559082,11.199999809265137,11.100000381469727,11.15999984741211,38000,0.0,0.0,0.0
2025-06-30 00:00:00-04:00,11.0,11.020000457763672,10.899999618530273,10.960000038146973,40000,0.0,0.0,0.0
2025-07-01 00:00:00-04:00,10.729999542236328,10.75,10.619999885559082,10.6899995803833,138600,0.0,0.0,0.0
2025-07-02 00:00:00-04:00,10.699999809265137,10.699999809265137,10.529999732971191,10.600000381469727,70100,0.0,0.0,0.0
2025-07-03 00:00:00-04:00,10.869999885559082,11.020000457763672,10.869999885559082,11.020000457763672,39500,0.0,0.0,0.0
2025-07-07 00:00:00-04:00,11.039999961853027,11.039999961853027,10.859999656677246,10.9399995803833,23300,0.0,0.0,0.0
2025-07-08 00:00:00-04:00,10.930000305175781,10.930000305175781,10.850000381469727,10.890000343322754,17200,0.0,0.0,0.0
2025-07-09 00:00:00-04:00,11.069999694824219,11.100000381469727,11.029999732971191,11.069999694824219,47100,0.0,0.0,0.0
2025-07-10 00:00:00-04:00,10.970000267028809,10.970000267028809,10.899999618530273,10.90999984741211,14600,0.0,0.0,0.0
2025-07-11 00:00:00-04:00,10.930000305175781,11.050000190734863,10.930000305175781,11.039999961853027,37200,0.0,0.0,0.0
2025-07-14 00:00:00-04:00,10.970000267028809,11.020000457763672,10.930000305175781,10.960000038146973,32900,0.0,0.0,0.0
2025-07-15 00:00:00-04:00,10.970000267028809,11.050000190734863,10.949999809265137,11.029999732971191,28400,0.0,0.0,0.0
2025-07-16 00:00:00-04:00,11.0,11.100000381469727,10.979999542236328,11.050000190734863,86000,0.0,0.0,0.0
2025-07-17 00:00:00-04:00,11.199999809265137,11.199999809265137,11.050000190734863,11.140000343322754,333200,0.0,0.0,0.0
2025-07-18 00:00:00-04:00,11.239999771118164,11.25,11.119999885559082,11.149999618530273,125900,0.0,0.0,0.0
2025-07-21 00:00:00-04:00,11.039999961853027,11.039999961853027,10.930000305175781,10.930000305175781,112600,0.0,0.0,0.0
2025-07-22 00:00:00-04:00,10.880000114440918,10.880000114440918,10.789999961853027,10.84000015258789,62100,0.0,0.0,0.0
2025-07-23 00:00:00-04:00,10.829999923706055,10.890000343322754,10.8100004196167,10.880000114440918,38400,0.0,0.0,0.0
2025-07-24 00:00:00-04:00,10.949999809265137,11.039999961853027,10.90999984741211,10.970000267028809,118100,0.0,0.0,0.0
2025-07-25 00:00:00-04:00,11.0,11.0,10.850000381469727,10.869999885559082,48900,0.0,0.0,0.0
2025-07-28 00:00:00-04:00,10.880000114440918,10.960000038146973,10.859999656677246,10.930000305175781,31200,0.0,0.0,0.0
2025-07-29 00:00:00-04:00,11.010000228881836,11.079999923706055,10.979999542236328,10.989999771118164,24000,0.0,0.0,0.0
2025-07-30 00:00:00-04:00,10.920000076293945,11.010000228881836,10.920000076293945,10.930000305175781,12400,0.0,0.0,0.0
2025-07-31 00:00:00-04:00,10.899999618530273,11.029999732971191,10.880000114440918,10.90999984741211,26100,0.0,0.0,0.0
2025-08-01 00:00:00-04:00,10.880000114440918,10.899999618530273,10.789999961853027,10.829999923706055,28100,0.0,0.0,0.0
2025-08-04 00:00:00-04:00,10.949999809265137,10.960000038146973,10.850000381469727,10.880000114440918,28900,0.0,0.0,0.0
2025-08-05 00:00:00-04:00,10.75,10.859999656677246,10.710000038146973,10.800000190734863,42800,0.0,0.0,0.0
2025-08-06 00:00:00-04:00,10.760000228881836,10.800000190734863,10.75,10.770000457763672,11100,0.0,0.0,0.0
2025-08-07 00:00:00-04:00,10.819999694824219,10.819999694824219,10.75,10.779999732971191,14600,0.0,0.0,0.0
2025-08-08 00:00:00-04:00,10.880000114440918,10.949999809265137,10.880000114440918,10.90999984741211,25900,0.0,0.0,0.0
2025-08-11 00:00:00-04:00,10.949999809265137,11.029999732971191,10.9399995803833,11.010000228881836,34200,0.0,0.0,0.0
2025-08-12 00:00:00-04:00,11.140000343322754,11.270000457763672,11.140000343322754,11.25,109200,0.0,0.0,0.0
2025-08-13 00:00:00-04:00,11.270000457763672,11.3100004196167,11.229999542236328,11.229999542236328,47800,0.0,0.0,0.0
2025-08-14 00:00:00-04:00,11.15999984741211,11.15999984741211,11.079999923706055,11.130000114440918,76900,0.0,0.0,0.0
2025-08-15 00:00:00-04:00,11.010000228881836,11.069999694824219,10.989999771118164,11.039999961853027,20000,0.0,0.0,0.0
2025-08-18 00:00:00-04:00,11.039999961853027,11.039999961853027,10.920000076293945,10.9399995803833,40900,0.0,0.0,0.0
2025-08-19 00:00:00-04:00,11.0,11.0,10.930000305175781,10.949999809265137,14200,0.0,0.0,0.0
2025-08-20 00:00:00-04:00,11.069999694824219,11.109999656677246,11.050000190734863,11.100000381469727,24600,0.0,0.0,0.0
2025-08-21 00:00:00-04:00,11.0600004196167,11.0600004196167,10.989999771118164,11.010000228881836,30600,0.0,0.0,0.0
2025-08-22 00:00:00-04:00,10.970000267028809,11.029999732971191,10.949999809265137,10.989999771118164,34400,0.0,0.0,0.0
2025-08-25 00:00:00-04:00,10.979999542236328,11.069999694824219,10.979999542236328,10.989999771118164,26700,0.0,0.0,0.0
2025-08-26 00:00:00-04:00,11.0,11.020000457763672,11.0,11.0,5200,0.0,0.0,0.0
2025-08-27 00:00:00-04:00,10.989999771118164,11.010000228881836,10.989999771118164,10.989999771118164,8500,0.0,0.0,0.0
2025-08-28 00:00:00-04:00,10.880000114440918,11.010000228881836,10.880000114440918,11.0,21500,0.0,0.0,0.0
2025-08-29 00:00:00-04:00,10.960000038146973,10.960000038146973,10.899999618530273,10.90999984741211,51600,0.0,0.0,0.0
2025-09-02 00:00:00-04:00,10.880000114440918,10.880000114440918,10.800000190734863,10.8100004196167,73600,0.0,0.0,0.0
2025-09-03 00:00:00-04:00,10.779999732971191,10.789999961853027,10.729999542236328,10.770000457763672,36500,0.0,0.0,0.0
2025-09-04 00:00:00-04:00,10.670000076293945,10.670000076293945,10.5600004196167,10.579999923706055,64900,0.0,0.0,0.0
2025-09-05 00:00:00-04:00,10.5,10.510000228881836,10.4399995803833,10.470000267028809,60900,0.0,0.0,0.0
2025-09-08 00:00:00-04:00,10.4399995803833,10.529999732971191,10.369999885559082,10.520000457763672,202100,0.0,0.0,0.0
2025-09-09 00:00:00-04:00,10.539999961853027,10.619999885559082,10.539999961853027,10.609999656677246,37400,0.0,0.0,0.0
2025-09-10 00:00:00-04:00,10.609999656677246,10.680000305175781,10.579999923706055,10.609999656677246,30300,0.0,0.0,0.0
2025-09-11 00:00:00-04:00,10.569999694824219,10.619999885559082,10.550000190734863,10.59000015258789,30000,0.0,0.0,0.0
2025-09-12 00:00:00-04:00,10.539999961853027,10.600000381469727,10.529999732971191,10.600000381469727,27800,0.0,0.0,0.0
2025-09-15 00:00:00-04:00,10.680000305175781,10.770000457763672,10.670000076293945,10.710000038146973,36300,0.0,0.0,0.0
2025-09-16 00:00:00-04:00,10.680000305175781,10.680000305175781,10.609999656677246,10.609999656677246,26600,0.0,0.0,0.0
2025-09-17 00:00:00-04:00,10.5600004196167,10.5600004196167,10.4399995803833,10.4399995803833,45100,0.0,0.0,0.0
2025-09-18 00:00:00-04:00,10.329999923706055,10.369999885559082,10.239999771118164,10.350000381469727,90800,0.0,0.0,0.0
2025-09-19 00:00:00-04:00,10.369999885559082,10.369999885559082,10.300000190734863,10.369999885559082,27000,0.0,0.0,0.0
2025-09-22 00:00:00-04:00,10.3100004196167,10.3100004196167,10.1899995803833,10.210000038146973,40800,0.0,0.0,0.0
2025-09-23 00:00:00-04:00,10.220000267028809,10.34000015258789,10.210000038146973,10.329999923706055,27800,0.0,0.0,0.0
2025-09-24 00:00:00-04:00,10.369999885559082,10.40999984741211,10.329999923706055,10.350000381469727,25300,0.0,0.0,0.0
2025-09-25 00:00:00-04:00,10.319999694824219,10.420000076293945,10.279999732971191,10.390000343322754,38800,0.0,0.0,0.0
2025-09-26 00:00:00-04:00,10.4399995803833,10.5,10.430000305175781,10.460000038146973,20200,0.0,0.0,0.0
2025-09-29 00:00:00-04:00,10.420000076293945,10.529999732971191,10.40999984741211,10.470000267028809,52200,0.0,0.0,0.0
2025-09-30 00:00:00-04:00,10.470000267028809,10.619999885559082,10.460000038146973,10.600000381469727,52600,0.0,0.0,0.0
2025-10-01 00:00:00-04:00,10.359999656677246,10.369999885559082,10.300000190734863,10.359999656677246,70200,0.0,0.0,0.0
2025-10-02 00:00:00-04:00,10.510000228881836,10.520000457763672,10.430000305175781,10.489999771118164,26200,0.0,0.0,0.0
2025-10-03 00:00:00-04:00,10.489999771118164,10.529999732971191,10.479999542236328,10.510000228881836,26500,0.0,0.0,0.0
2025-10-06 00:00:00-04:00,10.600000381469727,10.710000038146973,10.600000381469727,10.699999809265137,54100,0.0,0.0,0.0
2025-10-07 00:00:00-04:00,10.550000190734863,10.630000114440918,10.489999771118164,10.609999656677246,55100,0.0,0.0,0.0
2025-10-08 00:00:00-04:00,10.420000076293945,10.4399995803833,10.390000343322754,10.430000305175781,28500,0.0,0.0,0.0
2025-10-09 00:00:00-04:00,10.350000381469727,10.369999885559082,10.300000190734863,10.369999885559082,28000,0.0,0.0,0.0
2025-10-10 00:00:00-04:00,10.359999656677246,10.359999656677246,10.210000038146973,10.270000457763672,14800,0.0,0.0,0.0
2025-10-13 00:00:00-04:00,10.020000457763672,10.020000457763672,9.960000038146973,9.979999542236328,80200,0.0,0.0,0.0
2025-10-14 00:00:00-04:00,9.949999809265137,10.130000114440918,9.920000076293945,10.100000381469727,37800,0.0,0.0,0.0
2025-10-15 00:00:00-04:00,9.949999809265137,9.989999771118164,9.90999984741211,9.960000038146973,89200,0.0,0.0,0.0
2025-10-16 00:00:00-04:00,10.050000190734863,10.0600004196167,9.920000076293945,10.050000190734863,69400,0.0,0.0,0.0
2025-10-17 00:00:00-04:00,10.010000228881836,10.010000228881836,9.84000015258789,9.890000343322754,55200,0.0,0.0,0.0
2025-10-20 00:00:00-04:00,9.960000038146973,10.029999732971191,9.9399995803833,10.029999732971191,31800,0.0,0.0,0.0
2025-10-21 00:00:00-04:00,9.880000114440918,9.890000343322754,9.640000343322754,9.720000267028809,105000,0.0,0.0,0.0
2025-10-22 00:00:00-04:00,9.699999809265137,9.710000038146973,9.600000381469727,9.640000343322754,89700,0.0,0.0,0.0
2025-10-23 00:00:00-04:00,9.6899995803833,9.789999961853027,9.670000076293945,9.680000305175781,36200,0.0,0.0,0.0
2025-10-24 00:00:00-04:00,9.550000190734863,9.550000190734863,9.5,9.529999732971191,72200,0.0,0.0,0.0
2025-10-27 00:00:00-04:00,9.300000190734863,9.329999923706055,9.229999542236328,9.3100004196167,86100,0.0,0.0,0.0
2025-10-28 00:00:00-04:00,9.279999732971191,9.359999656677246,9.239999771118164,9.300000190734863,137800,0.0,0.0,0.0
2025-10-29 00:00:00-04:00,9.239999771118164,9.380000114440918,9.220000267028809,9.300000190734863,56300,0.0,0.0,0.0
2025-10-30 00:00:00-04:00,9.180000305175781,9.319999694824219,9.140000343322754,9.239999771118164,79800,0.0,0.0,0.0
2025-10-31 00:00:00-04:00,9.289999961853027,9.359999656677246,9.260000228881836,9.300000190734863,30000,0.0,0.0,0.0
2025-11-03 00:00:00-05:00,9.3100004196167,9.430000305175781,9.25,9.420000076293945,119200,0.0,0.0,0.0
2025-11-04 00:00:00-05:00,9.239999771118164,9.239999771118164,9.180000305175781,9.199999809265137,96900,0.0,0.0,0.0
2025-11-05 00:00:00-05:00,9.210000038146973,9.239999771118164,9.119999885559082,9.15999984741211,42700,0.0,0.0,0.0
2025-11-06 00:00:00-05:00,9.3100004196167,9.3100004196167,9.1899995803833,9.199999809265137,15000,0.0,0.0,0.0
2025-11-07 00:00:00-05:00,9.270000457763672,9.270000457763672,9.119999885559082,9.140000343322754,60600,0.0,0.0,0.0
2025-11-10 00:00:00-05:00,9.25,9.260000228881836,9.119999885559082,9.1899995803833,70500,0.0,0.0,0.0
2025-11-11 00:00:00-05:00,9.199999809265137,9.220000267028809,9.1899995803833,9.220000267028809,27900,0.0,0.0,0.0
2025-11-12 00:00:00-05:00,9.25,9.359999656677246,9.239999771118164,9.350000381469727,67100,0.0,0.0,0.0
2025-11-13 00:00:00-05:00,9.329999923706055,9.390000343322754,9.260000228881836,9.270000457763672,52700,0.0,0.0,0.0
2025-11-14 00:00:00-05:00,9.489999771118164,9.640000343322754,9.489999771118164,9.510000228881836,240900,0.0,0.0,0.0
2025-11-17 00:00:00-05:00,9.520000457763672,9.609999656677246,9.510000228881836,9.510000228881836,60000,0.0,0.0,0.0
2025-11-18 00:00:00-05:00,9.5600004196167,9.579999923706055,9.449999809265137,9.479999542236328,149600,0.0,0.0,0.0
2025-11-19 00:00:00-05:00,9.529999732971191,9.600000381469727,9.430000305175781,9.4399995803833,64900,0.0,0.0,0.0
2025-11-20 00:00:00-05:00,9.479999542236328,9.529999732971191,9.399999618530273,9.449999809265137,40000,0.0,0.0,0.0
2025-11-21 00:00:00-05:00,9.470000267028809,9.529999732971191,9.430000305175781,9.5,37900,0.0,0.0,0.0
2025-11-24 00:00:00-05:00,9.510000228881836,9.59000015258789,9.5,9.5600004196167,67800,0.0,0.0,0.0
2025-11-25 00:00:00-05:00,9.539999961853027,9.609999656677246,9.539999961853027,9.600000381469727,43600,0.0,0.0,0.0
2025-11-26 00:00:00-05:00,9.720000267028809,9.770000457763672,9.710000038146973,9.739999771118164,102200,0.0,0.0,0.0
2025-11-28 00:00:00-05:00,9.729999542236328,9.829999923706055,9.729999542236328,9.760000228881836,25100,0.0,0.0,0.0
2025-12-01 00:00:00-05:00,9.65999984741211,9.699999809265137,9.510000228881836,9.510000228881836,69400,0.0,0.0,0.0
2025-12-02 00:00:00-05:00,9.600000381469727,9.680000305175781,9.579999923706055,9.619999885559082,44600,0.0,0.0,0.0
2025-12-03 00:00:00-05:00,9.670000076293945,9.6899995803833,9.59000015258789,9.600000381469727,35000,0.0,0.0,0.0
2025-12-04 00:00:00-05:00,9.609999656677246,9.619999885559082,9.579999923706055,9.609999656677246,27200,0.0,0.0,0.0
2025-12-05 00:00:00-05:00,9.630000114440918,9.640000343322754,9.550000190734863,9.569999694824219,59500,0.0,0.0,0.0
2025-12-08 00:00:00-05:00,9.619999885559082,9.630000114440918,9.579999923706055,9.619999885559082,30700,0.0,0.0,0.0
2025-12-09 00:00:00-05:00,9.539999961853027,9.539999961853027,9.420000076293945,9.510000228881836,59500,0.0,0.0,0.0
2025-12-10 00:00:00-05:00,9.609999656677246,9.680000305175781,9.609999656677246,9.619999885559082,55200,0.0,0.0,0.0
2025-12-11 00:00:00-05:00,9.630000114440918,9.65999984741211,9.600000381469727,9.640000343322754,20400,0.0,0.0,0.0
2025-12-12 00:00:00-05:00,9.760000228881836,9.779999732971191,9.699999809265137,9.75,43700,0.0,0.0,0.0
2025-12-15 00:00:00-05:00,9.600000381469727,9.710000038146973,9.600000381469727,9.699999809265137,38400,0.0,0.0,0.0
2025-12-16 00:00:00-05:00,9.75,9.760000228881836,9.630000114440918,9.65999984741211,31600,0.0,0.0,0.0
2025-12-17 00:00:00-05:00,9.59000015258789,9.640000343322754,9.569999694824219,9.579999923706055,28200,0.0,0.0,0.0
2025-12-18 00:00:00-05:00,9.4399995803833,9.4399995803833,9.369999885559082,9.420000076293945,57700,0.0,0.0,0.0
2025-12-19 00:00:00-05:00,9.569999694824219,9.630000114440918,9.550000190734863,9.619999885559082,28400,0.0,0.0,0.0
2025-12-22 00:00:00-05:00,9.699999809265137,9.770000457763672,9.699999809265137,9.699999809265137,18600,0.0,0.0,0.0
2025-12-23 00:00:00-05:00,9.739999771118164,9.84000015258789,9.710000038146973,9.8100004196167,33400,0.0,0.0,0.0
2025-12-24 00:00:00-05:00,9.869999885559082,9.920000076293945,9.859999656677246,9.890000343322754,153900,0.0,0.0,0.0
2025-12-26 00:00:00-05:00,9.899999618530273,9.899999618530273,9.850000381469727,9.850000381469727,103100,0.0,0.0,0.0
2025-12-29 00:00:00-05:00,9.90999984741211,9.90999984741211,9.859999656677246,9.890000343322754,53900,0.0,0.0,0.0
2025-12-30 00:00:00-05:00,9.739999771118164,9.75,9.6899995803833,9.720000267028809,45600,0.0,0.0,0.0
2025-12-31 00:00:00-05:00,9.850000381469727,9.850000381469727,9.75,9.760000228881836,45500,0.0,0.0,0.0
2026-01-02 00:00:00-05:00,9.649999618530273,9.649999618530273,9.550000190734863,9.579999923706055,31100,0.0,0.0,0.0
2026-01-05 00:00:00-05:00,9.609999656677246,9.649999618530273,9.569999694824219,9.609999656677246,24200,0.0,0.0,0.0
2026-01-06 00:00:00-05:00,9.579999923706055,9.630000114440918,9.5600004196167,9.59000015258789,16900,0.0,0.0,0.0
2026-01-07 00:00:00-05:00,9.729999542236328,9.739999771118164,9.699999809265137,9.699999809265137,23400,0.0,0.0,0.0
2026-01-08 00:00:00-05:00,9.6899995803833,9.760000228881836,9.6899995803833,9.710000038146973,29900,0.0,0.0,0.0
2026-01-09 00:00:00-05:00,9.65999984741211,9.710000038146973,9.649999618530273,9.670000076293945,17700,0.0,0.0,0.0
2026-01-12 00:00:00-05:00,9.619999885559082,9.670000076293945,9.600000381469727,9.670000076293945,17100,0.0,0.0,0.0
2026-01-13 00:00:00-05:00,9.670000076293945,9.729999542236328,9.630000114440918,9.6899995803833,23000,0.0,0.0,0.0
2026-01-14 00:00:00-05:00,9.609999656677246,9.609999656677246,9.539999961853027,9.5600004196167,35300,0.0,0.0,0.0
2026-01-15 00:00:00-05:00,9.460000038146973,9.489999771118164,9.4399995803833,9.479999542236328,55600,0.0,0.0,0.0
2026-01-16 00:00:00-05:00,9.600000381469727,9.6899995803833,9.579999923706055,9.680000305175781,107800,0.0,0.0,0.0
2026-01-20 00:00:00-05:00,9.65999984741211,9.670000076293945,9.529999732971191,9.550000190734863,40200,0.0,0.0,0.0
2026-01-21 00:00:00-05:00,9.630000114440918,9.640000343322754,9.550000190734863,9.569999694824219,12300,0.0,0.0,0.0
2026-01-22 00:00:00-05:00,9.649999618530273,9.65999984741211,9.619999885559082,9.649999618530273,40000,0.0,0.0,0.0
2026-01-23 00:00:00-05:00,9.579999923706055,9.579999923706055,9.529999732971191,9.550000190734863,44000,0.0,0.0,0.0
2026-01-26 00:00:00-05:00,9.550000190734863,9.59000015258789,9.520000457763672,9.529999732971191,31200,0.0,0.0,0.0
2026-01-27 00:00:00-05:00,9.619999885559082,9.649999618530273,9.579999923706055,9.59000015258789,37000,0.0,0.0,0.0
2026-01-28 00:00:00-05:00,9.579999923706055,9.579999923706055,9.539999961853027,9.569999694824219,33100,0.0,0.0,0.0
2026-01-29 00:00:00-05:00,9.59000015258789,9.600000381469727,9.489999771118164,9.5600004196167,69400,0.0,0.0,0.0
2026-01-30 00:00:00-05:00,9.300000190734863,9.319999694824219,9.210000038146973,9.239999771118164,80100,0.0,0.0,0.0
2026-02-02 00:00:00-05:00,9.180000305175781,9.25,9.140000343322754,9.210000038146973,26500,0.0,0.0,0.0
2026-02-03 00:00:00-05:00,9.390000343322754,9.470000267028809,9.359999656677246,9.4399995803833,52200,0.0,0.0,0.0
2026-02-04 00:00:00-05:00,9.430000305175781,9.430000305175781,9.319999694824219,9.350000381469727,209600,0.0,0.0,0.0
2026-02-05 00:00:00-05:00,9.220000267028809,9.25,9.210000038146973,9.239999771118164,51400,0.0,0.0,0.0
2026-02-06 00:00:00-05:00,9.170000076293945,9.1899995803833,9.140000343322754,9.170000076293945,94200,0.0,0.0,0.0
2026-02-09 00:00:00-05:00,9.270000457763672,9.350000381469727,9.270000457763672,9.289999961853027,73600,0.0,0.0,0.0
2026-02-10 00:00:00-05:00,9.239999771118164,9.25,9.149999618530273,9.15999984741211,46400,0.0,0.0,0.0
2026-02-11 00:00:00-05:00,9.0600004196167,9.079999923706055,9.010000228881836,9.029999732971191,109400,0.0,0.0,0.0
2026-02-12 00:00:00-05:00,9.020000457763672,9.0600004196167,8.970000267028809,9.039999961853027,125500,0.0,0.0,0.0
2026-02-13 00:00:00-05:00,9.020000457763672,9.050000190734863,8.970000267028809,9.029999732971191,62400,0.0,0.0,0.0
2026-02-17 00:00:00-05:00,9.100000381469727,9.100000381469727,9.0,9.020000457763672,194300,0.0,0.0,0.0
2026-02-18 00:00:00-05:00,9.050000190734863,9.180000305175781,9.039999961853027,9.170000076293945,96000,0.0,0.0,0.0
2026-02-19 00:00:00-05:00,9.119999885559082,9.149999618530273,9.079999923706055,9.119999885559082,83300,0.0,0.0,0.0
2026-02-20 00:00:00-05:00,9.229999542236328,9.3100004196167,9.210000038146973,9.229999542236328,163200,0.0,0.0,0.0
2026-02-23 00:00:00-05:00,9.270000457763672,9.34000015258789,9.270000457763672,9.34000015258789,182800,0.0,0.0,0.0
2026-02-24 00:00:00-05:00,9.369999885559082,9.399999618530273,9.319999694824219,9.329999923706055,118300,0.0,0.0,0.0
2026-02-25 00:00:00-05:00,9.300000190734863,9.329999923706055,9.270000457763672,9.329999923706055,156000,0.0,0.0,0.0
2026-02-26 00:00:00-05:00,9.420000076293945,9.4399995803833,9.289999961853027,9.319999694824219,158400,0.0,0.0,0.0
2026-02-27 00:00:00-05:00,9.220000267028809,9.289999961853027,9.1899995803833,9.289999961853027,191400,0.0,0.0,0.0
2026-03-02 00:00:00-05:00,9.40999984741211,9.40999984741211,9.270000457763672,9.279999732971191,126600,0.0,0.0,0.0
2026-03-03 00:00:00-05:00,9.3100004196167,9.329999923706055,9.260000228881836,9.289999961853027,164100,0.0,0.0,0.0
2026-03-04 00:00:00-05:00,9.279999732971191,9.279999732971191,9.1899995803833,9.199999809265137,89400,0.0,0.0,0.0
2026-03-05 00:00:00-05:00,9.229999542236328,9.270000457763672,9.140000343322754,9.229999542236328,167600,0.0,0.0,0.0
2026-03-06 00:00:00-05:00,9.34000015258789,9.510000228881836,9.34000015258789,9.470000267028809,299000,0.0,0.0,0.0
2026-03-09 00:00:00-04:00,9.729999542236328,9.819999694824219,9.680000305175781,9.8100004196167,666900,0.0,0.0,0.0
2026-03-10 00:00:00-04:00,9.699999809265137,9.739999771118164,9.640000343322754,9.65999984741211,534200,0.0,0.0,0.0
2026-03-11 00:00:00-04:00,9.710000038146973,9.710000038146973,9.579999923706055,9.609999656677246,188500,0.0,0.0,0.0
2026-03-12 00:00:00-04:00,9.670000076293945,9.789999961853027,9.649999618530273,9.739999771118164,264000,0.0,0.0,0.0
2026-03-13 00:00:00-04:00,9.770000457763672,9.779999732971191,9.680000305175781,9.760000228881836,369900,0.0,0.0,0.0
2026-03-16 00:00:00-04:00,9.649999618530273,9.649999618530273,9.600000381469727,9.630000114440918,286900,0.0,0.0,0.0
2026-03-17 00:00:00-04:00,9.75,9.789999961853027,9.739999771118164,9.779999732971191,135300,0.0,0.0,0.0
2026-03-18 00:00:00-04:00,9.779999732971191,9.979999542236328,9.779999732971191,9.979999542236328,323100,0.0,0.0,0.0
2026-03-19 00:00:00-04:00,10.180000305175781,10.329999923706055,10.149999618530273,10.300000190734863,946200,0.0,0.0,0.0
2026-03-20 00:00:00-04:00,10.369999885559082,10.550000190734863,10.34000015258789,10.449999809265137,724300,0.0,0.0,0.0
2026-03-23 00:00:00-04:00,10.479999542236328,10.510000228881836,10.40999984741211,10.449999809265137,823800,0.0,0.0,0.0
2026-03-24 00:00:00-04:00,10.569999694824219,10.65999984741211,10.539999961853027,10.65999984741211,748000,0.0,0.0,0.0
2026-03-25 00:00:00-04:00,10.399999618530273,10.5,10.390000343322754,10.460000038146973,626900,0.0,0.0,0.0
2026-03-26 00:00:00-04:00,10.569999694824219,10.699999809265137,10.569999694824219,10.630000114440918,567400,0.0,0.0,0.0
2026-03-27 00:00:00-04:00,10.5600004196167,10.630000114440918,10.550000190734863,10.619999885559082,725600,0.0,0.0,0.0
2026-03-30 00:00:00-04:00,10.600000381469727,10.609999656677246,10.470000267028809,10.479999542236328,1094000,0.0,0.0,0.0
2026-03-31 00:00:00-04:00,10.4399995803833,10.569999694824219,10.40999984741211,10.4399995803833,2061600,0.0,0.0,0.0
2026-04-01 00:00:00-04:00,10.25,10.34000015258789,10.140000343322754,10.279999732971191,2101200,0.0,0.0,0.0
2026-04-02 00:00:00-04:00,10.350000381469727,10.369999885559082,10.09000015258789,10.140000343322754,837400,0.0,0.0,0.0
2026-04-06 00:00:00-04:00,10.1899995803833,10.1899995803833,10.079999923706055,10.149999618530273,441000,0.0,0.0,0.0
2026-04-07 00:00:00-04:00,9.949999809265137,9.989999771118164,9.859999656677246,9.869999885559082,1341800,0.0,0.0,0.0
2026-04-08 00:00:00-04:00,9.729999542236328,9.8100004196167,9.680000305175781,9.699999809265137,666000,0.0,0.0,0.0
2026-04-09 00:00:00-04:00,9.569999694824219,9.569999694824219,9.449999809265137,9.460000038146973,2989200,0.0,0.0,0.0
2026-04-10 00:00:00-04:00,9.350000381469727,9.40999984741211,9.279999732971191,9.329999923706055,1020100,0.0,0.0,0.0
2026-04-13 00:00:00-04:00,9.359999656677246,9.359999656677246,9.25,9.260000228881836,453400,0.0,0.0,0.0
2026-04-14 00:00:00-04:00,9.300000190734863,9.470000267028809,9.220000267028809,9.460000038146973,554000,0.0,0.0,0.0
2026-04-15 00:00:00-04:00,9.25,9.270000457763672,9.170000076293945,9.170000076293945,337600,0.0,0.0,0.0
2026-04-16 00:00:00-04:00,9.25,9.300000190734863,9.220000267028809,9.279999732971191,242900,0.0,0.0,0.0
2026-04-17 00:00:00-04:00,9.100000381469727,9.100000381469727,9.0,9.069999694824219,491500,0.0,0.0,0.0
2026-04-20 00:00:00-04:00,9.0600004196167,9.1899995803833,9.029999732971191,9.130000114440918,265900,0.0,0.0,0.0
2026-04-21 00:00:00-04:00,9.239999771118164,9.279999732971191,9.1899995803833,9.220000267028809,303700,0.0,0.0,0.0
2026-04-22 00:00:00-04:00,9.329999923706055,9.34000015258789,9.239999771118164,9.279999732971191,223500,0.0,0.0,0.0
2026-04-23 00:00:00-04:00,9.359999656677246,9.359999656677246,9.279999732971191,9.34000015258789,742000,0.0,0.0,0.0
2026-04-24 00:00:00-04:00,9.4399995803833,9.489999771118164,9.380000114440918,9.460000038146973,669400,0.0,0.0,0.0
2026-04-27 00:00:00-04:00,9.489999771118164,9.520000457763672,9.369999885559082,9.390000343322754,778400,0.0,0.0,0.0
2026-04-28 00:00:00-04:00,9.539999961853027,9.59000015258789,9.520000457763672,9.5600004196167,427600,0.0,0.0,0.0
2026-04-29 00:00:00-04:00,9.670000076293945,9.920000076293945,9.670000076293945,9.90999984741211,1727800,0.0,0.0,0.0
2026-04-30 00:00:00-04:00,9.869999885559082,9.9399995803833,9.779999732971191,9.8100004196167,2098700,0.0,0.0,0.0
2026-05-01 00:00:00-04:00,10.020000457763672,10.069999694824219,9.970000267028809,10.050000190734863,529800,0.0,0.0,0.0
2026-05-04 00:00:00-04:00,10.100000381469727,10.260000228881836,10.079999923706055,10.25,1884700,0.0,0.0,0.0
2026-05-05 00:00:00-04:00,10.289999961853027,10.329999923706055,10.210000038146973,10.279999732971191,628600,0.0,0.0,0.0
2026-05-06 00:00:00-04:00,9.970000267028809,10.029999732971191,9.859999656677246,9.970000267028809,1102700,0.0,0.0,0.0
2026-05-07 00:00:00-04:00,9.789999961853027,9.829999923706055,9.710000038146973,9.800000190734863,717300,0.0,0.0,0.0
2026-05-08 00:00:00-04:00,9.789999961853027,9.899999618530273,9.739999771118164,9.859999656677246,555500,0.0,0.0,0.0
2026-05-11 00:00:00-04:00,10.0,10.0600004196167,9.949999809265137,10.050000190734863,494400,0.0,0.0,0.0
2026-05-12 00:00:00-04:00,10.020000457763672,10.109999656677246,9.979999542236328,10.069999694824219,374900,0.0,0.0,0.0
2026-05-13 00:00:00-04:00,10.15999984741211,10.279999732971191,10.149999618530273,10.279999732971191,369000,0.0,0.0,0.0
2026-05-14 00:00:00-04:00,10.050000190734863,10.140000343322754,10.029999732971191,10.100000381469727,511000,0.0,0.0,0.0
2026-05-15 00:00:00-04:00,9.9399995803833,9.989999771118164,9.890000343322754,9.979999542236328,709800,0.0,0.0,0.0
2026-05-18 00:00:00-04:00,9.880000114440918,9.970000267028809,9.869999885559082,9.930000305175781,290100,0.0,0.0,0.0
2026-05-19 00:00:00-04:00,10.0,10.149999618530273,10.0,10.100000381469727,613100,0.0,0.0,0.0
2026-05-20 00:00:00-04:00,10.119999885559082,10.130000114440918,9.920000076293945,9.979999542236328,543300,0.0,0.0,0.0
2026-05-21 00:00:00-04:00,10.09000015258789,10.09000015258789,10.010000228881836,10.050000190734863,646600,0.0,0.0,0.0
2026-05-22 00:00:00-04:00,9.869999885559082,9.920000076293945,9.859999656677246,9.899999618530273,197400,0.0,0.0,0.0
2026-05-26 00:00:00-04:00,9.859999656677246,9.899999618530273,9.800000190734863,9.800000190734863,291300,0.0,0.0,0.0
2026-05-27 00:00:00-04:00,9.670000076293945,9.670000076293945,9.569999694824219,9.59000015258789,747900,0.0,0.0,0.0
2026-05-28 00:00:00-04:00,9.460000038146973,9.510000228881836,9.430000305175781,9.470000267028809,513700,0.0,0.0,0.0
2026-05-29 00:00:00-04:00,9.600000381469727,9.609999656677246,9.529999732971191,9.5600004196167,621600,0.0,0.0,0.0
2026-06-01 00:00:00-04:00,9.739999771118164,9.869999885559082,9.739999771118164,9.760000228881836,433700,0.0,0.0,0.0
2026-06-02 00:00:00-04:00,9.739999771118164,9.800000190734863,9.699999809265137,9.779999732971191,265400,0.0,0.0,0.0
2026-06-03 00:00:00-04:00,9.779999732971191,9.779999732971191,9.680000305175781,9.680000305175781,330900,0.0,0.0,0.0
2026-06-04 00:00:00-04:00,9.649999618530273,9.720000267028809,9.630000114440918,9.699999809265137,146800,0.0,0.0,0.0
2026-06-05 00:00:00-04:00,9.680000305175781,9.710000038146973,9.630000114440918,9.640000343322754,360300,0.0,0.0,0.0
2026-06-08 00:00:00-04:00,9.640000343322754,9.6899995803833,9.619999885559082,9.640000343322754,189900,0.0,0.0,0.0
2026-06-09 00:00:00-04:00,9.550000190734863,9.609999656677246,9.5,9.579999923706055,287300,0.0,0.0,0.0
2026-06-10 00:00:00-04:00,9.510000228881836,9.520000457763672,9.449999809265137,9.460000038146973,172200,0.0,0.0,0.0
2026-06-11 00:00:00-04:00,9.430000305175781,9.479999542236328,9.399999618530273,9.4399995803833,291900,0.0,0.0,0.0
2026-06-12 00:00:00-04:00,9.510000228881836,9.539999961853027,9.369999885559082,9.390000343322754,372300,0.0,0.0,0.0
2026-06-15 00:00:00-04:00,9.359999656677246,9.399999618530273,9.319999694824219,9.319999694824219,318200,0.0,0.0,0.0
2026-06-16 00:00:00-04:00,9.319999694824219,9.449999809265137,9.319999694824219,9.430000305175781,165600,0.0,0.0,0.0
2026-06-17 00:00:00-04:00,9.40999984741211,9.539999961853027,9.399999618530273,9.5,166000,0.0,0.0,0.0
2026-06-18 00:00:00-04:00,9.420000076293945,9.420000076293945,9.34000015258789,9.350000381469727,201800,0.0,0.0,0.0
2026-06-22 00:00:00-04:00,9.279999732971191,9.279999732971191,9.140000343322754,9.1899995803833,283700,0.0,0.0,0.0
2026-06-23 00:00:00-04:00,9.15999984741211,9.289999961853027,9.15999984741211,9.239999771118164,491900,0.0,0.0,0.0
2026-06-24 00:00:00-04:00,9.270000457763672,9.359999656677246,9.229999542236328,9.300000190734863,363700,0.0,0.0,0.0
2026-06-25 00:00:00-04:00,9.350000381469727,9.380000114440918,9.270000457763672,9.34000015258789,185400,0.0,0.0,0.0
2026-06-26 00:00:00-04:00,9.609999656677246,9.699999809265137,9.609999656677246,9.619999885559082,255300,0.0,0.0,0.0
2026-06-29 00:00:00-04:00,9.789999961853027,9.84000015258789,9.739999771118164,9.789999961853027,224500,0.0,0.0,0.0
2026-06-30 00:00:00-04:00,9.8100004196167,9.829999923706055,9.779999732971191,9.789999961853027,194300,0.0,0.0,0.0
2026-07-01 00:00:00-04:00,9.829999923706055,9.90999984741211,9.829999923706055,9.850000381469727,569700,0.0,0.0,0.0
2026-07-02 00:00:00-04:00,9.930000305175781,9.949999809265137,9.770000457763672,9.770000457763672,201700,0.0,0.0,0.0
2026-07-06 00:00:00-04:00,9.880000114440918,9.960000038146973,9.859999656677246,9.9399995803833,249400,0.0,0.0,0.0
2026-07-07 00:00:00-04:00,9.9399995803833,9.989999771118164,9.899999618530273,9.9399995803833,151300,0.0,0.0,0.0
2026-07-08 00:00:00-04:00,9.9399995803833,10.039999961853027,9.920000076293945,9.9399995803833,140600,0.0,0.0,0.0
2026-07-09 00:00:00-04:00,9.890000343322754,10.0,9.890000343322754,9.970000267028809,121800,0.0,0.0,0.0
2026-07-10 00:00:00-04:00,9.890000343322754,9.890000343322754,9.739999771118164,9.8100004196167,168000,0.0,0.0,0.0
2026-07-13 00:00:00-04:00,9.800000190734863,9.800000190734863,9.670000076293945,9.75,359900,0.0,0.0,0.0
2026-07-14 00:00:00-04:00,9.779999732971191,9.880000114440918,9.760000228881836,9.84000015258789,246300,0.0,0.0,0.0
2026-07-15 00:00:00-04:00,9.800000190734863,9.8100004196167,9.729999542236328,9.8100004196167,129700,0.0,0.0,0.0
2026-07-16 00:00:00-04:00,9.600000381469727,9.600000381469727,9.529999732971191,9.529999732971191,262900,0.0,0.0,0.0
2026-07-17 00:00:00-04:00,9.670000076293945,9.829999923706055,9.670000076293945,9.739999771118164,165800,0.0,0.0,0.0
2026-07-20 00:00:00-04:00,9.75,9.800000190734863,9.729999542236328,9.770000457763672,103600,0.0,0.0,0.0
2026-07-21 00:00:00-04:00,9.779999732971191,9.859999656677246,9.75,9.800000190734863,103800,0.0,0.0,0.0
2026-07-22 00:00:00-04:00,9.729999542236328,9.770000457763672,9.6899995803833,9.720000267028809,108200,0.0,0.0,0.0
2026-07-23 00:00:00-04:00,9.729999542236328,9.729999542236328,9.65999984741211,9.65999984741211,209500,0.0,0.0,0.0
2026-07-24 00:00:00-04:00,9.619999885559082,9.710000038146973,9.619999885559082,9.710000038146973,68500,0.0,0.0,0.0
2026-07-27 00:00:00-04:00,9.600000381469727,9.640000343322754,9.579999923706055,9.609999656677246,216300,0.0,0.0,0.0
2026-07-28 00:00:00-04:00,9.569999694824219,9.600000381469727,9.550000190734863,9.569999694824219,96100,0.0,0.0,0.0
2026-07-29 00:00:00-04:00,9.649999618530273,9.670000076293945,9.550000190734863,9.550000190734863,74300,0.0,0.0,0.0
2026-07-30 00:00:00-04:00,9.520000457763672,9.59000015258789,9.520000457763672,9.529999732971191,172700,0.0,0.0,0.0
2026-07-31 00:00:00-04:00,9.630000114440918,9.720000267028809,9.619999885559082,9.619999885559082,212600,0.0,0.0,0.0
2026-08-03 00:00:00-04:00,9.819999694824219,9.869999885559082,9.739999771118164,9.84000015258789,192600,0.0,0.0,0.0
2026-08-04 00:00:00-04:00,9.90999984741211,9.9399995803833,9.869999885559082,9.90999984741211,286600,0.0,0.0,0.0
2026-08-05 00:00:00-04:00,9.979999542236328,10.020000457763672,9.949999809265137,9.970000267028809,842300,0.0,0.0,0.0
2026-08-06 00:00:00-04:00,10.020000457763672,10.199999809265137,9.989999771118164,10.199999809265137,263000,0.0,0.0,0.0
2026-08-07 00:00:00-04:00,10.3100004196167,10.649999618530273,10.3100004196167,10.649999618530273,628300,0.0,0.0,0.0
2026-08-10 00:00:00-04:00,10.699999809265137,10.729999542236328,10.579999923706055,10.699999809265137,286600,0.0,0.0,0.0
2026-08-11 00:00:00-04:00,10.739999771118164,10.84000015258789,10.739999771118164,10.829999923706055,213500,0.0,0.0,0.0
2026-08-12 00:00:00-04:00,10.869999885559082,10.930000305175781,10.59000015258789,10.6899995803833,426200,0.0,0.0,0.0
2026-08-13 00:00:00-04:00,10.6899995803833,10.859999656677246,10.6899995803833,10.84000015258789,176500,0.0,0.0,0.0
2026-08-14 00:00:00-04:00,10.739999771118164,10.779999732971191,10.699999809265137,10.760000228881836,113700,0.0,0.0,0.0
2026-08-17 00:00:00-04:00,10.729999542236328,10.949999809265137,10.729999542236328,10.930000305175781,194500,0.0,0.0,0.0
2026-08-18 00:00:00-04:00,10.859999656677246,11.180000305175781,10.859999656677246,11.180000305175781,414700,0.0,0.0,0.0
2026-08-19 00:00:00-04:00,11.149999618530273,11.25,11.100000381469727,11.239999771118164,223600,0.0,0.0,0.0
2026-08-20 00:00:00-04:00,11.350000381469727,11.520000457763672,11.180000305175781,11.1899995803833,281400,0.0,0.0,0.0
2026-08-21 00:00:00-04:00,11.109999656677246,11.34000015258789,11.09000015258789,11.210000038146973,304900,0.0,0.0,0.0
2026-08-24 00:00:00-04:00,11.039999961853027,11.279999732971191,11.029999732971191,11.25,283700,0.0,0.0,0.0
2026-08-25 00:00:00-04:00,11.039999961853027,11.15999984741211,11.020000457763672,11.109999656677246,143500,0.0,0.0,0.0
2026-08-26 00:00:00-04:00,11.25,11.34000015258789,11.109999656677246,11.229999542236328,233100,0.0,0.0,0.0
2026-08-27 00:00:00-04:00,11.220000267028809,11.489999771118164,11.220000267028809,11.470000267028809,436300,0.0,0.0,0.0
2026-08-28 00:00:00-04:00,11.289999961853027,11.369999885559082,11.149999618530273,11.210000038146973,384500,0.0,0.0,0.0
2026-08-31 00:00:00-04:00,11.260000228881836,11.359999656677246,11.260000228881836,11.319999694824219,259300,0.0,0.0,0.0
2026-09-01 00:00:00-04:00,11.319999694824219,11.59000015258789,11.319999694824219,11.569999694824219,419600,0.0,0.0,0.0
2026-09-02 00:00:00-04:00,11.539999961853027,11.720000267028809,11.529999732971191,11.65999984741211,278700,0.0,0.0,0.0
2026-09-03 00:00:00-04:00,11.3100004196167,11.479999542236328,11.239999771118164,11.390000343322754,370300,0.0,0.0,0.0
2026-09-04 00:00:00-04:00,11.510000228881836,11.529999732971191,11.399999618530273,11.420000076293945,306500,0.0,0.0,0.0
2026-09-08 00:00:00-04:00,11.470000267028809,11.520000457763672,11.399999618530273,11.5,731600,0.0,0.0,0.0
2026-09-09 00:00:00-04:00,11.609999656677246,11.670000076293945,11.510000228881836,11.609999656677246,657000,0.0,0.0,0.0
2026-09-10 00:00:00-04:00,11.6899995803833,11.880000114440918,11.550000190734863,11.819999694824219,411900,0.0,0.0,0.0
2026-09-11 00:00:00-04:00,11.579999923706055,11.600000381469727,11.449999809265137,11.520000457763672,772700,0.0,0.0,0.0
2026-09-14 00:00:00-04:00,11.489999771118164,11.579999923706055,11.380000114440918,11.449999809265137,481600,0.0,0.0,0.0
2026-09-15 00:00:00-04:00,11.430000305175781,11.449999809265137,11.34000015258789,11.380000114440918,351700,0.0,0.0,0.0
2026-09-16 00:00:00-04:00,11.449999809265137,11.470000267028809,11.289999961853027,11.390000343322754,419600,0.0,0.0,0.0
2026-09-17 00:00:00-04:00,11.25,11.289999961853027,11.0649995803833,11.090100288391113,287690,0.0,0.0,0.0
