Date,Open,High,Low,Close,Volume,Dividends,Stock Splits,Capital Gains
2020-09-03,12.609999656677246,12.65999984741211,12.510000228881836,12.539999961853027,305700,0.0,0.0,0.0
2020-09-04,12.65999984741211,12.65999984741211,12.550000190734863,12.65999984741211,223900,0.0,0.0,0.0
2020-09-08,12.630000114440918,12.770000457763672,12.600000381469727,12.760000228881836,362000,0.0,0.0,0.0
2020-09-09,12.729999542236328,12.739999771118164,12.65999984741211,12.720000267028809,167500,0.0,0.0,0.0
2020-09-10,12.75,12.869999885559082,12.739999771118164,12.84000015258789,236300,0.0,0.0,0.0
2020-09-11,12.90999984741211,12.989999771118164,12.789999961853027,12.989999771118164,466500,0.0,0.0,0.0
2020-09-14,12.970000267028809,12.970000267028809,12.880000114440918,12.949999809265137,416700,0.0,0.0,0.0
2020-09-15,12.90999984741211,12.90999984741211,12.800000190734863,12.869999885559082,408700,0.0,0.0,0.0
2020-09-16,12.850000381469727,12.979999542236328,12.850000381469727,12.949999809265137,146600,0.0,0.0,0.0
2020-09-17,12.880000114440918,13.09000015258789,12.880000114440918,13.029999732971191,516300,0.0,0.0,0.0
2020-09-18,13.09000015258789,13.1899995803833,13.039999961853027,13.1899995803833,499500,0.0,0.0,0.0
2020-09-21,13.130000114440918,13.130000114440918,12.880000114440918,12.949999809265137,560600,0.0,0.0,0.0
2020-09-22,12.920000076293945,13.020000457763672,12.869999885559082,12.890000343322754,239200,0.0,0.0,0.0
2020-09-23,12.859999656677246,12.890000343322754,12.8100004196167,12.869999885559082,991500,0.0,0.0,0.0
2020-09-24,12.75,12.789999961853027,12.6899995803833,12.720000267028809,462300,0.0,0.0,0.0
2020-09-25,12.760000228881836,12.8100004196167,12.699999809265137,12.75,168100,0.0,0.0,0.0
2020-09-28,12.6899995803833,12.850000381469727,12.59000015258789,12.770000457763672,309600,0.0,0.0,0.0
2020-09-29,12.720000267028809,12.739999771118164,12.649999618530273,12.720000267028809,161400,0.0,0.0,0.0
2020-09-30,12.720000267028809,13.279999732971191,12.6899995803833,13.109999656677246,1181900,0.0,0.0,0.0
2020-10-01,13.25,13.300000190734863,13.199999809265137,13.239999771118164,143000,0.0,0.0,0.0
2020-10-02,13.140000343322754,13.25,13.109999656677246,13.130000114440918,122600,0.0,0.0,0.0
2020-10-05,13.199999809265137,13.229999542236328,13.109999656677246,13.1899995803833,148500,0.0,0.0,0.0
2020-10-06,13.260000228881836,13.420000076293945,13.25,13.289999961853027,307000,0.0,0.0,0.0
2020-10-07,13.399999618530273,13.479999542236328,13.359999656677246,13.380000114440918,167100,0.0,0.0,0.0
2020-10-08,13.479999542236328,13.5,13.279999732971191,13.3100004196167,210300,0.0,0.0,0.0
2020-10-09,13.369999885559082,13.550000190734863,13.319999694824219,13.5,244100,0.0,0.0,0.0
2020-10-12,13.489999771118164,13.5,13.289999961853027,13.300000190734863,594300,0.0,0.0,0.0
2020-10-13,13.289999961853027,13.420000076293945,13.289999961853027,13.380000114440918,341700,0.0,0.0,0.0
2020-10-14,13.350000381469727,13.460000038146973,13.34000015258789,13.430000305175781,335200,0.0,0.0,0.0
2020-10-15,13.359999656677246,13.600000381469727,13.359999656677246,13.550000190734863,166600,0.0,0.0,0.0
2020-10-16,13.649999618530273,13.65999984741211,13.550000190734863,13.569999694824219,167000,0.0,0.0,0.0
2020-10-19,13.600000381469727,13.680000305175781,13.600000381469727,13.65999984741211,297500,0.0,0.0,0.0
2020-10-20,13.680000305175781,13.770000457763672,13.65999984741211,13.729999542236328,171400,0.0,0.0,0.0
2020-10-21,13.800000190734863,13.880000114440918,13.760000228881836,13.819999694824219,170900,0.0,0.0,0.0
2020-10-22,13.800000190734863,13.890000343322754,13.739999771118164,13.800000190734863,138300,0.0,0.0,0.0
2020-10-23,13.789999961853027,13.850000381469727,13.779999732971191,13.819999694824219,204600,0.0,0.0,0.0
2020-10-26,13.75,13.789999961853027,13.649999618530273,13.729999542236328,168600,0.0,0.0,0.0
2020-10-27,13.779999732971191,13.859999656677246,13.670000076293945,13.680000305175781,117800,0.0,0.0,0.0
2020-10-28,13.399999618530273,13.479999542236328,13.300000190734863,13.3100004196167,404000,0.0,0.0,0.0
2020-10-29,13.229999542236328,13.359999656677246,13.199999809265137,13.239999771118164,297600,0.0,0.0,0.0
2020-10-30,13.329999923706055,13.399999618530273,13.279999732971191,13.329999923706055,152400,0.0,0.0,0.0
2020-11-02,13.220000267028809,13.34000015258789,13.220000267028809,13.3100004196167,160200,0.0,0.0,0.0
2020-11-03,13.390000343322754,13.479999542236328,13.390000343322754,13.449999809265137,101700,0.0,0.0,0.0
2020-11-04,13.550000190734863,13.649999618530273,13.430000305175781,13.609999656677246,406700,0.0,0.0,0.0
2020-11-05,13.829999923706055,13.90999984741211,13.710000038146973,13.729999542236328,229000,0.0,0.0,0.0
2020-11-06,13.729999542236328,13.789999961853027,13.680000305175781,13.680000305175781,106500,0.0,0.0,0.0
2020-11-09,13.720000267028809,13.800000190734863,13.699999809265137,13.720000267028809,137700,0.0,0.0,0.0
2020-11-10,13.84000015258789,14.279999732971191,13.819999694824219,14.1899995803833,360800,0.0,0.0,0.0
2020-11-11,14.279999732971191,14.300000190734863,14.079999923706055,14.130000114440918,185600,0.0,0.0,0.0
2020-11-12,14.079999923706055,14.109999656677246,13.850000381469727,13.899999618530273,309200,0.0,0.0,0.0
2020-11-13,13.880000114440918,14.039999961853027,13.880000114440918,13.960000038146973,205100,0.0,0.0,0.0
2020-11-16,14.0,14.100000381469727,13.949999809265137,14.09000015258789,136700,0.0,0.0,0.0
2020-11-17,14.15999984741211,14.180000305175781,14.079999923706055,14.100000381469727,151800,0.0,0.0,0.0
2020-11-18,14.15999984741211,14.300000190734863,14.15999984741211,14.220000267028809,134400,0.0,0.0,0.0
2020-11-19,14.109999656677246,14.220000267028809,14.069999694824219,14.140000343322754,235200,0.0,0.0,0.0
2020-11-20,14.260000228881836,14.289999961853027,14.15999984741211,14.15999984741211,92600,0.0,0.0,0.0
2020-11-23,14.319999694824219,14.359999656677246,14.25,14.3100004196167,157500,0.0,0.0,0.0
2020-11-24,14.210000038146973,14.329999923706055,14.130000114440918,14.3100004196167,333100,0.0,0.0,0.0
2020-11-25,14.319999694824219,14.319999694824219,14.180000305175781,14.180000305175781,191900,0.0,0.0,0.0
2020-11-27,14.170000076293945,14.390000343322754,14.15999984741211,14.390000343322754,92500,0.0,0.0,0.0
2020-11-30,14.34000015258789,14.34000015258789,14.09000015258789,14.149999618530273,185400,0.0,0.0,0.0
2020-12-01,14.1899995803833,14.199999809265137,13.970000267028809,13.970000267028809,248800,0.0,0.0,0.0
2020-12-02,13.9399995803833,14.100000381469727,13.859999656677246,14.069999694824219,1254900,0.0,0.0,0.0
2020-12-03,14.180000305175781,14.180000305175781,14.050000190734863,14.130000114440918,503100,0.0,0.0,0.0
2020-12-04,14.109999656677246,14.109999656677246,13.960000038146973,14.0,195900,0.0,0.0,0.0
2020-12-07,13.970000267028809,14.140000343322754,13.859999656677246,14.050000190734863,196200,0.0,0.0,0.0
2020-12-08,14.0,14.050000190734863,13.9399995803833,13.970000267028809,131100,0.0,0.0,0.0
2020-12-09,14.020000457763672,14.109999656677246,14.0,14.079999923706055,148900,0.0,0.0,0.0
2020-12-10,14.119999885559082,14.1899995803833,14.010000228881836,14.029999732971191,206000,0.0,0.0,0.0
2020-12-11,14.0,14.130000114440918,13.960000038146973,14.119999885559082,204300,0.0,0.0,0.0
2020-12-14,14.119999885559082,14.149999618530273,14.039999961853027,14.100000381469727,90800,0.0,0.0,0.0
2020-12-15,14.069999694824219,14.140000343322754,14.029999732971191,14.109999656677246,111800,0.0,0.0,0.0
2020-12-16,14.199999809265137,14.220000267028809,14.149999618530273,14.149999618530273,286700,0.0,0.0,0.0
2020-12-17,14.140000343322754,14.3100004196167,14.140000343322754,14.279999732971191,215300,0.0,0.0,0.0
2020-12-18,14.300000190734863,14.470000267028809,14.289999961853027,14.430000305175781,285300,0.0,0.0,0.0
2020-12-21,14.390000343322754,14.529999732971191,14.369999885559082,14.510000228881836,181900,0.0,0.0,0.0
2020-12-22,14.529999732971191,14.579999923706055,14.460000038146973,14.550000190734863,149800,0.0,0.0,0.0
2020-12-23,14.600000381469727,14.739999771118164,14.600000381469727,14.670000076293945,146700,0.0,0.0,0.0
2020-12-24,14.710000038146973,14.760000228881836,14.6899995803833,14.760000228881836,64600,0.0,0.0,0.0
2020-12-28,14.800000190734863,14.899999618530273,14.710000038146973,14.890000343322754,209900,0.0,0.0,0.0
2020-12-29,14.819999694824219,15.149999618530273,14.819999694824219,15.130000114440918,236300,0.0,0.0,0.0
2020-12-30,15.100000381469727,15.350000381469727,15.079999923706055,15.300000190734863,269700,0.0,0.0,0.0
2020-12-31,15.449999809265137,15.600000381469727,15.359999656677246,15.579999923706055,326400,0.0,0.0,0.0
2021-01-04,15.770000457763672,15.789999961853027,15.460000038146973,15.59000015258789,370100,0.0,0.0,0.0
2021-01-05,15.699999809265137,15.880000114440918,15.670000076293945,15.829999923706055,218400,0.0,0.0,0.0
2021-01-06,15.920000076293945,15.9399995803833,15.779999732971191,15.90999984741211,145400,0.0,0.0,0.0
2021-01-07,15.739999771118164,15.899999618530273,15.65999984741211,15.899999618530273,223100,0.0,0.0,0.0
2021-01-08,15.979999542236328,15.979999542236328,15.829999923706055,15.930000305175781,291600,0.0,0.0,0.0
2021-01-11,15.930000305175781,15.930000305175781,15.779999732971191,15.800000190734863,237600,0.0,0.0,0.0
2021-01-12,15.850000381469727,16.81999969482422,15.779999732971191,16.790000915527344,1124600,0.0,0.0,0.0
2021-01-13,17.0,17.010000228881836,16.639999389648438,16.670000076293945,451200,0.0,0.0,0.0
2021-01-14,16.670000076293945,17.0,16.649999618530273,16.950000762939453,275600,0.0,0.0,0.0
2021-01-15,16.940000534057617,16.950000762939453,16.809999465942383,16.899999618530273,198400,0.0,0.0,0.0
2021-01-19,16.850000381469727,16.889999389648438,16.65999984741211,16.690000534057617,274700,0.0,0.0,0.0
2021-01-20,16.43000030517578,16.6299991607666,16.360000610351562,16.479999542236328,428100,0.0,0.0,0.0
2021-01-21,16.739999771118164,16.75,16.530000686645508,16.530000686645508,167200,0.0,0.0,0.0
2021-01-22,16.399999618530273,16.43000030517578,15.800000190734863,15.850000381469727,469000,0.0,0.0,0.0
2021-01-25,15.779999732971191,16.239999771118164,15.720000267028809,16.15999984741211,362300,0.0,0.0,0.0
2021-01-26,16.40999984741211,16.719999313354492,16.40999984741211,16.639999389648438,225900,0.0,0.0,0.0
2021-01-27,16.8700008392334,16.899999618530273,16.559999465942383,16.600000381469727,232200,0.0,0.0,0.0
2021-01-28,16.81999969482422,17.059999465942383,16.510000228881836,16.56999969482422,173900,0.0,0.0,0.0
2021-01-29,16.829999923706055,17.020000457763672,16.530000686645508,16.8799991607666,285000,0.0,0.0,0.0
2021-02-01,16.950000762939453,16.959999084472656,16.719999313354492,16.959999084472656,390100,0.0,0.0,0.0
2021-02-02,16.809999465942383,16.889999389648438,16.739999771118164,16.799999237060547,187500,0.0,0.0,0.0
2021-02-03,16.760000228881836,16.989999771118164,16.6200008392334,16.950000762939453,239700,0.0,0.0,0.0
2021-02-04,17.030000686645508,17.059999465942383,16.8700008392334,16.940000534057617,106500,0.0,0.0,0.0
2021-02-05,17.0,17.049999237060547,16.899999618530273,16.959999084472656,133400,0.0,0.0,0.0
2021-02-08,17.09000015258789,17.3799991607666,17.049999237060547,17.309999465942383,488600,0.0,0.0,0.0
2021-02-09,17.360000610351562,17.5,16.829999923706055,17.100000381469727,644300,0.0,0.0,0.0
2021-02-10,16.850000381469727,16.850000381469727,16.540000915527344,16.579999923706055,2983600,0.0,0.0,0.0
2021-02-11,16.649999618530273,16.8799991607666,16.6299991607666,16.770000457763672,448500,0.0,0.0,0.0
2021-02-12,16.790000915527344,16.8799991607666,16.670000076293945,16.700000762939453,919300,0.0,0.0,0.0
2021-02-16,16.770000457763672,17.06999969482422,16.770000457763672,17.06999969482422,322600,0.0,0.0,0.0
2021-02-17,16.959999084472656,17.1200008392334,16.889999389648438,17.100000381469727,165000,0.0,0.0,0.0
2021-02-18,17.1299991607666,17.139999389648438,17.030000686645508,17.06999969482422,125100,0.0,0.0,0.0
2021-02-19,17.18000030517578,17.290000915527344,16.940000534057617,16.979999542236328,455700,0.0,0.0,0.0
2021-02-22,17.0,17.290000915527344,17.0,17.25,329500,0.0,0.0,0.0
2021-02-23,17.3700008392334,17.5,17.270000457763672,17.34000015258789,306400,0.0,0.0,0.0
2021-02-24,17.43000030517578,17.5,17.3700008392334,17.459999084472656,182200,0.0,0.0,0.0
2021-02-25,17.329999923706055,17.34000015258789,17.100000381469727,17.260000228881836,233800,0.0,0.0,0.0
2021-02-26,17.020000457763672,17.229999542236328,17.010000228881836,17.219999313354492,486500,0.0,0.0,0.0
2021-03-01,17.209999084472656,17.260000228881836,16.950000762939453,17.0,300600,0.0,0.0,0.0
2021-03-02,16.940000534057617,17.290000915527344,16.8799991607666,17.200000762939453,428400,0.0,0.0,0.0
2021-03-03,17.079999923706055,17.09000015258789,16.899999618530273,16.979999542236328,219700,0.0,0.0,0.0
2021-03-04,16.90999984741211,17.170000076293945,16.8700008392334,16.950000762939453,395100,0.0,0.0,0.0
2021-03-05,17.110000610351562,17.350000381469727,17.100000381469727,17.350000381469727,312800,0.0,0.0,0.0
2021-03-08,17.399999618530273,17.399999618530273,17.049999237060547,17.299999237060547,182800,0.0,0.0,0.0
2021-03-09,17.200000762939453,17.350000381469727,17.06999969482422,17.31999969482422,220900,0.0,0.0,0.0
2021-03-10,17.1299991607666,17.149999618530273,16.950000762939453,17.010000228881836,359800,0.0,0.0,0.0
2021-03-11,17.15999984741211,17.209999084472656,17.020000457763672,17.15999984741211,207200,0.0,0.0,0.0
2021-03-12,17.059999465942383,17.139999389648438,16.93000030517578,17.079999923706055,143800,0.0,0.0,0.0
2021-03-15,17.010000228881836,17.219999313354492,16.940000534057617,17.170000076293945,194000,0.0,0.0,0.0
2021-03-16,17.190000534057617,17.229999542236328,17.020000457763672,17.190000534057617,147200,0.0,0.0,0.0
2021-03-17,17.209999084472656,17.209999084472656,17.100000381469727,17.18000030517578,85000,0.0,0.0,0.0
2021-03-18,17.15999984741211,17.15999984741211,16.809999465942383,16.829999923706055,301300,0.0,0.0,0.0
2021-03-19,16.8700008392334,17.020000457763672,16.84000015258789,16.959999084472656,124600,0.0,0.0,0.0
2021-03-22,16.93000030517578,16.93000030517578,16.75,16.8799991607666,248600,0.0,0.0,0.0
2021-03-23,16.799999237060547,17.010000228881836,16.799999237060547,16.8799991607666,103000,0.0,0.0,0.0
2021-03-24,16.889999389648438,16.940000534057617,16.829999923706055,16.889999389648438,163200,0.0,0.0,0.0
2021-03-25,16.809999465942383,16.860000610351562,16.700000762939453,16.790000915527344,213300,0.0,0.0,0.0
2021-03-26,16.780000686645508,16.8799991607666,16.780000686645508,16.850000381469727,179500,0.0,0.0,0.0
2021-03-29,16.760000228881836,16.760000228881836,16.6200008392334,16.670000076293945,189100,0.0,0.0,0.0
2021-03-30,16.6299991607666,16.639999389648438,16.290000915527344,16.3799991607666,377500,0.0,0.0,0.0
2021-03-31,16.399999618530273,17.719999313354492,16.34000015258789,17.530000686645508,1125000,0.0,0.0,0.0
2021-04-01,17.709999084472656,17.75,17.229999542236328,17.34000015258789,495900,0.0,0.0,0.0
2021-04-05,17.399999618530273,17.600000381469727,17.299999237060547,17.34000015258789,158600,0.0,0.0,0.0
2021-04-06,17.5,17.5,17.219999313354492,17.290000915527344,121200,0.0,0.0,0.0
2021-04-07,17.3799991607666,17.389999389648438,17.229999542236328,17.329999923706055,129000,0.0,0.0,0.0
2021-04-08,17.549999237060547,17.799999237060547,17.459999084472656,17.760000228881836,264200,0.0,0.0,0.0
2021-04-09,17.8700008392334,18.1299991607666,17.719999313354492,17.760000228881836,400900,0.0,0.0,0.0
2021-04-12,17.860000610351562,17.860000610351562,17.610000610351562,17.649999618530273,210700,0.0,0.0,0.0
2021-04-13,17.790000915527344,18.079999923706055,17.780000686645508,18.010000228881836,215200,0.0,0.0,0.0
2021-04-14,18.229999542236328,18.479999542236328,18.200000762939453,18.389999389648438,250300,0.0,0.0,0.0
2021-04-15,18.540000915527344,18.540000915527344,18.260000228881836,18.399999618530273,218600,0.0,0.0,0.0
2021-04-16,18.5,18.5,18.260000228881836,18.3700008392334,230500,0.0,0.0,0.0
2021-04-19,18.5,18.639999389648438,18.5,18.600000381469727,265100,0.0,0.0,0.0
2021-04-20,18.729999542236328,19.079999923706055,18.729999542236328,18.979999542236328,419300,0.0,0.0,0.0
2021-04-21,18.93000030517578,19.399999618530273,18.770000457763672,19.25,356000,0.0,0.0,0.0
2021-04-22,19.420000076293945,20.100000381469727,19.290000915527344,20.0,514900,0.0,0.0,0.0
2021-04-23,19.75,20.040000915527344,19.709999084472656,20.010000228881836,371900,0.0,0.0,0.0
2021-04-26,20.5,20.799999237060547,20.25,20.670000076293945,807200,0.0,0.0,0.0
2021-04-27,20.649999618530273,20.8700008392334,20.110000610351562,20.459999084472656,529600,0.0,0.0,0.0
2021-04-28,19.959999084472656,20.610000610351562,19.739999771118164,19.860000610351562,797400,0.0,0.0,0.0
2021-04-29,19.969999313354492,20.010000228881836,19.68000030517578,19.989999771118164,362900,0.0,0.0,0.0
2021-04-30,19.899999618530273,20.84000015258789,19.899999618530273,20.790000915527344,380900,0.0,0.0,0.0
2021-05-03,21.280000686645508,21.440000534057617,20.65999984741211,20.75,430300,0.0,0.0,0.0
2021-05-04,20.989999771118164,21.469999313354492,20.989999771118164,21.469999313354492,712900,0.0,0.0,0.0
2021-05-05,21.59000015258789,22.079999923706055,21.389999389648438,22.0,732000,0.0,0.0,0.0
2021-05-06,22.149999618530273,22.719999313354492,21.989999771118164,22.600000381469727,1064500,0.0,0.0,0.0
2021-05-07,22.809999465942383,22.979999542236328,22.34000015258789,22.90999984741211,923500,0.0,0.0,0.0
2021-05-10,22.739999771118164,22.739999771118164,22.010000228881836,22.1200008392334,746200,0.0,0.0,0.0
2021-05-11,22.239999771118164,22.489999771118164,22.15999984741211,22.280000686645508,777500,0.0,0.0,0.0
2021-05-12,22.299999237060547,22.299999237060547,21.459999084472656,21.690000534057617,862400,0.0,0.0,0.0
2021-05-13,21.479999542236328,21.479999542236328,20.200000762939453,20.530000686645508,1364400,0.0,0.0,0.0
2021-05-14,21.030000686645508,21.1200008392334,19.8799991607666,19.920000076293945,827000,0.0,0.0,0.0
2021-05-17,19.90999984741211,20.15999984741211,19.75,19.8799991607666,905200,0.0,0.0,0.0
2021-05-18,20.15999984741211,20.309999465942383,20.010000228881836,20.190000534057617,445400,0.0,0.0,0.0
2021-05-19,19.729999542236328,20.190000534057617,19.440000534057617,20.139999389648438,579300,0.0,0.0,0.0
2021-05-20,20.200000762939453,20.610000610351562,20.1200008392334,20.40999984741211,252800,0.0,0.0,0.0
2021-05-21,20.25,20.3799991607666,20.1299991607666,20.18000030517578,570100,0.0,0.0,0.0
2021-05-24,19.799999237060547,20.1299991607666,19.700000762939453,20.06999969482422,274000,0.0,0.0,0.0
2021-05-25,20.0,20.010000228881836,19.229999542236328,19.280000686645508,589600,0.0,0.0,0.0
2021-05-26,19.209999084472656,19.520000457763672,18.829999923706055,19.459999084472656,623600,0.0,0.0,0.0
2021-05-27,19.639999389648438,20.739999771118164,19.639999389648438,20.559999465942383,587800,0.0,0.0,0.0
2021-05-28,20.420000076293945,20.639999389648438,20.219999313354492,20.290000915527344,228900,0.0,0.0,0.0
2021-06-01,21.0,21.469999313354492,20.969999313354492,21.1200008392334,421200,0.0,0.0,0.0
2021-06-02,21.200000762939453,21.270000457763672,20.709999084472656,20.940000534057617,188000,0.0,0.0,0.0
2021-06-03,21.209999084472656,21.209999084472656,20.520000457763672,20.75,162100,0.0,0.0,0.0
2021-06-04,21.049999237060547,21.469999313354492,21.049999237060547,21.420000076293945,251400,0.0,0.0,0.0
2021-06-07,22.079999923706055,22.1299991607666,21.700000762939453,21.850000381469727,326200,0.0,0.0,0.0
2021-06-08,22.040000915527344,22.329999923706055,22.0,22.209999084472656,295800,0.0,0.0,0.0
2021-06-09,21.90999984741211,22.3799991607666,21.75,22.219999313354492,261200,0.0,0.0,0.0
2021-06-10,22.3700008392334,22.729999542236328,22.25,22.459999084472656,335800,0.0,0.0,0.0
2021-06-11,22.139999389648438,22.280000686645508,21.739999771118164,22.239999771118164,260700,0.0,0.0,0.0
2021-06-14,21.229999542236328,21.610000610351562,21.06999969482422,21.329999923706055,336800,0.0,0.0,0.0
2021-06-15,20.940000534057617,21.18000030517578,20.709999084472656,21.059999465942383,289900,0.0,0.0,0.0
2021-06-16,21.239999771118164,21.5,20.940000534057617,20.959999084472656,223500,0.0,0.0,0.0
2021-06-17,20.3799991607666,20.530000686645508,19.56999969482422,19.649999618530273,695700,0.0,0.0,0.0
2021-06-18,20.209999084472656,20.940000534057617,19.989999771118164,20.579999923706055,402700,0.0,0.0,0.0
2021-06-21,19.950000762939453,20.690000534057617,19.739999771118164,20.459999084472656,243000,0.0,0.0,0.0
2021-06-22,20.209999084472656,20.260000228881836,19.770000457763672,19.8700008392334,149700,0.0,0.0,0.0
2021-06-23,19.8700008392334,19.93000030517578,19.520000457763672,19.770000457763672,193700,0.0,0.0,0.0
2021-06-24,19.350000381469727,19.950000762939453,19.1299991607666,19.739999771118164,274200,0.0,0.0,0.0
2021-06-25,19.68000030517578,19.68000030517578,19.190000534057617,19.200000762939453,314000,0.0,0.0,0.0
2021-06-28,19.200000762939453,20.139999389648438,19.200000762939453,20.049999237060547,355700,0.0,0.0,0.0
2021-06-29,20.18000030517578,20.489999771118164,20.010000228881836,20.020000457763672,663600,0.0,0.0,0.0
2021-06-30,19.68000030517578,21.5,19.450000762939453,21.3700008392334,1242400,0.0,0.0,0.0
2021-07-01,21.979999542236328,22.06999969482422,21.219999313354492,21.350000381469727,280100,0.0,0.0,0.0
2021-07-02,21.34000015258789,21.350000381469727,20.959999084472656,21.06999969482422,166400,0.0,0.0,0.0
2021-07-06,20.979999542236328,20.979999542236328,19.329999923706055,19.829999923706055,802600,0.0,0.0,0.0
2021-07-07,19.719999313354492,19.84000015258789,19.25,19.670000076293945,157400,0.0,0.0,0.0
2021-07-08,19.5,19.780000686645508,19.350000381469727,19.399999618530273,194800,0.0,0.0,0.0
2021-07-09,19.350000381469727,19.360000610351562,18.989999771118164,19.1299991607666,199700,0.0,0.0,0.0
2021-07-12,19.3700008392334,19.81999969482422,19.219999313354492,19.719999313354492,557000,0.0,0.0,0.0
2021-07-13,19.850000381469727,20.219999313354492,19.760000228881836,19.989999771118164,213200,0.0,0.0,0.0
2021-07-14,20.059999465942383,20.56999969482422,20.059999465942383,20.489999771118164,304400,0.0,0.0,0.0
2021-07-15,20.469999313354492,20.530000686645508,20.190000534057617,20.40999984741211,121400,0.0,0.0,0.0
2021-07-16,20.559999465942383,20.709999084472656,20.209999084472656,20.219999313354492,188500,0.0,0.0,0.0
2021-07-19,20.510000228881836,20.6200008392334,20.049999237060547,20.350000381469727,211900,0.0,0.0,0.0
2021-07-20,20.600000381469727,20.850000381469727,20.540000915527344,20.75,199200,0.0,0.0,0.0
2021-07-21,20.969999313354492,20.969999313354492,20.6299991607666,20.799999237060547,65900,0.0,0.0,0.0
2021-07-22,20.299999237060547,20.770000457763672,20.299999237060547,20.559999465942383,51900,0.0,0.0,0.0
2021-07-23,20.559999465942383,20.56999969482422,19.959999084472656,20.010000228881836,77900,0.0,0.0,0.0
2021-07-26,19.75,20.239999771118164,19.709999084472656,20.239999771118164,629700,0.0,0.0,0.0
2021-07-27,20.6299991607666,20.639999389648438,20.100000381469727,20.25,333300,0.0,0.0,0.0
2021-07-28,20.200000762939453,20.360000610351562,20.170000076293945,20.25,88600,0.0,0.0,0.0
2021-07-29,20.34000015258789,20.520000457763672,20.299999237060547,20.450000762939453,123000,0.0,0.0,0.0
2021-07-30,20.299999237060547,20.299999237060547,20.06999969482422,20.1200008392334,135600,0.0,0.0,0.0
2021-08-02,20.1299991607666,20.6299991607666,20.1299991607666,20.610000610351562,122900,0.0,0.0,0.0
2021-08-03,20.489999771118164,20.799999237060547,20.239999771118164,20.479999542236328,131500,0.0,0.0,0.0
2021-08-04,20.479999542236328,20.6200008392334,20.100000381469727,20.31999969482422,89500,0.0,0.0,0.0
2021-08-05,20.3799991607666,20.6299991607666,20.3799991607666,20.479999542236328,76500,0.0,0.0,0.0
2021-08-06,20.540000915527344,20.739999771118164,20.459999084472656,20.719999313354492,167200,0.0,0.0,0.0
2021-08-09,20.549999237060547,20.729999542236328,20.540000915527344,20.690000534057617,75100,0.0,0.0,0.0
2021-08-10,20.56999969482422,20.68000030517578,20.530000686645508,20.610000610351562,79500,0.0,0.0,0.0
2021-08-11,20.729999542236328,20.829999923706055,20.639999389648438,20.739999771118164,137500,0.0,0.0,0.0
2021-08-12,20.719999313354492,21.709999084472656,20.5,21.1299991607666,314900,0.0,0.0,0.0
2021-08-13,21.34000015258789,21.3700008392334,21.030000686645508,21.1200008392334,133900,0.0,0.0,0.0
2021-08-16,21.059999465942383,21.06999969482422,20.81999969482422,21.030000686645508,126600,0.0,0.0,0.0
2021-08-17,20.93000030517578,21.040000915527344,20.75,20.829999923706055,145000,0.0,0.0,0.0
2021-08-18,20.93000030517578,20.93000030517578,20.770000457763672,20.829999923706055,69600,0.0,0.0,0.0
2021-08-19,20.610000610351562,20.729999542236328,20.290000915527344,20.459999084472656,213900,0.0,0.0,0.0
2021-08-20,20.270000457763672,20.280000686645508,19.829999923706055,19.959999084472656,117500,0.0,0.0,0.0
2021-08-23,20.030000686645508,20.139999389648438,19.729999542236328,19.959999084472656,119000,0.0,0.0,0.0
2021-08-24,20.059999465942383,20.350000381469727,20.010000228881836,20.270000457763672,107400,0.0,0.0,0.0
2021-08-25,20.299999237060547,20.75,20.219999313354492,20.610000610351562,123200,0.0,0.0,0.0
2021-08-26,20.530000686645508,20.6299991607666,20.459999084472656,20.489999771118164,81400,0.0,0.0,0.0
2021-08-27,20.389999389648438,20.600000381469727,20.290000915527344,20.56999969482422,88900,0.0,0.0,0.0
2021-08-30,20.559999465942383,20.559999465942383,20.059999465942383,20.309999465942383,96100,0.0,0.0,0.0
2021-08-31,20.1200008392334,20.1200008392334,19.719999313354492,20.0,112900,0.0,0.0,0.0
2021-09-01,19.81999969482422,19.889999389648438,19.56999969482422,19.709999084472656,103600,0.0,0.0,0.0
2021-09-02,19.690000534057617,19.889999389648438,19.59000015258789,19.700000762939453,55100,0.0,0.0,0.0
2021-09-03,19.649999618530273,19.860000610351562,19.639999389648438,19.68000030517578,66600,0.0,0.0,0.0
2021-09-07,19.68000030517578,19.729999542236328,19.299999237060547,19.299999237060547,145200,0.0,0.0,0.0
2021-09-08,19.389999389648438,19.520000457763672,19.239999771118164,19.329999923706055,200800,0.0,0.0,0.0
2021-09-09,19.209999084472656,19.350000381469727,19.149999618530273,19.260000228881836,103600,0.0,0.0,0.0
2021-09-10,19.239999771118164,19.690000534057617,18.920000076293945,19.469999313354492,172000,0.0,0.0,0.0
2021-09-13,19.399999618530273,19.5,19.25,19.350000381469727,135300,0.0,0.0,0.0
2021-09-14,19.479999542236328,19.6200008392334,19.40999984741211,19.59000015258789,59000,0.0,0.0,0.0
2021-09-15,19.790000915527344,19.989999771118164,19.649999618530273,19.979999542236328,158000,0.0,0.0,0.0
2021-09-16,19.950000762939453,20.030000686645508,19.770000457763672,19.780000686645508,75200,0.0,0.0,0.0
2021-09-17,19.799999237060547,19.799999237060547,19.59000015258789,19.739999771118164,52500,0.0,0.0,0.0
2021-09-20,19.440000534057617,19.639999389648438,19.34000015258789,19.59000015258789,209800,0.0,0.0,0.0
2021-09-21,19.549999237060547,19.549999237060547,19.280000686645508,19.360000610351562,75500,0.0,0.0,0.0
2021-09-22,19.479999542236328,19.670000076293945,19.469999313354492,19.6299991607666,144100,0.0,0.0,0.0
2021-09-23,19.579999923706055,19.850000381469727,19.530000686645508,19.809999465942383,71800,0.0,0.0,0.0
2021-09-24,19.799999237060547,19.799999237060547,19.65999984741211,19.729999542236328,36700,0.0,0.0,0.0
2021-09-27,19.719999313354492,20.25,19.690000534057617,20.229999542236328,180200,0.0,0.0,0.0
2021-09-28,20.25,20.270000457763672,20.030000686645508,20.059999465942383,89700,0.0,0.0,0.0
2021-09-29,20.149999618530273,20.329999923706055,20.09000015258789,20.25,112800,0.0,0.0,0.0
2021-09-30,20.260000228881836,20.530000686645508,19.889999389648438,20.170000076293945,183600,0.0,0.0,0.0
2021-10-01,20.34000015258789,20.549999237060547,20.18000030517578,20.510000228881836,159300,0.0,0.0,0.0
2021-10-04,20.309999465942383,20.729999542236328,20.309999465942383,20.520000457763672,176100,0.0,0.0,0.0
2021-10-05,20.3799991607666,20.469999313354492,20.260000228881836,20.309999465942383,172000,0.0,0.0,0.0
2021-10-06,20.489999771118164,20.56999969482422,20.200000762939453,20.299999237060547,60800,0.0,0.0,0.0
2021-10-07,20.280000686645508,20.280000686645508,20.020000457763672,20.239999771118164,184700,0.0,0.0,0.0
2021-10-08,20.3700008392334,20.3700008392334,20.139999389648438,20.139999389648438,44200,0.0,0.0,0.0
2021-10-11,20.260000228881836,20.31999969482422,20.100000381469727,20.270000457763672,864600,0.0,0.0,0.0
2021-10-12,20.200000762939453,20.200000762939453,19.809999465942383,19.959999084472656,419200,0.0,0.0,0.0
2021-10-13,19.809999465942383,19.8700008392334,19.3700008392334,19.530000686645508,448000,0.0,0.0,0.0
2021-10-14,19.649999618530273,19.770000457763672,19.559999465942383,19.670000076293945,687300,0.0,0.0,0.0
2021-10-15,19.889999389648438,20.06999969482422,19.860000610351562,20.020000457763672,144500,0.0,0.0,0.0
2021-10-18,19.8700008392334,20.200000762939453,19.829999923706055,20.149999618530273,711800,0.0,0.0,0.0
2021-10-19,20.219999313354492,20.280000686645508,20.059999465942383,20.110000610351562,151300,0.0,0.0,0.0
2021-10-20,20.209999084472656,20.479999542236328,20.1200008392334,20.440000534057617,129400,0.0,0.0,0.0
2021-10-21,20.31999969482422,20.3799991607666,20.170000076293945,20.209999084472656,81400,0.0,0.0,0.0
2021-10-22,20.239999771118164,20.40999984741211,20.239999771118164,20.3799991607666,104800,0.0,0.0,0.0
2021-10-25,20.459999084472656,20.459999084472656,20.309999465942383,20.389999389648438,89800,0.0,0.0,0.0
2021-10-26,20.360000610351562,20.700000762939453,20.209999084472656,20.5,149500,0.0,0.0,0.0
2021-10-27,20.5,21.170000076293945,20.459999084472656,21.040000915527344,222500,0.0,0.0,0.0
2021-10-28,21.030000686645508,21.399999618530273,20.940000534057617,21.229999542236328,156700,0.0,0.0,0.0
2021-10-29,21.239999771118164,21.3700008392334,21.030000686645508,21.3700008392334,147800,0.0,0.0,0.0
2021-11-01,21.420000076293945,21.739999771118164,21.420000076293945,21.65999984741211,146400,0.0,0.0,0.0
2021-11-02,21.700000762939453,21.850000381469727,21.399999618530273,21.459999084472656,163200,0.0,0.0,0.0
2021-11-03,21.399999618530273,21.469999313354492,21.1299991607666,21.170000076293945,137300,0.0,0.0,0.0
2021-11-04,21.3700008392334,21.389999389648438,20.940000534057617,21.020000457763672,98400,0.0,0.0,0.0
2021-11-05,21.0,21.040000915527344,20.81999969482422,20.81999969482422,109200,0.0,0.0,0.0
2021-11-08,20.799999237060547,20.90999984741211,20.760000228881836,20.799999237060547,101800,0.0,0.0,0.0
2021-11-09,20.850000381469727,21.18000030517578,20.690000534057617,20.979999542236328,139100,0.0,0.0,0.0
2021-11-10,21.049999237060547,21.440000534057617,21.049999237060547,21.360000610351562,104000,0.0,0.0,0.0
2021-11-11,21.389999389648438,21.6200008392334,21.219999313354492,21.280000686645508,119400,0.0,0.0,0.0
2021-11-12,21.360000610351562,21.649999618530273,21.219999313354492,21.530000686645508,114300,0.0,0.0,0.0
2021-11-15,21.420000076293945,21.559999465942383,21.34000015258789,21.469999313354492,71300,0.0,0.0,0.0
2021-11-16,21.540000915527344,21.540000915527344,21.299999237060547,21.350000381469727,81000,0.0,0.0,0.0
2021-11-17,21.40999984741211,21.729999542236328,21.40999984741211,21.489999771118164,136600,0.0,0.0,0.0
2021-11-18,21.56999969482422,21.75,21.389999389648438,21.389999389648438,88100,0.0,0.0,0.0
2021-11-19,21.360000610351562,21.489999771118164,21.25,21.389999389648438,103200,0.0,0.0,0.0
2021-11-22,21.520000457763672,21.639999389648438,21.450000762939453,21.59000015258789,140200,0.0,0.0,0.0
2021-11-23,21.549999237060547,21.770000457763672,21.479999542236328,21.770000457763672,135000,0.0,0.0,0.0
2021-11-24,21.850000381469727,21.989999771118164,21.56999969482422,21.600000381469727,170900,0.0,0.0,0.0
2021-11-26,21.43000030517578,21.8799991607666,20.809999465942383,21.8799991607666,147700,0.0,0.0,0.0
2021-11-29,21.8799991607666,21.8799991607666,21.399999618530273,21.540000915527344,114100,0.0,0.0,0.0
2021-11-30,21.219999313354492,21.360000610351562,20.84000015258789,21.030000686645508,296200,0.0,0.0,0.0
2021-12-01,21.049999237060547,21.239999771118164,20.979999542236328,21.06999969482422,170800,0.0,0.0,0.0
2021-12-02,21.3700008392334,21.440000534057617,21.239999771118164,21.280000686645508,446100,0.0,0.0,0.0
2021-12-03,21.459999084472656,21.56999969482422,21.360000610351562,21.479999542236328,86900,0.0,0.0,0.0
2021-12-06,21.40999984741211,21.520000457763672,21.209999084472656,21.520000457763672,146400,0.0,0.0,0.0
2021-12-07,21.520000457763672,21.68000030517578,21.3700008392334,21.579999923706055,99900,0.0,0.0,0.0
2021-12-08,21.399999618530273,21.65999984741211,21.399999618530273,21.56999969482422,71200,0.0,0.0,0.0
2021-12-09,21.5,21.700000762939453,21.3700008392334,21.6299991607666,83700,0.0,0.0,0.0
2021-12-10,21.610000610351562,21.719999313354492,21.510000228881836,21.600000381469727,52100,0.0,0.0,0.0
2021-12-13,21.540000915527344,21.540000915527344,21.309999465942383,21.360000610351562,90600,0.0,0.0,0.0
2021-12-14,21.280000686645508,21.65999984741211,21.280000686645508,21.520000457763672,74100,0.0,0.0,0.0
2021-12-15,21.59000015258789,21.68000030517578,21.229999542236328,21.420000076293945,256600,0.0,0.0,0.0
2021-12-16,21.420000076293945,21.579999923706055,21.3700008392334,21.56999969482422,36000,0.0,0.0,0.0
2021-12-17,21.459999084472656,21.75,21.459999084472656,21.510000228881836,158000,0.0,0.0,0.0
2021-12-20,21.489999771118164,21.579999923706055,21.399999618530273,21.5,90100,0.0,0.0,0.0
2021-12-21,21.399999618530273,21.770000457763672,21.399999618530273,21.700000762939453,56200,0.0,0.0,0.0
2021-12-22,21.8799991607666,22.0,21.770000457763672,21.899999618530273,201100,0.0,0.0,0.0
2021-12-23,21.860000610351562,22.049999237060547,21.850000381469727,22.049999237060547,126500,0.0,0.0,0.0
2021-12-27,22.15999984741211,22.280000686645508,22.079999923706055,22.270000457763672,148900,0.0,0.0,0.0
2021-12-28,22.219999313354492,22.229999542236328,21.850000381469727,21.860000610351562,112700,0.0,0.0,0.0
2021-12-29,21.75,22.079999923706055,21.6200008392334,21.969999313354492,133700,0.0,0.0,0.0
2021-12-30,21.809999465942383,21.860000610351562,21.510000228881836,21.56999969482422,167400,0.0,0.0,0.0
2021-12-31,21.59000015258789,21.729999542236328,21.540000915527344,21.540000915527344,44500,0.0,0.0,0.0
2022-01-03,21.75,21.770000457763672,21.34000015258789,21.5,109800,0.0,0.0,0.0
2022-01-04,21.56999969482422,22.040000915527344,21.56999969482422,22.040000915527344,113000,0.0,0.0,0.0
2022-01-05,21.950000762939453,22.010000228881836,21.809999465942383,21.81999969482422,111700,0.0,0.0,0.0
2022-01-06,21.75,21.93000030517578,21.649999618530273,21.889999389648438,101200,0.0,0.0,0.0
2022-01-07,21.809999465942383,22.020000457763672,21.719999313354492,22.020000457763672,54700,0.0,0.0,0.0
2022-01-10,21.889999389648438,21.899999618530273,21.700000762939453,21.81999969482422,42400,0.0,0.0,0.0
2022-01-11,21.90999984741211,21.969999313354492,21.790000915527344,21.8700008392334,85900,0.0,0.0,0.0
2022-01-12,21.8799991607666,21.950000762939453,21.559999465942383,21.84000015258789,167500,0.0,0.0,0.0
2022-01-13,21.739999771118164,21.739999771118164,21.459999084472656,21.520000457763672,68500,0.0,0.0,0.0
2022-01-14,21.59000015258789,21.829999923706055,21.530000686645508,21.829999923706055,66500,0.0,0.0,0.0
2022-01-18,21.600000381469727,21.860000610351562,21.59000015258789,21.84000015258789,45700,0.0,0.0,0.0
2022-01-19,22.0,22.280000686645508,21.979999542236328,22.190000534057617,231800,0.0,0.0,0.0
2022-01-20,22.139999389648438,22.25,22.010000228881836,22.059999465942383,115000,0.0,0.0,0.0
2022-01-21,22.049999237060547,22.280000686645508,21.979999542236328,22.260000228881836,100500,0.0,0.0,0.0
2022-01-24,22.170000076293945,22.350000381469727,21.920000076293945,22.350000381469727,186100,0.0,0.0,0.0
2022-01-25,22.360000610351562,22.6200008392334,22.329999923706055,22.399999618530273,337400,0.0,0.0,0.0
2022-01-26,22.43000030517578,22.610000610351562,22.299999237060547,22.56999969482422,120000,0.0,0.0,0.0
2022-01-27,22.59000015258789,22.59000015258789,22.360000610351562,22.40999984741211,206000,0.0,0.0,0.0
2022-01-28,22.40999984741211,22.75,22.40999984741211,22.75,145600,0.0,0.0,0.0
2022-01-31,22.920000076293945,22.940000534057617,22.5,22.610000610351562,202000,0.0,0.0,0.0
2022-02-01,22.68000030517578,22.959999084472656,22.649999618530273,22.889999389648438,144200,0.0,0.0,0.0
2022-02-02,22.979999542236328,22.979999542236328,22.34000015258789,22.540000915527344,138200,0.0,0.0,0.0
2022-02-03,22.31999969482422,22.420000076293945,22.110000610351562,22.360000610351562,119900,0.0,0.0,0.0
2022-02-04,22.31999969482422,22.59000015258789,22.290000915527344,22.559999465942383,108000,0.0,0.0,0.0
2022-02-07,22.8700008392334,23.059999465942383,22.75,23.049999237060547,287700,0.0,0.0,0.0
2022-02-08,22.899999618530273,23.020000457763672,22.760000228881836,22.950000762939453,303400,0.0,0.0,0.0
2022-02-09,23.0,23.299999237060547,22.93000030517578,23.280000686645508,272200,0.0,0.0,0.0
2022-02-10,23.5,23.770000457763672,23.0,23.059999465942383,370300,0.0,0.0,0.0
2022-02-11,23.15999984741211,23.6200008392334,23.100000381469727,23.489999771118164,231200,0.0,0.0,0.0
2022-02-14,23.360000610351562,23.68000030517578,23.170000076293945,23.65999984741211,235900,0.0,0.0,0.0
2022-02-15,23.329999923706055,23.329999923706055,23.010000228881836,23.059999465942383,199100,0.0,0.0,0.0
2022-02-16,23.1200008392334,23.389999389648438,23.1200008392334,23.309999465942383,224900,0.0,0.0,0.0
2022-02-17,23.329999923706055,23.479999542236328,23.229999542236328,23.399999618530273,214100,0.0,0.0,0.0
2022-02-18,23.399999618530273,23.68000030517578,23.399999618530273,23.610000610351562,144400,0.0,0.0,0.0
2022-02-22,23.780000686645508,24.219999313354492,23.670000076293945,24.209999084472656,353400,0.0,0.0,0.0
2022-02-23,24.139999389648438,24.40999984741211,23.989999771118164,24.34000015258789,341000,0.0,0.0,0.0
2022-02-24,25.709999084472656,25.75,24.299999237060547,24.5,820000,0.0,0.0,0.0
2022-02-25,23.729999542236328,23.850000381469727,23.200000762939453,23.3799991607666,487300,0.0,0.0,0.0
2022-02-28,24.100000381469727,24.670000076293945,23.920000076293945,24.579999923706055,455400,0.0,0.0,0.0
2022-03-01,25.459999084472656,25.649999618530273,25.299999237060547,25.6299991607666,638000,0.0,0.0,0.0
2022-03-02,25.719999313354492,25.719999313354492,24.850000381469727,25.25,436500,0.0,0.0,0.0
2022-03-03,25.34000015258789,26.290000915527344,25.1200008392334,25.530000686645508,1510800,0.0,0.0,0.0
2022-03-04,26.68000030517578,27.770000457763672,25.350000381469727,26.139999389648438,1967200,0.0,0.0,0.0
2022-03-07,26.309999465942383,26.6200008392334,25.809999465942383,26.59000015258789,1314800,0.0,0.0,0.0
2022-03-08,26.110000610351562,26.579999923706055,25.469999313354492,26.270000457763672,868800,0.0,0.0,0.0
2022-03-09,25.93000030517578,26.139999389648438,25.510000228881836,25.829999923706055,413700,0.0,0.0,0.0
2022-03-10,26.139999389648438,26.549999237060547,25.850000381469727,26.3799991607666,351700,0.0,0.0,0.0
2022-03-11,26.15999984741211,26.6200008392334,26.020000457763672,26.59000015258789,290500,0.0,0.0,0.0
2022-03-14,26.399999618530273,26.639999389648438,25.93000030517578,26.0,455200,0.0,0.0,0.0
2022-03-15,25.770000457763672,26.389999389648438,25.649999618530273,26.219999313354492,192600,0.0,0.0,0.0
2022-03-16,26.209999084472656,26.209999084472656,25.18000030517578,25.34000015258789,469200,0.0,0.0,0.0
2022-03-17,25.6200008392334,26.190000534057617,25.6200008392334,26.1200008392334,254600,0.0,0.0,0.0
2022-03-18,26.06999969482422,26.06999969482422,25.709999084472656,26.010000228881836,151100,0.0,0.0,0.0
2022-03-21,26.489999771118164,26.940000534057617,26.360000610351562,26.75,713500,0.0,0.0,0.0
2022-03-22,26.850000381469727,26.850000381469727,26.489999771118164,26.81999969482422,305300,0.0,0.0,0.0
2022-03-23,27.049999237060547,27.299999237060547,26.899999618530273,26.989999771118164,347200,0.0,0.0,0.0
2022-03-24,26.940000534057617,26.940000534057617,26.639999389648438,26.690000534057617,247900,0.0,0.0,0.0
2022-03-25,26.799999237060547,26.920000076293945,26.649999618530273,26.8799991607666,305800,0.0,0.0,0.0
2022-03-28,26.579999923706055,26.709999084472656,26.40999984741211,26.690000534057617,290700,0.0,0.0,0.0
2022-03-29,25.969999313354492,26.1299991607666,25.25,26.040000915527344,653300,0.0,0.0,0.0
2022-03-30,26.3799991607666,26.719999313354492,26.209999084472656,26.360000610351562,206600,0.0,0.0,0.0
2022-03-31,26.510000228881836,27.729999542236328,26.34000015258789,27.15999984741211,821300,0.0,0.0,0.0
2022-04-01,27.219999313354492,27.3799991607666,26.920000076293945,27.059999465942383,382900,0.0,0.0,0.0
2022-04-04,27.549999237060547,27.670000076293945,27.3799991607666,27.649999618530273,377700,0.0,0.0,0.0
2022-04-05,28.049999237060547,28.190000534057617,27.84000015258789,27.8799991607666,520000,0.0,0.0,0.0
2022-04-06,27.84000015258789,28.06999969482422,27.709999084472656,27.8799991607666,277200,0.0,0.0,0.0
2022-04-07,27.790000915527344,28.09000015258789,27.700000762939453,28.06999969482422,237200,0.0,0.0,0.0
2022-04-08,28.110000610351562,28.399999618530273,27.920000076293945,28.34000015258789,314700,0.0,0.0,0.0
2022-04-11,28.649999618530273,28.68000030517578,28.25,28.399999618530273,431800,0.0,0.0,0.0
2022-04-12,28.739999771118164,28.940000534057617,28.719999313354492,28.8799991607666,622800,0.0,0.0,0.0
2022-04-13,28.860000610351562,29.170000076293945,28.600000381469727,29.100000381469727,546000,0.0,0.0,0.0
2022-04-14,29.15999984741211,29.280000686645508,28.950000762939453,29.209999084472656,473400,0.0,0.0,0.0
2022-04-18,29.579999923706055,29.940000534057617,29.510000228881836,29.850000381469727,793300,0.0,0.0,0.0
2022-04-19,29.760000228881836,29.850000381469727,29.610000610351562,29.670000076293945,492200,0.0,0.0,0.0
2022-04-20,29.68000030517578,29.899999618530273,29.309999465942383,29.8799991607666,362300,0.0,0.0,0.0
2022-04-21,29.739999771118164,29.739999771118164,29.34000015258789,29.399999618530273,433700,0.0,0.0,0.0
2022-04-22,29.540000915527344,29.59000015258789,28.84000015258789,28.940000534057617,467900,0.0,0.0,0.0
2022-04-25,28.850000381469727,29.350000381469727,28.700000762939453,29.34000015258789,455500,0.0,0.0,0.0
2022-04-26,29.639999389648438,29.809999465942383,29.25,29.68000030517578,399200,0.0,0.0,0.0
2022-04-27,29.59000015258789,30.100000381469727,29.5,30.049999237060547,713100,0.0,0.0,0.0
2022-04-28,30.1200008392334,30.190000534057617,29.799999237060547,30.0,382000,0.0,0.0,0.0
2022-04-29,30.049999237060547,30.299999237060547,29.93000030517578,29.979999542236328,562300,0.0,0.0,0.0
2022-05-02,29.649999618530273,29.700000762939453,29.18000030517578,29.6299991607666,577900,0.0,0.0,0.0
2022-05-03,29.760000228881836,29.90999984741211,29.139999389648438,29.290000915527344,359800,0.0,0.0,0.0
2022-05-04,29.520000457763672,29.56999969482422,29.010000228881836,29.299999237060547,261600,0.0,0.0,0.0
2022-05-05,29.5,29.5,29.170000076293945,29.40999984741211,387200,0.0,0.0,0.0
2022-05-06,29.3700008392334,29.3700008392334,28.649999618530273,28.93000030517578,476900,0.0,0.0,0.0
2022-05-09,28.450000762939453,28.65999984741211,28.149999618530273,28.200000762939453,576700,0.0,0.0,0.0
2022-05-10,28.34000015258789,28.610000610351562,28.239999771118164,28.559999465942383,266500,0.0,0.0,0.0
2022-05-11,28.790000915527344,29.239999771118164,28.790000915527344,29.209999084472656,693600,0.0,0.0,0.0
2022-05-12,29.219999313354492,29.739999771118164,29.049999237060547,29.6200008392334,673700,0.0,0.0,0.0
2022-05-13,29.639999389648438,29.639999389648438,29.1200008392334,29.309999465942383,258600,0.0,0.0,0.0
2022-05-16,29.6299991607666,29.979999542236328,29.600000381469727,29.979999542236328,568100,0.0,0.0,0.0
2022-05-17,29.979999542236328,30.040000915527344,29.809999465942383,29.8700008392334,497300,0.0,0.0,0.0
2022-05-18,29.719999313354492,29.719999313354492,29.059999465942383,29.15999984741211,504000,0.0,0.0,0.0
2022-05-19,28.829999923706055,29.329999923706055,28.799999237060547,29.040000915527344,267100,0.0,0.0,0.0
2022-05-20,28.979999542236328,29.059999465942383,28.809999465942383,28.969999313354492,385500,0.0,0.0,0.0
2022-05-23,29.200000762939453,29.270000457763672,28.8700008392334,29.229999542236328,210900,0.0,0.0,0.0
2022-05-24,29.1200008392334,29.1200008392334,28.350000381469727,28.729999542236328,278600,0.0,0.0,0.0
2022-05-25,28.229999542236328,28.670000076293945,28.1200008392334,28.540000915527344,493500,0.0,0.0,0.0
2022-05-26,28.389999389648438,28.790000915527344,28.25,28.459999084472656,267500,0.0,0.0,0.0
2022-05-27,28.670000076293945,28.989999771118164,28.670000076293945,28.889999389648438,223700,0.0,0.0,0.0
2022-05-31,28.770000457763672,28.809999465942383,28.079999923706055,28.219999313354492,391400,0.0,0.0,0.0
2022-06-01,28.260000228881836,28.389999389648438,27.200000762939453,27.469999313354492,784400,0.0,0.0,0.0
2022-06-02,27.700000762939453,27.799999237060547,27.5,27.56999969482422,689400,0.0,0.0,0.0
2022-06-03,27.489999771118164,27.770000457763672,27.489999771118164,27.559999465942383,155100,0.0,0.0,0.0
2022-06-06,27.829999923706055,28.0,27.65999984741211,27.959999084472656,298900,0.0,0.0,0.0
2022-06-07,28.149999618530273,28.639999389648438,28.049999237060547,28.520000457763672,208700,0.0,0.0,0.0
2022-06-08,28.760000228881836,28.81999969482422,28.3799991607666,28.5,224400,0.0,0.0,0.0
2022-06-09,28.309999465942383,28.81999969482422,28.299999237060547,28.510000228881836,224900,0.0,0.0,0.0
2022-06-10,28.540000915527344,28.809999465942383,28.34000015258789,28.790000915527344,418900,0.0,0.0,0.0
2022-06-13,28.920000076293945,29.020000457763672,28.25,28.649999618530273,679200,0.0,0.0,0.0
2022-06-14,28.639999389648438,28.790000915527344,28.479999542236328,28.530000686645508,552300,0.0,0.0,0.0
2022-06-15,28.25,28.90999984741211,28.25,28.649999618530273,271700,0.0,0.0,0.0
2022-06-16,28.799999237060547,29.290000915527344,28.799999237060547,29.100000381469727,548700,0.0,0.0,0.0
2022-06-17,29.459999084472656,29.530000686645508,28.739999771118164,28.860000610351562,517800,0.0,0.0,0.0
2022-06-21,28.149999618530273,28.420000076293945,27.450000762939453,27.799999237060547,783600,0.0,0.0,0.0
2022-06-22,27.59000015258789,27.979999542236328,27.510000228881836,27.520000457763672,375000,0.0,0.0,0.0
2022-06-23,27.0,27.110000610351562,25.8799991607666,26.149999618530273,930300,0.0,0.0,0.0
2022-06-24,26.6200008392334,27.0,26.5,26.809999465942383,254200,0.0,0.0,0.0
2022-06-27,26.309999465942383,26.399999618530273,25.84000015258789,26.15999984741211,417300,0.0,0.0,0.0
2022-06-28,26.450000762939453,26.690000534057617,26.290000915527344,26.299999237060547,313100,0.0,0.0,0.0
2022-06-29,26.40999984741211,26.440000534057617,26.200000762939453,26.25,442300,0.0,0.0,0.0
2022-06-30,26.0,26.239999771118164,25.040000915527344,25.15999984741211,567400,0.0,0.0,0.0
2022-07-01,25.139999389648438,25.18000030517578,24.56999969482422,24.610000610351562,469600,0.0,0.0,0.0
2022-07-05,24.43000030517578,24.530000686645508,23.309999465942383,23.450000762939453,714300,0.0,0.0,0.0
2022-07-06,23.6299991607666,23.81999969482422,23.170000076293945,23.739999771118164,369200,0.0,0.0,0.0
2022-07-07,24.280000686645508,24.6299991607666,23.989999771118164,24.110000610351562,350300,0.0,0.0,0.0
2022-07-08,24.450000762939453,25.18000030517578,24.389999389648438,25.170000076293945,385900,0.0,0.0,0.0
2022-07-11,25.75,25.790000915527344,25.030000686645508,25.06999969482422,307000,0.0,0.0,0.0
2022-07-12,24.709999084472656,24.799999237060547,23.579999923706055,23.65999984741211,334800,0.0,0.0,0.0
2022-07-13,23.809999465942383,24.399999618530273,23.68000030517578,24.06999969482422,215400,0.0,0.0,0.0
2022-07-14,23.860000610351562,24.450000762939453,23.860000610351562,24.290000915527344,153100,0.0,0.0,0.0
2022-07-15,24.399999618530273,24.56999969482422,24.030000686645508,24.31999969482422,141100,0.0,0.0,0.0
2022-07-18,24.739999771118164,25.049999237060547,24.510000228881836,24.59000015258789,141300,0.0,0.0,0.0
2022-07-19,23.850000381469727,24.200000762939453,23.68000030517578,24.079999923706055,164200,0.0,0.0,0.0
2022-07-20,23.950000762939453,24.0,23.739999771118164,23.8799991607666,94900,0.0,0.0,0.0
2022-07-21,23.34000015258789,23.799999237060547,23.18000030517578,23.290000915527344,148600,0.0,0.0,0.0
2022-07-22,23.149999618530273,23.540000915527344,22.8700008392334,22.889999389648438,276600,0.0,0.0,0.0
2022-07-25,23.399999618530273,23.600000381469727,23.110000610351562,23.530000686645508,117900,0.0,0.0,0.0
2022-07-26,24.15999984741211,24.25,23.729999542236328,24.1299991607666,277800,0.0,0.0,0.0
2022-07-27,24.219999313354492,24.350000381469727,24.020000457763672,24.329999923706055,78600,0.0,0.0,0.0
2022-07-28,24.65999984741211,24.940000534057617,24.610000610351562,24.809999465942383,297400,0.0,0.0,0.0
2022-07-29,25.260000228881836,25.5,24.760000228881836,25.0,242100,0.0,0.0,0.0
2022-08-01,24.40999984741211,24.700000762939453,24.170000076293945,24.649999618530273,346500,0.0,0.0,0.0
2022-08-02,24.3700008392334,24.489999771118164,24.040000915527344,24.040000915527344,97800,0.0,0.0,0.0
2022-08-03,24.1200008392334,24.239999771118164,23.8700008392334,24.15999984741211,109800,0.0,0.0,0.0
2022-08-04,24.170000076293945,24.709999084472656,24.170000076293945,24.530000686645508,76700,0.0,0.0,0.0
2022-08-05,24.530000686645508,24.899999618530273,24.450000762939453,24.68000030517578,175500,0.0,0.0,0.0
2022-08-08,24.40999984741211,24.739999771118164,24.40999984741211,24.670000076293945,111700,0.0,0.0,0.0
2022-08-09,25.100000381469727,25.15999984741211,24.799999237060547,24.860000610351562,101400,0.0,0.0,0.0
2022-08-10,25.079999923706055,25.350000381469727,24.93000030517578,25.020000457763672,144000,0.0,0.0,0.0
2022-08-11,25.25,25.399999618530273,25.139999389648438,25.34000015258789,69500,0.0,0.0,0.0
2022-08-12,25.329999923706055,25.809999465942383,25.0,25.75,179900,0.0,0.0,0.0
2022-08-15,25.239999771118164,25.65999984741211,25.049999237060547,25.350000381469727,142600,0.0,0.0,0.0
2022-08-16,25.149999618530273,25.260000228881836,24.690000534057617,24.719999313354492,234100,0.0,0.0,0.0
2022-08-17,24.889999389648438,24.889999389648438,24.6200008392334,24.799999237060547,91900,0.0,0.0,0.0
2022-08-18,24.690000534057617,25.059999465942383,24.520000457763672,24.90999984741211,104100,0.0,0.0,0.0
2022-08-19,24.940000534057617,25.219999313354492,24.84000015258789,25.100000381469727,183100,0.0,0.0,0.0
2022-08-22,25.030000686645508,25.489999771118164,24.899999618530273,25.420000076293945,173700,0.0,0.0,0.0
2022-08-23,26.010000228881836,26.549999237060547,25.940000534057617,26.389999389648438,509600,0.0,0.0,0.0
2022-08-24,26.579999923706055,26.860000610351562,26.1200008392334,26.40999984741211,310400,0.0,0.0,0.0
2022-08-25,26.540000915527344,26.649999618530273,26.079999923706055,26.149999618530273,228500,0.0,0.0,0.0
2022-08-26,26.360000610351562,26.84000015258789,26.25,26.770000457763672,393500,0.0,0.0,0.0
2022-08-29,27.0,27.270000457763672,26.75,27.260000228881836,821700,0.0,0.0,0.0
2022-08-30,26.969999313354492,27.149999618530273,26.68000030517578,27.09000015258789,266000,0.0,0.0,0.0
2022-08-31,26.68000030517578,26.940000534057617,26.530000686645508,26.8700008392334,324600,0.0,0.0,0.0
2022-09-01,26.59000015258789,26.8799991607666,26.260000228881836,26.43000030517578,323100,0.0,0.0,0.0
2022-09-02,26.6299991607666,26.75,26.479999542236328,26.610000610351562,103800,0.0,0.0,0.0
2022-09-06,26.780000686645508,27.079999923706055,26.489999771118164,27.079999923706055,288600,0.0,0.0,0.0
2022-09-07,27.15999984741211,27.440000534057617,26.829999923706055,26.829999923706055,471400,0.0,0.0,0.0
2022-09-08,26.899999618530273,26.90999984741211,26.399999618530273,26.75,155100,0.0,0.0,0.0
2022-09-09,26.93000030517578,27.329999923706055,26.93000030517578,27.260000228881836,204600,0.0,0.0,0.0
2022-09-12,27.200000762939453,27.719999313354492,27.06999969482422,27.600000381469727,397400,0.0,0.0,0.0
2022-09-13,27.459999084472656,27.68000030517578,27.40999984741211,27.56999969482422,188400,0.0,0.0,0.0
2022-09-14,27.440000534057617,27.5,27.219999313354492,27.299999237060547,396200,0.0,0.0,0.0
2022-09-15,27.219999313354492,27.5,26.920000076293945,27.030000686645508,188000,0.0,0.0,0.0
2022-09-16,26.760000228881836,27.15999984741211,26.690000534057617,27.09000015258789,623400,0.0,0.0,0.0
2022-09-19,26.790000915527344,27.100000381469727,26.780000686645508,27.079999923706055,276700,0.0,0.0,0.0
2022-09-20,27.15999984741211,27.600000381469727,27.15999984741211,27.600000381469727,288800,0.0,0.0,0.0
2022-09-21,27.690000534057617,27.690000534057617,27.1299991607666,27.360000610351562,308000,0.0,0.0,0.0
2022-09-22,27.399999618530273,27.530000686645508,27.270000457763672,27.420000076293945,156200,0.0,0.0,0.0
2022-09-23,26.989999771118164,27.100000381469727,26.799999237060547,26.90999984741211,324700,0.0,0.0,0.0
2022-09-26,26.690000534057617,26.979999542236328,26.549999237060547,26.610000610351562,525400,0.0,0.0,0.0
2022-09-27,26.809999465942383,27.010000228881836,26.639999389648438,26.639999389648438,414900,0.0,0.0,0.0
2022-09-28,26.719999313354492,26.860000610351562,26.649999618530273,26.770000457763672,151900,0.0,0.0,0.0
2022-09-29,26.969999313354492,26.989999771118164,26.690000534057617,26.770000457763672,137900,0.0,0.0,0.0
2022-09-30,26.899999618530273,27.649999618530273,26.770000457763672,27.040000915527344,341200,0.0,0.0,0.0
2022-10-03,27.309999465942383,27.350000381469727,26.8799991607666,27.1299991607666,213400,0.0,0.0,0.0
2022-10-04,27.200000762939453,27.479999542236328,27.190000534057617,27.229999542236328,137000,0.0,0.0,0.0
2022-10-05,27.110000610351562,27.389999389648438,27.010000228881836,27.31999969482422,113000,0.0,0.0,0.0
2022-10-06,27.219999313354492,27.219999313354492,26.93000030517578,27.09000015258789,218300,0.0,0.0,0.0
2022-10-07,27.139999389648438,27.3799991607666,27.030000686645508,27.360000610351562,168600,0.0,0.0,0.0
2022-10-10,27.649999618530273,28.049999237060547,27.5,27.770000457763672,421000,0.0,0.0,0.0
2022-10-11,27.68000030517578,27.81999969482422,27.600000381469727,27.639999389648438,100600,0.0,0.0,0.0
2022-10-12,27.489999771118164,27.8799991607666,27.209999084472656,27.700000762939453,402800,0.0,0.0,0.0
2022-10-13,27.520000457763672,27.940000534057617,27.420000076293945,27.84000015258789,223300,0.0,0.0,0.0
2022-10-14,27.81999969482422,27.899999618530273,27.540000915527344,27.600000381469727,165900,0.0,0.0,0.0
2022-10-17,27.489999771118164,27.579999923706055,27.25,27.309999465942383,230900,0.0,0.0,0.0
2022-10-18,27.219999313354492,27.270000457763672,26.950000762939453,27.190000534057617,218900,0.0,0.0,0.0
2022-10-19,27.06999969482422,27.139999389648438,26.989999771118164,27.100000381469727,143800,0.0,0.0,0.0
2022-10-20,27.209999084472656,27.399999618530273,27.209999084472656,27.34000015258789,193100,0.0,0.0,0.0
2022-10-21,27.209999084472656,27.459999084472656,27.049999237060547,27.270000457763672,157100,0.0,0.0,0.0
2022-10-24,27.18000030517578,27.360000610351562,27.079999923706055,27.209999084472656,136300,0.0,0.0,0.0
2022-10-25,27.100000381469727,27.43000030517578,27.100000381469727,27.309999465942383,201200,0.0,0.0,0.0
2022-10-26,27.389999389648438,27.459999084472656,27.280000686645508,27.290000915527344,102600,0.0,0.0,0.0
2022-10-27,27.329999923706055,27.399999618530273,27.100000381469727,27.18000030517578,188500,0.0,0.0,0.0
2022-10-28,27.06999969482422,27.239999771118164,26.979999542236328,27.09000015258789,140600,0.0,0.0,0.0
2022-10-31,27.59000015258789,27.639999389648438,27.219999313354492,27.40999984741211,215300,0.0,0.0,0.0
2022-11-01,27.469999313354492,27.739999771118164,27.420000076293945,27.729999542236328,121600,0.0,0.0,0.0
2022-11-02,27.34000015258789,27.450000762939453,27.209999084472656,27.350000381469727,159400,0.0,0.0,0.0
2022-11-03,27.25,27.309999465942383,27.139999389648438,27.149999618530273,137800,0.0,0.0,0.0
2022-11-04,27.290000915527344,27.350000381469727,27.18000030517578,27.25,69300,0.0,0.0,0.0
2022-11-07,27.170000076293945,27.270000457763672,27.059999465942383,27.059999465942383,205600,0.0,0.0,0.0
2022-11-08,27.030000686645508,27.110000610351562,26.81999969482422,26.84000015258789,290300,0.0,0.0,0.0
2022-11-09,26.729999542236328,26.8700008392334,26.520000457763672,26.56999969482422,839400,0.0,0.0,0.0
2022-11-10,26.59000015258789,26.59000015258789,26.200000762939453,26.200000762939453,411500,0.0,0.0,0.0
2022-11-11,26.3799991607666,26.469999313354492,26.31999969482422,26.389999389648438,145500,0.0,0.0,0.0
2022-11-14,26.209999084472656,26.440000534057617,26.190000534057617,26.219999313354492,88600,0.0,0.0,0.0
2022-11-15,26.1299991607666,26.860000610351562,26.059999465942383,26.6299991607666,142600,0.0,0.0,0.0
2022-11-16,26.09000015258789,26.6200008392334,26.09000015258789,26.56999969482422,103200,0.0,0.0,0.0
2022-11-17,26.329999923706055,26.59000015258789,26.270000457763672,26.56999969482422,73300,0.0,0.0,0.0
2022-11-18,26.34000015258789,26.65999984741211,26.34000015258789,26.549999237060547,54400,0.0,0.0,0.0
2022-11-21,26.360000610351562,26.479999542236328,26.270000457763672,26.34000015258789,183700,0.0,0.0,0.0
2022-11-22,26.40999984741211,26.459999084472656,26.229999542236328,26.260000228881836,79100,0.0,0.0,0.0
2022-11-23,26.25,26.479999542236328,26.25,26.399999618530273,74800,0.0,0.0,0.0
2022-11-25,26.3799991607666,26.700000762939453,26.3799991607666,26.639999389648438,47600,0.0,0.0,0.0
2022-11-28,26.489999771118164,26.670000076293945,26.450000762939453,26.6299991607666,110900,0.0,0.0,0.0
2022-11-29,26.59000015258789,26.75,26.579999923706055,26.639999389648438,52900,0.0,0.0,0.0
2022-11-30,26.65999984741211,26.670000076293945,26.3700008392334,26.420000076293945,63300,0.0,0.0,0.0
2022-12-01,26.459999084472656,26.5,26.18000030517578,26.18000030517578,147800,0.0,0.0,0.0
2022-12-02,26.110000610351562,26.170000076293945,25.81999969482422,25.850000381469727,139200,0.0,0.0,0.0
2022-12-05,25.8700008392334,25.8799991607666,25.59000015258789,25.649999618530273,419100,0.0,0.0,0.0
2022-12-06,25.68000030517578,25.780000686645508,25.459999084472656,25.549999237060547,89600,0.0,0.0,0.0
2022-12-07,25.510000228881836,25.84000015258789,25.510000228881836,25.729999542236328,69100,0.0,0.0,0.0
2022-12-08,25.68000030517578,25.81999969482422,25.59000015258789,25.68000030517578,38600,0.0,0.0,0.0
2022-12-09,25.68000030517578,25.920000076293945,25.68000030517578,25.739999771118164,93200,0.0,0.0,0.0
2022-12-12,25.799999237060547,26.09000015258789,25.799999237060547,26.059999465942383,111500,0.0,0.0,0.0
2022-12-13,26.110000610351562,26.229999542236328,25.950000762939453,25.950000762939453,96300,0.0,0.0,0.0
2022-12-14,25.850000381469727,25.989999771118164,25.790000915527344,25.969999313354492,40200,0.0,0.0,0.0
2022-12-15,25.950000762939453,26.09000015258789,25.899999618530273,26.030000686645508,75000,0.0,0.0,0.0
2022-12-16,25.979999542236328,26.079999923706055,25.969999313354492,26.059999465942383,200600,0.0,0.0,0.0
2022-12-19,25.920000076293945,25.93000030517578,25.760000228881836,25.850000381469727,175600,0.0,0.0,0.0
2022-12-20,25.850000381469727,26.059999465942383,25.81999969482422,26.0,109400,0.0,0.0,0.0
2022-12-21,25.989999771118164,26.360000610351562,25.989999771118164,26.309999465942383,161500,0.0,0.0,0.0
2022-12-22,26.229999542236328,26.31999969482422,26.209999084472656,26.270000457763672,48700,0.0,0.0,0.0
2022-12-23,26.360000610351562,26.479999542236328,26.350000381469727,26.360000610351562,153500,0.0,0.0,0.0
2022-12-27,26.290000915527344,26.68000030517578,26.290000915527344,26.6200008392334,178600,0.0,0.0,0.0
2022-12-28,26.59000015258789,27.030000686645508,26.59000015258789,27.030000686645508,460600,0.0,0.0,0.0
2022-12-29,26.899999618530273,26.979999542236328,26.84000015258789,26.959999084472656,193400,0.0,0.0,0.0
2022-12-30,26.809999465942383,27.09000015258789,26.809999465942383,26.93000030517578,101900,0.0,0.0,0.0
2023-01-03,27.09000015258789,27.09000015258789,26.5,26.6299991607666,83900,0.0,0.0,0.0
2023-01-04,26.459999084472656,26.530000686645508,26.030000686645508,26.110000610351562,150200,0.0,0.0,0.0
2023-01-05,26.110000610351562,26.110000610351562,25.829999923706055,25.93000030517578,61800,0.0,0.0,0.0
2023-01-06,26.06999969482422,26.149999618530273,25.90999984741211,25.93000030517578,68300,0.0,0.0,0.0
2023-01-09,25.8700008392334,26.06999969482422,25.8700008392334,25.920000076293945,32600,0.0,0.0,0.0
2023-01-10,25.959999084472656,26.260000228881836,25.790000915527344,25.940000534057617,82700,0.0,0.0,0.0
2023-01-11,25.8799991607666,26.079999923706055,25.8799991607666,25.979999542236328,139200,0.0,0.0,0.0
2023-01-12,26.0,26.56999969482422,25.739999771118164,26.5,203200,0.0,0.0,0.0
2023-01-13,26.260000228881836,26.6299991607666,26.260000228881836,26.6299991607666,82700,0.0,0.0,0.0
2023-01-17,26.540000915527344,26.969999313354492,26.399999618530273,26.969999313354492,104200,0.0,0.0,0.0
2023-01-18,26.799999237060547,26.989999771118164,26.649999618530273,26.729999542236328,251000,0.0,0.0,0.0
2023-01-19,26.709999084472656,26.850000381469727,26.489999771118164,26.489999771118164,69500,0.0,0.0,0.0
2023-01-20,26.5,26.6200008392334,26.459999084472656,26.489999771118164,78100,0.0,0.0,0.0
2023-01-23,26.31999969482422,26.31999969482422,26.010000228881836,26.149999618530273,70200,0.0,0.0,0.0
2023-01-24,26.450000762939453,26.530000686645508,26.25,26.5,38700,0.0,0.0,0.0
2023-01-25,26.440000534057617,26.579999923706055,26.3700008392334,26.420000076293945,50100,0.0,0.0,0.0
2023-01-26,26.59000015258789,26.709999084472656,26.540000915527344,26.579999923706055,60000,0.0,0.0,0.0
2023-01-27,26.40999984741211,26.610000610351562,26.40999984741211,26.540000915527344,43200,0.0,0.0,0.0
2023-01-30,26.639999389648438,26.639999389648438,26.3799991607666,26.579999923706055,122000,0.0,0.0,0.0
2023-01-31,26.510000228881836,26.760000228881836,26.5,26.579999923706055,46800,0.0,0.0,0.0
2023-02-01,26.459999084472656,26.739999771118164,26.399999618530273,26.690000534057617,92000,0.0,0.0,0.0
2023-02-02,26.670000076293945,26.829999923706055,26.459999084472656,26.489999771118164,93600,0.0,0.0,0.0
2023-02-03,26.510000228881836,26.670000076293945,26.479999542236328,26.579999923706055,58200,0.0,0.0,0.0
2023-02-06,26.56999969482422,26.690000534057617,26.440000534057617,26.65999984741211,32700,0.0,0.0,0.0
2023-02-07,26.8700008392334,26.8700008392334,26.5,26.5,33900,0.0,0.0,0.0
2023-02-08,26.540000915527344,26.6200008392334,26.450000762939453,26.610000610351562,20400,0.0,0.0,0.0
2023-02-09,26.600000381469727,26.649999618530273,26.34000015258789,26.34000015258789,63700,0.0,0.0,0.0
2023-02-10,26.399999618530273,26.75,26.399999618530273,26.65999984741211,71900,0.0,0.0,0.0
2023-02-13,26.6200008392334,26.780000686645508,26.6200008392334,26.770000457763672,76300,0.0,0.0,0.0
2023-02-14,26.770000457763672,26.84000015258789,26.700000762939453,26.709999084472656,34400,0.0,0.0,0.0
2023-02-15,26.670000076293945,26.670000076293945,26.520000457763672,26.530000686645508,57600,0.0,0.0,0.0
2023-02-16,26.399999618530273,26.579999923706055,26.399999618530273,26.5,42800,0.0,0.0,0.0
2023-02-17,26.6200008392334,26.690000534057617,26.489999771118164,26.639999389648438,33400,0.0,0.0,0.0
2023-02-21,26.709999084472656,26.799999237060547,26.59000015258789,26.790000915527344,165000,0.0,0.0,0.0
2023-02-22,26.559999465942383,26.68000030517578,26.520000457763672,26.540000915527344,39000,0.0,0.0,0.0
2023-02-23,26.399999618530273,26.579999923706055,26.059999465942383,26.09000015258789,80800,0.0,0.0,0.0
2023-02-24,25.969999313354492,25.969999313354492,25.6200008392334,25.649999618530273,81400,0.0,0.0,0.0
2023-02-27,25.549999237060547,25.700000762939453,25.479999542236328,25.479999542236328,57700,0.0,0.0,0.0
2023-02-28,25.270000457763672,25.43000030517578,25.059999465942383,25.059999465942383,219700,0.0,0.0,0.0
2023-03-01,25.010000228881836,25.260000228881836,24.829999923706055,25.190000534057617,169500,0.0,0.0,0.0
2023-03-02,25.309999465942383,25.34000015258789,25.040000915527344,25.139999389648438,61000,0.0,0.0,0.0
2023-03-03,25.25,25.420000076293945,25.139999389648438,25.360000610351562,50600,0.0,0.0,0.0
2023-03-06,25.260000228881836,25.299999237060547,25.100000381469727,25.25,99800,0.0,0.0,0.0
2023-03-07,25.170000076293945,25.260000228881836,25.059999465942383,25.1200008392334,62600,0.0,0.0,0.0
2023-03-08,25.139999389648438,25.149999618530273,24.729999542236328,24.760000228881836,104800,0.0,0.0,0.0
2023-03-09,24.829999923706055,24.829999923706055,24.309999465942383,24.360000610351562,127600,0.0,0.0,0.0
2023-03-10,24.360000610351562,24.600000381469727,24.290000915527344,24.579999923706055,86100,0.0,0.0,0.0
2023-03-13,24.260000228881836,24.68000030517578,24.25,24.420000076293945,99500,0.0,0.0,0.0
2023-03-14,24.280000686645508,24.68000030517578,24.280000686645508,24.610000610351562,86600,0.0,0.0,0.0
2023-03-15,24.510000228881836,24.75,24.510000228881836,24.579999923706055,73800,0.0,0.0,0.0
2023-03-16,24.610000610351562,24.719999313354492,24.549999237060547,24.700000762939453,41800,0.0,0.0,0.0
2023-03-17,24.760000228881836,24.899999618530273,24.649999618530273,24.770000457763672,59800,0.0,0.0,0.0
2023-03-20,24.700000762939453,24.760000228881836,24.56999969482422,24.75,35500,0.0,0.0,0.0
2023-03-21,24.81999969482422,24.899999618530273,24.520000457763672,24.520000457763672,41700,0.0,0.0,0.0
2023-03-22,24.360000610351562,24.6200008392334,24.25,24.459999084472656,42700,0.0,0.0,0.0
2023-03-23,24.559999465942383,24.719999313354492,24.34000015258789,24.399999618530273,72700,0.0,0.0,0.0
2023-03-24,24.559999465942383,24.899999618530273,24.559999465942383,24.8700008392334,76500,0.0,0.0,0.0
2023-03-27,24.989999771118164,25.25,24.8700008392334,25.25,66100,0.0,0.0,0.0
2023-03-28,25.420000076293945,25.420000076293945,25.209999084472656,25.290000915527344,52700,0.0,0.0,0.0
2023-03-29,25.5,25.510000228881836,25.239999771118164,25.290000915527344,52000,0.0,0.0,0.0
2023-03-30,25.280000686645508,25.309999465942383,25.1299991607666,25.15999984741211,28100,0.0,0.0,0.0
2023-03-31,25.100000381469727,25.420000076293945,24.969999313354492,25.229999542236328,87000,0.0,0.0,0.0
2023-04-03,25.469999313354492,25.639999389648438,25.25,25.270000457763672,44300,0.0,0.0,0.0
2023-04-04,24.989999771118164,25.06999969482422,24.920000076293945,24.940000534057617,57000,0.0,0.0,0.0
2023-04-05,24.899999618530273,25.059999465942383,24.780000686645508,24.90999984741211,27600,0.0,0.0,0.0
2023-04-06,24.81999969482422,24.850000381469727,24.700000762939453,24.739999771118164,28200,0.0,0.0,0.0
2023-04-10,24.6200008392334,25.1200008392334,24.510000228881836,25.079999923706055,65600,0.0,0.0,0.0
2023-04-11,25.09000015258789,25.09000015258789,24.770000457763672,24.90999984741211,51600,0.0,0.0,0.0
2023-04-12,24.940000534057617,24.940000534057617,24.780000686645508,24.81999969482422,35800,0.0,0.0,0.0
2023-04-13,24.790000915527344,24.860000610351562,24.670000076293945,24.770000457763672,92100,0.0,0.0,0.0
2023-04-14,24.670000076293945,25.110000610351562,24.670000076293945,25.110000610351562,51400,0.0,0.0,0.0
2023-04-17,25.25,25.360000610351562,24.979999542236328,25.329999923706055,33000,0.0,0.0,0.0
2023-04-18,25.309999465942383,25.489999771118164,25.239999771118164,25.479999542236328,62500,0.0,0.0,0.0
2023-04-19,25.25,25.389999389648438,25.110000610351562,25.15999984741211,67800,0.0,0.0,0.0
2023-04-20,24.829999923706055,24.899999618530273,24.690000534057617,24.8700008392334,62800,0.0,0.0,0.0
2023-04-21,24.68000030517578,24.709999084472656,24.329999923706055,24.40999984741211,52600,0.0,0.0,0.0
2023-04-24,24.149999618530273,24.3700008392334,24.110000610351562,24.299999237060547,44600,0.0,0.0,0.0
2023-04-25,24.270000457763672,24.3700008392334,24.020000457763672,24.209999084472656,64100,0.0,0.0,0.0
2023-04-26,24.1200008392334,24.229999542236328,24.030000686645508,24.09000015258789,75900,0.0,0.0,0.0
2023-04-27,23.979999542236328,23.979999542236328,23.3799991607666,23.450000762939453,220600,0.0,0.0,0.0
2023-04-28,23.219999313354492,23.43000030517578,22.969999313354492,23.3799991607666,86400,0.0,0.0,0.0
2023-05-01,23.09000015258789,23.299999237060547,23.030000686645508,23.229999542236328,47200,0.0,0.0,0.0
2023-05-02,23.020000457763672,23.329999923706055,23.0,23.059999465942383,58400,0.0,0.0,0.0
2023-05-03,22.690000534057617,23.510000228881836,22.690000534057617,23.489999771118164,79600,0.0,0.0,0.0
2023-05-04,23.1200008392334,23.479999542236328,23.1200008392334,23.469999313354492,30400,0.0,0.0,0.0
2023-05-05,23.15999984741211,23.780000686645508,23.15999984741211,23.780000686645508,35300,0.0,0.0,0.0
2023-05-08,23.790000915527344,23.790000915527344,23.540000915527344,23.59000015258789,29000,0.0,0.0,0.0
2023-05-09,23.170000076293945,23.209999084472656,23.010000228881836,23.15999984741211,66600,0.0,0.0,0.0
2023-05-10,22.959999084472656,23.270000457763672,22.889999389648438,23.209999084472656,43900,0.0,0.0,0.0
2023-05-11,22.920000076293945,23.030000686645508,22.899999618530273,22.959999084472656,33700,0.0,0.0,0.0
2023-05-12,22.8799991607666,23.239999771118164,22.34000015258789,22.739999771118164,71300,0.0,0.0,0.0
2023-05-15,22.969999313354492,23.06999969482422,22.899999618530273,23.06999969482422,45400,0.0,0.0,0.0
2023-05-16,23.0,23.0,22.440000534057617,22.610000610351562,60900,0.0,0.0,0.0
2023-05-17,22.360000610351562,22.440000534057617,22.06999969482422,22.200000762939453,75000,0.0,0.0,0.0
2023-05-18,21.989999771118164,22.31999969482422,21.899999618530273,22.229999542236328,44100,0.0,0.0,0.0
2023-05-19,22.510000228881836,22.649999618530273,22.219999313354492,22.270000457763672,74800,0.0,0.0,0.0
2023-05-22,22.290000915527344,22.700000762939453,22.290000915527344,22.6299991607666,58900,0.0,0.0,0.0
2023-05-23,22.81999969482422,23.040000915527344,22.709999084472656,23.0,71500,0.0,0.0,0.0
2023-05-24,23.020000457763672,23.299999237060547,22.860000610351562,23.030000686645508,45200,0.0,0.0,0.0
2023-05-25,22.989999771118164,23.100000381469727,22.780000686645508,22.8799991607666,40400,0.0,0.0,0.0
2023-05-26,23.350000381469727,23.639999389648438,23.260000228881836,23.6200008392334,78300,0.0,0.0,0.0
2023-05-30,23.579999923706055,23.579999923706055,22.90999984741211,23.200000762939453,70900,0.0,0.0,0.0
2023-05-31,22.719999313354492,23.139999389648438,22.700000762939453,23.100000381469727,66800,0.0,0.0,0.0
2023-06-01,23.399999618530273,23.709999084472656,23.3700008392334,23.489999771118164,136000,0.0,0.0,0.0
2023-06-02,23.299999237060547,23.860000610351562,23.170000076293945,23.829999923706055,68000,0.0,0.0,0.0
2023-06-05,23.829999923706055,24.0,23.540000915527344,23.649999618530273,36900,0.0,0.0,0.0
2023-06-06,23.75,23.8700008392334,23.479999542236328,23.729999542236328,54300,0.0,0.0,0.0
2023-06-07,23.559999465942383,23.559999465942383,23.209999084472656,23.270000457763672,60400,0.0,0.0,0.0
2023-06-08,23.1200008392334,23.540000915527344,23.079999923706055,23.530000686645508,60400,0.0,0.0,0.0
2023-06-09,23.399999618530273,23.5,23.1200008392334,23.3700008392334,47100,0.0,0.0,0.0
2023-06-12,23.709999084472656,24.079999923706055,23.709999084472656,24.049999237060547,75700,0.0,0.0,0.0
2023-06-13,24.3799991607666,24.489999771118164,24.1200008392334,24.170000076293945,102000,0.0,0.0,0.0
2023-06-14,23.920000076293945,24.25,23.81999969482422,24.190000534057617,48700,0.0,0.0,0.0
2023-06-15,24.56999969482422,25.079999923706055,24.56999969482422,25.059999465942383,154700,0.0,0.0,0.0
2023-06-16,25.520000457763672,25.959999084472656,25.329999923706055,25.950000762939453,172400,0.0,0.0,0.0
2023-06-20,25.940000534057617,26.059999465942383,25.65999984741211,25.969999313354492,130400,0.0,0.0,0.0
2023-06-21,26.420000076293945,27.209999084472656,26.420000076293945,27.200000762939453,212900,0.0,0.0,0.0
2023-06-22,26.75,27.030000686645508,26.610000610351562,26.809999465942383,237700,0.0,0.0,0.0
2023-06-23,25.950000762939453,26.190000534057617,25.420000076293945,25.489999771118164,252600,0.0,0.0,0.0
2023-06-26,25.540000915527344,26.049999237060547,25.280000686645508,25.6200008392334,102200,0.0,0.0,0.0
2023-06-27,24.75,24.84000015258789,24.329999923706055,24.540000915527344,179500,0.0,0.0,0.0
2023-06-28,24.06999969482422,24.299999237060547,23.700000762939453,23.739999771118164,145200,0.0,0.0,0.0
2023-06-29,23.719999313354492,23.850000381469727,23.34000015258789,23.40999984741211,122500,0.0,0.0,0.0
2023-06-30,23.530000686645508,23.719999313354492,22.139999389648438,22.190000534057617,250100,0.0,0.0,0.0
2023-07-03,22.639999389648438,22.649999618530273,22.219999313354492,22.399999618530273,84700,0.0,0.0,0.0
2023-07-05,22.5,22.510000228881836,21.920000076293945,22.15999984741211,223200,0.0,0.0,0.0
2023-07-06,22.309999465942383,22.760000228881836,22.309999465942383,22.75,128700,0.0,0.0,0.0
2023-07-07,22.610000610351562,22.610000610351562,22.200000762939453,22.350000381469727,269500,0.0,0.0,0.0
2023-07-10,22.450000762939453,22.56999969482422,22.350000381469727,22.459999084472656,60500,0.0,0.0,0.0
2023-07-11,22.6299991607666,22.65999984741211,22.459999084472656,22.549999237060547,58600,0.0,0.0,0.0
2023-07-12,22.6200008392334,22.670000076293945,21.739999771118164,21.829999923706055,195200,0.0,0.0,0.0
2023-07-13,21.959999084472656,22.6299991607666,21.959999084472656,22.6299991607666,325000,0.0,0.0,0.0
2023-07-14,22.90999984741211,23.170000076293945,22.600000381469727,23.15999984741211,172700,0.0,0.0,0.0
2023-07-17,23.280000686645508,23.280000686645508,22.719999313354492,22.799999237060547,79800,0.0,0.0,0.0
2023-07-18,23.149999618530273,24.1200008392334,23.06999969482422,23.84000015258789,210400,0.0,0.0,0.0
2023-07-19,24.790000915527344,24.979999542236328,24.100000381469727,24.59000015258789,211300,0.0,0.0,0.0
2023-07-20,24.75,24.81999969482422,24.190000534057617,24.350000381469727,84000,0.0,0.0,0.0
2023-07-21,23.770000457763672,24.31999969482422,23.709999084472656,23.959999084472656,132000,0.0,0.0,0.0
2023-07-24,24.729999542236328,25.260000228881836,24.5,25.170000076293945,165600,0.0,0.0,0.0
2023-07-25,24.770000457763672,25.1299991607666,24.770000457763672,25.0,86700,0.0,0.0,0.0
2023-07-26,24.81999969482422,24.84000015258789,24.200000762939453,24.389999389648438,197900,0.0,0.0,0.0
2023-07-27,24.299999237060547,24.75,24.149999618530273,24.229999542236328,60300,0.0,0.0,0.0
2023-07-28,23.860000610351562,24.360000610351562,23.639999389648438,23.780000686645508,125500,0.0,0.0,0.0
2023-07-31,23.270000457763672,23.290000915527344,22.950000762939453,23.09000015258789,130200,0.0,0.0,0.0
2023-08-01,23.059999465942383,23.190000534057617,22.860000610351562,22.93000030517578,262500,0.0,0.0,0.0
2023-08-02,23.030000686645508,23.030000686645508,22.549999237060547,22.670000076293945,72300,0.0,0.0,0.0
2023-08-03,22.709999084472656,22.709999084472656,22.43000030517578,22.489999771118164,36800,0.0,0.0,0.0
2023-08-04,22.75,22.8700008392334,22.510000228881836,22.739999771118164,97200,0.0,0.0,0.0
2023-08-07,22.59000015258789,22.690000534057617,22.299999237060547,22.649999618530273,80700,0.0,0.0,0.0
2023-08-08,22.450000762939453,22.809999465942383,22.450000762939453,22.729999542236328,77700,0.0,0.0,0.0
2023-08-09,22.780000686645508,22.84000015258789,22.510000228881836,22.600000381469727,44000,0.0,0.0,0.0
2023-08-10,22.540000915527344,22.68000030517578,22.540000915527344,22.610000610351562,42800,0.0,0.0,0.0
2023-08-11,22.600000381469727,23.020000457763672,22.15999984741211,22.290000915527344,69000,0.0,0.0,0.0
2023-08-14,22.219999313354492,22.360000610351562,22.059999465942383,22.260000228881836,50400,0.0,0.0,0.0
2023-08-15,22.260000228881836,22.260000228881836,21.799999237060547,21.799999237060547,99300,0.0,0.0,0.0
2023-08-16,21.889999389648438,22.18000030517578,21.860000610351562,22.06999969482422,48500,0.0,0.0,0.0
2023-08-17,22.0,22.309999465942383,21.940000534057617,22.299999237060547,53800,0.0,0.0,0.0
2023-08-18,22.420000076293945,22.559999465942383,22.3700008392334,22.520000457763672,64600,0.0,0.0,0.0
2023-08-21,22.6299991607666,22.700000762939453,22.09000015258789,22.100000381469727,53100,0.0,0.0,0.0
2023-08-22,21.989999771118164,22.1200008392334,21.790000915527344,21.93000030517578,32300,0.0,0.0,0.0
2023-08-23,22.0,22.440000534057617,22.0,22.31999969482422,48100,0.0,0.0,0.0
2023-08-24,22.170000076293945,22.360000610351562,22.170000076293945,22.360000610351562,39100,0.0,0.0,0.0
2023-08-25,22.420000076293945,22.540000915527344,22.270000457763672,22.290000915527344,88500,0.0,0.0,0.0
2023-08-28,22.459999084472656,22.719999313354492,22.420000076293945,22.690000534057617,61100,0.0,0.0,0.0
2023-08-29,22.639999389648438,22.709999084472656,22.260000228881836,22.299999237060547,44500,0.0,0.0,0.0
2023-08-30,22.3700008392334,22.440000534057617,22.1200008392334,22.15999984741211,57800,0.0,0.0,0.0
2023-08-31,22.200000762939453,22.280000686645508,22.0,22.06999969482422,34300,0.0,0.0,0.0
2023-09-01,22.329999923706055,22.329999923706055,22.149999618530273,22.200000762939453,26000,0.0,0.0,0.0
2023-09-05,22.1299991607666,22.420000076293945,22.100000381469727,22.3700008392334,34000,0.0,0.0,0.0
2023-09-06,22.3700008392334,22.5,22.239999771118164,22.299999237060547,35500,0.0,0.0,0.0
2023-09-07,22.350000381469727,22.420000076293945,22.219999313354492,22.309999465942383,28700,0.0,0.0,0.0
2023-09-08,22.309999465942383,22.31999969482422,22.139999389648438,22.18000030517578,23900,0.0,0.0,0.0
2023-09-11,22.309999465942383,22.360000610351562,22.139999389648438,22.329999923706055,33500,0.0,0.0,0.0
2023-09-12,22.329999923706055,22.329999923706055,21.84000015258789,21.989999771118164,68300,0.0,0.0,0.0
2023-09-13,21.959999084472656,22.200000762939453,21.899999618530273,22.15999984741211,103100,0.0,0.0,0.0
2023-09-14,22.06999969482422,22.280000686645508,22.040000915527344,22.1299991607666,43300,0.0,0.0,0.0
2023-09-15,22.100000381469727,22.15999984741211,21.959999084472656,21.969999313354492,38900,0.0,0.0,0.0
2023-09-18,21.93000030517578,21.93000030517578,21.739999771118164,21.81999969482422,69100,0.0,0.0,0.0
2023-09-19,21.75,21.989999771118164,21.739999771118164,21.969999313354492,54500,0.0,0.0,0.0
2023-09-20,22.100000381469727,22.270000457763672,21.979999542236328,22.200000762939453,80000,0.0,0.0,0.0
2023-09-21,22.049999237060547,22.149999618530273,21.90999984741211,21.90999984741211,54100,0.0,0.0,0.0
2023-09-22,21.8799991607666,22.09000015258789,21.860000610351562,21.959999084472656,39800,0.0,0.0,0.0
2023-09-25,21.979999542236328,22.239999771118164,21.90999984741211,22.209999084472656,46400,0.0,0.0,0.0
2023-09-26,22.209999084472656,22.25,22.020000457763672,22.1200008392334,61400,0.0,0.0,0.0
2023-09-27,22.25,22.43000030517578,22.229999542236328,22.34000015258789,56200,0.0,0.0,0.0
2023-09-28,22.270000457763672,22.530000686645508,22.270000457763672,22.489999771118164,43000,0.0,0.0,0.0
2023-09-29,22.520000457763672,22.520000457763672,22.010000228881836,22.020000457763672,80500,0.0,0.0,0.0
2023-10-02,22.139999389648438,22.579999923706055,22.139999389648438,22.520000457763672,52000,0.0,0.0,0.0
2023-10-03,22.469999313354492,22.540000915527344,22.3700008392334,22.5,44500,0.0,0.0,0.0
2023-10-04,22.360000610351562,22.530000686645508,22.309999465942383,22.40999984741211,38700,0.0,0.0,0.0
2023-10-05,22.329999923706055,22.920000076293945,22.31999969482422,22.809999465942383,86800,0.0,0.0,0.0
2023-10-06,22.850000381469727,22.850000381469727,22.68000030517578,22.739999771118164,27800,0.0,0.0,0.0
2023-10-09,22.719999313354492,22.719999313354492,22.520000457763672,22.559999465942383,25100,0.0,0.0,0.0
2023-10-10,22.459999084472656,22.5,22.3799991607666,22.420000076293945,51800,0.0,0.0,0.0
2023-10-11,22.3700008392334,22.59000015258789,22.31999969482422,22.59000015258789,30700,0.0,0.0,0.0
2023-10-12,22.600000381469727,22.959999084472656,22.31999969482422,22.850000381469727,65600,0.0,0.0,0.0
2023-10-13,22.940000534057617,22.959999084472656,22.670000076293945,22.799999237060547,38200,0.0,0.0,0.0
2023-10-16,22.739999771118164,22.739999771118164,22.579999923706055,22.6200008392334,38100,0.0,0.0,0.0
2023-10-17,22.6200008392334,22.700000762939453,22.5,22.579999923706055,85800,0.0,0.0,0.0
2023-10-18,22.639999389648438,22.760000228881836,22.6299991607666,22.719999313354492,59900,0.0,0.0,0.0
2023-10-19,22.56999969482422,23.149999618530273,22.56999969482422,23.100000381469727,60200,0.0,0.0,0.0
2023-10-20,23.079999923706055,23.239999771118164,22.739999771118164,22.799999237060547,155100,0.0,0.0,0.0
2023-10-23,22.729999542236328,22.780000686645508,22.600000381469727,22.649999618530273,151900,0.0,0.0,0.0
2023-10-24,22.489999771118164,22.530000686645508,22.290000915527344,22.31999969482422,109000,0.0,0.0,0.0
2023-10-25,22.299999237060547,22.360000610351562,22.06999969482422,22.25,114500,0.0,0.0,0.0
2023-10-26,22.280000686645508,22.31999969482422,22.1200008392334,22.149999618530273,175800,0.0,0.0,0.0
2023-10-27,22.149999618530273,22.34000015258789,22.149999618530273,22.270000457763672,59200,0.0,0.0,0.0
2023-10-30,22.170000076293945,22.290000915527344,22.1299991607666,22.18000030517578,55900,0.0,0.0,0.0
2023-10-31,22.110000610351562,22.34000015258789,22.110000610351562,22.239999771118164,43100,0.0,0.0,0.0
2023-11-01,22.229999542236328,22.239999771118164,22.0,22.1299991607666,38700,0.0,0.0,0.0
2023-11-02,22.030000686645508,22.219999313354492,21.940000534057617,21.950000762939453,77000,0.0,0.0,0.0
2023-11-03,21.989999771118164,22.3799991607666,21.959999084472656,22.309999465942383,50300,0.0,0.0,0.0
2023-11-06,22.280000686645508,22.389999389648438,22.260000228881836,22.280000686645508,67700,0.0,0.0,0.0
2023-11-07,22.170000076293945,22.270000457763672,21.920000076293945,21.969999313354492,36800,0.0,0.0,0.0
2023-11-08,21.989999771118164,22.31999969482422,21.989999771118164,22.1299991607666,48100,0.0,0.0,0.0
2023-11-09,22.020000457763672,22.040000915527344,21.81999969482422,21.90999984741211,47400,0.0,0.0,0.0
2023-11-10,21.8799991607666,21.8799991607666,21.670000076293945,21.729999542236328,26800,0.0,0.0,0.0
2023-11-13,21.65999984741211,22.329999923706055,21.65999984741211,22.290000915527344,129900,0.0,0.0,0.0
2023-11-14,22.209999084472656,22.40999984741211,22.209999084472656,22.389999389648438,127200,0.0,0.0,0.0
2023-11-15,22.309999465942383,22.309999465942383,22.0,22.1299991607666,49200,0.0,0.0,0.0
2023-11-16,22.06999969482422,22.329999923706055,21.920000076293945,22.270000457763672,53100,0.0,0.0,0.0
2023-11-17,22.260000228881836,22.260000228881836,22.020000457763672,22.06999969482422,44100,0.0,0.0,0.0
2023-11-20,22.06999969482422,22.1299991607666,21.920000076293945,22.09000015258789,20400,0.0,0.0,0.0
2023-11-21,22.299999237060547,22.34000015258789,22.1200008392334,22.18000030517578,37500,0.0,0.0,0.0
2023-11-22,22.1200008392334,22.360000610351562,22.1200008392334,22.149999618530273,35300,0.0,0.0,0.0
2023-11-24,22.059999465942383,22.190000534057617,21.93000030517578,21.93000030517578,11100,0.0,0.0,0.0
2023-11-27,21.8799991607666,21.8799991607666,21.59000015258789,21.649999618530273,48200,0.0,0.0,0.0
2023-11-28,21.729999542236328,21.729999542236328,21.540000915527344,21.610000610351562,37500,0.0,0.0,0.0
2023-11-29,21.59000015258789,21.760000228881836,21.540000915527344,21.729999542236328,38000,0.0,0.0,0.0
2023-11-30,21.81999969482422,22.049999237060547,21.809999465942383,21.950000762939453,69000,0.0,0.0,0.0
2023-12-01,21.899999618530273,22.25,21.84000015258789,22.040000915527344,34600,0.0,0.0,0.0
2023-12-04,22.0,22.239999771118164,21.979999542236328,22.09000015258789,52700,0.0,0.0,0.0
2023-12-05,22.18000030517578,22.31999969482422,22.1200008392334,22.270000457763672,36100,0.0,0.0,0.0
2023-12-06,22.290000915527344,22.399999618530273,21.969999313354492,22.0,91400,0.0,0.0,0.0
2023-12-07,22.079999923706055,22.239999771118164,22.040000915527344,22.18000030517578,33400,0.0,0.0,0.0
2023-12-08,22.18000030517578,22.31999969482422,22.030000686645508,22.170000076293945,58500,0.0,0.0,0.0
2023-12-11,22.0,22.15999984741211,21.899999618530273,22.0,38200,0.0,0.0,0.0
2023-12-12,21.989999771118164,22.200000762939453,21.989999771118164,22.110000610351562,19400,0.0,0.0,0.0
2023-12-13,22.049999237060547,22.049999237060547,21.81999969482422,21.90999984741211,117500,0.0,0.0,0.0
2023-12-14,21.950000762939453,22.040000915527344,21.8700008392334,21.950000762939453,28100,0.0,0.0,0.0
2023-12-15,21.850000381469727,22.079999923706055,21.84000015258789,21.979999542236328,53300,0.0,0.0,0.0
2023-12-18,22.0,22.0,21.760000228881836,21.829999923706055,35500,0.0,0.0,0.0
2023-12-19,21.760000228881836,21.790000915527344,21.610000610351562,21.649999618530273,39000,0.0,0.0,0.0
2023-12-20,21.639999389648438,21.799999237060547,21.469999313354492,21.520000457763672,115300,0.0,0.0,0.0
2023-12-21,21.530000686645508,21.700000762939453,21.530000686645508,21.65999984741211,45700,0.0,0.0,0.0
2023-12-22,21.700000762939453,21.700000762939453,21.59000015258789,21.6200008392334,24300,0.0,0.0,0.0
2023-12-26,21.59000015258789,21.969999313354492,21.59000015258789,21.920000076293945,42200,0.0,0.0,0.0
2023-12-27,21.889999389648438,21.889999389648438,21.709999084472656,21.739999771118164,26000,0.0,0.0,0.0
2023-12-28,21.780000686645508,21.850000381469727,21.65999984741211,21.729999542236328,59600,0.0,0.0,0.0
2023-12-29,21.65999984741211,21.700000762939453,21.549999237060547,21.56999969482422,27400,0.0,0.0,0.0
2024-01-02,21.530000686645508,21.530000686645508,21.270000457763672,21.329999923706055,36000,0.0,0.0,0.0
2024-01-03,21.5,21.5,21.270000457763672,21.420000076293945,27000,0.0,0.0,0.0
2024-01-04,21.290000915527344,21.5,21.290000915527344,21.450000762939453,17800,0.0,0.0,0.0
2024-01-05,21.350000381469727,21.399999618530273,21.139999389648438,21.229999542236328,39400,0.0,0.0,0.0
2024-01-08,21.059999465942383,21.110000610351562,20.81999969482422,20.90999984741211,57200,0.0,0.0,0.0
2024-01-09,20.90999984741211,21.139999389648438,20.809999465942383,21.1299991607666,35500,0.0,0.0,0.0
2024-01-10,21.059999465942383,21.170000076293945,20.940000534057617,21.079999923706055,27900,0.0,0.0,0.0
2024-01-11,21.059999465942383,21.059999465942383,20.90999984741211,20.959999084472656,26000,0.0,0.0,0.0
2024-01-12,21.049999237060547,21.059999465942383,20.350000381469727,20.610000610351562,77900,0.0,0.0,0.0
2024-01-16,20.530000686645508,20.649999618530273,20.3700008392334,20.3799991607666,58800,0.0,0.0,0.0
2024-01-17,20.270000457763672,20.56999969482422,20.270000457763672,20.299999237060547,54900,0.0,0.0,0.0
2024-01-18,20.299999237060547,20.40999984741211,20.110000610351562,20.350000381469727,40000,0.0,0.0,0.0
2024-01-19,20.459999084472656,20.559999465942383,20.34000015258789,20.420000076293945,31300,0.0,0.0,0.0
2024-01-22,20.3700008392334,20.459999084472656,20.34000015258789,20.420000076293945,38500,0.0,0.0,0.0
2024-01-23,20.450000762939453,20.59000015258789,20.360000610351562,20.440000534057617,62400,0.0,0.0,0.0
2024-01-24,20.510000228881836,20.68000030517578,20.510000228881836,20.670000076293945,199300,0.0,0.0,0.0
2024-01-25,20.690000534057617,20.690000534057617,20.479999542236328,20.600000381469727,41100,0.0,0.0,0.0
2024-01-26,20.450000762939453,20.450000762939453,20.3700008392334,20.399999618530273,146200,0.0,0.0,0.0
2024-01-29,20.25,20.260000228881836,20.110000610351562,20.200000762939453,48100,0.0,0.0,0.0
2024-01-30,20.18000030517578,20.559999465942383,20.18000030517578,20.540000915527344,73700,0.0,0.0,0.0
2024-01-31,20.459999084472656,20.559999465942383,20.399999618530273,20.530000686645508,29300,0.0,0.0,0.0
2024-02-01,20.450000762939453,20.530000686645508,20.3700008392334,20.459999084472656,18400,0.0,0.0,0.0
2024-02-02,20.450000762939453,20.5,20.329999923706055,20.360000610351562,36300,0.0,0.0,0.0
2024-02-05,20.270000457763672,20.459999084472656,20.270000457763672,20.360000610351562,24000,0.0,0.0,0.0
2024-02-06,20.479999542236328,20.510000228881836,20.280000686645508,20.280000686645508,35400,0.0,0.0,0.0
2024-02-07,20.18000030517578,20.31999969482422,20.100000381469727,20.149999618530273,44200,0.0,0.0,0.0
2024-02-08,20.079999923706055,20.190000534057617,19.950000762939453,20.049999237060547,61400,0.0,0.0,0.0
2024-02-09,19.920000076293945,20.18000030517578,19.8700008392334,19.93000030517578,33000,0.0,0.0,0.0
2024-02-12,19.93000030517578,20.040000915527344,19.889999389648438,19.950000762939453,46900,0.0,0.0,0.0
2024-02-13,20.010000228881836,20.100000381469727,19.920000076293945,20.0,28200,0.0,0.0,0.0
2024-02-14,19.84000015258789,19.84000015258789,19.65999984741211,19.729999542236328,53100,0.0,0.0,0.0
2024-02-15,19.719999313354492,19.729999542236328,19.399999618530273,19.40999984741211,52800,0.0,0.0,0.0
2024-02-16,19.389999389648438,19.530000686645508,19.3700008392334,19.450000762939453,58400,0.0,0.0,0.0
2024-02-20,19.639999389648438,19.65999984741211,19.399999618530273,19.56999969482422,60600,0.0,0.0,0.0
2024-02-21,19.479999542236328,19.610000610351562,19.229999542236328,19.25,34400,0.0,0.0,0.0
2024-02-22,19.299999237060547,19.440000534057617,19.049999237060547,19.09000015258789,77100,0.0,0.0,0.0
2024-02-23,19.079999923706055,19.170000076293945,18.799999237060547,18.899999618530273,57200,0.0,0.0,0.0
2024-02-26,18.780000686645508,19.260000228881836,18.719999313354492,19.200000762939453,115300,0.0,0.0,0.0
2024-02-27,19.31999969482422,19.459999084472656,19.299999237060547,19.34000015258789,76800,0.0,0.0,0.0
2024-02-28,19.3799991607666,19.600000381469727,19.270000457763672,19.600000381469727,57000,0.0,0.0,0.0
2024-02-29,19.440000534057617,19.649999618530273,19.329999923706055,19.559999465942383,35900,0.0,0.0,0.0
2024-03-01,19.489999771118164,19.489999771118164,19.229999542236328,19.299999237060547,116300,0.0,0.0,0.0
2024-03-04,19.5,19.700000762939453,19.440000534057617,19.56999969482422,232400,0.0,0.0,0.0
2024-03-05,19.479999542236328,19.540000915527344,19.34000015258789,19.3700008392334,79900,0.0,0.0,0.0
2024-03-06,19.399999618530273,19.520000457763672,19.299999237060547,19.479999542236328,67600,0.0,0.0,0.0
2024-03-07,19.75,19.899999618530273,19.670000076293945,19.860000610351562,90400,0.0,0.0,0.0
2024-03-08,19.729999542236328,20.0,19.65999984741211,19.979999542236328,67500,0.0,0.0,0.0
2024-03-11,19.889999389648438,20.100000381469727,19.719999313354492,20.09000015258789,85800,0.0,0.0,0.0
2024-03-12,20.09000015258789,20.170000076293945,20.0,20.09000015258789,88900,0.0,0.0,0.0
2024-03-13,19.90999984741211,20.149999618530273,19.8700008392334,20.049999237060547,66200,0.0,0.0,0.0
2024-03-14,19.940000534057617,20.110000610351562,19.739999771118164,19.81999969482422,140000,0.0,0.0,0.0
2024-03-15,19.770000457763672,20.040000915527344,19.770000457763672,19.950000762939453,33700,0.0,0.0,0.0
2024-03-18,19.690000534057617,19.969999313354492,19.690000534057617,19.950000762939453,63400,0.0,0.0,0.0
2024-03-19,19.989999771118164,20.06999969482422,19.940000534057617,20.020000457763672,37800,0.0,0.0,0.0
2024-03-20,20.0,20.139999389648438,19.959999084472656,20.079999923706055,30700,0.0,0.0,0.0
2024-03-21,20.280000686645508,20.280000686645508,20.049999237060547,20.15999984741211,79300,0.0,0.0,0.0
2024-03-22,20.09000015258789,20.1299991607666,19.959999084472656,20.100000381469727,23600,0.0,0.0,0.0
2024-03-25,20.06999969482422,20.190000534057617,20.020000457763672,20.059999465942383,78700,0.0,0.0,0.0
2024-03-26,20.010000228881836,20.100000381469727,19.739999771118164,19.780000686645508,87700,0.0,0.0,0.0
2024-03-27,19.6200008392334,19.670000076293945,19.5,19.540000915527344,83900,0.0,0.0,0.0
2024-03-28,19.540000915527344,20.399999618530273,19.530000686645508,20.18000030517578,150200,0.0,0.0,0.0
2024-04-01,20.110000610351562,20.18000030517578,19.889999389648438,20.110000610351562,43500,0.0,0.0,0.0
2024-04-02,20.1200008392334,20.1200008392334,19.639999389648438,19.780000686645508,70300,0.0,0.0,0.0
2024-04-03,19.760000228881836,19.950000762939453,19.690000534057617,19.889999389648438,76300,0.0,0.0,0.0
2024-04-04,19.790000915527344,20.0,19.790000915527344,20.0,154600,0.0,0.0,0.0
2024-04-05,20.100000381469727,20.100000381469727,19.8700008392334,19.90999984741211,33900,0.0,0.0,0.0
2024-04-08,19.969999313354492,20.020000457763672,19.799999237060547,19.959999084472656,41500,0.0,0.0,0.0
2024-04-09,19.899999618530273,19.899999618530273,19.690000534057617,19.760000228881836,32000,0.0,0.0,0.0
2024-04-10,19.809999465942383,19.8700008392334,19.770000457763672,19.829999923706055,19600,0.0,0.0,0.0
2024-04-11,19.899999618530273,19.959999084472656,19.610000610351562,19.68000030517578,235000,0.0,0.0,0.0
2024-04-12,19.670000076293945,19.989999771118164,19.670000076293945,19.920000076293945,59900,0.0,0.0,0.0
2024-04-15,19.860000610351562,19.860000610351562,19.729999542236328,19.81999969482422,108800,0.0,0.0,0.0
2024-04-16,19.739999771118164,19.760000228881836,19.6200008392334,19.729999542236328,36200,0.0,0.0,0.0
2024-04-17,19.700000762939453,19.75,19.639999389648438,19.670000076293945,21800,0.0,0.0,0.0
2024-04-18,19.600000381469727,19.600000381469727,19.40999984741211,19.479999542236328,32300,0.0,0.0,0.0
2024-04-19,19.520000457763672,19.75,19.520000457763672,19.700000762939453,20000,0.0,0.0,0.0
2024-04-22,19.639999389648438,20.079999923706055,19.639999389648438,20.059999465942383,105700,0.0,0.0,0.0
2024-04-23,20.010000228881836,20.18000030517578,19.969999313354492,20.15999984741211,92200,0.0,0.0,0.0
2024-04-24,20.15999984741211,20.200000762939453,19.959999084472656,20.010000228881836,110500,0.0,0.0,0.0
2024-04-25,20.049999237060547,20.219999313354492,20.0,20.15999984741211,57900,0.0,0.0,0.0
2024-04-26,20.1200008392334,20.229999542236328,20.040000915527344,20.040000915527344,190000,0.0,0.0,0.0
2024-04-29,20.020000457763672,20.059999465942383,19.899999618530273,20.0,31600,0.0,0.0,0.0
2024-04-30,19.989999771118164,20.049999237060547,19.829999923706055,19.950000762939453,40300,0.0,0.0,0.0
2024-05-01,19.850000381469727,20.059999465942383,19.760000228881836,20.020000457763672,122000,0.0,0.0,0.0
2024-05-02,20.25,20.440000534057617,20.219999313354492,20.440000534057617,94600,0.0,0.0,0.0
2024-05-03,20.6299991607666,20.760000228881836,20.389999389648438,20.530000686645508,126100,0.0,0.0,0.0
2024-05-06,20.43000030517578,20.860000610351562,20.40999984741211,20.84000015258789,79900,0.0,0.0,0.0
2024-05-07,20.770000457763672,20.920000076293945,20.719999313354492,20.809999465942383,69400,0.0,0.0,0.0
2024-05-08,20.709999084472656,20.709999084472656,20.3799991607666,20.450000762939453,68900,0.0,0.0,0.0
2024-05-09,20.40999984741211,20.440000534057617,20.280000686645508,20.43000030517578,92800,0.0,0.0,0.0
2024-05-10,20.43000030517578,20.889999389648438,20.43000030517578,20.829999923706055,96300,0.0,0.0,0.0
2024-05-13,20.809999465942383,21.0,20.809999465942383,20.899999618530273,83900,0.0,0.0,0.0
2024-05-14,20.959999084472656,21.06999969482422,20.809999465942383,20.8700008392334,57300,0.0,0.0,0.0
2024-05-15,20.959999084472656,21.030000686645508,20.6200008392334,20.700000762939453,79900,0.0,0.0,0.0
2024-05-16,20.649999618530273,20.75,20.420000076293945,20.5,341400,0.0,0.0,0.0
2024-05-17,20.479999542236328,20.489999771118164,20.229999542236328,20.309999465942383,255200,0.0,0.0,0.0
2024-05-20,20.3799991607666,20.649999618530273,20.3799991607666,20.56999969482422,123900,0.0,0.0,0.0
2024-05-21,20.459999084472656,20.6200008392334,20.389999389648438,20.479999542236328,148100,0.0,0.0,0.0
2024-05-22,20.510000228881836,20.600000381469727,20.459999084472656,20.559999465942383,62200,0.0,0.0,0.0
2024-05-23,20.59000015258789,20.739999771118164,20.579999923706055,20.6299991607666,107100,0.0,0.0,0.0
2024-05-24,20.6299991607666,20.760000228881836,20.600000381469727,20.719999313354492,69600,0.0,0.0,0.0
2024-05-28,20.700000762939453,20.719999313354492,20.520000457763672,20.59000015258789,114100,0.0,0.0,0.0
2024-05-29,20.479999542236328,20.610000610351562,20.3700008392334,20.40999984741211,38900,0.0,0.0,0.0
2024-05-30,20.3700008392334,20.389999389648438,20.06999969482422,20.079999923706055,161900,0.0,0.0,0.0
2024-05-31,20.229999542236328,20.229999542236328,19.899999618530273,19.899999618530273,60400,0.0,0.0,0.0
2024-06-03,20.0,20.030000686645508,19.65999984741211,19.75,89700,0.0,0.0,0.0
2024-06-04,19.68000030517578,19.90999984741211,19.649999618530273,19.709999084472656,115100,0.0,0.0,0.0
2024-06-05,19.709999084472656,19.799999237060547,19.559999465942383,19.559999465942383,59300,0.0,0.0,0.0
2024-06-06,19.739999771118164,20.09000015258789,19.739999771118164,20.079999923706055,121300,0.0,0.0,0.0
2024-06-07,20.020000457763672,20.020000457763672,19.780000686645508,19.940000534057617,38000,0.0,0.0,0.0
2024-06-10,20.020000457763672,20.049999237060547,19.920000076293945,19.979999542236328,47300,0.0,0.0,0.0
2024-06-11,20.049999237060547,20.049999237060547,19.829999923706055,19.889999389648438,51300,0.0,0.0,0.0
2024-06-12,19.8799991607666,20.010000228881836,19.760000228881836,19.950000762939453,61900,0.0,0.0,0.0
2024-06-13,20.100000381469727,20.270000457763672,20.100000381469727,20.229999542236328,127400,0.0,0.0,0.0
2024-06-14,20.110000610351562,20.299999237060547,19.920000076293945,19.940000534057617,53600,0.0,0.0,0.0
2024-06-17,19.829999923706055,19.920000076293945,19.709999084472656,19.75,36000,0.0,0.0,0.0
2024-06-18,19.84000015258789,19.979999542236328,19.81999969482422,19.84000015258789,30000,0.0,0.0,0.0
2024-06-20,19.84000015258789,19.860000610351562,19.5,19.549999237060547,74100,0.0,0.0,0.0
2024-06-21,19.59000015258789,19.59000015258789,19.309999465942383,19.34000015258789,72100,0.0,0.0,0.0
2024-06-24,19.270000457763672,19.3700008392334,19.040000915527344,19.329999923706055,140900,0.0,0.0,0.0
2024-06-25,19.200000762939453,19.200000762939453,18.940000534057617,18.979999542236328,63600,0.0,0.0,0.0
2024-06-26,19.0,19.079999923706055,18.75,18.770000457763672,39500,0.0,0.0,0.0
2024-06-27,18.809999465942383,18.8700008392334,18.690000534057617,18.719999313354492,76500,0.0,0.0,0.0
2024-06-28,18.760000228881836,19.06999969482422,18.030000686645508,18.309999465942383,131400,0.0,0.0,0.0
2024-07-01,18.18000030517578,18.3799991607666,18.1200008392334,18.360000610351562,60300,0.0,0.0,0.0
2024-07-02,18.40999984741211,18.549999237060547,18.280000686645508,18.329999923706055,85300,0.0,0.0,0.0
2024-07-03,18.329999923706055,18.329999923706055,18.190000534057617,18.280000686645508,33800,0.0,0.0,0.0
2024-07-05,18.239999771118164,18.5,18.239999771118164,18.43000030517578,171100,0.0,0.0,0.0
2024-07-08,18.229999542236328,18.229999542236328,17.790000915527344,17.84000015258789,162200,0.0,0.0,0.0
2024-07-09,17.860000610351562,18.049999237060547,17.850000381469727,17.899999618530273,79600,0.0,0.0,0.0
2024-07-10,17.809999465942383,17.899999618530273,17.700000762939453,17.81999969482422,57400,0.0,0.0,0.0
2024-07-11,18.049999237060547,18.079999923706055,17.920000076293945,18.0,54500,0.0,0.0,0.0
2024-07-12,17.8700008392334,18.200000762939453,17.729999542236328,18.190000534057617,138100,0.0,0.0,0.0
2024-07-15,17.989999771118164,18.06999969482422,17.729999542236328,17.770000457763672,83500,0.0,0.0,0.0
2024-07-16,17.799999237060547,18.0,17.799999237060547,17.93000030517578,44900,0.0,0.0,0.0
2024-07-17,18.020000457763672,18.100000381469727,17.989999771118164,18.059999465942383,34500,0.0,0.0,0.0
2024-07-18,17.969999313354492,17.969999313354492,17.739999771118164,17.780000686645508,151200,0.0,0.0,0.0
2024-07-19,17.889999389648438,18.020000457763672,17.799999237060547,17.84000015258789,38500,0.0,0.0,0.0
2024-07-22,18.0,18.239999771118164,17.950000762939453,18.239999771118164,74600,0.0,0.0,0.0
2024-07-23,18.239999771118164,18.450000762939453,18.219999313354492,18.270000457763672,60600,0.0,0.0,0.0
2024-07-24,18.25,18.479999542236328,18.25,18.309999465942383,132300,0.0,0.0,0.0
2024-07-25,18.3700008392334,18.5,18.360000610351562,18.420000076293945,47600,0.0,0.0,0.0
2024-07-26,18.290000915527344,18.290000915527344,18.010000228881836,18.020000457763672,88700,0.0,0.0,0.0
2024-07-29,17.899999618530273,18.09000015258789,17.850000381469727,18.06999969482422,41700,0.0,0.0,0.0
2024-07-30,17.899999618530273,17.940000534057617,17.799999237060547,17.799999237060547,43600,0.0,0.0,0.0
2024-07-31,17.809999465942383,17.809999465942383,17.579999923706055,17.65999984741211,70000,0.0,0.0,0.0
2024-08-01,17.600000381469727,17.65999984741211,17.510000228881836,17.649999618530273,50300,0.0,0.0,0.0
2024-08-02,17.6299991607666,17.860000610351562,17.6299991607666,17.84000015258789,51100,0.0,0.0,0.0
2024-08-05,17.549999237060547,17.959999084472656,17.549999237060547,17.93000030517578,56600,0.0,0.0,0.0
2024-08-06,17.84000015258789,17.989999771118164,17.770000457763672,17.81999969482422,86700,0.0,0.0,0.0
2024-08-07,17.81999969482422,17.829999923706055,17.670000076293945,17.75,64300,0.0,0.0,0.0
2024-08-08,17.719999313354492,17.829999923706055,17.56999969482422,17.56999969482422,43300,0.0,0.0,0.0
2024-08-09,17.59000015258789,17.610000610351562,17.450000762939453,17.5,31000,0.0,0.0,0.0
2024-08-12,17.469999313354492,17.760000228881836,17.309999465942383,17.709999084472656,51900,0.0,0.0,0.0
2024-08-13,17.690000534057617,17.690000534057617,17.5,17.559999465942383,28700,0.0,0.0,0.0
2024-08-14,17.540000915527344,17.690000534057617,17.510000228881836,17.68000030517578,21800,0.0,0.0,0.0
2024-08-15,17.600000381469727,17.65999984741211,17.520000457763672,17.549999237060547,34200,0.0,0.0,0.0
2024-08-16,17.420000076293945,17.479999542236328,17.280000686645508,17.34000015258789,48100,0.0,0.0,0.0
2024-08-19,17.420000076293945,17.709999084472656,17.34000015258789,17.700000762939453,47400,0.0,0.0,0.0
2024-08-20,17.75,17.75,17.600000381469727,17.6299991607666,153000,0.0,0.0,0.0
2024-08-21,17.68000030517578,17.68000030517578,17.520000457763672,17.59000015258789,34400,0.0,0.0,0.0
2024-08-22,17.489999771118164,17.489999771118164,17.299999237060547,17.360000610351562,149500,0.0,0.0,0.0
2024-08-23,17.329999923706055,17.479999542236328,17.290000915527344,17.31999969482422,47500,0.0,0.0,0.0
2024-08-26,17.15999984741211,17.229999542236328,17.020000457763672,17.149999618530273,125500,0.0,0.0,0.0
2024-08-27,17.149999618530273,17.420000076293945,17.1299991607666,17.360000610351562,51900,0.0,0.0,0.0
2024-08-28,17.329999923706055,17.420000076293945,17.239999771118164,17.25,22000,0.0,0.0,0.0
2024-08-29,17.34000015258789,17.469999313354492,17.31999969482422,17.469999313354492,41100,0.0,0.0,0.0
2024-08-30,17.489999771118164,17.700000762939453,17.489999771118164,17.700000762939453,63700,0.0,0.0,0.0
2024-09-03,17.700000762939453,17.989999771118164,17.700000762939453,17.959999084472656,74800,0.0,0.0,0.0
2024-09-04,18.0,18.170000076293945,17.969999313354492,18.15999984741211,206800,0.0,0.0,0.0
2024-09-05,18.0,18.06999969482422,17.93000030517578,18.040000915527344,44100,0.0,0.0,0.0
2024-09-06,18.15999984741211,18.239999771118164,17.860000610351562,17.889999389648438,66100,0.0,0.0,0.0
2024-09-09,17.899999618530273,17.959999084472656,17.81999969482422,17.93000030517578,80800,0.0,0.0,0.0
2024-09-10,17.979999542236328,17.979999542236328,17.81999969482422,17.850000381469727,44800,0.0,0.0,0.0
2024-09-11,17.950000762939453,17.950000762939453,17.719999313354492,17.899999618530273,41400,0.0,0.0,0.0
2024-09-12,17.989999771118164,17.989999771118164,17.549999237060547,17.950000762939453,45800,0.0,0.0,0.0
2024-09-13,18.09000015258789,18.190000534057617,17.969999313354492,18.15999984741211,248400,0.0,0.0,0.0
2024-09-16,18.020000457763672,18.110000610351562,17.959999084472656,18.09000015258789,48000,0.0,0.0,0.0
2024-09-17,18.1200008392334,18.18000030517578,18.010000228881836,18.15999984741211,56000,0.0,0.0,0.0
2024-09-18,18.18000030517578,18.229999542236328,18.110000610351562,18.110000610351562,31600,0.0,0.0,0.0
2024-09-19,18.079999923706055,18.079999923706055,17.8799991607666,17.920000076293945,109300,0.0,0.0,0.0
2024-09-20,17.920000076293945,17.920000076293945,17.729999542236328,17.739999771118164,137900,0.0,0.0,0.0
2024-09-23,17.950000762939453,18.190000534057617,17.950000762939453,18.170000076293945,72900,0.0,0.0,0.0
2024-09-24,18.270000457763672,18.350000381469727,18.079999923706055,18.170000076293945,43600,0.0,0.0,0.0
2024-09-25,18.170000076293945,18.239999771118164,18.09000015258789,18.229999542236328,60400,0.0,0.0,0.0
2024-09-26,18.290000915527344,18.329999923706055,18.1299991607666,18.149999618530273,65300,0.0,0.0,0.0
2024-09-27,18.139999389648438,18.329999923706055,18.100000381469727,18.270000457763672,42600,0.0,0.0,0.0
2024-09-30,18.25,18.610000610351562,18.239999771118164,18.489999771118164,94400,0.0,0.0,0.0
2024-10-01,18.399999618530273,18.780000686645508,18.399999618530273,18.670000076293945,60600,0.0,0.0,0.0
2024-10-02,18.770000457763672,18.850000381469727,18.700000762939453,18.780000686645508,81900,0.0,0.0,0.0
2024-10-03,18.709999084472656,18.760000228881836,18.600000381469727,18.639999389648438,59300,0.0,0.0,0.0
2024-10-04,18.579999923706055,18.579999923706055,18.420000076293945,18.469999313354492,68000,0.0,0.0,0.0
2024-10-07,18.469999313354492,18.559999465942383,18.399999618530273,18.549999237060547,30100,0.0,0.0,0.0
2024-10-08,18.450000762939453,18.530000686645508,18.309999465942383,18.3799991607666,155800,0.0,0.0,0.0
2024-10-09,18.350000381469727,18.440000534057617,18.34000015258789,18.3700008392334,56600,0.0,0.0,0.0
2024-10-10,18.329999923706055,18.40999984741211,18.260000228881836,18.299999237060547,52500,0.0,0.0,0.0
2024-10-11,18.280000686645508,18.399999618530273,18.18000030517578,18.229999542236328,66100,0.0,0.0,0.0
2024-10-14,18.079999923706055,18.09000015258789,17.81999969482422,17.829999923706055,94600,0.0,0.0,0.0
2024-10-15,17.719999313354492,17.75,17.559999465942383,17.56999969482422,72500,0.0,0.0,0.0
2024-10-16,17.670000076293945,17.770000457763672,17.600000381469727,17.700000762939453,175200,0.0,0.0,0.0
2024-10-17,17.6200008392334,17.729999542236328,17.450000762939453,17.690000534057617,101900,0.0,0.0,0.0
2024-10-18,17.770000457763672,17.770000457763672,17.549999237060547,17.579999923706055,68000,0.0,0.0,0.0
2024-10-21,17.56999969482422,17.809999465942383,17.56999969482422,17.700000762939453,75000,0.0,0.0,0.0
2024-10-22,17.690000534057617,17.969999313354492,17.690000534057617,17.940000534057617,102500,0.0,0.0,0.0
2024-10-23,17.959999084472656,18.100000381469727,17.899999618530273,18.059999465942383,78300,0.0,0.0,0.0
2024-10-24,18.15999984741211,18.209999084472656,18.059999465942383,18.149999618530273,107100,0.0,0.0,0.0
2024-10-25,18.09000015258789,18.09000015258789,17.93000030517578,17.959999084472656,68800,0.0,0.0,0.0
2024-10-28,17.93000030517578,17.93000030517578,17.780000686645508,17.809999465942383,44800,0.0,0.0,0.0
2024-10-29,17.81999969482422,17.940000534057617,17.81999969482422,17.899999618530273,34000,0.0,0.0,0.0
2024-10-30,17.860000610351562,17.90999984741211,17.809999465942383,17.850000381469727,23300,0.0,0.0,0.0
2024-10-31,17.829999923706055,17.940000534057617,17.829999923706055,17.889999389648438,50800,0.0,0.0,0.0
2024-11-01,17.93000030517578,18.040000915527344,17.889999389648438,17.950000762939453,48400,0.0,0.0,0.0
2024-11-04,17.979999542236328,18.06999969482422,17.90999984741211,17.93000030517578,61600,0.0,0.0,0.0
2024-11-05,18.010000228881836,18.059999465942383,17.959999084472656,18.030000686645508,39800,0.0,0.0,0.0
2024-11-06,17.850000381469727,18.299999237060547,17.850000381469727,18.260000228881836,68100,0.0,0.0,0.0
2024-11-07,18.309999465942383,18.389999389648438,18.15999984741211,18.3799991607666,67400,0.0,0.0,0.0
2024-11-08,18.399999618530273,18.56999969482422,18.31999969482422,18.479999542236328,78900,0.0,0.0,0.0
2024-11-11,18.389999389648438,18.420000076293945,18.219999313354492,18.350000381469727,78300,0.0,0.0,0.0
2024-11-12,18.389999389648438,18.399999618530273,18.18000030517578,18.25,26000,0.0,0.0,0.0
2024-11-13,18.209999084472656,18.270000457763672,18.06999969482422,18.1299991607666,40400,0.0,0.0,0.0
2024-11-14,18.100000381469727,18.100000381469727,17.8700008392334,17.920000076293945,51300,0.0,0.0,0.0
2024-11-15,17.899999618530273,18.149999618530273,17.889999389648438,18.06999969482422,48000,0.0,0.0,0.0
2024-11-18,18.0,18.229999542236328,18.0,18.209999084472656,42500,0.0,0.0,0.0
2024-11-19,18.219999313354492,18.299999237060547,18.1299991607666,18.15999984741211,29800,0.0,0.0,0.0
2024-11-20,18.09000015258789,18.299999237060547,18.059999465942383,18.290000915527344,26100,0.0,0.0,0.0
2024-11-21,18.25,18.25,18.030000686645508,18.079999923706055,34700,0.0,0.0,0.0
2024-11-22,18.149999618530273,18.15999984741211,18.020000457763672,18.06999969482422,24500,0.0,0.0,0.0
2024-11-25,17.969999313354492,18.06999969482422,17.899999618530273,17.920000076293945,27900,0.0,0.0,0.0
2024-11-26,17.920000076293945,17.920000076293945,17.690000534057617,17.770000457763672,70200,0.0,0.0,0.0
2024-11-27,17.780000686645508,17.84000015258789,17.729999542236328,17.739999771118164,29900,0.0,0.0,0.0
2024-11-29,17.709999084472656,17.899999618530273,17.709999084472656,17.8700008392334,10000,0.0,0.0,0.0
2024-12-02,17.760000228881836,17.979999542236328,17.760000228881836,17.920000076293945,15500,0.0,0.0,0.0
2024-12-03,17.969999313354492,17.989999771118164,17.829999923706055,17.8799991607666,39200,0.0,0.0,0.0
2024-12-04,17.780000686645508,17.889999389648438,17.760000228881836,17.760000228881836,23700,0.0,0.0,0.0
2024-12-05,17.75,18.0,17.75,18.0,28100,0.0,0.0,0.0
2024-12-06,18.0,18.190000534057617,18.0,18.18000030517578,44500,0.0,0.0,0.0
2024-12-09,18.18000030517578,18.239999771118164,18.110000610351562,18.239999771118164,27100,0.0,0.0,0.0
2024-12-10,18.219999313354492,18.5,18.219999313354492,18.5,40300,0.0,0.0,0.0
2024-12-11,18.5,18.579999923706055,18.469999313354492,18.479999542236328,49200,0.0,0.0,0.0
2024-12-12,18.459999084472656,18.479999542236328,18.31999969482422,18.3799991607666,50100,0.0,0.0,0.0
2024-12-13,18.260000228881836,18.329999923706055,18.190000534057617,18.260000228881836,49100,0.0,0.0,0.0
2024-12-16,18.360000610351562,18.360000610351562,18.260000228881836,18.360000610351562,55500,0.0,0.0,0.0
2024-12-17,18.260000228881836,18.309999465942383,18.18000030517578,18.280000686645508,114600,0.0,0.0,0.0
2024-12-18,18.280000686645508,18.350000381469727,18.0,18.030000686645508,215100,0.0,0.0,0.0
2024-12-19,18.0,18.139999389648438,17.940000534057617,18.09000015258789,44300,0.0,0.0,0.0
2024-12-20,18.149999618530273,18.34000015258789,18.149999618530273,18.260000228881836,66500,0.0,0.0,0.0
2024-12-23,18.389999389648438,18.389999389648438,18.260000228881836,18.3700008392334,56400,0.0,0.0,0.0
2024-12-24,18.3700008392334,18.389999389648438,18.329999923706055,18.360000610351562,20400,0.0,0.0,0.0
2024-12-26,18.440000534057617,18.639999389648438,18.399999618530273,18.6299991607666,62100,0.0,0.0,0.0
2024-12-27,18.559999465942383,18.639999389648438,18.559999465942383,18.56999969482422,39300,0.0,0.0,0.0
2024-12-30,18.75,18.780000686645508,18.440000534057617,18.579999923706055,78000,0.0,0.0,0.0
2024-12-31,18.59000015258789,18.799999237060547,18.59000015258789,18.770000457763672,51300,0.0,0.0,0.0
2025-01-02,18.739999771118164,18.889999389648438,18.700000762939453,18.889999389648438,73700,0.0,0.0,0.0
2025-01-03,18.760000228881836,18.760000228881836,18.469999313354492,18.520000457763672,144900,0.0,0.0,0.0
2025-01-06,18.780000686645508,18.860000610351562,18.729999542236328,18.780000686645508,75300,0.0,0.0,0.0
2025-01-07,18.6299991607666,18.81999969482422,18.600000381469727,18.780000686645508,44500,0.0,0.0,0.0
2025-01-08,18.68000030517578,18.780000686645508,18.649999618530273,18.649999618530273,40600,0.0,0.0,0.0
2025-01-10,18.729999542236328,19.280000686645508,18.729999542236328,19.229999542236328,272100,0.0,0.0,0.0
2025-01-13,19.309999465942383,19.510000228881836,19.299999237060547,19.5,218500,0.0,0.0,0.0
2025-01-14,19.450000762939453,19.6299991607666,19.399999618530273,19.43000030517578,57100,0.0,0.0,0.0
2025-01-15,19.520000457763672,19.559999465942383,19.5,19.549999237060547,85700,0.0,0.0,0.0
2025-01-16,19.360000610351562,19.43000030517578,19.25,19.280000686645508,180300,0.0,0.0,0.0
2025-01-17,19.420000076293945,19.649999618530273,19.3799991607666,19.6200008392334,82300,0.0,0.0,0.0
2025-01-21,19.709999084472656,19.889999389648438,19.600000381469727,19.860000610351562,106700,0.0,0.0,0.0
2025-01-22,19.860000610351562,19.93000030517578,19.6299991607666,19.700000762939453,86900,0.0,0.0,0.0
2025-01-23,19.700000762939453,20.059999465942383,19.549999237060547,19.90999984741211,128200,0.0,0.0,0.0
2025-01-24,19.799999237060547,19.920000076293945,19.760000228881836,19.760000228881836,87400,0.0,0.0,0.0
2025-01-27,19.610000610351562,19.690000534057617,19.479999542236328,19.6299991607666,79300,0.0,0.0,0.0
2025-01-28,19.760000228881836,19.940000534057617,19.729999542236328,19.790000915527344,63400,0.0,0.0,0.0
2025-01-29,19.950000762939453,20.190000534057617,19.950000762939453,20.18000030517578,77000,0.0,0.0,0.0
2025-01-30,20.100000381469727,20.100000381469727,19.969999313354492,20.049999237060547,49300,0.0,0.0,0.0
2025-01-31,19.719999313354492,19.90999984741211,19.610000610351562,19.790000915527344,107300,0.0,0.0,0.0
2025-02-03,19.510000228881836,20.059999465942383,19.5,19.989999771118164,75300,0.0,0.0,0.0
2025-02-04,20.040000915527344,20.229999542236328,19.989999771118164,20.149999618530273,98800,0.0,0.0,0.0
2025-02-05,20.170000076293945,20.200000762939453,20.040000915527344,20.170000076293945,80200,0.0,0.0,0.0
2025-02-06,20.1299991607666,20.290000915527344,19.940000534057617,20.280000686645508,285600,0.0,0.0,0.0
2025-02-07,20.18000030517578,20.18000030517578,19.950000762939453,19.969999313354492,210100,0.0,0.0,0.0
2025-02-10,20.059999465942383,20.190000534057617,20.0,20.170000076293945,52900,0.0,0.0,0.0
2025-02-11,20.25,20.350000381469727,19.950000762939453,20.010000228881836,68900,0.0,0.0,0.0
2025-02-12,20.030000686645508,20.25,20.010000228881836,20.200000762939453,115100,0.0,0.0,0.0
2025-02-13,20.149999618530273,20.270000457763672,20.1200008392334,20.219999313354492,80700,0.0,0.0,0.0
2025-02-14,20.219999313354492,20.43000030517578,20.219999313354492,20.31999969482422,56300,0.0,0.0,0.0
2025-02-18,20.389999389648438,20.65999984741211,20.389999389648438,20.600000381469727,168200,0.0,0.0,0.0
2025-02-19,20.600000381469727,20.690000534057617,20.420000076293945,20.469999313354492,70400,0.0,0.0,0.0
2025-02-20,20.610000610351562,20.65999984741211,20.5,20.540000915527344,28800,0.0,0.0,0.0
2025-02-21,20.43000030517578,20.530000686645508,20.229999542236328,20.239999771118164,63000,0.0,0.0,0.0
2025-02-24,20.1299991607666,20.239999771118164,19.940000534057617,19.969999313354492,148800,0.0,0.0,0.0
2025-02-25,19.84000015258789,19.979999542236328,19.709999084472656,19.940000534057617,236700,0.0,0.0,0.0
2025-02-26,19.969999313354492,20.110000610351562,19.829999923706055,19.8700008392334,89700,0.0,0.0,0.0
2025-02-27,19.790000915527344,19.809999465942383,19.43000030517578,19.43000030517578,94400,0.0,0.0,0.0
2025-02-28,19.5,19.5,19.049999237060547,19.06999969482422,122300,0.0,0.0,0.0
2025-03-03,19.0,19.09000015258789,18.6299991607666,18.68000030517578,252000,0.0,0.0,0.0
2025-03-04,18.420000076293945,18.639999389648438,18.209999084472656,18.520000457763672,218200,0.0,0.0,0.0
2025-03-05,18.56999969482422,18.709999084472656,18.360000610351562,18.649999618530273,80000,0.0,0.0,0.0
2025-03-06,18.639999389648438,19.15999984741211,18.459999084472656,18.8799991607666,132700,0.0,0.0,0.0
2025-03-07,18.889999389648438,19.110000610351562,18.770000457763672,19.06999969482422,87300,0.0,0.0,0.0
2025-03-10,19.110000610351562,19.239999771118164,19.0,19.18000030517578,69100,0.0,0.0,0.0
2025-03-11,19.209999084472656,19.329999923706055,19.040000915527344,19.059999465942383,43900,0.0,0.0,0.0
2025-03-12,18.940000534057617,18.950000762939453,18.600000381469727,18.780000686645508,76200,0.0,0.0,0.0
2025-03-13,18.8700008392334,19.059999465942383,18.8700008392334,18.889999389648438,36000,0.0,0.0,0.0
2025-03-14,18.93000030517578,18.93000030517578,18.75,18.829999923706055,23300,0.0,0.0,0.0
2025-03-17,18.940000534057617,19.020000457763672,18.8799991607666,18.959999084472656,49700,0.0,0.0,0.0
2025-03-18,19.030000686645508,19.030000686645508,18.81999969482422,18.889999389648438,89600,0.0,0.0,0.0
2025-03-19,18.829999923706055,18.969999313354492,18.829999923706055,18.8700008392334,199700,0.0,0.0,0.0
2025-03-20,18.920000076293945,19.020000457763672,18.90999984741211,18.979999542236328,15900,0.0,0.0,0.0
2025-03-21,18.979999542236328,19.059999465942383,18.829999923706055,18.8799991607666,44500,0.0,0.0,0.0
2025-03-24,18.899999618530273,18.93000030517578,18.790000915527344,18.93000030517578,95600,0.0,0.0,0.0
2025-03-25,18.799999237060547,18.799999237060547,18.709999084472656,18.770000457763672,48800,0.0,0.0,0.0
2025-03-26,18.799999237060547,18.799999237060547,18.510000228881836,18.559999465942383,50000,0.0,0.0,0.0
2025-03-27,18.489999771118164,18.520000457763672,18.360000610351562,18.510000228881836,41300,0.0,0.0,0.0
2025-03-28,18.360000610351562,18.489999771118164,18.209999084472656,18.459999084472656,39600,0.0,0.0,0.0
2025-03-31,18.510000228881836,18.579999923706055,18.170000076293945,18.559999465942383,77800,0.0,0.0,0.0
2025-04-01,18.670000076293945,18.790000915527344,18.670000076293945,18.719999313354492,67400,0.0,0.0,0.0
2025-04-02,18.600000381469727,18.760000228881836,18.549999237060547,18.700000762939453,46400,0.0,0.0,0.0
2025-04-03,18.489999771118164,18.780000686645508,18.399999618530273,18.68000030517578,91000,0.0,0.0,0.0
2025-04-04,18.489999771118164,18.780000686645508,18.3700008392334,18.739999771118164,52700,0.0,0.0,0.0
2025-04-07,18.559999465942383,18.8799991607666,18.559999465942383,18.719999313354492,103900,0.0,0.0,0.0
2025-04-08,18.81999969482422,18.93000030517578,18.709999084472656,18.739999771118164,53400,0.0,0.0,0.0
2025-04-09,18.899999618530273,19.049999237060547,18.75,19.049999237060547,111000,0.0,0.0,0.0
2025-04-10,19.010000228881836,19.299999237060547,18.979999542236328,19.18000030517578,132700,0.0,0.0,0.0
2025-04-11,19.3799991607666,19.639999389648438,19.309999465942383,19.579999923706055,339500,0.0,0.0,0.0
2025-04-14,19.6299991607666,19.700000762939453,19.420000076293945,19.420000076293945,185400,0.0,0.0,0.0
2025-04-15,19.579999923706055,19.649999618530273,19.440000534057617,19.5,142800,0.0,0.0,0.0
2025-04-16,19.65999984741211,19.709999084472656,19.549999237060547,19.579999923706055,42200,0.0,0.0,0.0
2025-04-17,19.6200008392334,19.68000030517578,19.530000686645508,19.579999923706055,59100,0.0,0.0,0.0
2025-04-21,19.760000228881836,19.760000228881836,19.489999771118164,19.510000228881836,61100,0.0,0.0,0.0
2025-04-22,19.34000015258789,19.3700008392334,19.200000762939453,19.229999542236328,109300,0.0,0.0,0.0
2025-04-23,19.079999923706055,19.15999984741211,19.010000228881836,19.09000015258789,48200,0.0,0.0,0.0
2025-04-24,19.100000381469727,19.190000534057617,19.049999237060547,19.1299991607666,37300,0.0,0.0,0.0
2025-04-25,19.170000076293945,19.239999771118164,19.110000610351562,19.170000076293945,122400,0.0,0.0,0.0
2025-04-28,18.899999618530273,19.100000381469727,18.81999969482422,18.979999542236328,78600,0.0,0.0,0.0
2025-04-29,18.959999084472656,19.020000457763672,18.649999618530273,18.649999618530273,69800,0.0,0.0,0.0
2025-04-30,18.600000381469727,18.8700008392334,18.600000381469727,18.739999771118164,56300,0.0,0.0,0.0
2025-05-01,18.8700008392334,18.8700008392334,18.639999389648438,18.780000686645508,88100,0.0,0.0,0.0
2025-05-02,18.850000381469727,18.989999771118164,18.760000228881836,18.809999465942383,52300,0.0,0.0,0.0
2025-05-05,18.719999313354492,18.75,18.360000610351562,18.3700008392334,89700,0.0,0.0,0.0
2025-05-06,18.420000076293945,18.440000534057617,18.299999237060547,18.3700008392334,100300,0.0,0.0,0.0
2025-05-07,18.489999771118164,18.559999465942383,18.229999542236328,18.270000457763672,182100,0.0,0.0,0.0
2025-05-08,18.299999237060547,18.299999237060547,18.020000457763672,18.15999984741211,41700,0.0,0.0,0.0
2025-05-09,18.200000762939453,18.420000076293945,18.18000030517578,18.239999771118164,145000,0.0,0.0,0.0
2025-05-12,18.450000762939453,18.600000381469727,18.299999237060547,18.299999237060547,121600,0.0,0.0,0.0
2025-05-13,18.260000228881836,18.290000915527344,18.110000610351562,18.18000030517578,34600,0.0,0.0,0.0
2025-05-14,18.09000015258789,18.229999542236328,18.06999969482422,18.1299991607666,52200,0.0,0.0,0.0
2025-05-15,18.209999084472656,18.209999084472656,18.0,18.110000610351562,52400,0.0,0.0,0.0
2025-05-16,18.040000915527344,18.09000015258789,17.899999618530273,17.940000534057617,81200,0.0,0.0,0.0
2025-05-19,18.059999465942383,18.260000228881836,17.979999542236328,18.190000534057617,86100,0.0,0.0,0.0
2025-05-20,18.399999618530273,18.5,18.34000015258789,18.5,84600,0.0,0.0,0.0
2025-05-21,18.540000915527344,18.739999771118164,18.530000686645508,18.709999084472656,43100,0.0,0.0,0.0
2025-05-22,18.700000762939453,18.739999771118164,18.56999969482422,18.610000610351562,25500,0.0,0.0,0.0
2025-05-23,18.6299991607666,18.6299991607666,18.459999084472656,18.520000457763672,23000,0.0,0.0,0.0
2025-05-27,18.5,18.639999389648438,18.329999923706055,18.3799991607666,36400,0.0,0.0,0.0
2025-05-28,18.43000030517578,18.59000015258789,18.239999771118164,18.239999771118164,25500,0.0,0.0,0.0
2025-05-29,18.200000762939453,18.299999237060547,18.110000610351562,18.15999984741211,34300,0.0,0.0,0.0
2025-05-30,18.209999084472656,18.309999465942383,18.040000915527344,18.1200008392334,23800,0.0,0.0,0.0
2025-06-02,18.170000076293945,18.25,18.0,18.020000457763672,134100,0.0,0.0,0.0
2025-06-03,18.079999923706055,18.219999313354492,18.06999969482422,18.209999084472656,46400,0.0,0.0,0.0
2025-06-04,18.299999237060547,18.399999618530273,18.200000762939453,18.3799991607666,36100,0.0,0.0,0.0
2025-06-05,18.3799991607666,18.549999237060547,18.3700008392334,18.5,42800,0.0,0.0,0.0
2025-06-06,18.530000686645508,18.6200008392334,18.399999618530273,18.6200008392334,67400,0.0,0.0,0.0
2025-06-09,18.459999084472656,18.530000686645508,18.190000534057617,18.260000228881836,81500,0.0,0.0,0.0
2025-06-10,18.229999542236328,18.299999237060547,18.110000610351562,18.270000457763672,25700,0.0,0.0,0.0
2025-06-11,18.40999984741211,18.489999771118164,18.229999542236328,18.260000228881836,36500,0.0,0.0,0.0
2025-06-12,18.360000610351562,18.3799991607666,18.200000762939453,18.309999465942383,21800,0.0,0.0,0.0
2025-06-13,18.219999313354492,18.440000534057617,18.219999313354492,18.389999389648438,54200,0.0,0.0,0.0
2025-06-16,18.229999542236328,18.239999771118164,18.059999465942383,18.09000015258789,62700,0.0,0.0,0.0
2025-06-17,18.149999618530273,18.299999237060547,18.149999618530273,18.229999542236328,25400,0.0,0.0,0.0
2025-06-18,18.170000076293945,18.489999771118164,18.170000076293945,18.399999618530273,42600,0.0,0.0,0.0
2025-06-20,18.440000534057617,18.489999771118164,18.290000915527344,18.34000015258789,24900,0.0,0.0,0.0
2025-06-23,18.219999313354492,18.219999313354492,17.950000762939453,17.959999084472656,50000,0.0,0.0,0.0
2025-06-24,17.940000534057617,17.989999771118164,17.770000457763672,17.84000015258789,89300,0.0,0.0,0.0
2025-06-25,17.889999389648438,17.889999389648438,17.530000686645508,17.600000381469727,78400,0.0,0.0,0.0
2025-06-26,17.670000076293945,17.670000076293945,17.510000228881836,17.559999465942383,68100,0.0,0.0,0.0
2025-06-27,17.700000762939453,17.799999237060547,17.59000015258789,17.719999313354492,20900,0.0,0.0,0.0
2025-06-30,17.639999389648438,17.809999465942383,17.6200008392334,17.700000762939453,50600,0.0,0.0,0.0
2025-07-01,17.549999237060547,17.690000534057617,17.239999771118164,17.579999923706055,42300,0.0,0.0,0.0
2025-07-02,17.520000457763672,18.020000457763672,17.459999084472656,18.010000228881836,59600,0.0,0.0,0.0
2025-07-03,18.1299991607666,18.270000457763672,18.110000610351562,18.15999984741211,33600,0.0,0.0,0.0
2025-07-07,17.690000534057617,17.829999923706055,17.520000457763672,17.540000915527344,74900,0.0,0.0,0.0
2025-07-08,17.459999084472656,17.489999771118164,17.290000915527344,17.34000015258789,57900,0.0,0.0,0.0
2025-07-09,17.34000015258789,17.389999389648438,17.260000228881836,17.389999389648438,40600,0.0,0.0,0.0
2025-07-10,17.34000015258789,17.399999618530273,17.270000457763672,17.389999389648438,23500,0.0,0.0,0.0
2025-07-11,17.360000610351562,17.40999984741211,17.209999084472656,17.270000457763672,39500,0.0,0.0,0.0
2025-07-14,17.350000381469727,17.459999084472656,17.299999237060547,17.459999084472656,32100,0.0,0.0,0.0
2025-07-15,17.299999237060547,17.649999618530273,17.25,17.510000228881836,23700,0.0,0.0,0.0
2025-07-16,17.6200008392334,17.690000534057617,17.559999465942383,17.6299991607666,13900,0.0,0.0,0.0
2025-07-17,17.729999542236328,17.739999771118164,17.5,17.549999237060547,46200,0.0,0.0,0.0
2025-07-18,17.65999984741211,17.860000610351562,17.65999984741211,17.809999465942383,26800,0.0,0.0,0.0
2025-07-21,17.709999084472656,17.799999237060547,17.520000457763672,17.579999923706055,54000,0.0,0.0,0.0
2025-07-22,17.469999313354492,17.56999969482422,17.459999084472656,17.459999084472656,23800,0.0,0.0,0.0
2025-07-23,17.520000457763672,17.520000457763672,17.420000076293945,17.469999313354492,26100,0.0,0.0,0.0
2025-07-24,17.489999771118164,17.59000015258789,17.489999771118164,17.56999969482422,13000,0.0,0.0,0.0
2025-07-25,17.479999542236328,17.530000686645508,17.459999084472656,17.489999771118164,26900,0.0,0.0,0.0
2025-07-28,17.450000762939453,17.469999313354492,17.290000915527344,17.329999923706055,32300,0.0,0.0,0.0
2025-07-29,17.290000915527344,17.299999237060547,17.15999984741211,17.200000762939453,34000,0.0,0.0,0.0
2025-07-30,17.200000762939453,17.350000381469727,17.149999618530273,17.25,21700,0.0,0.0,0.0
2025-07-31,17.149999618530273,17.31999969482422,17.110000610351562,17.260000228881836,18300,0.0,0.0,0.0
2025-08-01,17.25,17.299999237060547,17.170000076293945,17.170000076293945,10500,0.0,0.0,0.0
2025-08-04,17.15999984741211,17.219999313354492,17.079999923706055,17.1200008392334,21900,0.0,0.0,0.0
2025-08-05,17.100000381469727,17.100000381469727,16.899999618530273,16.899999618530273,103800,0.0,0.0,0.0
2025-08-06,16.920000076293945,17.030000686645508,16.719999313354492,16.920000076293945,60700,0.0,0.0,0.0
2025-08-07,17.030000686645508,17.09000015258789,16.989999771118164,17.079999923706055,46300,0.0,0.0,0.0
2025-08-08,17.1200008392334,17.18000030517578,17.0,17.040000915527344,33600,0.0,0.0,0.0
2025-08-11,17.100000381469727,17.18000030517578,17.100000381469727,17.139999389648438,20400,0.0,0.0,0.0
2025-08-12,16.989999771118164,17.020000457763672,16.610000610351562,16.709999084472656,70400,0.0,0.0,0.0
2025-08-13,16.81999969482422,16.850000381469727,16.670000076293945,16.799999237060547,41700,0.0,0.0,0.0
2025-08-14,16.65999984741211,16.84000015258789,16.649999618530273,16.770000457763672,21700,0.0,0.0,0.0
2025-08-15,16.899999618530273,17.100000381469727,16.860000610351562,17.09000015258789,51900,0.0,0.0,0.0
2025-08-18,16.979999542236328,17.149999618530273,16.979999542236328,17.100000381469727,318700,0.0,0.0,0.0
2025-08-19,17.0,17.100000381469727,16.850000381469727,16.989999771118164,39600,0.0,0.0,0.0
2025-08-20,17.0,17.09000015258789,17.0,17.06999969482422,41400,0.0,0.0,0.0
2025-08-21,17.149999618530273,17.360000610351562,17.100000381469727,17.309999465942383,364500,0.0,0.0,0.0
2025-08-22,17.299999237060547,17.350000381469727,17.25,17.299999237060547,66800,0.0,0.0,0.0
2025-08-25,17.3700008392334,17.469999313354492,17.270000457763672,17.350000381469727,39900,0.0,0.0,0.0
2025-08-26,17.280000686645508,17.290000915527344,17.170000076293945,17.219999313354492,61500,0.0,0.0,0.0
2025-08-27,17.170000076293945,17.170000076293945,17.09000015258789,17.100000381469727,43700,0.0,0.0,0.0
2025-08-28,17.100000381469727,17.280000686645508,17.020000457763672,17.260000228881836,77700,0.0,0.0,0.0
2025-08-29,17.280000686645508,17.600000381469727,17.280000686645508,17.56999969482422,129300,0.0,0.0,0.0
2025-09-02,17.489999771118164,17.739999771118164,17.43000030517578,17.719999313354492,127500,0.0,0.0,0.0
2025-09-03,17.6299991607666,17.739999771118164,17.479999542236328,17.559999465942383,90600,0.0,0.0,0.0
2025-09-04,17.530000686645508,17.649999618530273,17.3799991607666,17.639999389648438,47800,0.0,0.0,0.0
2025-09-05,17.690000534057617,17.75,17.510000228881836,17.530000686645508,41200,0.0,0.0,0.0
2025-09-08,17.5,17.670000076293945,17.450000762939453,17.65999984741211,70600,0.0,0.0,0.0
2025-09-09,17.549999237060547,17.670000076293945,17.549999237060547,17.579999923706055,30000,0.0,0.0,0.0
2025-09-10,17.559999465942383,17.600000381469727,17.420000076293945,17.469999313354492,50500,0.0,0.0,0.0
2025-09-11,17.559999465942383,17.65999984741211,17.510000228881836,17.600000381469727,24100,0.0,0.0,0.0
2025-09-12,17.6299991607666,17.959999084472656,17.530000686645508,17.899999618530273,98900,0.0,0.0,0.0
2025-09-15,17.850000381469727,17.920000076293945,17.75,17.780000686645508,230400,0.0,0.0,0.0
2025-09-16,17.889999389648438,18.0,17.860000610351562,17.959999084472656,182900,0.0,0.0,0.0
2025-09-17,18.0,18.020000457763672,17.84000015258789,17.8799991607666,103700,0.0,0.0,0.0
2025-09-18,17.8700008392334,17.8700008392334,17.739999771118164,17.739999771118164,48900,0.0,0.0,0.0
2025-09-19,17.799999237060547,17.899999618530273,17.670000076293945,17.739999771118164,34300,0.0,0.0,0.0
2025-09-22,17.59000015258789,17.709999084472656,17.520000457763672,17.610000610351562,69200,0.0,0.0,0.0
2025-09-23,17.6200008392334,17.770000457763672,17.6200008392334,17.75,32700,0.0,0.0,0.0
2025-09-24,17.809999465942383,17.84000015258789,17.690000534057617,17.719999313354492,50300,0.0,0.0,0.0
2025-09-25,17.829999923706055,17.850000381469727,17.700000762939453,17.719999313354492,60500,0.0,0.0,0.0
2025-09-26,17.690000534057617,17.690000534057617,17.600000381469727,17.6200008392334,56100,0.0,0.0,0.0
2025-09-29,17.56999969482422,17.65999984741211,17.540000915527344,17.6299991607666,46800,0.0,0.0,0.0
2025-09-30,17.549999237060547,17.56999969482422,17.40999984741211,17.450000762939453,59800,0.0,0.0,0.0
2025-10-01,17.31999969482422,17.600000381469727,17.299999237060547,17.549999237060547,49500,0.0,0.0,0.0
2025-10-02,17.5,17.709999084472656,17.489999771118164,17.670000076293945,97300,0.0,0.0,0.0
2025-10-03,17.649999618530273,17.709999084472656,17.59000015258789,17.610000610351562,43900,0.0,0.0,0.0
2025-10-06,17.600000381469727,17.649999618530273,17.510000228881836,17.600000381469727,31900,0.0,0.0,0.0
2025-10-07,17.59000015258789,17.65999984741211,17.510000228881836,17.510000228881836,20100,0.0,0.0,0.0
2025-10-08,17.56999969482422,17.600000381469727,17.540000915527344,17.579999923706055,40100,0.0,0.0,0.0
2025-10-09,17.530000686645508,17.56999969482422,17.450000762939453,17.450000762939453,33200,0.0,0.0,0.0
2025-10-10,17.40999984741211,17.40999984741211,17.260000228881836,17.299999237060547,85200,0.0,0.0,0.0
2025-10-13,17.270000457763672,17.31999969482422,17.219999313354492,17.219999313354492,60100,0.0,0.0,0.0
2025-10-14,17.190000534057617,17.299999237060547,17.190000534057617,17.260000228881836,44800,0.0,0.0,0.0
2025-10-15,17.260000228881836,17.450000762939453,17.229999542236328,17.420000076293945,30800,0.0,0.0,0.0
2025-10-16,17.389999389648438,17.559999465942383,17.3799991607666,17.510000228881836,40600,0.0,0.0,0.0
2025-10-17,17.59000015258789,17.610000610351562,17.520000457763672,17.540000915527344,27600,0.0,0.0,0.0
2025-10-20,17.56999969482422,17.579999923706055,17.469999313354492,17.56999969482422,29400,0.0,0.0,0.0
2025-10-21,17.510000228881836,17.549999237060547,17.40999984741211,17.459999084472656,46200,0.0,0.0,0.0
2025-10-22,17.489999771118164,17.540000915527344,17.440000534057617,17.530000686645508,71700,0.0,0.0,0.0
2025-10-23,17.530000686645508,17.719999313354492,17.469999313354492,17.670000076293945,102800,0.0,0.0,0.0
2025-10-24,17.65999984741211,17.68000030517578,17.59000015258789,17.6200008392334,73200,0.0,0.0,0.0
2025-10-27,17.84000015258789,17.959999084472656,17.770000457763672,17.8700008392334,95000,0.0,0.0,0.0
2025-10-28,17.959999084472656,18.09000015258789,17.84000015258789,17.90999984741211,152300,0.0,0.0,0.0
2025-10-29,17.829999923706055,17.950000762939453,17.81999969482422,17.920000076293945,34200,0.0,0.0,0.0
2025-10-30,17.889999389648438,17.899999618530273,17.719999313354492,17.829999923706055,45500,0.0,0.0,0.0
2025-10-31,17.75,17.850000381469727,17.68000030517578,17.790000915527344,61600,0.0,0.0,0.0
2025-11-03,17.889999389648438,17.989999771118164,17.729999542236328,17.969999313354492,85000,0.0,0.0,0.0
2025-11-04,17.84000015258789,17.8799991607666,17.799999237060547,17.8700008392334,38300,0.0,0.0,0.0
2025-11-05,17.889999389648438,18.049999237060547,17.889999389648438,18.049999237060547,50100,0.0,0.0,0.0
2025-11-06,17.979999542236328,17.979999542236328,17.799999237060547,17.829999923706055,51900,0.0,0.0,0.0
2025-11-07,17.81999969482422,17.8700008392334,17.75,17.770000457763672,39300,0.0,0.0,0.0
2025-11-10,17.850000381469727,17.920000076293945,17.75,17.8799991607666,25000,0.0,0.0,0.0
2025-11-11,17.770000457763672,18.020000457763672,17.770000457763672,18.010000228881836,29700,0.0,0.0,0.0
2025-11-12,17.969999313354492,18.059999465942383,17.940000534057617,18.030000686645508,47900,0.0,0.0,0.0
2025-11-13,18.079999923706055,18.290000915527344,18.020000457763672,18.270000457763672,95100,0.0,0.0,0.0
2025-11-14,18.25,18.290000915527344,17.850000381469727,17.899999618530273,98800,0.0,0.0,0.0
2025-11-17,17.920000076293945,18.100000381469727,17.920000076293945,18.020000457763672,91700,0.0,0.0,0.0
2025-11-18,18.030000686645508,18.100000381469727,17.969999313354492,18.020000457763672,82500,0.0,0.0,0.0
2025-11-19,18.0,18.0,17.729999542236328,17.75,63100,0.0,0.0,0.0
2025-11-20,17.809999465942383,17.809999465942383,17.59000015258789,17.600000381469727,89600,0.0,0.0,0.0
2025-11-21,17.549999237060547,17.649999618530273,17.520000457763672,17.600000381469727,41300,0.0,0.0,0.0
2025-11-24,17.549999237060547,17.649999618530273,17.5,17.59000015258789,44300,0.0,0.0,0.0
2025-11-25,17.6200008392334,17.690000534057617,17.600000381469727,17.639999389648438,27900,0.0,0.0,0.0
2025-11-26,17.75,17.940000534057617,17.700000762939453,17.940000534057617,36400,0.0,0.0,0.0
2025-11-28,17.920000076293945,18.020000457763672,17.84000015258789,17.969999313354492,44700,0.0,0.0,0.0
2025-12-01,17.899999618530273,18.010000228881836,17.8700008392334,17.90999984741211,22400,0.0,0.0,0.0
2025-12-02,17.889999389648438,18.1299991607666,17.81999969482422,18.049999237060547,31000,0.0,0.0,0.0
2025-12-03,17.979999542236328,17.979999542236328,17.809999465942383,17.809999465942383,82100,0.0,0.0,0.0
2025-12-04,17.8799991607666,17.940000534057617,17.760000228881836,17.889999389648438,72700,0.0,0.0,0.0
2025-12-05,17.8700008392334,17.950000762939453,17.850000381469727,17.850000381469727,78600,0.0,0.0,0.0
2025-12-08,17.8700008392334,17.940000534057617,17.790000915527344,17.84000015258789,13600,0.0,0.0,0.0
2025-12-09,17.829999923706055,18.0,17.829999923706055,17.950000762939453,26600,0.0,0.0,0.0
2025-12-10,17.93000030517578,17.93000030517578,17.809999465942383,17.829999923706055,21100,0.0,0.0,0.0
2025-12-11,17.93000030517578,17.959999084472656,17.850000381469727,17.899999618530273,51700,0.0,0.0,0.0
2025-12-12,17.860000610351562,17.920000076293945,17.75,17.75,25400,0.0,0.0,0.0
2025-12-15,17.719999313354492,17.75,17.610000610351562,17.700000762939453,63400,0.0,0.0,0.0
2025-12-16,17.690000534057617,17.690000534057617,17.559999465942383,17.59000015258789,44500,0.0,0.0,0.0
2025-12-17,17.649999618530273,17.729999542236328,17.6200008392334,17.709999084472656,31300,0.0,0.0,0.0
2025-12-18,17.75,17.8700008392334,17.75,17.84000015258789,71200,0.0,0.0,0.0
2025-12-19,17.860000610351562,17.860000610351562,17.780000686645508,17.790000915527344,40200,0.0,0.0,0.0
2025-12-22,17.93000030517578,17.940000534057617,17.8799991607666,17.889999389648438,70100,0.0,0.0,0.0
2025-12-23,17.899999618530273,17.969999313354492,17.899999618530273,17.93000030517578,30100,0.0,0.0,0.0
2025-12-24,18.010000228881836,18.09000015258789,17.989999771118164,18.06999969482422,40200,0.0,0.0,0.0
2025-12-26,18.06999969482422,18.1299991607666,18.059999465942383,18.100000381469727,21500,0.0,0.0,0.0
2025-12-29,17.989999771118164,17.989999771118164,17.799999237060547,17.81999969482422,94000,0.0,0.0,0.0
2025-12-30,17.84000015258789,17.84000015258789,17.719999313354492,17.729999542236328,39900,0.0,0.0,0.0
2025-12-31,17.719999313354492,17.780000686645508,17.700000762939453,17.729999542236328,71700,0.0,0.0,0.0
2026-01-02,17.719999313354492,17.719999313354492,17.59000015258789,17.6299991607666,36400,0.0,0.0,0.0
2026-01-05,17.719999313354492,17.8799991607666,17.719999313354492,17.860000610351562,57600,0.0,0.0,0.0
2026-01-06,17.84000015258789,17.950000762939453,17.790000915527344,17.809999465942383,32200,0.0,0.0,0.0
2026-01-07,17.90999984741211,17.93000030517578,17.860000610351562,17.90999984741211,24100,0.0,0.0,0.0
2026-01-08,17.899999618530273,17.989999771118164,17.899999618530273,17.950000762939453,74300,0.0,0.0,0.0
2026-01-09,17.8799991607666,17.979999542236328,17.8700008392334,17.889999389648438,33300,0.0,0.0,0.0
2026-01-12,17.989999771118164,18.010000228881836,17.100000381469727,17.149999618530273,169700,0.0,0.0,0.0
2026-01-13,17.030000686645508,17.139999389648438,17.0,17.0,60600,0.0,0.0,0.0
2026-01-14,17.149999618530273,17.15999984741211,17.020000457763672,17.09000015258789,44900,0.0,0.0,0.0
2026-01-15,17.1299991607666,17.139999389648438,17.010000228881836,17.049999237060547,45400,0.0,0.0,0.0
2026-01-16,17.059999465942383,17.219999313354492,17.059999465942383,17.18000030517578,28400,0.0,0.0,0.0
2026-01-20,17.149999618530273,17.229999542236328,17.110000610351562,17.18000030517578,43200,0.0,0.0,0.0
2026-01-21,17.270000457763672,17.280000686645508,17.110000610351562,17.149999618530273,19300,0.0,0.0,0.0
2026-01-22,17.15999984741211,17.209999084472656,17.1200008392334,17.190000534057617,62300,0.0,0.0,0.0
2026-01-23,17.290000915527344,17.43000030517578,17.25,17.420000076293945,73400,0.0,0.0,0.0
2026-01-26,17.389999389648438,17.399999618530273,17.329999923706055,17.350000381469727,58200,0.0,0.0,0.0
2026-01-27,17.40999984741211,17.40999984741211,17.280000686645508,17.31999969482422,38500,0.0,0.0,0.0
2026-01-28,17.399999618530273,17.510000228881836,17.399999618530273,17.43000030517578,88300,0.0,0.0,0.0
2026-01-29,17.489999771118164,17.59000015258789,17.420000076293945,17.5,80300,0.0,0.0,0.0
2026-01-30,17.399999618530273,17.479999542236328,17.25,17.479999542236328,54900,0.0,0.0,0.0
2026-02-02,17.329999923706055,17.329999923706055,17.219999313354492,17.280000686645508,47800,0.0,0.0,0.0
2026-02-03,17.3700008392334,17.3799991607666,17.309999465942383,17.3700008392334,49300,0.0,0.0,0.0
2026-02-04,17.350000381469727,17.520000457763672,17.280000686645508,17.389999389648438,79000,0.0,0.0,0.0
2026-02-05,17.3799991607666,17.6200008392334,17.350000381469727,17.600000381469727,57100,0.0,0.0,0.0
2026-02-06,17.56999969482422,17.6299991607666,17.43000030517578,17.5,87500,0.0,0.0,0.0
2026-02-09,17.43000030517578,17.450000762939453,17.350000381469727,17.420000076293945,24000,0.0,0.0,0.0
2026-02-10,17.450000762939453,17.459999084472656,17.40999984741211,17.459999084472656,37900,0.0,0.0,0.0
2026-02-11,17.40999984741211,17.5,17.360000610351562,17.450000762939453,58300,0.0,0.0,0.0
2026-02-12,17.5,17.639999389648438,17.5,17.6200008392334,70500,0.0,0.0,0.0
2026-02-13,17.600000381469727,17.65999984741211,17.579999923706055,17.649999618530273,39000,0.0,0.0,0.0
2026-02-17,17.5,17.520000457763672,17.420000076293945,17.450000762939453,48400,0.0,0.0,0.0
2026-02-18,17.459999084472656,17.489999771118164,17.43000030517578,17.440000534057617,26000,0.0,0.0,0.0
2026-02-19,17.489999771118164,17.489999771118164,17.389999389648438,17.489999771118164,90400,0.0,0.0,0.0
2026-02-20,17.530000686645508,17.6299991607666,17.450000762939453,17.6200008392334,107500,0.0,0.0,0.0
2026-02-23,17.549999237060547,17.790000915527344,17.549999237060547,17.6200008392334,102300,0.0,0.0,0.0
2026-02-24,17.56999969482422,17.6200008392334,17.530000686645508,17.59000015258789,77500,0.0,0.0,0.0
2026-02-25,17.579999923706055,17.709999084472656,17.559999465942383,17.700000762939453,76600,0.0,0.0,0.0
2026-02-26,17.75,17.799999237060547,17.6299991607666,17.739999771118164,93900,0.0,0.0,0.0
2026-02-27,17.889999389648438,17.940000534057617,17.81999969482422,17.889999389648438,192600,0.0,0.0,0.0
2026-03-02,17.920000076293945,17.920000076293945,17.760000228881836,17.829999923706055,142100,0.0,0.0,0.0
2026-03-03,17.989999771118164,18.049999237060547,17.81999969482422,17.889999389648438,160400,0.0,0.0,0.0
2026-03-04,17.760000228881836,17.799999237060547,17.68000030517578,17.790000915527344,66600,0.0,0.0,0.0
2026-03-05,17.899999618530273,18.209999084472656,17.899999618530273,18.190000534057617,389600,0.0,0.0,0.0
2026-03-06,18.3700008392334,18.559999465942383,18.299999237060547,18.520000457763672,943400,0.0,0.0,0.0
2026-03-09,18.6200008392334,18.729999542236328,18.15999984741211,18.200000762939453,1105000,0.0,0.0,0.0
2026-03-10,18.18000030517578,18.280000686645508,17.959999084472656,18.270000457763672,1298300,0.0,0.0,0.0
2026-03-11,18.43000030517578,18.56999969482422,18.299999237060547,18.520000457763672,749300,0.0,0.0,0.0
2026-03-12,18.729999542236328,18.84000015258789,18.549999237060547,18.59000015258789,1079600,0.0,0.0,0.0
2026-03-13,18.489999771118164,18.690000534057617,18.329999923706055,18.670000076293945,1126500,0.0,0.0,0.0
2026-03-16,18.530000686645508,18.540000915527344,18.1299991607666,18.260000228881836,918500,0.0,0.0,0.0
2026-03-17,18.280000686645508,18.3799991607666,18.09000015258789,18.329999923706055,1392900,0.0,0.0,0.0
2026-03-18,18.270000457763672,18.649999618530273,18.270000457763672,18.6299991607666,1096200,0.0,0.0,0.0
2026-03-19,18.739999771118164,18.84000015258789,18.639999389648438,18.829999923706055,3329200,0.0,0.0,0.0
2026-03-20,18.65999984741211,18.799999237060547,18.579999923706055,18.799999237060547,2818300,0.0,0.0,0.0
2026-03-23,18.520000457763672,18.579999923706055,18.309999465942383,18.510000228881836,1825700,0.0,0.0,0.0
2026-03-24,18.510000228881836,18.649999618530273,18.40999984741211,18.510000228881836,1778000,0.0,0.0,0.0
2026-03-25,18.440000534057617,18.760000228881836,18.420000076293945,18.75,1377600,0.0,0.0,0.0
2026-03-26,18.700000762939453,18.799999237060547,18.549999237060547,18.709999084472656,2223000,0.0,0.0,0.0
2026-03-27,18.809999465942383,18.809999465942383,18.510000228881836,18.579999923706055,1548100,0.0,0.0,0.0
2026-03-30,18.510000228881836,18.530000686645508,18.290000915527344,18.290000915527344,2907600,0.0,0.0,0.0
2026-03-31,18.260000228881836,18.510000228881836,18.139999389648438,18.399999618530273,1753700,0.0,0.0,0.0
2026-04-01,18.18000030517578,18.239999771118164,17.989999771118164,18.18000030517578,1674000,0.0,0.0,0.0
2026-04-02,18.389999389648438,18.450000762939453,18.149999618530273,18.190000534057617,1076800,0.0,0.0,0.0
2026-04-06,18.170000076293945,18.290000915527344,18.149999618530273,18.290000915527344,1024400,0.0,0.0,0.0
2026-04-07,18.229999542236328,18.270000457763672,18.049999237060547,18.049999237060547,897800,0.0,0.0,0.0
2026-04-08,17.850000381469727,18.020000457763672,17.770000457763672,17.989999771118164,1770400,0.0,0.0,0.0
2026-04-09,18.059999465942383,18.079999923706055,17.809999465942383,17.889999389648438,982200,0.0,0.0,0.0
2026-04-10,17.84000015258789,17.860000610351562,17.649999618530273,17.75,2461400,0.0,0.0,0.0
2026-04-13,17.860000610351562,17.959999084472656,17.739999771118164,17.770000457763672,1239400,0.0,0.0,0.0
2026-04-14,17.850000381469727,17.93000030517578,17.75,17.760000228881836,654000,0.0,0.0,0.0
2026-04-15,17.899999618530273,18.100000381469727,17.899999618530273,18.06999969482422,535200,0.0,0.0,0.0
2026-04-16,18.059999465942383,18.149999618530273,17.959999084472656,17.969999313354492,510400,0.0,0.0,0.0
2026-04-17,17.829999923706055,17.989999771118164,17.719999313354492,17.950000762939453,1077800,0.0,0.0,0.0
2026-04-20,17.959999084472656,18.15999984741211,17.93000030517578,18.079999923706055,590000,0.0,0.0,0.0
2026-04-21,18.1299991607666,18.239999771118164,18.110000610351562,18.18000030517578,475600,0.0,0.0,0.0
2026-04-22,18.239999771118164,18.329999923706055,18.190000534057617,18.209999084472656,547400,0.0,0.0,0.0
2026-04-23,18.209999084472656,18.31999969482422,18.18000030517578,18.280000686645508,438900,0.0,0.0,0.0
2026-04-24,18.329999923706055,18.329999923706055,18.209999084472656,18.270000457763672,360600,0.0,0.0,0.0
2026-04-27,18.3700008392334,18.510000228881836,18.31999969482422,18.510000228881836,1137800,0.0,0.0,0.0
2026-04-28,18.700000762939453,18.780000686645508,18.549999237060547,18.770000457763672,1222400,0.0,0.0,0.0
2026-04-29,18.809999465942383,18.8799991607666,18.709999084472656,18.84000015258789,1128700,0.0,0.0,0.0
2026-04-30,18.729999542236328,18.739999771118164,18.59000015258789,18.690000534057617,552800,0.0,0.0,0.0
2026-05-01,18.81999969482422,19.020000457763672,18.729999542236328,18.889999389648438,948000,0.0,0.0,0.0
2026-05-04,18.850000381469727,19.1299991607666,18.809999465942383,19.1200008392334,889000,0.0,0.0,0.0
2026-05-05,19.0,19.020000457763672,18.799999237060547,18.920000076293945,703300,0.0,0.0,0.0
2026-05-06,18.649999618530273,18.690000534057617,18.440000534057617,18.440000534057617,1135000,0.0,0.0,0.0
2026-05-07,18.309999465942383,18.469999313354492,18.200000762939453,18.440000534057617,865100,0.0,0.0,0.0
2026-05-08,18.40999984741211,18.68000030517578,18.399999618530273,18.610000610351562,446500,0.0,0.0,0.0
2026-05-11,18.719999313354492,18.81999969482422,18.639999389648438,18.760000228881836,608200,0.0,0.0,0.0
2026-05-12,18.90999984741211,19.020000457763672,18.670000076293945,18.93000030517578,611300,0.0,0.0,0.0
2026-05-13,18.969999313354492,19.1299991607666,18.920000076293945,18.979999542236328,585500,0.0,0.0,0.0
2026-05-14,18.690000534057617,18.700000762939453,18.450000762939453,18.530000686645508,686300,0.0,0.0,0.0
2026-05-15,18.3700008392334,18.40999984741211,18.1200008392334,18.139999389648438,669900,0.0,0.0,0.0
2026-05-18,18.540000915527344,18.760000228881836,18.530000686645508,18.739999771118164,845400,0.0,0.0,0.0
2026-05-19,18.709999084472656,18.799999237060547,18.610000610351562,18.739999771118164,491200,0.0,0.0,0.0
2026-05-20,18.540000915527344,18.610000610351562,18.31999969482422,18.420000076293945,529200,0.0,0.0,0.0
2026-05-21,18.420000076293945,18.510000228881836,18.25,18.309999465942383,397900,0.0,0.0,0.0
2026-05-22,18.3700008392334,18.479999542236328,18.309999465942383,18.360000610351562,280200,0.0,0.0,0.0
2026-05-26,18.25,18.309999465942383,18.15999984741211,18.18000030517578,389100,0.0,0.0,0.0
2026-05-27,18.110000610351562,18.18000030517578,18.0,18.0,899900,0.0,0.0,0.0
2026-05-28,18.139999389648438,18.280000686645508,18.020000457763672,18.209999084472656,696400,0.0,0.0,0.0
2026-05-29,18.139999389648438,18.139999389648438,17.899999618530273,17.93000030517578,653800,0.0,0.0,0.0
2026-06-01,17.940000534057617,18.049999237060547,17.739999771118164,17.899999618530273,599100,0.0,0.0,0.0
2026-06-02,17.850000381469727,17.8700008392334,17.690000534057617,17.709999084472656,580400,0.0,0.0,0.0
2026-06-03,17.790000915527344,17.81999969482422,17.459999084472656,17.469999313354492,679800,0.0,0.0,0.0
2026-06-04,17.40999984741211,17.43000030517578,17.149999618530273,17.229999542236328,584900,0.0,0.0,0.0
2026-06-05,17.1299991607666,17.200000762939453,17.0,17.059999465942383,510800,0.0,0.0,0.0
2026-06-08,17.0,17.1299991607666,16.899999618530273,17.020000457763672,300700,0.0,0.0,0.0
2026-06-09,17.1200008392334,17.239999771118164,16.989999771118164,17.040000915527344,346200,0.0,0.0,0.0
2026-06-10,17.170000076293945,17.219999313354492,17.049999237060547,17.06999969482422,225900,0.0,0.0,0.0
2026-06-11,16.959999084472656,17.010000228881836,16.709999084472656,16.719999313354492,493000,0.0,0.0,0.0
2026-06-12,16.770000457763672,16.920000076293945,16.719999313354492,16.799999237060547,257900,0.0,0.0,0.0
2026-06-15,16.600000381469727,16.93000030517578,16.59000015258789,16.860000610351562,510500,0.0,0.0,0.0
2026-06-16,16.850000381469727,17.110000610351562,16.850000381469727,16.93000030517578,217000,0.0,0.0,0.0
2026-06-17,17.030000686645508,17.15999984741211,16.959999084472656,17.149999618530273,200200,0.0,0.0,0.0
2026-06-18,17.049999237060547,17.06999969482422,16.889999389648438,16.950000762939453,273500,0.0,0.0,0.0
2026-06-22,16.899999618530273,16.90999984741211,16.760000228881836,16.770000457763672,324600,0.0,0.0,0.0
2026-06-23,16.829999923706055,16.829999923706055,16.65999984741211,16.739999771118164,230700,0.0,0.0,0.0
2026-06-24,16.780000686645508,16.809999465942383,16.59000015258789,16.6200008392334,508000,0.0,0.0,0.0
2026-06-25,16.639999389648438,17.0,16.610000610351562,16.950000762939453,711800,0.0,0.0,0.0
2026-06-26,16.90999984741211,17.049999237060547,16.860000610351562,16.860000610351562,267600,0.0,0.0,0.0
2026-06-29,16.690000534057617,16.700000762939453,16.40999984741211,16.469999313354492,340400,0.0,0.0,0.0
2026-06-30,16.530000686645508,16.8799991607666,16.3700008392334,16.75,681800,0.0,0.0,0.0
2026-07-01,16.920000076293945,17.0,16.809999465942383,16.950000762939453,454400,0.0,0.0,0.0
2026-07-02,16.989999771118164,17.079999923706055,16.860000610351562,16.860000610351562,212300,0.0,0.0,0.0
2026-07-06,17.31999969482422,17.479999542236328,17.290000915527344,17.450000762939453,397800,0.0,0.0,0.0
2026-07-07,17.479999542236328,17.65999984741211,17.3700008392334,17.6299991607666,362600,0.0,0.0,0.0
2026-07-08,17.6299991607666,17.649999618530273,17.309999465942383,17.329999923706055,230900,0.0,0.0,0.0
2026-07-09,17.260000228881836,17.3700008392334,17.170000076293945,17.25,192200,0.0,0.0,0.0
2026-07-10,17.329999923706055,17.549999237060547,17.219999313354492,17.479999542236328,406500,0.0,0.0,0.0
2026-07-13,17.649999618530273,17.75,17.530000686645508,17.549999237060547,383800,0.0,0.0,0.0
2026-07-14,17.389999389648438,17.530000686645508,17.389999389648438,17.489999771118164,215100,0.0,0.0,0.0
2026-07-15,17.600000381469727,17.850000381469727,17.59000015258789,17.790000915527344,253400,0.0,0.0,0.0
2026-07-16,17.75,17.829999923706055,17.59000015258789,17.6200008392334,304300,0.0,0.0,0.0
2026-07-17,17.760000228881836,17.790000915527344,17.600000381469727,17.780000686645508,212200,0.0,0.0,0.0
2026-07-20,17.979999542236328,18.030000686645508,17.8700008392334,17.90999984741211,344400,0.0,0.0,0.0
2026-07-21,17.850000381469727,18.059999465942383,17.84000015258789,18.010000228881836,249800,0.0,0.0,0.0
2026-07-22,18.200000762939453,18.34000015258789,18.170000076293945,18.280000686645508,407500,0.0,0.0,0.0
2026-07-23,18.350000381469727,18.440000534057617,18.270000457763672,18.309999465942383,378500,0.0,0.0,0.0
2026-07-24,18.260000228881836,18.3700008392334,18.079999923706055,18.299999237060547,343400,0.0,0.0,0.0
2026-07-27,17.950000762939453,18.010000228881836,17.8799991607666,17.90999984741211,353400,0.0,0.0,0.0
2026-07-28,17.93000030517578,18.219999313354492,17.93000030517578,18.079999923706055,265800,0.0,0.0,0.0
2026-07-29,18.0,18.010000228881836,17.809999465942383,17.829999923706055,384400,0.0,0.0,0.0
2026-07-30,17.860000610351562,17.989999771118164,17.760000228881836,17.760000228881836,149100,0.0,0.0,0.0
2026-07-31,17.739999771118164,17.760000228881836,17.559999465942383,17.649999618530273,243800,0.0,0.0,0.0
2026-08-03,17.579999923706055,17.959999084472656,17.549999237060547,17.93000030517578,199100,0.0,0.0,0.0
2026-08-04,17.780000686645508,17.81999969482422,17.690000534057617,17.75,129400,0.0,0.0,0.0
2026-08-05,17.610000610351562,17.68000030517578,17.5,17.6200008392334,369900,0.0,0.0,0.0
2026-08-06,17.549999237060547,17.670000076293945,17.489999771118164,17.610000610351562,99500,0.0,0.0,0.0
2026-08-07,17.75,17.809999465942383,17.610000610351562,17.639999389648438,139300,0.0,0.0,0.0
2026-08-10,17.760000228881836,17.780000686645508,17.59000015258789,17.639999389648438,103200,0.0,0.0,0.0
2026-08-11,17.520000457763672,17.6200008392334,17.5,17.56999969482422,218200,0.0,0.0,0.0
2026-08-12,17.700000762939453,18.219999313354492,17.68000030517578,18.200000762939453,559900,0.0,0.0,0.0
2026-08-13,18.06999969482422,18.190000534057617,17.889999389648438,17.90999984741211,318100,0.0,0.0,0.0
2026-08-14,18.139999389648438,18.290000915527344,18.049999237060547,18.260000228881836,201600,0.0,0.0,0.0
2026-08-17,18.34000015258789,18.540000915527344,18.299999237060547,18.459999084472656,453100,0.0,0.0,0.0
2026-08-18,18.549999237060547,18.579999923706055,18.40999984741211,18.420000076293945,463100,0.0,0.0,0.0
2026-08-19,18.540000915527344,18.770000457763672,18.520000457763672,18.760000228881836,477300,0.0,0.0,0.0
2026-08-20,18.81999969482422,18.979999542236328,18.81999969482422,18.829999923706055,517000,0.0,0.0,0.0
2026-08-21,18.829999923706055,19.049999237060547,18.829999923706055,19.010000228881836,698100,0.0,0.0,0.0
2026-08-24,19.34000015258789,19.479999542236328,19.1200008392334,19.219999313354492,867300,0.0,0.0,0.0
2026-08-25,19.25,19.610000610351562,19.190000534057617,19.59000015258789,401600,0.0,0.0,0.0
2026-08-26,19.649999618530273,20.09000015258789,19.639999389648438,20.030000686645508,934300,0.0,0.0,0.0
2026-08-27,19.899999618530273,19.940000534057617,19.690000534057617,19.799999237060547,469700,0.0,0.0,0.0
2026-08-28,20.040000915527344,20.079999923706055,19.84000015258789,19.950000762939453,730900,0.0,0.0,0.0
2026-08-31,19.8700008392334,20.059999465942383,19.809999465942383,20.059999465942383,684100,0.0,0.0,0.0
2026-09-01,19.940000534057617,20.329999923706055,19.940000534057617,20.290000915527344,1113200,0.0,0.0,0.0
2026-09-02,20.010000228881836,20.43000030517578,20.010000228881836,20.219999313354492,481900,0.0,0.0,0.0
2026-09-03,19.850000381469727,20.260000228881836,19.729999542236328,20.170000076293945,506700,0.0,0.0,0.0
2026-09-04,20.15999984741211,20.209999084472656,20.040000915527344,20.06999969482422,423800,0.0,0.0,0.0
2026-09-08,20.09000015258789,20.190000534057617,19.93000030517578,19.969999313354492,287600,0.0,0.0,0.0
2026-09-09,19.920000076293945,19.989999771118164,19.770000457763672,19.829999923706055,607000,0.0,0.0,0.0
2026-09-10,19.940000534057617,20.040000915527344,19.790000915527344,20.010000228881836,282200,0.0,0.0,0.0
2026-09-11,19.850000381469727,20.309999465942383,19.649999618530273,19.920000076293945,871500,0.0,0.0,0.0
2026-09-14,19.969999313354492,20.09000015258789,19.850000381469727,20.020000457763672,264300,0.0,0.0,0.0
2026-09-15,19.8700008392334,20.049999237060547,19.81999969482422,20.040000915527344,241100,0.0,0.0,0.0
2026-09-16,20.0,20.040000915527344,19.81999969482422,19.969999313354492,155100,0.0,0.0,0.0
2026-09-17,19.899999618530273,19.959999084472656,19.75,19.829999923706055,688800,0.0,0.0,0.0
