Date,Open,High,Low,Close,Volume,Dividends,Stock Splits,Capital Gains
2020-09-03,18.6299991607666,18.639999389648438,18.299999237060547,18.40999984741211,74600,0.0,0.0,0.0
2020-09-04,18.799999237060547,19.06999969482422,18.600000381469727,19.06999969482422,54200,0.0,0.0,0.0
2020-09-08,18.690000534057617,18.799999237060547,18.540000915527344,18.700000762939453,130100,0.0,0.0,0.0
2020-09-09,18.84000015258789,18.959999084472656,18.760000228881836,18.860000610351562,33400,0.0,0.0,0.0
2020-09-10,18.889999389648438,18.940000534057617,18.270000457763672,18.40999984741211,61900,0.0,0.0,0.0
2020-09-11,18.780000686645508,18.920000076293945,18.700000762939453,18.850000381469727,66200,0.0,0.0,0.0
2020-09-14,19.010000228881836,19.06999969482422,18.860000610351562,18.969999313354492,27200,0.0,0.0,0.0
2020-09-15,19.040000915527344,19.040000915527344,18.809999465942383,18.920000076293945,204300,0.0,0.0,0.0
2020-09-16,18.920000076293945,19.030000686645508,18.899999618530273,18.899999618530273,34300,0.0,0.0,0.0
2020-09-17,18.770000457763672,19.030000686645508,18.770000457763672,19.010000228881836,76100,0.0,0.0,0.0
2020-09-18,19.040000915527344,19.31999969482422,18.93000030517578,19.209999084472656,66600,0.0,0.0,0.0
2020-09-21,19.06999969482422,19.149999618530273,18.670000076293945,18.719999313354492,60500,0.0,0.0,0.0
2020-09-22,19.09000015258789,19.09000015258789,18.950000762939453,18.969999313354492,28700,0.0,0.0,0.0
2020-09-23,18.700000762939453,18.700000762939453,18.170000076293945,18.209999084472656,88000,0.0,0.0,0.0
2020-09-24,18.09000015258789,18.43000030517578,18.010000228881836,18.34000015258789,28200,0.0,0.0,0.0
2020-09-25,18.299999237060547,18.450000762939453,18.270000457763672,18.420000076293945,15700,0.0,0.0,0.0
2020-09-28,18.479999542236328,18.549999237060547,18.399999618530273,18.510000228881836,45400,0.0,0.0,0.0
2020-09-29,18.420000076293945,18.56999969482422,18.329999923706055,18.5,14300,0.0,0.0,0.0
2020-09-30,18.719999313354492,18.780000686645508,18.6299991607666,18.700000762939453,21100,0.0,0.0,0.0
2020-10-01,18.350000381469727,18.350000381469727,17.700000762939453,17.860000610351562,56200,0.0,0.0,0.0
2020-10-02,18.030000686645508,18.5,18.030000686645508,18.299999237060547,132300,0.0,0.0,0.0
2020-10-05,18.079999923706055,18.309999465942383,18.030000686645508,18.239999771118164,22400,0.0,0.0,0.0
2020-10-06,18.329999923706055,18.360000610351562,18.100000381469727,18.149999618530273,17600,0.0,0.0,0.0
2020-10-07,18.690000534057617,18.809999465942383,18.6299991607666,18.68000030517578,29500,0.0,0.0,0.0
2020-10-08,18.739999771118164,18.809999465942383,18.719999313354492,18.770000457763672,13500,0.0,0.0,0.0
2020-10-09,18.979999542236328,19.170000076293945,18.899999618530273,19.049999237060547,27200,0.0,0.0,0.0
2020-10-12,19.09000015258789,19.09000015258789,18.90999984741211,18.940000534057617,42900,0.0,0.0,0.0
2020-10-13,18.799999237060547,18.850000381469727,18.75,18.829999923706055,11600,0.0,0.0,0.0
2020-10-14,18.790000915527344,18.899999618530273,18.760000228881836,18.829999923706055,13800,0.0,0.0,0.0
2020-10-15,18.700000762939453,19.190000534057617,18.700000762939453,19.15999984741211,22900,0.0,0.0,0.0
2020-10-16,19.0,19.010000228881836,18.889999389648438,18.989999771118164,14900,0.0,0.0,0.0
2020-10-19,19.06999969482422,19.219999313354492,18.959999084472656,19.059999465942383,11200,0.0,0.0,0.0
2020-10-20,19.239999771118164,19.610000610351562,19.219999313354492,19.479999542236328,89900,0.0,0.0,0.0
2020-10-21,19.6200008392334,19.920000076293945,19.6200008392334,19.760000228881836,67000,0.0,0.0,0.0
2020-10-22,19.56999969482422,19.6299991607666,19.440000534057617,19.530000686645508,53200,0.0,0.0,0.0
2020-10-23,19.479999542236328,19.479999542236328,19.3700008392334,19.450000762939453,22500,0.0,0.0,0.0
2020-10-26,19.170000076293945,19.200000762939453,19.040000915527344,19.1200008392334,34200,0.0,0.0,0.0
2020-10-27,19.209999084472656,19.219999313354492,19.1299991607666,19.15999984741211,29200,0.0,0.0,0.0
2020-10-28,18.969999313354492,19.059999465942383,18.81999969482422,18.969999313354492,43100,0.0,0.0,0.0
2020-10-29,18.969999313354492,19.049999237060547,18.889999389648438,19.020000457763672,15500,0.0,0.0,0.0
2020-10-30,18.979999542236328,18.979999542236328,18.799999237060547,18.920000076293945,17300,0.0,0.0,0.0
2020-11-02,18.950000762939453,19.079999923706055,18.93000030517578,19.049999237060547,33800,0.0,0.0,0.0
2020-11-03,19.270000457763672,19.290000915527344,19.100000381469727,19.149999618530273,17600,0.0,0.0,0.0
2020-11-04,19.139999389648438,19.299999237060547,19.020000457763672,19.239999771118164,29600,0.0,0.0,0.0
2020-11-05,19.25,19.399999618530273,19.229999542236328,19.31999969482422,21700,0.0,0.0,0.0
2020-11-06,19.559999465942383,19.59000015258789,19.450000762939453,19.559999465942383,41800,0.0,0.0,0.0
2020-11-09,19.8799991607666,19.8799991607666,19.360000610351562,19.469999313354492,37100,0.0,0.0,0.0
2020-11-10,19.270000457763672,19.610000610351562,19.260000228881836,19.5,40700,0.0,0.0,0.0
2020-11-11,19.360000610351562,19.440000534057617,19.25,19.399999618530273,128500,0.0,0.0,0.0
2020-11-12,19.420000076293945,19.600000381469727,19.3799991607666,19.399999618530273,47200,0.0,0.0,0.0
2020-11-13,19.700000762939453,19.739999771118164,19.610000610351562,19.68000030517578,70400,0.0,0.0,0.0
2020-11-16,20.010000228881836,20.139999389648438,19.8700008392334,20.040000915527344,60800,0.0,0.0,0.0
2020-11-17,19.940000534057617,19.979999542236328,19.700000762939453,19.940000534057617,64600,0.0,0.0,0.0
2020-11-18,20.0,20.0,19.799999237060547,19.850000381469727,61800,0.0,0.0,0.0
2020-11-19,19.829999923706055,19.959999084472656,19.790000915527344,19.950000762939453,25000,0.0,0.0,0.0
2020-11-20,20.299999237060547,20.5,20.299999237060547,20.399999618530273,63100,0.0,0.0,0.0
2020-11-23,20.31999969482422,20.399999618530273,20.18000030517578,20.31999969482422,88400,0.0,0.0,0.0
2020-11-24,21.0,21.0,20.389999389648438,20.600000381469727,89200,0.0,0.0,0.0
2020-11-25,20.56999969482422,20.68000030517578,20.479999542236328,20.59000015258789,163100,0.0,0.0,0.0
2020-11-27,21.09000015258789,21.170000076293945,21.040000915527344,21.110000610351562,50100,0.0,0.0,0.0
2020-11-30,21.450000762939453,21.579999923706055,21.200000762939453,21.329999923706055,116200,0.0,0.0,0.0
2020-12-01,21.709999084472656,21.770000457763672,21.510000228881836,21.719999313354492,85500,0.0,0.0,0.0
2020-12-02,21.399999618530273,21.700000762939453,21.25,21.690000534057617,134300,0.0,0.0,0.0
2020-12-03,21.799999237060547,21.799999237060547,21.510000228881836,21.579999923706055,164200,0.0,0.0,0.0
2020-12-04,21.729999542236328,21.850000381469727,21.729999542236328,21.799999237060547,110500,0.0,0.0,0.0
2020-12-07,21.709999084472656,21.889999389648438,21.690000534057617,21.75,301700,0.0,0.0,0.0
2020-12-08,21.790000915527344,21.81999969482422,21.579999923706055,21.639999389648438,66100,0.0,0.0,0.0
2020-12-09,21.639999389648438,21.790000915527344,21.579999923706055,21.670000076293945,164700,0.0,0.0,0.0
2020-12-10,21.719999313354492,22.18000030517578,21.719999313354492,22.15999984741211,86500,0.0,0.0,0.0
2020-12-11,21.809999465942383,21.93000030517578,21.649999618530273,21.899999618530273,135400,0.0,0.0,0.0
2020-12-14,21.850000381469727,21.899999618530273,21.68000030517578,21.809999465942383,71800,0.0,0.0,0.0
2020-12-15,21.81999969482422,21.959999084472656,21.700000762939453,21.940000534057617,47100,0.0,0.0,0.0
2020-12-16,22.06999969482422,22.09000015258789,21.940000534057617,22.059999465942383,35800,0.0,0.0,0.0
2020-12-17,22.440000534057617,22.440000534057617,22.170000076293945,22.329999923706055,101400,0.0,0.0,0.0
2020-12-18,22.399999618530273,22.549999237060547,22.309999465942383,22.450000762939453,129500,0.0,0.0,0.0
2020-12-21,22.420000076293945,22.420000076293945,21.969999313354492,22.200000762939453,213900,0.0,0.0,0.0
2020-12-22,21.809999465942383,21.84000015258789,21.649999618530273,21.75,146100,0.0,0.0,0.0
2020-12-23,21.989999771118164,22.0,21.8700008392334,21.969999313354492,59800,0.0,0.0,0.0
2020-12-24,21.90999984741211,22.030000686645508,21.860000610351562,22.010000228881836,42000,0.0,0.0,0.0
2020-12-28,22.190000534057617,22.260000228881836,22.079999923706055,22.190000534057617,58000,0.0,0.0,0.0
2020-12-29,22.110000610351562,22.139999389648438,21.940000534057617,21.979999542236328,73000,0.0,0.0,0.0
2020-12-30,21.950000762939453,22.049999237060547,21.90999984741211,21.950000762939453,128300,0.0,0.0,0.0
2020-12-31,21.850000381469727,21.850000381469727,21.700000762939453,21.729999542236328,130800,0.0,0.0,0.0
2021-01-04,22.350000381469727,22.350000381469727,21.889999389648438,22.040000915527344,119600,0.0,0.0,0.0
2021-01-05,22.229999542236328,22.649999618530273,22.15999984741211,22.610000610351562,123400,0.0,0.0,0.0
2021-01-06,22.59000015258789,22.690000534057617,22.399999618530273,22.670000076293945,149600,0.0,0.0,0.0
2021-01-07,22.8700008392334,22.969999313354492,22.829999923706055,22.959999084472656,128100,0.0,0.0,0.0
2021-01-08,22.860000610351562,22.860000610351562,22.450000762939453,22.860000610351562,169600,0.0,0.0,0.0
2021-01-11,22.059999465942383,22.170000076293945,21.889999389648438,21.979999542236328,210100,0.0,0.0,0.0
2021-01-12,22.360000610351562,22.5,22.25,22.5,98700,0.0,0.0,0.0
2021-01-13,22.420000076293945,22.450000762939453,22.270000457763672,22.270000457763672,79400,0.0,0.0,0.0
2021-01-14,22.56999969482422,22.709999084472656,22.549999237060547,22.68000030517578,97300,0.0,0.0,0.0
2021-01-15,22.280000686645508,22.40999984741211,22.170000076293945,22.239999771118164,133700,0.0,0.0,0.0
2021-01-19,22.530000686645508,22.530000686645508,22.25,22.440000534057617,292600,0.0,0.0,0.0
2021-01-20,22.600000381469727,22.6299991607666,22.40999984741211,22.549999237060547,158100,0.0,0.0,0.0
2021-01-21,22.649999618530273,22.649999618530273,22.440000534057617,22.56999969482422,91600,0.0,0.0,0.0
2021-01-22,22.219999313354492,22.459999084472656,22.209999084472656,22.350000381469727,97200,0.0,0.0,0.0
2021-01-25,22.350000381469727,22.469999313354492,22.25,22.469999313354492,88700,0.0,0.0,0.0
2021-01-26,22.3700008392334,22.420000076293945,22.350000381469727,22.399999618530273,55800,0.0,0.0,0.0
2021-01-27,22.0,22.040000915527344,21.75,21.920000076293945,201800,0.0,0.0,0.0
2021-01-28,22.06999969482422,22.350000381469727,22.040000915527344,22.049999237060547,283900,0.0,0.0,0.0
2021-01-29,22.190000534057617,22.200000762939453,21.829999923706055,21.90999984741211,112300,0.0,0.0,0.0
2021-02-01,21.979999542236328,22.0,21.790000915527344,21.90999984741211,226200,0.0,0.0,0.0
2021-02-02,21.709999084472656,21.850000381469727,21.6200008392334,21.729999542236328,299000,0.0,0.0,0.0
2021-02-03,21.809999465942383,22.06999969482422,21.809999465942383,21.989999771118164,73900,0.0,0.0,0.0
2021-02-04,21.950000762939453,21.989999771118164,21.81999969482422,21.940000534057617,57900,0.0,0.0,0.0
2021-02-05,22.18000030517578,22.469999313354492,22.040000915527344,22.450000762939453,83600,0.0,0.0,0.0
2021-02-08,22.579999923706055,22.700000762939453,22.5,22.700000762939453,194600,0.0,0.0,0.0
2021-02-09,22.920000076293945,22.950000762939453,22.729999542236328,22.950000762939453,178600,0.0,0.0,0.0
2021-02-10,23.329999923706055,23.5,23.15999984741211,23.270000457763672,97800,0.0,0.0,0.0
2021-02-11,23.299999237060547,23.360000610351562,23.1200008392334,23.309999465942383,158500,0.0,0.0,0.0
2021-02-12,23.149999618530273,24.270000457763672,23.079999923706055,23.3799991607666,98000,0.0,0.0,0.0
2021-02-16,23.6299991607666,23.75,23.510000228881836,23.75,322900,0.0,0.0,0.0
2021-02-17,23.520000457763672,23.700000762939453,23.459999084472656,23.6200008392334,239000,0.0,0.0,0.0
2021-02-18,24.020000457763672,24.209999084472656,23.959999084472656,24.200000762939453,301100,0.0,0.0,0.0
2021-02-19,25.0,25.290000915527344,24.889999389648438,25.110000610351562,415900,0.0,0.0,0.0
2021-02-22,25.549999237060547,25.780000686645508,25.40999984741211,25.68000030517578,633700,0.0,0.0,0.0
2021-02-23,25.5,26.209999084472656,25.260000228881836,26.079999923706055,445000,0.0,0.0,0.0
2021-02-24,26.139999389648438,26.850000381469727,25.75,26.760000228881836,614400,0.0,0.0,0.0
2021-02-25,26.850000381469727,26.850000381469727,25.950000762939453,26.1200008392334,474900,0.0,0.0,0.0
2021-02-26,25.739999771118164,25.860000610351562,25.06999969482422,25.100000381469727,359500,0.0,0.0,0.0
2021-03-01,25.5,25.600000381469727,25.200000762939453,25.3700008392334,181300,0.0,0.0,0.0
2021-03-02,25.709999084472656,26.040000915527344,25.540000915527344,25.979999542236328,361600,0.0,0.0,0.0
2021-03-03,25.510000228881836,25.610000610351562,25.420000076293945,25.469999313354492,277700,0.0,0.0,0.0
2021-03-04,25.020000457763672,25.09000015258789,23.690000534057617,24.3799991607666,1561100,0.0,0.0,0.0
2021-03-05,25.139999389648438,25.270000457763672,24.809999465942383,25.18000030517578,633200,0.0,0.0,0.0
2021-03-08,25.0,25.31999969482422,24.860000610351562,25.15999984741211,228300,0.0,0.0,0.0
2021-03-09,24.639999389648438,24.809999465942383,24.540000915527344,24.780000686645508,296300,0.0,0.0,0.0
2021-03-10,24.809999465942383,24.959999084472656,24.700000762939453,24.799999237060547,270800,0.0,0.0,0.0
2021-03-11,25.239999771118164,25.600000381469727,25.1200008392334,25.520000457763672,357000,0.0,0.0,0.0
2021-03-12,25.290000915527344,25.649999618530273,25.170000076293945,25.579999923706055,101000,0.0,0.0,0.0
2021-03-15,25.510000228881836,25.610000610351562,25.399999618530273,25.559999465942383,152700,0.0,0.0,0.0
2021-03-16,25.149999618530273,25.170000076293945,24.860000610351562,25.010000228881836,212700,0.0,0.0,0.0
2021-03-17,25.270000457763672,25.649999618530273,25.219999313354492,25.5,472500,0.0,0.0,0.0
2021-03-18,25.260000228881836,25.40999984741211,24.90999984741211,25.049999237060547,297000,0.0,0.0,0.0
2021-03-19,24.989999771118164,25.40999984741211,24.899999618530273,25.219999313354492,317400,0.0,0.0,0.0
2021-03-22,25.399999618530273,25.559999465942383,25.299999237060547,25.5,111400,0.0,0.0,0.0
2021-03-23,25.299999237060547,25.299999237060547,24.709999084472656,24.809999465942383,226200,0.0,0.0,0.0
2021-03-24,25.0,25.200000762939453,24.799999237060547,24.829999923706055,339200,0.0,0.0,0.0
2021-03-25,24.5,24.670000076293945,24.31999969482422,24.670000076293945,199200,0.0,0.0,0.0
2021-03-26,24.899999618530273,25.15999984741211,24.8799991607666,25.079999923706055,111700,0.0,0.0,0.0
2021-03-29,24.940000534057617,24.940000534057617,24.68000030517578,24.90999984741211,127000,0.0,0.0,0.0
2021-03-30,24.59000015258789,24.709999084472656,24.469999313354492,24.549999237060547,324100,0.0,0.0,0.0
2021-03-31,24.610000610351562,24.729999542236328,24.549999237060547,24.6200008392334,196300,0.0,0.0,0.0
2021-04-01,24.68000030517578,24.760000228881836,24.479999542236328,24.760000228881836,208800,0.0,0.0,0.0
2021-04-05,25.309999465942383,25.649999618530273,25.309999465942383,25.579999923706055,451200,0.0,0.0,0.0
2021-04-06,25.420000076293945,25.450000762939453,25.299999237060547,25.360000610351562,181300,0.0,0.0,0.0
2021-04-07,25.06999969482422,25.100000381469727,24.899999618530273,25.059999465942383,304000,0.0,0.0,0.0
2021-04-08,25.149999618530273,25.280000686645508,25.030000686645508,25.270000457763672,101100,0.0,0.0,0.0
2021-04-09,25.100000381469727,25.139999389648438,24.90999984741211,25.040000915527344,92300,0.0,0.0,0.0
2021-04-12,24.81999969482422,24.8799991607666,24.690000534057617,24.81999969482422,143100,0.0,0.0,0.0
2021-04-13,24.950000762939453,24.969999313354492,24.780000686645508,24.90999984741211,138400,0.0,0.0,0.0
2021-04-14,25.190000534057617,25.5,25.139999389648438,25.3799991607666,235300,0.0,0.0,0.0
2021-04-15,25.940000534057617,26.149999618530273,25.8799991607666,26.110000610351562,530600,0.0,0.0,0.0
2021-04-16,25.989999771118164,25.989999771118164,25.670000076293945,25.780000686645508,395100,0.0,0.0,0.0
2021-04-19,26.329999923706055,26.3799991607666,26.020000457763672,26.209999084472656,310800,0.0,0.0,0.0
2021-04-20,26.25,26.40999984741211,25.899999618530273,25.90999984741211,240700,0.0,0.0,0.0
2021-04-21,26.170000076293945,26.510000228881836,26.110000610351562,26.510000228881836,245400,0.0,0.0,0.0
2021-04-22,26.40999984741211,26.469999313354492,26.209999084472656,26.309999465942383,159300,0.0,0.0,0.0
2021-04-23,26.610000610351562,26.809999465942383,26.559999465942383,26.709999084472656,236700,0.0,0.0,0.0
2021-04-26,27.229999542236328,27.420000076293945,27.170000076293945,27.399999618530273,365700,0.0,0.0,0.0
2021-04-27,27.600000381469727,27.690000534057617,27.43000030517578,27.649999618530273,455100,0.0,0.0,0.0
2021-04-28,27.5,27.799999237060547,27.40999984741211,27.799999237060547,258800,0.0,0.0,0.0
2021-04-29,27.780000686645508,27.889999389648438,27.469999313354492,27.579999923706055,306200,0.0,0.0,0.0
2021-04-30,27.719999313354492,27.780000686645508,27.299999237060547,27.43000030517578,280200,0.0,0.0,0.0
2021-05-03,27.700000762939453,27.93000030517578,27.610000610351562,27.93000030517578,287400,0.0,0.0,0.0
2021-05-04,27.889999389648438,27.90999984741211,27.65999984741211,27.899999618530273,430000,0.0,0.0,0.0
2021-05-05,27.780000686645508,27.899999618530273,27.65999984741211,27.899999618530273,225600,0.0,0.0,0.0
2021-05-06,28.200000762939453,28.5,28.149999618530273,28.5,544100,0.0,0.0,0.0
2021-05-07,29.020000457763672,29.270000457763672,28.899999618530273,29.170000076293945,1319300,0.0,0.0,0.0
2021-05-10,29.559999465942383,29.600000381469727,28.790000915527344,29.020000457763672,1299600,0.0,0.0,0.0
2021-05-11,29.1299991607666,29.600000381469727,29.1200008392334,29.600000381469727,981500,0.0,0.0,0.0
2021-05-12,29.18000030517578,29.440000534057617,28.950000762939453,29.110000610351562,684700,0.0,0.0,0.0
2021-05-13,28.93000030517578,29.100000381469727,28.700000762939453,28.850000381469727,984200,0.0,0.0,0.0
2021-05-14,28.75,28.950000762939453,28.559999465942383,28.670000076293945,460600,0.0,0.0,0.0
2021-05-17,28.850000381469727,29.09000015258789,28.790000915527344,29.040000915527344,365700,0.0,0.0,0.0
2021-05-18,29.329999923706055,29.329999923706055,29.020000457763672,29.149999618530273,333000,0.0,0.0,0.0
2021-05-19,28.3799991607666,28.3799991607666,27.90999984741211,28.040000915527344,1446400,0.0,0.0,0.0
2021-05-20,28.25,28.25,27.950000762939453,28.0,527800,0.0,0.0,0.0
2021-05-21,28.0,28.0,27.559999465942383,27.75,486200,0.0,0.0,0.0
2021-05-24,27.719999313354492,27.979999542236328,27.719999313354492,27.940000534057617,296000,0.0,0.0,0.0
2021-05-25,27.799999237060547,27.959999084472656,27.6200008392334,27.81999969482422,270500,0.0,0.0,0.0
2021-05-26,27.75,27.979999542236328,27.700000762939453,27.84000015258789,220800,0.0,0.0,0.0
2021-05-27,28.170000076293945,28.790000915527344,28.170000076293945,28.739999771118164,753300,0.0,0.0,0.0
2021-05-28,28.43000030517578,28.850000381469727,28.309999465942383,28.850000381469727,248700,0.0,0.0,0.0
2021-06-01,28.690000534057617,28.950000762939453,28.59000015258789,28.700000762939453,313100,0.0,0.0,0.0
2021-06-02,28.469999313354492,28.530000686645508,28.209999084472656,28.280000686645508,331700,0.0,0.0,0.0
2021-06-03,27.670000076293945,27.670000076293945,27.290000915527344,27.459999084472656,721800,0.0,0.0,0.0
2021-06-04,27.920000076293945,27.920000076293945,27.809999465942383,27.829999923706055,272300,0.0,0.0,0.0
2021-06-07,27.709999084472656,27.90999984741211,27.600000381469727,27.850000381469727,214100,0.0,0.0,0.0
2021-06-08,27.6299991607666,28.079999923706055,27.43000030517578,27.989999771118164,290300,0.0,0.0,0.0
2021-06-09,27.889999389648438,27.920000076293945,27.68000030517578,27.850000381469727,211900,0.0,0.0,0.0
2021-06-10,27.579999923706055,27.690000534057617,27.40999984741211,27.65999984741211,296000,0.0,0.0,0.0
2021-06-11,28.170000076293945,28.200000762939453,27.850000381469727,28.0,210300,0.0,0.0,0.0
2021-06-14,27.84000015258789,27.940000534057617,27.790000915527344,27.940000534057617,178600,0.0,0.0,0.0
2021-06-15,26.8799991607666,26.889999389648438,26.65999984741211,26.809999465942383,795600,0.0,0.0,0.0
2021-06-16,26.719999313354492,27.049999237060547,26.34000015258789,26.5,488600,0.0,0.0,0.0
2021-06-17,26.40999984741211,26.559999465942383,25.579999923706055,25.709999084472656,566000,0.0,0.0,0.0
2021-06-18,25.670000076293945,25.739999771118164,25.459999084472656,25.5,250300,0.0,0.0,0.0
2021-06-21,25.5,25.739999771118164,25.459999084472656,25.649999618530273,574600,0.0,0.0,0.0
2021-06-22,25.790000915527344,26.100000381469727,25.790000915527344,25.950000762939453,320200,0.0,0.0,0.0
2021-06-23,26.190000534057617,26.600000381469727,26.190000534057617,26.399999618530273,264100,0.0,0.0,0.0
2021-06-24,26.360000610351562,26.549999237060547,26.299999237060547,26.479999542236328,242500,0.0,0.0,0.0
2021-06-25,26.399999618530273,26.399999618530273,26.200000762939453,26.3799991607666,214300,0.0,0.0,0.0
2021-06-28,26.290000915527344,26.350000381469727,26.18000030517578,26.219999313354492,96500,0.0,0.0,0.0
2021-06-29,26.09000015258789,26.18000030517578,25.979999542236328,26.18000030517578,505000,0.0,0.0,0.0
2021-06-30,26.469999313354492,26.510000228881836,26.18000030517578,26.229999542236328,132700,0.0,0.0,0.0
2021-07-01,26.389999389648438,26.40999984741211,25.920000076293945,25.979999542236328,224700,0.0,0.0,0.0
2021-07-02,26.200000762939453,26.309999465942383,26.030000686645508,26.200000762939453,173100,0.0,0.0,0.0
2021-07-06,26.56999969482422,26.709999084472656,25.920000076293945,26.049999237060547,314200,0.0,0.0,0.0
2021-07-07,26.540000915527344,26.6299991607666,26.280000686645508,26.399999618530273,536100,0.0,0.0,0.0
2021-07-08,26.100000381469727,26.170000076293945,25.969999313354492,26.1299991607666,218900,0.0,0.0,0.0
2021-07-09,26.5,26.790000915527344,26.5,26.6200008392334,179200,0.0,0.0,0.0
2021-07-12,26.299999237060547,26.559999465942383,26.25,26.450000762939453,432300,0.0,0.0,0.0
2021-07-13,26.190000534057617,26.399999618530273,26.15999984741211,26.290000915527344,168900,0.0,0.0,0.0
2021-07-14,26.290000915527344,26.299999237060547,26.100000381469727,26.110000610351562,106400,0.0,0.0,0.0
2021-07-15,26.280000686645508,26.600000381469727,26.280000686645508,26.360000610351562,191400,0.0,0.0,0.0
2021-07-16,26.5,26.549999237060547,26.329999923706055,26.329999923706055,118600,0.0,0.0,0.0
2021-07-19,25.920000076293945,25.959999084472656,25.559999465942383,25.729999542236328,297300,0.0,0.0,0.0
2021-07-20,25.809999465942383,26.139999389648438,25.799999237060547,26.09000015258789,104500,0.0,0.0,0.0
2021-07-21,26.09000015258789,26.260000228881836,26.010000228881836,26.190000534057617,177900,0.0,0.0,0.0
2021-07-22,26.5,26.600000381469727,26.399999618530273,26.520000457763672,75400,0.0,0.0,0.0
2021-07-23,26.690000534057617,27.329999923706055,26.579999923706055,27.190000534057617,595800,0.0,0.0,0.0
2021-07-26,27.790000915527344,28.200000762939453,27.790000915527344,28.149999618530273,393900,0.0,0.0,0.0
2021-07-27,28.079999923706055,28.1299991607666,27.719999313354492,28.0,197000,0.0,0.0,0.0
2021-07-28,27.670000076293945,27.670000076293945,27.09000015258789,27.389999389648438,677900,0.0,0.0,0.0
2021-07-29,27.6200008392334,27.799999237060547,27.6200008392334,27.780000686645508,96300,0.0,0.0,0.0
2021-07-30,27.81999969482422,27.8700008392334,27.270000457763672,27.3799991607666,107000,0.0,0.0,0.0
2021-08-02,27.600000381469727,27.649999618530273,27.010000228881836,27.139999389648438,160900,0.0,0.0,0.0
2021-08-03,26.670000076293945,26.8799991607666,26.59000015258789,26.8799991607666,170800,0.0,0.0,0.0
2021-08-04,26.68000030517578,26.75,26.479999542236328,26.479999542236328,144600,0.0,0.0,0.0
2021-08-05,26.59000015258789,26.690000534057617,26.530000686645508,26.610000610351562,75700,0.0,0.0,0.0
2021-08-06,26.959999084472656,27.06999969482422,26.5,26.5,138100,0.0,0.0,0.0
2021-08-09,26.290000915527344,26.389999389648438,26.219999313354492,26.219999313354492,149900,0.0,0.0,0.0
2021-08-10,26.350000381469727,26.770000457763672,26.309999465942383,26.670000076293945,68800,0.0,0.0,0.0
2021-08-11,26.739999771118164,26.81999969482422,26.649999618530273,26.799999237060547,66300,0.0,0.0,0.0
2021-08-12,26.700000762939453,26.760000228881836,26.59000015258789,26.670000076293945,185200,0.0,0.0,0.0
2021-08-13,26.8700008392334,27.139999389648438,26.770000457763672,26.809999465942383,83700,0.0,0.0,0.0
2021-08-16,26.68000030517578,26.68000030517578,26.3799991607666,26.450000762939453,107400,0.0,0.0,0.0
2021-08-17,26.010000228881836,26.049999237060547,25.729999542236328,25.799999237060547,222100,0.0,0.0,0.0
2021-08-18,25.459999084472656,25.5,25.100000381469727,25.149999618530273,303500,0.0,0.0,0.0
2021-08-19,24.739999771118164,24.8799991607666,24.600000381469727,24.719999313354492,734700,0.0,0.0,0.0
2021-08-20,25.0,25.389999389648438,25.0,25.299999237060547,110800,0.0,0.0,0.0
2021-08-23,25.729999542236328,25.950000762939453,25.690000534057617,25.719999313354492,260900,0.0,0.0,0.0
2021-08-24,26.1200008392334,26.329999923706055,26.0,26.0,183300,0.0,0.0,0.0
2021-08-25,26.280000686645508,26.350000381469727,26.1299991607666,26.219999313354492,259000,0.0,0.0,0.0
2021-08-26,26.15999984741211,26.239999771118164,25.959999084472656,25.959999084472656,252100,0.0,0.0,0.0
2021-08-27,26.25,26.579999923706055,26.209999084472656,26.579999923706055,134000,0.0,0.0,0.0
2021-08-30,26.8799991607666,26.920000076293945,26.700000762939453,26.809999465942383,82300,0.0,0.0,0.0
2021-08-31,26.770000457763672,26.850000381469727,26.649999618530273,26.700000762939453,59700,0.0,0.0,0.0
2021-09-01,26.170000076293945,26.270000457763672,26.09000015258789,26.18000030517578,153000,0.0,0.0,0.0
2021-09-02,26.100000381469727,26.40999984741211,26.100000381469727,26.350000381469727,426900,0.0,0.0,0.0
2021-09-03,26.43000030517578,26.6200008392334,26.399999618530273,26.459999084472656,83000,0.0,0.0,0.0
2021-09-07,26.329999923706055,26.360000610351562,26.110000610351562,26.110000610351562,164300,0.0,0.0,0.0
2021-09-08,26.110000610351562,26.110000610351562,25.770000457763672,25.8700008392334,78500,0.0,0.0,0.0
2021-09-09,26.239999771118164,26.31999969482422,26.15999984741211,26.15999984741211,72200,0.0,0.0,0.0
2021-09-10,26.989999771118164,27.360000610351562,26.989999771118164,27.100000381469727,333300,0.0,0.0,0.0
2021-09-13,26.950000762939453,26.969999313354492,26.520000457763672,26.690000534057617,92600,0.0,0.0,0.0
2021-09-14,26.600000381469727,26.600000381469727,26.360000610351562,26.389999389648438,96300,0.0,0.0,0.0
2021-09-15,26.719999313354492,27.079999923706055,26.670000076293945,27.0,231800,0.0,0.0,0.0
2021-09-16,26.450000762939453,26.450000762939453,26.059999465942383,26.110000610351562,210500,0.0,0.0,0.0
2021-09-17,26.5,26.510000228881836,25.920000076293945,26.059999465942383,182100,0.0,0.0,0.0
2021-09-20,25.43000030517578,25.5,25.049999237060547,25.219999313354492,222600,0.0,0.0,0.0
2021-09-21,24.979999542236328,25.260000228881836,24.600000381469727,25.260000228881836,244000,0.0,0.0,0.0
2021-09-22,25.950000762939453,26.18000030517578,25.770000457763672,25.799999237060547,232500,0.0,0.0,0.0
2021-09-23,25.799999237060547,25.969999313354492,25.729999542236328,25.850000381469727,65800,0.0,0.0,0.0
2021-09-24,25.899999618530273,26.329999923706055,25.899999618530273,26.18000030517578,403200,0.0,0.0,0.0
2021-09-27,26.170000076293945,26.3700008392334,26.149999618530273,26.170000076293945,106000,0.0,0.0,0.0
2021-09-28,26.170000076293945,26.170000076293945,25.940000534057617,26.010000228881836,111100,0.0,0.0,0.0
2021-09-29,25.940000534057617,25.940000534057617,25.5,25.5,1227000,0.0,0.0,0.0
2021-09-30,25.030000686645508,25.200000762939453,24.829999923706055,25.049999237060547,359500,0.0,0.0,0.0
2021-10-01,25.450000762939453,25.760000228881836,25.450000762939453,25.739999771118164,97800,0.0,0.0,0.0
2021-10-04,26.190000534057617,26.329999923706055,25.860000610351562,25.8700008392334,239100,0.0,0.0,0.0
2021-10-05,25.479999542236328,25.790000915527344,25.420000076293945,25.579999923706055,103000,0.0,0.0,0.0
2021-10-06,25.459999084472656,25.56999969482422,25.270000457763672,25.5,143500,0.0,0.0,0.0
2021-10-07,25.760000228881836,26.09000015258789,25.719999313354492,26.09000015258789,143700,0.0,0.0,0.0
2021-10-08,26.200000762939453,26.309999465942383,26.100000381469727,26.170000076293945,141800,0.0,0.0,0.0
2021-10-11,26.700000762939453,26.8700008392334,26.600000381469727,26.649999618530273,116300,0.0,0.0,0.0
2021-10-12,26.799999237060547,26.889999389648438,26.399999618530273,26.399999618530273,97500,0.0,0.0,0.0
2021-10-13,26.90999984741211,27.709999084472656,26.8799991607666,27.530000686645508,511300,0.0,0.0,0.0
2021-10-14,28.209999084472656,28.350000381469727,28.100000381469727,28.219999313354492,257600,0.0,0.0,0.0
2021-10-15,29.040000915527344,29.229999542236328,28.770000457763672,28.950000762939453,779200,0.0,0.0,0.0
2021-10-18,28.920000076293945,28.93000030517578,28.649999618530273,28.780000686645508,218700,0.0,0.0,0.0
2021-10-19,28.780000686645508,28.889999389648438,28.6200008392334,28.6200008392334,110600,0.0,0.0,0.0
2021-10-20,28.760000228881836,29.040000915527344,28.610000610351562,29.040000915527344,152300,0.0,0.0,0.0
2021-10-21,28.100000381469727,28.110000610351562,27.760000228881836,27.860000610351562,233200,0.0,0.0,0.0
2021-10-22,27.790000915527344,27.8799991607666,27.280000686645508,27.530000686645508,213500,0.0,0.0,0.0
2021-10-25,27.690000534057617,27.8799991607666,27.549999237060547,27.700000762939453,243700,0.0,0.0,0.0
2021-10-26,27.65999984741211,27.770000457763672,27.399999618530273,27.5,883600,0.0,0.0,0.0
2021-10-27,26.959999084472656,27.079999923706055,26.81999969482422,26.81999969482422,1135000,0.0,0.0,0.0
2021-10-28,27.1299991607666,27.239999771118164,27.020000457763672,27.100000381469727,373000,0.0,0.0,0.0
2021-10-29,26.899999618530273,26.93000030517578,26.530000686645508,26.84000015258789,463300,0.0,0.0,0.0
2021-11-01,26.709999084472656,26.920000076293945,26.579999923706055,26.860000610351562,199300,0.0,0.0,0.0
2021-11-02,26.889999389648438,26.90999984741211,26.579999923706055,26.719999313354492,265900,0.0,0.0,0.0
2021-11-03,26.700000762939453,26.75,26.18000030517578,26.670000076293945,596800,0.0,0.0,0.0
2021-11-04,26.75,26.760000228881836,26.170000076293945,26.3700008392334,388600,0.0,0.0,0.0
2021-11-05,26.469999313354492,26.700000762939453,26.299999237060547,26.56999969482422,227700,0.0,0.0,0.0
2021-11-08,26.829999923706055,27.0,26.739999771118164,26.93000030517578,487000,0.0,0.0,0.0
2021-11-09,26.84000015258789,26.8799991607666,26.520000457763672,26.760000228881836,218100,0.0,0.0,0.0
2021-11-10,26.829999923706055,26.940000534057617,26.219999313354492,26.25,382200,0.0,0.0,0.0
2021-11-11,26.959999084472656,27.079999923706055,26.809999465942383,26.90999984741211,321300,0.0,0.0,0.0
2021-11-12,27.0,27.280000686645508,27.0,27.190000534057617,259900,0.0,0.0,0.0
2021-11-15,27.15999984741211,27.190000534057617,26.81999969482422,26.940000534057617,182200,0.0,0.0,0.0
2021-11-16,26.600000381469727,26.670000076293945,26.43000030517578,26.559999465942383,214200,0.0,0.0,0.0
2021-11-17,26.25,26.299999237060547,25.6299991607666,25.809999465942383,384200,0.0,0.0,0.0
2021-11-18,25.899999618530273,26.40999984741211,25.84000015258789,26.299999237060547,249900,0.0,0.0,0.0
2021-11-19,26.809999465942383,26.899999618530273,26.700000762939453,26.770000457763672,206400,0.0,0.0,0.0
2021-11-22,26.719999313354492,27.030000686645508,26.639999389648438,26.729999542236328,147000,0.0,0.0,0.0
2021-11-23,27.0,27.190000534057617,26.940000534057617,26.989999771118164,173700,0.0,0.0,0.0
2021-11-24,27.25,27.399999618530273,27.139999389648438,27.31999969482422,314500,0.0,0.0,0.0
2021-11-26,26.43000030517578,26.43000030517578,26.15999984741211,26.280000686645508,121400,0.0,0.0,0.0
2021-11-29,26.579999923706055,26.579999923706055,26.34000015258789,26.549999237060547,91800,0.0,0.0,0.0
2021-11-30,26.399999618530273,26.510000228881836,25.940000534057617,26.209999084472656,245600,0.0,0.0,0.0
2021-12-01,26.15999984741211,26.31999969482422,25.65999984741211,25.68000030517578,397300,0.0,0.0,0.0
2021-12-02,26.0,26.309999465942383,25.959999084472656,26.200000762939453,257200,0.0,0.0,0.0
2021-12-03,26.139999389648438,26.290000915527344,25.90999984741211,26.079999923706055,168900,0.0,0.0,0.0
2021-12-06,26.260000228881836,26.540000915527344,26.170000076293945,26.489999771118164,141100,0.0,0.0,0.0
2021-12-07,26.56999969482422,26.610000610351562,26.420000076293945,26.489999771118164,239900,0.0,0.0,0.0
2021-12-08,26.530000686645508,26.829999923706055,26.530000686645508,26.739999771118164,179000,0.0,0.0,0.0
2021-12-09,26.360000610351562,26.43000030517578,26.239999771118164,26.270000457763672,89600,0.0,0.0,0.0
2021-12-10,26.31999969482422,26.34000015258789,26.1200008392334,26.209999084472656,113600,0.0,0.0,0.0
2021-12-13,26.200000762939453,26.219999313354492,26.079999923706055,26.170000076293945,79600,0.0,0.0,0.0
2021-12-14,26.049999237060547,26.25,25.93000030517578,26.010000228881836,139700,0.0,0.0,0.0
2021-12-15,25.360000610351562,26.0,25.1299991607666,26.0,213600,0.0,0.0,0.0
2021-12-16,26.3700008392334,26.389999389648438,26.1200008392334,26.190000534057617,121200,0.0,0.0,0.0
2021-12-17,26.280000686645508,26.31999969482422,26.110000610351562,26.15999984741211,80400,0.0,0.0,0.0
2021-12-20,26.15999984741211,26.280000686645508,26.100000381469727,26.25,146900,0.0,0.0,0.0
2021-12-21,26.479999542236328,26.559999465942383,26.389999389648438,26.559999465942383,132600,0.0,0.0,0.0
2021-12-22,26.700000762939453,26.799999237060547,26.649999618530273,26.780000686645508,121100,0.0,0.0,0.0
2021-12-23,26.649999618530273,26.90999984741211,26.530000686645508,26.829999923706055,115200,0.0,0.0,0.0
2021-12-27,26.799999237060547,27.420000076293945,26.729999542236328,27.270000457763672,146900,0.0,0.0,0.0
2021-12-28,27.239999771118164,27.299999237060547,27.0,27.040000915527344,128600,0.0,0.0,0.0
2021-12-29,26.860000610351562,26.989999771118164,26.799999237060547,26.969999313354492,55700,0.0,0.0,0.0
2021-12-30,26.899999618530273,27.040000915527344,26.700000762939453,26.739999771118164,71000,0.0,0.0,0.0
2021-12-31,27.030000686645508,27.299999237060547,27.030000686645508,27.209999084472656,64400,0.0,0.0,0.0
2022-01-03,26.65999984741211,27.040000915527344,26.459999084472656,26.959999084472656,130200,0.0,0.0,0.0
2022-01-04,27.010000228881836,27.329999923706055,27.010000228881836,27.260000228881836,98400,0.0,0.0,0.0
2022-01-05,27.020000457763672,27.18000030517578,26.68000030517578,26.700000762939453,159300,0.0,0.0,0.0
2022-01-06,26.420000076293945,26.6200008392334,26.360000610351562,26.59000015258789,130900,0.0,0.0,0.0
2022-01-07,26.6299991607666,26.940000534057617,26.56999969482422,26.889999389648438,139400,0.0,0.0,0.0
2022-01-10,26.700000762939453,26.700000762939453,26.450000762939453,26.610000610351562,75700,0.0,0.0,0.0
2022-01-11,26.829999923706055,27.06999969482422,26.649999618530273,27.030000686645508,64500,0.0,0.0,0.0
2022-01-12,27.719999313354492,28.079999923706055,27.65999984741211,27.860000610351562,289300,0.0,0.0,0.0
2022-01-13,27.729999542236328,27.799999237060547,27.5,27.5,154100,0.0,0.0,0.0
2022-01-14,27.0,27.170000076293945,26.90999984741211,27.100000381469727,132300,0.0,0.0,0.0
2022-01-18,26.940000534057617,27.010000228881836,26.700000762939453,26.84000015258789,101300,0.0,0.0,0.0
2022-01-19,27.280000686645508,27.399999618530273,27.09000015258789,27.09000015258789,165200,0.0,0.0,0.0
2022-01-20,27.59000015258789,27.950000762939453,27.549999237060547,27.579999923706055,215400,0.0,0.0,0.0
2022-01-21,27.799999237060547,27.90999984741211,27.420000076293945,27.450000762939453,155300,0.0,0.0,0.0
2022-01-24,26.940000534057617,27.200000762939453,26.719999313354492,27.100000381469727,141700,0.0,0.0,0.0
2022-01-25,27.020000457763672,27.290000915527344,26.90999984741211,27.18000030517578,62700,0.0,0.0,0.0
2022-01-26,27.34000015258789,27.600000381469727,26.940000534057617,27.170000076293945,109000,0.0,0.0,0.0
2022-01-27,27.25,27.350000381469727,26.81999969482422,26.920000076293945,181100,0.0,0.0,0.0
2022-01-28,26.459999084472656,26.479999542236328,26.170000076293945,26.399999618530273,119900,0.0,0.0,0.0
2022-01-31,26.110000610351562,26.5,26.100000381469727,26.5,150600,0.0,0.0,0.0
2022-02-01,26.989999771118164,27.100000381469727,26.860000610351562,27.040000915527344,63100,0.0,0.0,0.0
2022-02-02,27.270000457763672,27.459999084472656,27.06999969482422,27.31999969482422,69900,0.0,0.0,0.0
2022-02-03,27.219999313354492,27.350000381469727,27.059999465942383,27.190000534057617,55500,0.0,0.0,0.0
2022-02-04,27.260000228881836,27.530000686645508,26.959999084472656,27.450000762939453,85700,0.0,0.0,0.0
2022-02-07,27.229999542236328,27.3799991607666,27.030000686645508,27.34000015258789,61200,0.0,0.0,0.0
2022-02-08,27.100000381469727,27.299999237060547,26.93000030517578,27.290000915527344,45400,0.0,0.0,0.0
2022-02-09,27.610000610351562,28.299999237060547,27.610000610351562,28.260000228881836,182900,0.0,0.0,0.0
2022-02-10,28.360000610351562,28.68000030517578,28.030000686645508,28.149999618530273,154400,0.0,0.0,0.0
2022-02-11,27.530000686645508,27.649999618530273,27.139999389648438,27.139999389648438,145000,0.0,0.0,0.0
2022-02-14,27.239999771118164,27.540000915527344,27.170000076293945,27.389999389648438,67400,0.0,0.0,0.0
2022-02-15,27.65999984741211,27.690000534057617,27.459999084472656,27.6299991607666,108500,0.0,0.0,0.0
2022-02-16,27.549999237060547,27.770000457763672,27.549999237060547,27.649999618530273,49900,0.0,0.0,0.0
2022-02-17,27.639999389648438,27.649999618530273,27.3799991607666,27.459999084472656,34400,0.0,0.0,0.0
2022-02-18,27.75,27.799999237060547,27.520000457763672,27.559999465942383,80100,0.0,0.0,0.0
2022-02-22,27.59000015258789,27.6200008392334,27.360000610351562,27.469999313354492,93200,0.0,0.0,0.0
2022-02-23,27.459999084472656,27.549999237060547,27.1200008392334,27.1200008392334,137300,0.0,0.0,0.0
2022-02-24,27.280000686645508,27.459999084472656,27.06999969482422,27.440000534057617,164700,0.0,0.0,0.0
2022-02-25,27.260000228881836,27.440000534057617,27.239999771118164,27.440000534057617,90300,0.0,0.0,0.0
2022-02-28,27.399999618530273,27.420000076293945,27.06999969482422,27.399999618530273,100300,0.0,0.0,0.0
2022-03-01,27.829999923706055,27.979999542236328,27.649999618530273,27.81999969482422,153800,0.0,0.0,0.0
2022-03-02,28.3799991607666,28.540000915527344,28.049999237060547,28.5,152700,0.0,0.0,0.0
2022-03-03,29.0,29.200000762939453,28.719999313354492,29.200000762939453,278500,0.0,0.0,0.0
2022-03-04,29.6299991607666,30.1200008392334,29.610000610351562,29.899999618530273,382700,0.0,0.0,0.0
2022-03-07,28.8700008392334,29.030000686645508,28.43000030517578,28.90999984741211,443500,0.0,0.0,0.0
2022-03-08,28.649999618530273,29.110000610351562,28.299999237060547,28.8700008392334,277700,0.0,0.0,0.0
2022-03-09,28.0,28.290000915527344,27.670000076293945,27.850000381469727,207200,0.0,0.0,0.0
2022-03-10,28.34000015258789,28.399999618530273,28.110000610351562,28.260000228881836,270300,0.0,0.0,0.0
2022-03-11,28.350000381469727,28.450000762939453,27.93000030517578,28.0,104000,0.0,0.0,0.0
2022-03-14,27.600000381469727,27.6200008392334,27.360000610351562,27.40999984741211,188300,0.0,0.0,0.0
2022-03-15,27.229999542236328,27.469999313354492,27.15999984741211,27.440000534057617,121100,0.0,0.0,0.0
2022-03-16,27.770000457763672,28.309999465942383,27.75,28.309999465942383,888200,0.0,0.0,0.0
2022-03-17,28.420000076293945,28.739999771118164,28.290000915527344,28.59000015258789,1043000,0.0,0.0,0.0
2022-03-18,28.649999618530273,28.950000762939453,28.5,28.719999313354492,210100,0.0,0.0,0.0
2022-03-21,28.670000076293945,28.81999969482422,28.540000915527344,28.549999237060547,134300,0.0,0.0,0.0
2022-03-22,28.75,28.81999969482422,28.510000228881836,28.6299991607666,83800,0.0,0.0,0.0
2022-03-23,28.8799991607666,29.15999984741211,28.760000228881836,29.149999618530273,128300,0.0,0.0,0.0
2022-03-24,29.200000762939453,29.200000762939453,28.690000534057617,28.729999542236328,94900,0.0,0.0,0.0
2022-03-25,28.600000381469727,28.75,28.520000457763672,28.610000610351562,91100,0.0,0.0,0.0
2022-03-28,28.549999237060547,28.8700008392334,28.510000228881836,28.75,66200,0.0,0.0,0.0
2022-03-29,28.760000228881836,28.959999084472656,28.700000762939453,28.920000076293945,90400,0.0,0.0,0.0
2022-03-30,29.010000228881836,29.049999237060547,28.760000228881836,28.81999969482422,113700,0.0,0.0,0.0
2022-03-31,28.940000534057617,28.979999542236328,28.68000030517578,28.709999084472656,121300,0.0,0.0,0.0
2022-04-01,28.6200008392334,28.8700008392334,28.489999771118164,28.649999618530273,153500,0.0,0.0,0.0
2022-04-04,29.110000610351562,29.239999771118164,28.989999771118164,29.1200008392334,118600,0.0,0.0,0.0
2022-04-05,29.219999313354492,29.31999969482422,28.899999618530273,28.920000076293945,124400,0.0,0.0,0.0
2022-04-06,28.979999542236328,29.040000915527344,28.579999923706055,28.729999542236328,79000,0.0,0.0,0.0
2022-04-07,28.600000381469727,28.760000228881836,28.530000686645508,28.649999618530273,103600,0.0,0.0,0.0
2022-04-08,28.770000457763672,28.799999237060547,28.649999618530273,28.670000076293945,948900,0.0,0.0,0.0
2022-04-11,28.34000015258789,28.40999984741211,28.100000381469727,28.100000381469727,766800,0.0,0.0,0.0
2022-04-12,28.299999237060547,28.690000534057617,28.280000686645508,28.56999969482422,405600,0.0,0.0,0.0
2022-04-13,28.520000457763672,28.700000762939453,28.40999984741211,28.600000381469727,77800,0.0,0.0,0.0
2022-04-14,28.510000228881836,28.739999771118164,28.389999389648438,28.59000015258789,99400,0.0,0.0,0.0
2022-04-18,29.040000915527344,29.40999984741211,29.040000915527344,29.25,330800,0.0,0.0,0.0
2022-04-19,28.65999984741211,28.700000762939453,28.469999313354492,28.6200008392334,238600,0.0,0.0,0.0
2022-04-20,28.290000915527344,28.399999618530273,28.229999542236328,28.399999618530273,95300,0.0,0.0,0.0
2022-04-21,28.6299991607666,28.65999984741211,28.420000076293945,28.420000076293945,114900,0.0,0.0,0.0
2022-04-22,28.350000381469727,28.469999313354492,27.780000686645508,27.829999923706055,168000,0.0,0.0,0.0
2022-04-25,27.030000686645508,27.350000381469727,26.829999923706055,27.270000457763672,537700,0.0,0.0,0.0
2022-04-26,27.149999618530273,27.200000762939453,26.889999389648438,26.899999618530273,114500,0.0,0.0,0.0
2022-04-27,26.90999984741211,27.209999084472656,26.90999984741211,27.0,105700,0.0,0.0,0.0
2022-04-28,26.709999084472656,26.950000762939453,26.56999969482422,26.84000015258789,149600,0.0,0.0,0.0
2022-04-29,26.770000457763672,26.899999618530273,26.450000762939453,26.450000762939453,125500,0.0,0.0,0.0
2022-05-02,25.809999465942383,25.93000030517578,25.43000030517578,25.899999618530273,277900,0.0,0.0,0.0
2022-05-03,26.010000228881836,26.190000534057617,25.809999465942383,25.940000534057617,208200,0.0,0.0,0.0
2022-05-04,25.8700008392334,26.510000228881836,25.729999542236328,26.5,154600,0.0,0.0,0.0
2022-05-05,26.309999465942383,26.34000015258789,25.899999618530273,25.959999084472656,150600,0.0,0.0,0.0
2022-05-06,25.850000381469727,25.889999389648438,25.6200008392334,25.75,108700,0.0,0.0,0.0
2022-05-09,25.399999618530273,25.600000381469727,25.059999465942383,25.459999084472656,217000,0.0,0.0,0.0
2022-05-10,25.56999969482422,25.600000381469727,25.040000915527344,25.229999542236328,119300,0.0,0.0,0.0
2022-05-11,25.520000457763672,25.75,25.360000610351562,25.450000762939453,155000,0.0,0.0,0.0
2022-05-12,24.799999237060547,24.920000076293945,24.510000228881836,24.729999542236328,175700,0.0,0.0,0.0
2022-05-13,24.899999618530273,25.31999969482422,24.670000076293945,25.25,129900,0.0,0.0,0.0
2022-05-16,25.200000762939453,25.530000686645508,25.190000534057617,25.469999313354492,117100,0.0,0.0,0.0
2022-05-17,25.899999618530273,25.899999618530273,25.459999084472656,25.56999969482422,104000,0.0,0.0,0.0
2022-05-18,25.40999984741211,25.510000228881836,25.030000686645508,25.06999969482422,149400,0.0,0.0,0.0
2022-05-19,25.540000915527344,25.989999771118164,25.540000915527344,25.850000381469727,120300,0.0,0.0,0.0
2022-05-20,26.079999923706055,26.110000610351562,25.709999084472656,25.969999313354492,145600,0.0,0.0,0.0
2022-05-23,26.1200008392334,26.350000381469727,26.110000610351562,26.25,96500,0.0,0.0,0.0
2022-05-24,25.969999313354492,26.1200008392334,25.8700008392334,26.100000381469727,102000,0.0,0.0,0.0
2022-05-25,25.6299991607666,25.940000534057617,25.610000610351562,25.90999984741211,98400,0.0,0.0,0.0
2022-05-26,25.65999984741211,25.850000381469727,25.65999984741211,25.850000381469727,188600,0.0,0.0,0.0
2022-05-27,25.969999313354492,26.18000030517578,25.969999313354492,26.18000030517578,69400,0.0,0.0,0.0
2022-05-31,26.280000686645508,26.309999465942383,25.90999984741211,25.969999313354492,89800,0.0,0.0,0.0
2022-06-01,26.280000686645508,26.31999969482422,26.09000015258789,26.229999542236328,69800,0.0,0.0,0.0
2022-06-02,27.059999465942383,27.639999389648438,27.059999465942383,27.6200008392334,274900,0.0,0.0,0.0
2022-06-03,27.299999237060547,27.350000381469727,27.030000686645508,27.059999465942383,63700,0.0,0.0,0.0
2022-06-06,27.059999465942383,27.059999465942383,26.770000457763672,26.8799991607666,102400,0.0,0.0,0.0
2022-06-07,26.670000076293945,27.0,26.520000457763672,26.979999542236328,87100,0.0,0.0,0.0
2022-06-08,26.559999465942383,26.969999313354492,26.559999465942383,26.829999923706055,69500,0.0,0.0,0.0
2022-06-09,26.530000686645508,26.639999389648438,26.360000610351562,26.389999389648438,107800,0.0,0.0,0.0
2022-06-10,26.09000015258789,26.09000015258789,25.93000030517578,26.040000915527344,86000,0.0,0.0,0.0
2022-06-13,25.459999084472656,25.68000030517578,25.280000686645508,25.40999984741211,120900,0.0,0.0,0.0
2022-06-14,25.420000076293945,25.479999542236328,24.950000762939453,25.059999465942383,92500,0.0,0.0,0.0
2022-06-15,25.100000381469727,25.399999618530273,24.969999313354492,25.25,154200,0.0,0.0,0.0
2022-06-16,24.739999771118164,25.0,24.530000686645508,24.84000015258789,104700,0.0,0.0,0.0
2022-06-17,24.65999984741211,24.65999984741211,24.190000534057617,24.3700008392334,170200,0.0,0.0,0.0
2022-06-21,24.56999969482422,24.65999984741211,24.309999465942383,24.3700008392334,127200,0.0,0.0,0.0
2022-06-22,23.739999771118164,23.940000534057617,23.600000381469727,23.799999237060547,208600,0.0,0.0,0.0
2022-06-23,23.280000686645508,23.3799991607666,22.59000015258789,22.68000030517578,175800,0.0,0.0,0.0
2022-06-24,22.280000686645508,22.8700008392334,22.020000457763672,22.600000381469727,829100,0.0,0.0,0.0
2022-06-27,22.770000457763672,22.979999542236328,22.6200008392334,22.729999542236328,170500,0.0,0.0,0.0
2022-06-28,22.989999771118164,23.0,22.639999389648438,22.709999084472656,67500,0.0,0.0,0.0
2022-06-29,22.940000534057617,23.010000228881836,22.709999084472656,22.799999237060547,123600,0.0,0.0,0.0
2022-06-30,22.43000030517578,22.579999923706055,22.190000534057617,22.219999313354492,110700,0.0,0.0,0.0
2022-07-01,21.790000915527344,21.93000030517578,21.5,21.81999969482422,240200,0.0,0.0,0.0
2022-07-05,20.729999542236328,20.920000076293945,20.56999969482422,20.739999771118164,332300,0.0,0.0,0.0
2022-07-06,20.459999084472656,20.850000381469727,20.260000228881836,20.780000686645508,154700,0.0,0.0,0.0
2022-07-07,21.280000686645508,21.6299991607666,21.229999542236328,21.34000015258789,225800,0.0,0.0,0.0
2022-07-08,21.3700008392334,21.459999084472656,21.139999389648438,21.260000228881836,56400,0.0,0.0,0.0
2022-07-11,20.799999237060547,20.799999237060547,20.469999313354492,20.649999618530273,119200,0.0,0.0,0.0
2022-07-12,20.079999923706055,20.200000762939453,19.56999969482422,19.6299991607666,458900,0.0,0.0,0.0
2022-07-13,19.649999618530273,20.149999618530273,19.43000030517578,20.040000915527344,291300,0.0,0.0,0.0
2022-07-14,19.239999771118164,19.579999923706055,19.170000076293945,19.510000228881836,100500,0.0,0.0,0.0
2022-07-15,19.309999465942383,19.75,19.110000610351562,19.510000228881836,211500,0.0,0.0,0.0
2022-07-18,20.1299991607666,20.350000381469727,19.959999084472656,20.010000228881836,147100,0.0,0.0,0.0
2022-07-19,19.81999969482422,19.950000762939453,19.729999542236328,19.860000610351562,151100,0.0,0.0,0.0
2022-07-20,20.329999923706055,20.329999923706055,19.920000076293945,20.09000015258789,255200,0.0,0.0,0.0
2022-07-21,19.75,19.979999542236328,19.65999984741211,19.950000762939453,81200,0.0,0.0,0.0
2022-07-22,20.190000534057617,20.5,20.0,20.059999465942383,113400,0.0,0.0,0.0
2022-07-25,20.459999084472656,20.459999084472656,20.270000457763672,20.3799991607666,129600,0.0,0.0,0.0
2022-07-26,20.729999542236328,20.729999542236328,20.389999389648438,20.489999771118164,200500,0.0,0.0,0.0
2022-07-27,20.56999969482422,21.0,20.5,21.0,211200,0.0,0.0,0.0
2022-07-28,21.110000610351562,21.190000534057617,20.899999618530273,21.020000457763672,99600,0.0,0.0,0.0
2022-07-29,21.280000686645508,21.709999084472656,21.100000381469727,21.700000762939453,148600,0.0,0.0,0.0
2022-08-01,21.440000534057617,21.440000534057617,21.229999542236328,21.329999923706055,112600,0.0,0.0,0.0
2022-08-02,21.31999969482422,21.420000076293945,21.0,21.049999237060547,130900,0.0,0.0,0.0
2022-08-03,21.079999923706055,21.229999542236328,20.84000015258789,21.030000686645508,69500,0.0,0.0,0.0
2022-08-04,20.760000228881836,21.270000457763672,20.639999389648438,21.100000381469727,100200,0.0,0.0,0.0
2022-08-05,21.049999237060547,21.719999313354492,21.049999237060547,21.56999969482422,92400,0.0,0.0,0.0
2022-08-08,21.600000381469727,21.90999984741211,21.520000457763672,21.739999771118164,76700,0.0,0.0,0.0
2022-08-09,21.850000381469727,21.90999984741211,21.610000610351562,21.700000762939453,135400,0.0,0.0,0.0
2022-08-10,22.0,22.1200008392334,21.90999984741211,22.0,124800,0.0,0.0,0.0
2022-08-11,22.31999969482422,22.43000030517578,22.25,22.280000686645508,91800,0.0,0.0,0.0
2022-08-12,22.079999923706055,22.270000457763672,22.0,22.200000762939453,59700,0.0,0.0,0.0
2022-08-15,21.649999618530273,21.899999618530273,21.549999237060547,21.8700008392334,128700,0.0,0.0,0.0
2022-08-16,21.8700008392334,21.989999771118164,21.729999542236328,21.860000610351562,74700,0.0,0.0,0.0
2022-08-17,21.799999237060547,21.799999237060547,21.56999969482422,21.65999984741211,75800,0.0,0.0,0.0
2022-08-18,21.93000030517578,22.09000015258789,21.8799991607666,22.030000686645508,52800,0.0,0.0,0.0
2022-08-19,22.100000381469727,22.209999084472656,21.979999542236328,22.100000381469727,46600,0.0,0.0,0.0
2022-08-22,21.899999618530273,22.049999237060547,21.75,22.040000915527344,133500,0.0,0.0,0.0
2022-08-23,22.1200008392334,22.440000534057617,22.1200008392334,22.25,65400,0.0,0.0,0.0
2022-08-24,21.989999771118164,22.09000015258789,21.90999984741211,21.959999084472656,41800,0.0,0.0,0.0
2022-08-25,22.1299991607666,22.329999923706055,22.1299991607666,22.31999969482422,48500,0.0,0.0,0.0
2022-08-26,22.709999084472656,22.940000534057617,22.139999389648438,22.190000534057617,158000,0.0,0.0,0.0
2022-08-29,21.760000228881836,21.90999984741211,21.639999389648438,21.670000076293945,199600,0.0,0.0,0.0
2022-08-30,21.540000915527344,21.6200008392334,21.31999969482422,21.3700008392334,75000,0.0,0.0,0.0
2022-08-31,21.110000610351562,21.309999465942383,21.0,21.1299991607666,80900,0.0,0.0,0.0
2022-09-01,20.799999237060547,20.799999237060547,20.469999313354492,20.5,156700,0.0,0.0,0.0
2022-09-02,20.579999923706055,20.799999237060547,20.40999984741211,20.450000762939453,66100,0.0,0.0,0.0
2022-09-06,20.84000015258789,20.920000076293945,20.709999084472656,20.84000015258789,54500,0.0,0.0,0.0
2022-09-07,20.559999465942383,20.799999237060547,20.530000686645508,20.709999084472656,67200,0.0,0.0,0.0
2022-09-08,20.940000534057617,21.40999984741211,20.93000030517578,21.329999923706055,145200,0.0,0.0,0.0
2022-09-09,21.31999969482422,21.479999542236328,21.260000228881836,21.3700008392334,83600,0.0,0.0,0.0
2022-09-12,21.739999771118164,21.780000686645508,21.5,21.75,103600,0.0,0.0,0.0
2022-09-13,21.389999389648438,21.649999618530273,21.170000076293945,21.209999084472656,125000,0.0,0.0,0.0
2022-09-14,21.1200008392334,21.329999923706055,21.100000381469727,21.1200008392334,50300,0.0,0.0,0.0
2022-09-15,21.0,21.170000076293945,20.860000610351562,20.8799991607666,143100,0.0,0.0,0.0
2022-09-16,20.969999313354492,21.309999465942383,20.93000030517578,21.309999465942383,59700,0.0,0.0,0.0
2022-09-19,21.110000610351562,21.219999313354492,21.0,21.219999313354492,54100,0.0,0.0,0.0
2022-09-20,21.209999084472656,21.219999313354492,20.93000030517578,21.040000915527344,84000,0.0,0.0,0.0
2022-09-21,20.950000762939453,21.020000457763672,20.510000228881836,20.690000534057617,63100,0.0,0.0,0.0
2022-09-22,21.0,21.200000762939453,20.809999465942383,20.81999969482422,67400,0.0,0.0,0.0
2022-09-23,20.25,20.25,20.030000686645508,20.1200008392334,124700,0.0,0.0,0.0
2022-09-26,20.139999389648438,20.239999771118164,19.729999542236328,19.81999969482422,107800,0.0,0.0,0.0
2022-09-27,19.950000762939453,20.1200008392334,19.68000030517578,19.790000915527344,89100,0.0,0.0,0.0
2022-09-28,19.84000015258789,20.43000030517578,19.81999969482422,20.3700008392334,46200,0.0,0.0,0.0
2022-09-29,20.440000534057617,20.709999084472656,20.25,20.670000076293945,72300,0.0,0.0,0.0
2022-09-30,20.520000457763672,20.809999465942383,20.399999618530273,20.450000762939453,55000,0.0,0.0,0.0
2022-10-03,20.34000015258789,20.59000015258789,20.309999465942383,20.540000915527344,38100,0.0,0.0,0.0
2022-10-04,20.65999984741211,21.229999542236328,20.549999237060547,21.079999923706055,61900,0.0,0.0,0.0
2022-10-05,20.860000610351562,21.43000030517578,20.739999771118164,21.3799991607666,596900,0.0,0.0,0.0
2022-10-06,21.0,21.200000762939453,20.649999618530273,20.690000534057617,877600,0.0,0.0,0.0
2022-10-07,20.520000457763672,20.600000381469727,20.34000015258789,20.34000015258789,110400,0.0,0.0,0.0
2022-10-10,20.719999313354492,20.940000534057617,20.610000610351562,20.739999771118164,52800,0.0,0.0,0.0
2022-10-11,20.649999618530273,20.899999618530273,20.520000457763672,20.579999923706055,58100,0.0,0.0,0.0
2022-10-12,20.6299991607666,20.690000534057617,20.530000686645508,20.6299991607666,44400,0.0,0.0,0.0
2022-10-13,20.360000610351562,20.920000076293945,20.299999237060547,20.8799991607666,68700,0.0,0.0,0.0
2022-10-14,21.0,21.0,20.489999771118164,20.540000915527344,112000,0.0,0.0,0.0
2022-10-17,20.700000762939453,20.90999984741211,20.450000762939453,20.469999313354492,170600,0.0,0.0,0.0
2022-10-18,20.389999389648438,20.510000228881836,20.1200008392334,20.219999313354492,76000,0.0,0.0,0.0
2022-10-19,20.030000686645508,20.229999542236328,19.959999084472656,19.989999771118164,57300,0.0,0.0,0.0
2022-10-20,20.40999984741211,20.709999084472656,20.40999984741211,20.489999771118164,38900,0.0,0.0,0.0
2022-10-21,20.469999313354492,20.989999771118164,20.450000762939453,20.979999542236328,67700,0.0,0.0,0.0
2022-10-24,20.81999969482422,20.84000015258789,20.639999389648438,20.709999084472656,132300,0.0,0.0,0.0
2022-10-25,20.469999313354492,20.6299991607666,20.450000762939453,20.530000686645508,76500,0.0,0.0,0.0
2022-10-26,20.969999313354492,21.43000030517578,20.969999313354492,21.399999618530273,93300,0.0,0.0,0.0
2022-10-27,21.309999465942383,21.459999084472656,21.170000076293945,21.229999542236328,80000,0.0,0.0,0.0
2022-10-28,20.860000610351562,20.860000610351562,20.639999389648438,20.739999771118164,48400,0.0,0.0,0.0
2022-10-31,20.260000228881836,20.479999542236328,20.219999313354492,20.350000381469727,115100,0.0,0.0,0.0
2022-11-01,21.059999465942383,21.059999465942383,20.780000686645508,20.950000762939453,49000,0.0,0.0,0.0
2022-11-02,20.889999389648438,21.149999618530273,20.700000762939453,20.729999542236328,33600,0.0,0.0,0.0
2022-11-03,20.450000762939453,20.790000915527344,20.450000762939453,20.649999618530273,87700,0.0,0.0,0.0
2022-11-04,21.979999542236328,22.399999618530273,21.8700008392334,22.389999389648438,183100,0.0,0.0,0.0
2022-11-07,21.809999465942383,21.809999465942383,21.610000610351562,21.690000534057617,105800,0.0,0.0,0.0
2022-11-08,21.920000076293945,22.280000686645508,21.899999618530273,22.139999389648438,65000,0.0,0.0,0.0
2022-11-09,22.309999465942383,22.579999923706055,22.110000610351562,22.139999389648438,73400,0.0,0.0,0.0
2022-11-10,22.65999984741211,22.90999984741211,22.600000381469727,22.84000015258789,162900,0.0,0.0,0.0
2022-11-11,23.260000228881836,23.81999969482422,23.200000762939453,23.729999542236328,262400,0.0,0.0,0.0
2022-11-14,23.110000610351562,23.329999923706055,23.059999465942383,23.15999984741211,85900,0.0,0.0,0.0
2022-11-15,23.09000015258789,23.1299991607666,22.889999389648438,23.040000915527344,96300,0.0,0.0,0.0
2022-11-16,22.81999969482422,22.860000610351562,22.6200008392334,22.690000534057617,30800,0.0,0.0,0.0
2022-11-17,22.049999237060547,22.3799991607666,22.020000457763672,22.190000534057617,106900,0.0,0.0,0.0
2022-11-18,22.06999969482422,22.229999542236328,21.940000534057617,21.959999084472656,219800,0.0,0.0,0.0
2022-11-21,21.690000534057617,21.709999084472656,21.459999084472656,21.600000381469727,84400,0.0,0.0,0.0
2022-11-22,21.979999542236328,22.010000228881836,21.770000457763672,21.8700008392334,102700,0.0,0.0,0.0
2022-11-23,21.75,22.030000686645508,21.739999771118164,21.959999084472656,107100,0.0,0.0,0.0
2022-11-25,21.81999969482422,21.920000076293945,21.809999465942383,21.809999465942383,80000,0.0,0.0,0.0
2022-11-28,21.75,21.889999389648438,21.65999984741211,21.690000534057617,91600,0.0,0.0,0.0
2022-11-29,21.940000534057617,22.059999465942383,21.940000534057617,22.010000228881836,52800,0.0,0.0,0.0
2022-11-30,22.719999313354492,22.8700008392334,22.3700008392334,22.81999969482422,179500,0.0,0.0,0.0
2022-12-01,22.850000381469727,23.030000686645508,22.790000915527344,22.899999618530273,112900,0.0,0.0,0.0
2022-12-02,22.760000228881836,23.309999465942383,22.760000228881836,23.299999237060547,109400,0.0,0.0,0.0
2022-12-05,23.209999084472656,23.309999465942383,22.75,22.8700008392334,57900,0.0,0.0,0.0
2022-12-06,23.15999984741211,23.280000686645508,22.940000534057617,23.059999465942383,66200,0.0,0.0,0.0
2022-12-07,23.079999923706055,23.3799991607666,23.049999237060547,23.260000228881836,79900,0.0,0.0,0.0
2022-12-08,23.530000686645508,23.649999618530273,23.350000381469727,23.43000030517578,103600,0.0,0.0,0.0
2022-12-09,23.290000915527344,23.5,23.219999313354492,23.229999542236328,115500,0.0,0.0,0.0
2022-12-12,23.059999465942383,23.100000381469727,22.8799991607666,23.030000686645508,80500,0.0,0.0,0.0
2022-12-13,23.690000534057617,23.690000534057617,23.190000534057617,23.239999771118164,295900,0.0,0.0,0.0
2022-12-14,23.260000228881836,23.530000686645508,23.1200008392334,23.299999237060547,84600,0.0,0.0,0.0
2022-12-15,23.18000030517578,23.260000228881836,22.700000762939453,22.790000915527344,113700,0.0,0.0,0.0
2022-12-16,22.709999084472656,22.8700008392334,22.65999984741211,22.780000686645508,55600,0.0,0.0,0.0
2022-12-19,22.8799991607666,22.940000534057617,22.65999984741211,22.729999542236328,47600,0.0,0.0,0.0
2022-12-20,22.809999465942383,23.139999389648438,22.790000915527344,23.020000457763672,117400,0.0,0.0,0.0
2022-12-21,22.950000762939453,23.139999389648438,22.920000076293945,23.06999969482422,79400,0.0,0.0,0.0
2022-12-22,22.790000915527344,22.8700008392334,22.65999984741211,22.729999542236328,144000,0.0,0.0,0.0
2022-12-23,22.799999237060547,23.100000381469727,22.75,23.059999465942383,58500,0.0,0.0,0.0
2022-12-27,23.149999618530273,23.450000762939453,23.0,23.020000457763672,494700,0.0,0.0,0.0
2022-12-28,23.15999984741211,23.299999237060547,23.100000381469727,23.15999984741211,184600,0.0,0.0,0.0
2022-12-29,22.860000610351562,23.25,22.860000610351562,23.15999984741211,65400,0.0,0.0,0.0
2022-12-30,22.860000610351562,23.149999618530273,22.860000610351562,23.09000015258789,102600,0.0,0.0,0.0
2023-01-03,23.06999969482422,23.329999923706055,22.75,22.790000915527344,81400,0.0,0.0,0.0
2023-01-04,22.780000686645508,22.780000686645508,22.540000915527344,22.65999984741211,508500,0.0,0.0,0.0
2023-01-05,23.0,23.239999771118164,22.979999542236328,23.18000030517578,81200,0.0,0.0,0.0
2023-01-06,23.329999923706055,23.790000915527344,23.239999771118164,23.790000915527344,125600,0.0,0.0,0.0
2023-01-09,24.209999084472656,24.540000915527344,24.209999084472656,24.290000915527344,116300,0.0,0.0,0.0
2023-01-10,24.3700008392334,24.739999771118164,24.3700008392334,24.690000534057617,90500,0.0,0.0,0.0
2023-01-11,25.149999618530273,25.3799991607666,25.040000915527344,25.34000015258789,352400,0.0,0.0,0.0
2023-01-12,25.309999465942383,25.43000030517578,25.030000686645508,25.25,128200,0.0,0.0,0.0
2023-01-13,25.200000762939453,25.639999389648438,25.200000762939453,25.549999237060547,407700,0.0,0.0,0.0
2023-01-17,25.520000457763672,25.719999313354492,25.270000457763672,25.670000076293945,355200,0.0,0.0,0.0
2023-01-18,26.25,26.3799991607666,25.5,25.56999969482422,1389800,0.0,0.0,0.0
2023-01-19,25.600000381469727,25.8700008392334,25.549999237060547,25.770000457763672,258100,0.0,0.0,0.0
2023-01-20,25.65999984741211,25.93000030517578,25.5,25.93000030517578,178100,0.0,0.0,0.0
2023-01-23,25.709999084472656,25.8700008392334,25.59000015258789,25.790000915527344,309900,0.0,0.0,0.0
2023-01-24,25.729999542236328,25.889999389648438,25.600000381469727,25.84000015258789,171900,0.0,0.0,0.0
2023-01-25,25.65999984741211,25.8799991607666,25.56999969482422,25.8799991607666,127800,0.0,0.0,0.0
2023-01-26,25.8799991607666,26.020000457763672,25.690000534057617,25.959999084472656,78100,0.0,0.0,0.0
2023-01-27,25.829999923706055,25.829999923706055,25.299999237060547,25.6200008392334,117600,0.0,0.0,0.0
2023-01-30,25.450000762939453,25.600000381469727,25.309999465942383,25.3700008392334,204200,0.0,0.0,0.0
2023-01-31,25.290000915527344,25.690000534057617,25.219999313354492,25.639999389648438,49800,0.0,0.0,0.0
2023-02-01,25.31999969482422,25.5,24.920000076293945,25.440000534057617,186600,0.0,0.0,0.0
2023-02-02,25.3799991607666,25.540000915527344,24.780000686645508,24.81999969482422,124400,0.0,0.0,0.0
2023-02-03,24.81999969482422,25.020000457763672,24.5,24.559999465942383,79900,0.0,0.0,0.0
2023-02-06,24.479999542236328,24.579999923706055,24.280000686645508,24.530000686645508,171200,0.0,0.0,0.0
2023-02-07,24.510000228881836,24.81999969482422,24.34000015258789,24.739999771118164,105600,0.0,0.0,0.0
2023-02-08,24.719999313354492,24.780000686645508,24.40999984741211,24.56999969482422,55400,0.0,0.0,0.0
2023-02-09,24.989999771118164,24.989999771118164,24.6299991607666,24.75,102200,0.0,0.0,0.0
2023-02-10,24.56999969482422,24.639999389648438,24.360000610351562,24.420000076293945,56100,0.0,0.0,0.0
2023-02-13,24.5,24.75,24.5,24.719999313354492,38300,0.0,0.0,0.0
2023-02-14,24.690000534057617,25.0,24.639999389648438,24.899999618530273,73900,0.0,0.0,0.0
2023-02-15,24.40999984741211,24.540000915527344,24.18000030517578,24.520000457763672,428700,0.0,0.0,0.0
2023-02-16,24.520000457763672,25.190000534057617,24.520000457763672,25.010000228881836,303800,0.0,0.0,0.0
2023-02-17,25.0,25.139999389648438,24.6200008392334,25.059999465942383,49400,0.0,0.0,0.0
2023-02-21,25.56999969482422,25.639999389648438,25.3700008392334,25.549999237060547,138100,0.0,0.0,0.0
2023-02-22,25.329999923706055,25.450000762939453,25.15999984741211,25.31999969482422,230500,0.0,0.0,0.0
2023-02-23,25.280000686645508,25.280000686645508,24.559999465942383,24.649999618530273,106300,0.0,0.0,0.0
2023-02-24,24.149999618530273,24.280000686645508,24.030000686645508,24.059999465942383,124000,0.0,0.0,0.0
2023-02-27,24.260000228881836,24.5,24.139999389648438,24.440000534057617,169000,0.0,0.0,0.0
2023-02-28,24.65999984741211,24.93000030517578,24.639999389648438,24.84000015258789,164200,0.0,0.0,0.0
2023-03-01,25.18000030517578,25.420000076293945,25.049999237060547,25.389999389648438,148300,0.0,0.0,0.0
2023-03-02,24.799999237060547,24.969999313354492,24.6299991607666,24.809999465942383,68200,0.0,0.0,0.0
2023-03-03,24.979999542236328,25.0,24.719999313354492,24.850000381469727,66700,0.0,0.0,0.0
2023-03-06,24.719999313354492,24.940000534057617,24.65999984741211,24.8700008392334,50200,0.0,0.0,0.0
2023-03-07,24.559999465942383,24.559999465942383,24.1299991607666,24.229999542236328,71000,0.0,0.0,0.0
2023-03-08,24.40999984741211,24.81999969482422,24.40999984741211,24.540000915527344,49400,0.0,0.0,0.0
2023-03-09,24.559999465942383,24.68000030517578,24.31999969482422,24.479999542236328,29500,0.0,0.0,0.0
2023-03-10,24.40999984741211,24.780000686645508,24.329999923706055,24.399999618530273,111700,0.0,0.0,0.0
2023-03-13,24.280000686645508,24.84000015258789,24.219999313354492,24.700000762939453,39400,0.0,0.0,0.0
2023-03-14,24.719999313354492,24.719999313354492,24.34000015258789,24.489999771118164,52000,0.0,0.0,0.0
2023-03-15,23.829999923706055,23.90999984741211,23.40999984741211,23.700000762939453,94500,0.0,0.0,0.0
2023-03-16,23.5,23.639999389648438,23.290000915527344,23.59000015258789,378500,0.0,0.0,0.0
2023-03-17,23.90999984741211,23.90999984741211,23.6200008392334,23.75,63700,0.0,0.0,0.0
2023-03-20,23.8700008392334,24.209999084472656,23.8700008392334,24.170000076293945,29700,0.0,0.0,0.0
2023-03-21,24.489999771118164,24.549999237060547,24.260000228881836,24.469999313354492,299400,0.0,0.0,0.0
2023-03-22,24.520000457763672,24.969999313354492,24.510000228881836,24.65999984741211,94800,0.0,0.0,0.0
2023-03-23,24.760000228881836,25.15999984741211,24.760000228881836,24.959999084472656,61900,0.0,0.0,0.0
2023-03-24,24.950000762939453,24.969999313354492,24.68000030517578,24.84000015258789,64400,0.0,0.0,0.0
2023-03-27,24.809999465942383,25.06999969482422,24.670000076293945,24.979999542236328,92500,0.0,0.0,0.0
2023-03-28,24.90999984741211,25.06999969482422,24.81999969482422,24.8700008392334,43000,0.0,0.0,0.0
2023-03-29,25.010000228881836,25.149999618530273,24.8700008392334,24.920000076293945,26200,0.0,0.0,0.0
2023-03-30,25.110000610351562,25.139999389648438,24.84000015258789,25.1200008392334,29800,0.0,0.0,0.0
2023-03-31,24.90999984741211,25.09000015258789,24.90999984741211,24.940000534057617,25800,0.0,0.0,0.0
2023-04-03,24.940000534057617,25.0,24.690000534057617,24.770000457763672,67600,0.0,0.0,0.0
2023-04-04,24.579999923706055,24.600000381469727,24.100000381469727,24.290000915527344,57200,0.0,0.0,0.0
2023-04-05,24.290000915527344,24.420000076293945,24.200000762939453,24.40999984741211,62900,0.0,0.0,0.0
2023-04-06,24.520000457763672,24.649999618530273,24.290000915527344,24.579999923706055,35500,0.0,0.0,0.0
2023-04-10,24.329999923706055,24.450000762939453,24.260000228881836,24.389999389648438,25900,0.0,0.0,0.0
2023-04-11,24.540000915527344,24.790000915527344,24.5,24.68000030517578,27500,0.0,0.0,0.0
2023-04-12,24.6200008392334,24.989999771118164,24.600000381469727,24.90999984741211,61900,0.0,0.0,0.0
2023-04-13,25.110000610351562,25.31999969482422,25.110000610351562,25.25,111900,0.0,0.0,0.0
2023-04-14,25.5,25.600000381469727,25.010000228881836,25.139999389648438,101600,0.0,0.0,0.0
2023-04-17,25.149999618530273,25.149999618530273,24.84000015258789,24.940000534057617,36000,0.0,0.0,0.0
2023-04-18,25.0,25.1200008392334,24.860000610351562,25.049999237060547,34800,0.0,0.0,0.0
2023-04-19,25.020000457763672,25.020000457763672,24.770000457763672,24.889999389648438,35700,0.0,0.0,0.0
2023-04-20,24.670000076293945,24.8799991607666,24.5,24.610000610351562,50000,0.0,0.0,0.0
2023-04-21,24.530000686645508,24.530000686645508,24.299999237060547,24.43000030517578,290800,0.0,0.0,0.0
2023-04-24,24.459999084472656,24.459999084472656,24.25,24.350000381469727,52300,0.0,0.0,0.0
2023-04-25,23.690000534057617,23.760000228881836,23.59000015258789,23.65999984741211,301500,0.0,0.0,0.0
2023-04-26,23.739999771118164,23.75,23.600000381469727,23.610000610351562,39700,0.0,0.0,0.0
2023-04-27,23.6200008392334,23.8799991607666,23.420000076293945,23.829999923706055,36900,0.0,0.0,0.0
2023-04-28,24.0,24.0,23.65999984741211,23.850000381469727,22600,0.0,0.0,0.0
2023-05-01,24.0,24.479999542236328,24.0,24.1200008392334,68700,0.0,0.0,0.0
2023-05-02,23.700000762939453,23.84000015258789,23.6200008392334,23.709999084472656,65600,0.0,0.0,0.0
2023-05-03,23.56999969482422,23.690000534057617,23.520000457763672,23.579999923706055,49000,0.0,0.0,0.0
2023-05-04,23.5,23.75,23.5,23.649999618530273,25300,0.0,0.0,0.0
2023-05-05,23.940000534057617,23.940000534057617,23.770000457763672,23.90999984741211,19900,0.0,0.0,0.0
2023-05-08,24.100000381469727,24.170000076293945,24.020000457763672,24.09000015258789,40700,0.0,0.0,0.0
2023-05-09,23.780000686645508,24.030000686645508,23.780000686645508,24.030000686645508,60500,0.0,0.0,0.0
2023-05-10,23.65999984741211,23.729999542236328,23.510000228881836,23.6299991607666,53800,0.0,0.0,0.0
2023-05-11,23.030000686645508,23.030000686645508,22.65999984741211,22.75,112800,0.0,0.0,0.0
2023-05-12,22.75,23.040000915527344,22.75,22.899999618530273,61500,0.0,0.0,0.0
2023-05-15,23.0,23.110000610351562,22.93000030517578,23.0,54500,0.0,0.0,0.0
2023-05-16,22.6200008392334,22.760000228881836,22.5,22.5,59200,0.0,0.0,0.0
2023-05-17,23.100000381469727,23.18000030517578,22.989999771118164,23.059999465942383,63600,0.0,0.0,0.0
2023-05-18,22.75,22.770000457763672,22.639999389648438,22.760000228881836,33000,0.0,0.0,0.0
2023-05-19,22.93000030517578,23.040000915527344,22.860000610351562,22.93000030517578,28700,0.0,0.0,0.0
2023-05-22,22.639999389648438,22.809999465942383,22.600000381469727,22.649999618530273,25400,0.0,0.0,0.0
2023-05-23,22.489999771118164,22.549999237060547,22.309999465942383,22.399999618530273,142400,0.0,0.0,0.0
2023-05-24,22.25,22.309999465942383,21.8799991607666,21.940000534057617,82600,0.0,0.0,0.0
2023-05-25,22.049999237060547,22.280000686645508,22.0,22.15999984741211,25800,0.0,0.0,0.0
2023-05-26,22.469999313354492,22.68000030517578,22.469999313354492,22.610000610351562,26400,0.0,0.0,0.0
2023-05-30,22.549999237060547,22.600000381469727,22.420000076293945,22.559999465942383,29400,0.0,0.0,0.0
2023-05-31,22.540000915527344,22.639999389648438,22.329999923706055,22.6200008392334,89000,0.0,0.0,0.0
2023-06-01,22.75,22.959999084472656,22.719999313354492,22.84000015258789,38800,0.0,0.0,0.0
2023-06-02,23.139999389648438,23.139999389648438,22.8700008392334,22.979999542236328,70600,0.0,0.0,0.0
2023-06-05,23.0,23.34000015258789,22.920000076293945,23.149999618530273,47500,0.0,0.0,0.0
2023-06-06,23.15999984741211,23.25,22.979999542236328,23.170000076293945,30200,0.0,0.0,0.0
2023-06-07,23.270000457763672,23.40999984741211,23.059999465942383,23.1299991607666,32100,0.0,0.0,0.0
2023-06-08,23.239999771118164,23.350000381469727,23.170000076293945,23.299999237060547,34500,0.0,0.0,0.0
2023-06-09,23.309999465942383,23.579999923706055,23.200000762939453,23.280000686645508,50400,0.0,0.0,0.0
2023-06-12,23.149999618530273,23.229999542236328,23.049999237060547,23.1299991607666,83200,0.0,0.0,0.0
2023-06-13,23.530000686645508,23.670000076293945,23.479999542236328,23.559999465942383,107200,0.0,0.0,0.0
2023-06-14,23.639999389648438,23.860000610351562,23.610000610351562,23.690000534057617,52800,0.0,0.0,0.0
2023-06-15,23.860000610351562,24.0,23.829999923706055,23.969999313354492,56700,0.0,0.0,0.0
2023-06-16,24.030000686645508,24.079999923706055,23.860000610351562,23.8700008392334,109300,0.0,0.0,0.0
2023-06-20,23.90999984741211,23.979999542236328,23.780000686645508,23.950000762939453,47200,0.0,0.0,0.0
2023-06-21,23.860000610351562,24.1200008392334,23.860000610351562,23.969999313354492,39700,0.0,0.0,0.0
2023-06-22,24.15999984741211,24.200000762939453,23.90999984741211,24.0,43400,0.0,0.0,0.0
2023-06-23,23.43000030517578,23.549999237060547,23.350000381469727,23.540000915527344,83000,0.0,0.0,0.0
2023-06-26,23.450000762939453,23.520000457763672,23.270000457763672,23.3799991607666,66600,0.0,0.0,0.0
2023-06-27,23.399999618530273,23.469999313354492,23.299999237060547,23.3700008392334,24400,0.0,0.0,0.0
2023-06-28,23.030000686645508,23.100000381469727,22.889999389648438,22.93000030517578,81600,0.0,0.0,0.0
2023-06-29,22.739999771118164,22.889999389648438,22.68000030517578,22.75,58400,0.0,0.0,0.0
2023-06-30,23.049999237060547,23.229999542236328,23.030000686645508,23.200000762939453,87100,0.0,0.0,0.0
2023-07-03,23.329999923706055,23.440000534057617,23.260000228881836,23.34000015258789,34500,0.0,0.0,0.0
2023-07-05,23.229999542236328,23.329999923706055,23.170000076293945,23.170000076293945,26900,0.0,0.0,0.0
2023-07-06,23.100000381469727,23.15999984741211,22.950000762939453,23.110000610351562,18800,0.0,0.0,0.0
2023-07-07,23.100000381469727,23.350000381469727,23.100000381469727,23.309999465942383,20300,0.0,0.0,0.0
2023-07-10,23.229999542236328,23.43000030517578,23.229999542236328,23.40999984741211,47700,0.0,0.0,0.0
2023-07-11,23.440000534057617,23.440000534057617,23.139999389648438,23.260000228881836,43800,0.0,0.0,0.0
2023-07-12,23.600000381469727,23.799999237060547,23.579999923706055,23.770000457763672,50000,0.0,0.0,0.0
2023-07-13,24.020000457763672,24.399999618530273,24.010000228881836,24.360000610351562,241000,0.0,0.0,0.0
2023-07-14,24.360000610351562,24.3700008392334,24.200000762939453,24.200000762939453,195200,0.0,0.0,0.0
2023-07-17,23.690000534057617,23.75,23.559999465942383,23.709999084472656,88100,0.0,0.0,0.0
2023-07-18,23.549999237060547,23.690000534057617,23.520000457763672,23.649999618530273,153100,0.0,0.0,0.0
2023-07-19,23.479999542236328,23.600000381469727,23.420000076293945,23.549999237060547,44500,0.0,0.0,0.0
2023-07-20,23.889999389648438,23.950000762939453,23.6299991607666,23.649999618530273,28200,0.0,0.0,0.0
2023-07-21,23.649999618530273,23.649999618530273,23.520000457763672,23.559999465942383,39000,0.0,0.0,0.0
2023-07-24,23.59000015258789,23.850000381469727,23.549999237060547,23.760000228881836,82100,0.0,0.0,0.0
2023-07-25,24.350000381469727,24.3799991607666,24.170000076293945,24.270000457763672,252200,0.0,0.0,0.0
2023-07-26,24.34000015258789,24.34000015258789,24.020000457763672,24.170000076293945,70400,0.0,0.0,0.0
2023-07-27,24.020000457763672,24.020000457763672,23.719999313354492,23.760000228881836,30700,0.0,0.0,0.0
2023-07-28,24.1200008392334,24.329999923706055,24.079999923706055,24.329999923706055,34100,0.0,0.0,0.0
2023-07-31,24.5,24.889999389648438,24.459999084472656,24.81999969482422,397100,0.0,0.0,0.0
2023-08-01,24.389999389648438,24.440000534057617,24.170000076293945,24.200000762939453,196700,0.0,0.0,0.0
2023-08-02,23.889999389648438,23.959999084472656,23.670000076293945,23.760000228881836,373400,0.0,0.0,0.0
2023-08-03,23.829999923706055,24.15999984741211,23.829999923706055,24.100000381469727,31400,0.0,0.0,0.0
2023-08-04,23.860000610351562,24.030000686645508,23.780000686645508,23.889999389648438,350300,0.0,0.0,0.0
2023-08-07,23.940000534057617,23.950000762939453,23.690000534057617,23.790000915527344,18900,0.0,0.0,0.0
2023-08-08,23.280000686645508,23.43000030517578,23.200000762939453,23.3799991607666,58600,0.0,0.0,0.0
2023-08-09,23.469999313354492,23.600000381469727,23.420000076293945,23.450000762939453,222300,0.0,0.0,0.0
2023-08-10,23.520000457763672,23.56999969482422,23.239999771118164,23.270000457763672,25900,0.0,0.0,0.0
2023-08-11,23.059999465942383,23.170000076293945,23.010000228881836,23.079999923706055,68100,0.0,0.0,0.0
2023-08-14,22.989999771118164,23.149999618530273,22.920000076293945,23.079999923706055,30700,0.0,0.0,0.0
2023-08-15,22.829999923706055,22.860000610351562,22.709999084472656,22.709999084472656,85900,0.0,0.0,0.0
2023-08-16,22.690000534057617,22.84000015258789,22.6200008392334,22.649999618530273,174700,0.0,0.0,0.0
2023-08-17,22.979999542236328,22.979999542236328,22.799999237060547,22.850000381469727,70600,0.0,0.0,0.0
2023-08-18,22.8799991607666,23.0,22.8799991607666,22.979999542236328,32200,0.0,0.0,0.0
2023-08-21,23.030000686645508,23.100000381469727,22.979999542236328,23.100000381469727,45800,0.0,0.0,0.0
2023-08-22,23.280000686645508,23.329999923706055,23.18000030517578,23.309999465942383,226200,0.0,0.0,0.0
2023-08-23,23.34000015258789,23.600000381469727,23.34000015258789,23.540000915527344,66800,0.0,0.0,0.0
2023-08-24,23.329999923706055,23.399999618530273,23.25,23.270000457763672,30600,0.0,0.0,0.0
2023-08-25,23.290000915527344,23.350000381469727,23.170000076293945,23.239999771118164,98600,0.0,0.0,0.0
2023-08-28,23.329999923706055,23.420000076293945,23.260000228881836,23.399999618530273,25800,0.0,0.0,0.0
2023-08-29,23.31999969482422,23.690000534057617,23.31999969482422,23.649999618530273,31800,0.0,0.0,0.0
2023-08-30,23.65999984741211,23.690000534057617,23.6299991607666,23.649999618530273,26400,0.0,0.0,0.0
2023-08-31,23.510000228881836,23.59000015258789,23.459999084472656,23.540000915527344,266900,0.0,0.0,0.0
2023-09-01,23.93000030517578,23.989999771118164,23.6299991607666,23.709999084472656,35200,0.0,0.0,0.0
2023-09-05,23.579999923706055,23.700000762939453,23.579999923706055,23.6200008392334,230700,0.0,0.0,0.0
2023-09-06,23.479999542236328,23.559999465942383,23.299999237060547,23.34000015258789,75000,0.0,0.0,0.0
2023-09-07,23.149999618530273,23.229999542236328,23.059999465942383,23.209999084472656,214500,0.0,0.0,0.0
2023-09-08,22.8799991607666,22.989999771118164,22.84000015258789,22.8700008392334,68500,0.0,0.0,0.0
2023-09-11,23.399999618530273,23.469999313354492,23.350000381469727,23.43000030517578,38800,0.0,0.0,0.0
2023-09-12,23.299999237060547,23.420000076293945,23.239999771118164,23.3700008392334,24100,0.0,0.0,0.0
2023-09-13,23.479999542236328,23.540000915527344,23.309999465942383,23.350000381469727,53000,0.0,0.0,0.0
2023-09-14,23.40999984741211,23.579999923706055,23.360000610351562,23.530000686645508,28000,0.0,0.0,0.0
2023-09-15,23.520000457763672,23.520000457763672,23.3799991607666,23.440000534057617,29700,0.0,0.0,0.0
2023-09-18,23.389999389648438,23.389999389648438,23.260000228881836,23.329999923706055,40600,0.0,0.0,0.0
2023-09-19,23.100000381469727,23.190000534057617,23.059999465942383,23.1299991607666,89300,0.0,0.0,0.0
2023-09-20,23.209999084472656,23.350000381469727,23.030000686645508,23.040000915527344,44600,0.0,0.0,0.0
2023-09-21,22.780000686645508,22.920000076293945,22.709999084472656,22.829999923706055,34500,0.0,0.0,0.0
2023-09-22,22.989999771118164,22.989999771118164,22.790000915527344,22.84000015258789,108600,0.0,0.0,0.0
2023-09-25,22.709999084472656,22.760000228881836,22.639999389648438,22.729999542236328,76700,0.0,0.0,0.0
2023-09-26,22.68000030517578,22.68000030517578,22.5,22.540000915527344,34700,0.0,0.0,0.0
2023-09-27,22.459999084472656,22.579999923706055,22.420000076293945,22.5,23400,0.0,0.0,0.0
2023-09-28,22.84000015258789,22.940000534057617,22.809999465942383,22.90999984741211,35200,0.0,0.0,0.0
2023-09-29,23.209999084472656,23.25,23.0,23.020000457763672,140400,0.0,0.0,0.0
2023-10-02,22.700000762939453,22.700000762939453,22.440000534057617,22.530000686645508,54200,0.0,0.0,0.0
2023-10-03,22.350000381469727,22.479999542236328,22.299999237060547,22.399999618530273,27600,0.0,0.0,0.0
2023-10-04,22.260000228881836,22.290000915527344,22.0,22.190000534057617,52400,0.0,0.0,0.0
2023-10-05,22.1200008392334,22.1200008392334,21.950000762939453,22.059999465942383,63300,0.0,0.0,0.0
2023-10-06,22.459999084472656,22.530000686645508,22.270000457763672,22.450000762939453,30500,0.0,0.0,0.0
2023-10-09,22.549999237060547,22.700000762939453,22.549999237060547,22.670000076293945,35800,0.0,0.0,0.0
2023-10-10,22.329999923706055,22.5,22.329999923706055,22.440000534057617,17400,0.0,0.0,0.0
2023-10-11,22.469999313354492,22.549999237060547,22.309999465942383,22.34000015258789,27300,0.0,0.0,0.0
2023-10-12,22.3700008392334,22.3700008392334,22.149999618530273,22.229999542236328,13200,0.0,0.0,0.0
2023-10-13,22.15999984741211,22.190000534057617,22.100000381469727,22.139999389648438,10700,0.0,0.0,0.0
2023-10-16,22.18000030517578,22.260000228881836,22.149999618530273,22.190000534057617,318600,0.0,0.0,0.0
2023-10-17,22.010000228881836,22.290000915527344,22.010000228881836,22.200000762939453,55000,0.0,0.0,0.0
2023-10-18,22.34000015258789,22.40999984741211,22.219999313354492,22.219999313354492,11700,0.0,0.0,0.0
2023-10-19,22.280000686645508,22.399999618530273,22.170000076293945,22.329999923706055,156500,0.0,0.0,0.0
2023-10-20,22.1200008392334,22.290000915527344,22.06999969482422,22.079999923706055,30200,0.0,0.0,0.0
2023-10-23,22.15999984741211,22.31999969482422,22.020000457763672,22.290000915527344,18000,0.0,0.0,0.0
2023-10-24,22.399999618530273,22.600000381469727,22.309999465942383,22.59000015258789,116800,0.0,0.0,0.0
2023-10-25,22.3700008392334,22.450000762939453,22.260000228881836,22.31999969482422,39400,0.0,0.0,0.0
2023-10-26,22.239999771118164,22.43000030517578,22.239999771118164,22.3700008392334,14100,0.0,0.0,0.0
2023-10-27,22.59000015258789,22.719999313354492,22.59000015258789,22.65999984741211,25700,0.0,0.0,0.0
2023-10-30,22.760000228881836,22.899999618530273,22.690000534057617,22.760000228881836,28000,0.0,0.0,0.0
2023-10-31,22.610000610351562,22.709999084472656,22.56999969482422,22.700000762939453,7800,0.0,0.0,0.0
2023-11-01,22.760000228881836,22.940000534057617,22.639999389648438,22.799999237060547,15200,0.0,0.0,0.0
2023-11-02,22.81999969482422,22.950000762939453,22.770000457763672,22.950000762939453,262300,0.0,0.0,0.0
2023-11-03,22.8799991607666,23.0,22.84000015258789,22.850000381469727,24700,0.0,0.0,0.0
2023-11-06,23.1200008392334,23.18000030517578,23.030000686645508,23.139999389648438,29000,0.0,0.0,0.0
2023-11-07,22.8799991607666,22.959999084472656,22.75,22.950000762939453,28300,0.0,0.0,0.0
2023-11-08,22.8700008392334,22.8700008392334,22.649999618530273,22.649999618530273,16200,0.0,0.0,0.0
2023-11-09,22.729999542236328,22.829999923706055,22.600000381469727,22.6299991607666,13900,0.0,0.0,0.0
2023-11-10,22.510000228881836,22.510000228881836,22.3799991607666,22.450000762939453,31000,0.0,0.0,0.0
2023-11-13,22.649999618530273,22.889999389648438,22.649999618530273,22.829999923706055,31800,0.0,0.0,0.0
2023-11-14,23.020000457763672,23.149999618530273,22.90999984741211,22.940000534057617,34400,0.0,0.0,0.0
2023-11-15,23.049999237060547,23.200000762939453,23.030000686645508,23.1299991607666,23800,0.0,0.0,0.0
2023-11-16,23.1299991607666,23.149999618530273,22.93000030517578,23.0,49500,0.0,0.0,0.0
2023-11-17,23.09000015258789,23.299999237060547,23.079999923706055,23.290000915527344,37800,0.0,0.0,0.0
2023-11-20,23.31999969482422,23.700000762939453,23.31999969482422,23.690000534057617,38600,0.0,0.0,0.0
2023-11-21,23.719999313354492,23.809999465942383,23.649999618530273,23.729999542236328,103600,0.0,0.0,0.0
2023-11-22,23.43000030517578,23.559999465942383,23.3700008392334,23.549999237060547,79600,0.0,0.0,0.0
2023-11-24,23.510000228881836,23.729999542236328,23.459999084472656,23.729999542236328,16300,0.0,0.0,0.0
2023-11-27,23.549999237060547,23.56999969482422,23.450000762939453,23.530000686645508,44200,0.0,0.0,0.0
2023-11-28,23.739999771118164,23.860000610351562,23.65999984741211,23.799999237060547,31100,0.0,0.0,0.0
2023-11-29,23.899999618530273,23.899999618530273,23.600000381469727,23.700000762939453,24000,0.0,0.0,0.0
2023-11-30,23.3799991607666,23.850000381469727,23.3799991607666,23.799999237060547,38100,0.0,0.0,0.0
2023-12-01,24.049999237060547,24.299999237060547,23.959999084472656,24.239999771118164,130100,0.0,0.0,0.0
2023-12-04,23.8799991607666,23.940000534057617,23.68000030517578,23.690000534057617,74100,0.0,0.0,0.0
2023-12-05,23.510000228881836,23.530000686645508,23.329999923706055,23.399999618530273,49500,0.0,0.0,0.0
2023-12-06,23.5,23.520000457763672,23.06999969482422,23.079999923706055,33000,0.0,0.0,0.0
2023-12-07,23.43000030517578,23.5,23.270000457763672,23.459999084472656,114800,0.0,0.0,0.0
2023-12-08,23.65999984741211,23.8700008392334,23.65999984741211,23.729999542236328,28200,0.0,0.0,0.0
2023-12-11,23.559999465942383,23.559999465942383,23.360000610351562,23.420000076293945,168800,0.0,0.0,0.0
2023-12-12,23.440000534057617,23.489999771118164,23.280000686645508,23.43000030517578,24000,0.0,0.0,0.0
2023-12-13,23.3700008392334,23.709999084472656,23.31999969482422,23.700000762939453,39100,0.0,0.0,0.0
2023-12-14,24.079999923706055,24.15999984741211,23.90999984741211,23.969999313354492,413700,0.0,0.0,0.0
2023-12-15,23.889999389648438,24.100000381469727,23.889999389648438,23.950000762939453,66400,0.0,0.0,0.0
2023-12-18,23.950000762939453,23.979999542236328,23.760000228881836,23.84000015258789,73200,0.0,0.0,0.0
2023-12-19,24.139999389648438,24.290000915527344,24.059999465942383,24.18000030517578,99600,0.0,0.0,0.0
2023-12-20,24.15999984741211,24.260000228881836,23.940000534057617,23.959999084472656,55700,0.0,0.0,0.0
2023-12-21,24.15999984741211,24.25,24.110000610351562,24.25,21400,0.0,0.0,0.0
2023-12-22,24.25,24.329999923706055,24.040000915527344,24.09000015258789,332700,0.0,0.0,0.0
2023-12-26,24.420000076293945,24.440000534057617,24.149999618530273,24.190000534057617,23400,0.0,0.0,0.0
2023-12-27,24.25,24.579999923706055,24.25,24.530000686645508,33200,0.0,0.0,0.0
2023-12-28,24.34000015258789,24.399999618530273,24.209999084472656,24.209999084472656,36200,0.0,0.0,0.0
2023-12-29,24.139999389648438,24.18000030517578,24.040000915527344,24.139999389648438,55900,0.0,0.0,0.0
2024-01-02,23.989999771118164,24.149999618530273,23.920000076293945,23.950000762939453,30700,0.0,0.0,0.0
2024-01-03,23.739999771118164,24.059999465942383,23.719999313354492,23.959999084472656,261000,0.0,0.0,0.0
2024-01-04,23.690000534057617,23.899999618530273,23.690000534057617,23.899999618530273,177700,0.0,0.0,0.0
2024-01-05,23.899999618530273,23.989999771118164,23.600000381469727,23.649999618530273,66000,0.0,0.0,0.0
2024-01-08,23.6299991607666,23.780000686645508,23.56999969482422,23.75,69200,0.0,0.0,0.0
2024-01-09,23.549999237060547,23.579999923706055,23.329999923706055,23.34000015258789,28800,0.0,0.0,0.0
2024-01-10,23.549999237060547,23.559999465942383,23.389999389648438,23.549999237060547,89900,0.0,0.0,0.0
2024-01-11,23.56999969482422,23.579999923706055,23.43000030517578,23.520000457763672,17400,0.0,0.0,0.0
2024-01-12,23.489999771118164,23.610000610351562,23.229999542236328,23.25,32400,0.0,0.0,0.0
2024-01-16,23.459999084472656,23.459999084472656,23.3799991607666,23.399999618530273,88600,0.0,0.0,0.0
2024-01-17,23.290000915527344,23.31999969482422,23.15999984741211,23.260000228881836,31300,0.0,0.0,0.0
2024-01-18,23.18000030517578,23.40999984741211,23.100000381469727,23.40999984741211,28700,0.0,0.0,0.0
2024-01-19,23.489999771118164,23.6200008392334,23.350000381469727,23.610000610351562,48200,0.0,0.0,0.0
2024-01-22,23.40999984741211,23.5,23.309999465942383,23.309999465942383,25300,0.0,0.0,0.0
2024-01-23,23.56999969482422,23.709999084472656,23.56999969482422,23.700000762939453,32300,0.0,0.0,0.0
2024-01-24,24.139999389648438,24.200000762939453,24.030000686645508,24.100000381469727,301600,0.0,0.0,0.0
2024-01-25,24.110000610351562,24.200000762939453,24.049999237060547,24.059999465942383,33600,0.0,0.0,0.0
2024-01-26,24.040000915527344,24.200000762939453,23.969999313354492,24.020000457763672,31500,0.0,0.0,0.0
2024-01-29,24.020000457763672,24.25,24.0,24.139999389648438,25500,0.0,0.0,0.0
2024-01-30,24.170000076293945,24.3700008392334,24.09000015258789,24.3700008392334,35900,0.0,0.0,0.0
2024-01-31,24.469999313354492,24.5,24.15999984741211,24.190000534057617,22900,0.0,0.0,0.0
2024-02-01,23.899999618530273,24.110000610351562,23.84000015258789,23.950000762939453,271700,0.0,0.0,0.0
2024-02-02,23.799999237060547,23.920000076293945,23.760000228881836,23.790000915527344,18900,0.0,0.0,0.0
2024-02-05,23.520000457763672,23.579999923706055,23.459999084472656,23.5,216800,0.0,0.0,0.0
2024-02-06,23.59000015258789,23.670000076293945,23.530000686645508,23.579999923706055,17000,0.0,0.0,0.0
2024-02-07,23.450000762939453,23.510000228881836,23.270000457763672,23.290000915527344,36400,0.0,0.0,0.0
2024-02-08,23.020000457763672,23.15999984741211,22.950000762939453,23.100000381469727,40000,0.0,0.0,0.0
2024-02-09,22.90999984741211,23.0,22.809999465942383,22.950000762939453,39800,0.0,0.0,0.0
2024-02-12,23.020000457763672,23.219999313354492,23.0,23.170000076293945,28400,0.0,0.0,0.0
2024-02-13,23.280000686645508,23.350000381469727,23.040000915527344,23.06999969482422,43300,0.0,0.0,0.0
2024-02-14,23.15999984741211,23.239999771118164,23.020000457763672,23.030000686645508,38200,0.0,0.0,0.0
2024-02-15,23.309999465942383,23.450000762939453,23.260000228881836,23.3799991607666,54800,0.0,0.0,0.0
2024-02-16,23.760000228881836,23.889999389648438,23.729999542236328,23.84000015258789,67100,0.0,0.0,0.0
2024-02-20,23.93000030517578,24.09000015258789,23.860000610351562,24.040000915527344,432700,0.0,0.0,0.0
2024-02-21,24.229999542236328,24.270000457763672,24.049999237060547,24.139999389648438,16100,0.0,0.0,0.0
2024-02-22,24.110000610351562,24.329999923706055,24.100000381469727,24.309999465942383,37900,0.0,0.0,0.0
2024-02-23,24.100000381469727,24.25,24.010000228881836,24.1299991607666,16200,0.0,0.0,0.0
2024-02-26,23.860000610351562,23.959999084472656,23.780000686645508,23.81999969482422,132700,0.0,0.0,0.0
2024-02-27,24.010000228881836,24.030000686645508,23.84000015258789,23.979999542236328,187800,0.0,0.0,0.0
2024-02-28,23.860000610351562,23.889999389648438,23.760000228881836,23.8700008392334,155900,0.0,0.0,0.0
2024-02-29,23.989999771118164,24.049999237060547,23.8799991607666,23.889999389648438,150900,0.0,0.0,0.0
2024-03-01,23.8799991607666,24.06999969482422,23.809999465942383,24.010000228881836,79300,0.0,0.0,0.0
2024-03-04,24.040000915527344,24.1200008392334,23.969999313354492,24.020000457763672,49600,0.0,0.0,0.0
2024-03-05,24.0,24.059999465942383,23.90999984741211,23.93000030517578,53300,0.0,0.0,0.0
2024-03-06,24.059999465942383,24.25,24.030000686645508,24.06999969482422,40500,0.0,0.0,0.0
2024-03-07,24.360000610351562,24.489999771118164,24.350000381469727,24.450000762939453,78800,0.0,0.0,0.0
2024-03-08,24.270000457763672,24.299999237060547,24.170000076293945,24.25,313300,0.0,0.0,0.0
2024-03-11,24.3700008392334,24.5,24.329999923706055,24.489999771118164,69800,0.0,0.0,0.0
2024-03-12,24.5,24.530000686645508,24.299999237060547,24.510000228881836,54200,0.0,0.0,0.0
2024-03-13,24.889999389648438,25.31999969482422,24.889999389648438,25.260000228881836,515000,0.0,0.0,0.0
2024-03-14,25.25,25.280000686645508,25.06999969482422,25.209999084472656,319400,0.0,0.0,0.0
2024-03-15,25.520000457763672,25.780000686645508,25.440000534057617,25.709999084472656,377100,0.0,0.0,0.0
2024-03-18,25.90999984741211,25.940000534057617,25.700000762939453,25.760000228881836,113800,0.0,0.0,0.0
2024-03-19,25.43000030517578,25.489999771118164,25.309999465942383,25.31999969482422,292900,0.0,0.0,0.0
2024-03-20,25.239999771118164,25.559999465942383,25.239999771118164,25.530000686645508,120700,0.0,0.0,0.0
2024-03-21,25.420000076293945,25.43000030517578,25.25,25.399999618530273,344700,0.0,0.0,0.0
2024-03-22,25.110000610351562,25.18000030517578,24.979999542236328,24.979999542236328,300900,0.0,0.0,0.0
2024-03-25,25.0,25.200000762939453,25.0,25.1299991607666,272200,0.0,0.0,0.0
2024-03-26,25.100000381469727,25.100000381469727,24.950000762939453,25.020000457763672,70700,0.0,0.0,0.0
2024-03-27,24.860000610351562,25.110000610351562,24.790000915527344,25.049999237060547,72300,0.0,0.0,0.0
2024-03-28,25.010000228881836,25.1200008392334,24.920000076293945,25.1200008392334,144900,0.0,0.0,0.0
2024-04-01,25.489999771118164,25.489999771118164,25.309999465942383,25.389999389648438,138400,0.0,0.0,0.0
2024-04-02,25.610000610351562,25.6299991607666,25.420000076293945,25.530000686645508,107800,0.0,0.0,0.0
2024-04-03,25.81999969482422,26.389999389648438,25.81999969482422,26.350000381469727,309800,0.0,0.0,0.0
2024-04-04,26.40999984741211,26.579999923706055,26.25,26.260000228881836,136400,0.0,0.0,0.0
2024-04-05,26.360000610351562,26.56999969482422,26.309999465942383,26.540000915527344,86600,0.0,0.0,0.0
2024-04-08,26.81999969482422,26.90999984741211,26.5,26.8799991607666,121200,0.0,0.0,0.0
2024-04-09,27.040000915527344,27.049999237060547,26.649999618530273,26.8799991607666,120600,0.0,0.0,0.0
2024-04-10,26.700000762939453,26.8700008392334,26.530000686645508,26.739999771118164,161200,0.0,0.0,0.0
2024-04-11,26.700000762939453,26.75,26.459999084472656,26.670000076293945,134300,0.0,0.0,0.0
2024-04-12,27.229999542236328,27.229999542236328,26.649999618530273,26.709999084472656,122100,0.0,0.0,0.0
2024-04-15,27.209999084472656,27.450000762939453,26.950000762939453,27.350000381469727,183900,0.0,0.0,0.0
2024-04-16,27.010000228881836,27.040000915527344,26.709999084472656,26.90999984741211,337000,0.0,0.0,0.0
2024-04-17,27.34000015258789,27.43000030517578,27.100000381469727,27.190000534057617,100500,0.0,0.0,0.0
2024-04-18,27.549999237060547,27.8700008392334,27.43000030517578,27.780000686645508,320500,0.0,0.0,0.0
2024-04-19,28.020000457763672,28.280000686645508,28.0,28.100000381469727,248600,0.0,0.0,0.0
2024-04-22,28.040000915527344,28.149999618530273,27.920000076293945,28.110000610351562,216400,0.0,0.0,0.0
2024-04-23,27.610000610351562,27.780000686645508,27.5,27.670000076293945,471600,0.0,0.0,0.0
2024-04-24,27.8700008392334,28.09000015258789,27.860000610351562,27.93000030517578,125400,0.0,0.0,0.0
2024-04-25,28.31999969482422,28.40999984741211,28.170000076293945,28.3700008392334,186200,0.0,0.0,0.0
2024-04-26,28.549999237060547,28.649999618530273,28.290000915527344,28.549999237060547,187300,0.0,0.0,0.0
2024-04-29,28.860000610351562,29.139999389648438,28.729999542236328,29.09000015258789,288700,0.0,0.0,0.0
2024-04-30,28.5,28.59000015258789,28.309999465942383,28.309999465942383,295200,0.0,0.0,0.0
2024-05-01,28.209999084472656,28.6200008392334,28.09000015258789,28.3799991607666,150200,0.0,0.0,0.0
2024-05-02,27.850000381469727,28.079999923706055,27.829999923706055,28.0,197300,0.0,0.0,0.0
2024-05-03,28.25,28.3799991607666,28.139999389648438,28.3700008392334,95200,0.0,0.0,0.0
2024-05-06,28.729999542236328,28.829999923706055,28.639999389648438,28.700000762939453,146200,0.0,0.0,0.0
2024-05-07,28.6200008392334,28.739999771118164,28.530000686645508,28.610000610351562,129800,0.0,0.0,0.0
2024-05-08,28.25,28.389999389648438,28.149999618530273,28.34000015258789,161600,0.0,0.0,0.0
2024-05-09,28.309999465942383,28.6200008392334,28.260000228881836,28.56999969482422,138800,0.0,0.0,0.0
2024-05-10,28.860000610351562,28.920000076293945,28.719999313354492,28.809999465942383,250300,0.0,0.0,0.0
2024-05-13,29.139999389648438,29.540000915527344,29.079999923706055,29.520000457763672,364100,0.0,0.0,0.0
2024-05-14,29.84000015258789,29.940000534057617,29.540000915527344,29.68000030517578,207800,0.0,0.0,0.0
2024-05-15,29.90999984741211,30.190000534057617,29.510000228881836,30.110000610351562,293600,0.0,0.0,0.0
2024-05-16,29.860000610351562,30.040000915527344,29.719999313354492,30.010000228881836,142400,0.0,0.0,0.0
2024-05-17,30.8799991607666,31.200000762939453,30.649999618530273,31.190000534057617,483600,0.0,0.0,0.0
2024-05-20,30.959999084472656,31.450000762939453,30.770000457763672,31.329999923706055,522200,0.0,0.0,0.0
2024-05-21,31.6299991607666,31.6299991607666,31.1299991607666,31.3799991607666,370400,0.0,0.0,0.0
2024-05-22,30.329999923706055,30.329999923706055,29.489999771118164,29.559999465942383,767600,0.0,0.0,0.0
2024-05-23,29.75,29.81999969482422,29.260000228881836,29.260000228881836,388900,0.0,0.0,0.0
2024-05-24,29.479999542236328,29.489999771118164,29.170000076293945,29.229999542236328,158900,0.0,0.0,0.0
2024-05-28,30.059999465942383,30.06999969482422,29.6299991607666,29.899999618530273,445400,0.0,0.0,0.0
2024-05-29,29.420000076293945,29.520000457763672,29.229999542236328,29.350000381469727,235300,0.0,0.0,0.0
2024-05-30,28.709999084472656,28.780000686645508,28.540000915527344,28.59000015258789,364200,0.0,0.0,0.0
2024-05-31,28.670000076293945,28.670000076293945,28.100000381469727,28.420000076293945,195800,0.0,0.0,0.0
2024-06-03,28.760000228881836,28.799999237060547,28.579999923706055,28.700000762939453,231800,0.0,0.0,0.0
2024-06-04,28.1200008392334,28.1200008392334,27.850000381469727,27.940000534057617,396900,0.0,0.0,0.0
2024-06-05,28.100000381469727,28.530000686645508,27.889999389648438,28.469999313354492,244600,0.0,0.0,0.0
2024-06-06,28.690000534057617,28.860000610351562,28.469999313354492,28.719999313354492,200500,0.0,0.0,0.0
2024-06-07,27.860000610351562,27.8700008392334,27.43000030517578,27.43000030517578,362700,0.0,0.0,0.0
2024-06-10,28.010000228881836,28.049999237060547,27.739999771118164,27.979999542236328,312300,0.0,0.0,0.0
2024-06-11,27.670000076293945,27.809999465942383,27.520000457763672,27.780000686645508,127700,0.0,0.0,0.0
2024-06-12,28.219999313354492,28.290000915527344,27.81999969482422,27.8799991607666,193000,0.0,0.0,0.0
2024-06-13,28.010000228881836,28.06999969482422,27.489999771118164,27.610000610351562,144900,0.0,0.0,0.0
2024-06-14,27.549999237060547,27.770000457763672,27.450000762939453,27.690000534057617,191300,0.0,0.0,0.0
2024-06-17,27.270000457763672,27.510000228881836,27.1299991607666,27.459999084472656,166600,0.0,0.0,0.0
2024-06-18,27.200000762939453,27.68000030517578,27.170000076293945,27.68000030517578,202400,0.0,0.0,0.0
2024-06-20,28.0,28.170000076293945,27.950000762939453,28.079999923706055,179300,0.0,0.0,0.0
2024-06-21,27.479999542236328,27.600000381469727,27.43000030517578,27.440000534057617,183100,0.0,0.0,0.0
2024-06-24,27.479999542236328,27.670000076293945,27.40999984741211,27.469999313354492,105400,0.0,0.0,0.0
2024-06-25,27.350000381469727,27.350000381469727,27.079999923706055,27.149999618530273,188800,0.0,0.0,0.0
2024-06-26,27.049999237060547,27.219999313354492,27.010000228881836,27.18000030517578,157700,0.0,0.0,0.0
2024-06-27,27.260000228881836,27.290000915527344,26.920000076293945,26.920000076293945,127200,0.0,0.0,0.0
2024-06-28,27.399999618530273,27.450000762939453,27.139999389648438,27.209999084472656,144900,0.0,0.0,0.0
2024-07-01,27.56999969482422,27.600000381469727,27.3700008392334,27.459999084472656,114300,0.0,0.0,0.0
2024-07-02,27.6299991607666,27.760000228881836,27.459999084472656,27.520000457763672,76900,0.0,0.0,0.0
2024-07-03,28.040000915527344,28.260000228881836,28.040000915527344,28.100000381469727,157300,0.0,0.0,0.0
2024-07-05,28.729999542236328,28.790000915527344,28.5,28.780000686645508,311200,0.0,0.0,0.0
2024-07-08,28.719999313354492,28.799999237060547,28.43000030517578,28.530000686645508,111200,0.0,0.0,0.0
2024-07-09,28.540000915527344,28.56999969482422,28.170000076293945,28.34000015258789,194100,0.0,0.0,0.0
2024-07-10,28.510000228881836,28.670000076293945,28.299999237060547,28.3799991607666,110500,0.0,0.0,0.0
2024-07-11,28.06999969482422,28.280000686645508,27.899999618530273,27.969999313354492,258500,0.0,0.0,0.0
2024-07-12,28.239999771118164,28.40999984741211,28.239999771118164,28.329999923706055,156300,0.0,0.0,0.0
2024-07-15,28.229999542236328,28.270000457763672,27.950000762939453,28.020000457763672,144900,0.0,0.0,0.0
2024-07-16,27.6200008392334,27.780000686645508,27.5,27.75,256400,0.0,0.0,0.0
2024-07-17,27.520000457763672,27.610000610351562,27.399999618530273,27.43000030517578,125600,0.0,0.0,0.0
2024-07-18,27.020000457763672,27.020000457763672,26.510000228881836,26.530000686645508,230000,0.0,0.0,0.0
2024-07-19,26.5,26.649999618530273,26.3799991607666,26.399999618530273,187700,0.0,0.0,0.0
2024-07-22,26.059999465942383,26.25,26.010000228881836,26.239999771118164,251900,0.0,0.0,0.0
2024-07-23,25.90999984741211,26.06999969482422,25.6200008392334,25.969999313354492,530300,0.0,0.0,0.0
2024-07-24,25.84000015258789,25.940000534057617,25.489999771118164,25.520000457763672,247700,0.0,0.0,0.0
2024-07-25,25.65999984741211,25.969999313354492,25.6299991607666,25.719999313354492,165500,0.0,0.0,0.0
2024-07-26,25.809999465942383,25.860000610351562,25.68000030517578,25.729999542236328,70800,0.0,0.0,0.0
2024-07-29,25.59000015258789,25.649999618530273,25.469999313354492,25.6200008392334,127800,0.0,0.0,0.0
2024-07-30,25.389999389648438,25.690000534057617,25.290000915527344,25.6200008392334,105600,0.0,0.0,0.0
2024-07-31,26.190000534057617,26.350000381469727,26.1200008392334,26.219999313354492,263700,0.0,0.0,0.0
2024-08-01,26.049999237060547,26.049999237060547,25.450000762939453,25.530000686645508,103500,0.0,0.0,0.0
2024-08-02,25.799999237060547,25.8700008392334,25.639999389648438,25.850000381469727,179400,0.0,0.0,0.0
2024-08-05,25.0,25.329999923706055,25.0,25.059999465942383,193800,0.0,0.0,0.0
2024-08-06,25.1299991607666,25.360000610351562,25.059999465942383,25.15999984741211,96600,0.0,0.0,0.0
2024-08-07,25.010000228881836,25.010000228881836,24.700000762939453,24.709999084472656,127100,0.0,0.0,0.0
2024-08-08,24.799999237060547,24.989999771118164,24.790000915527344,24.969999313354492,127700,0.0,0.0,0.0
2024-08-09,25.299999237060547,25.299999237060547,24.989999771118164,25.040000915527344,89000,0.0,0.0,0.0
2024-08-12,25.329999923706055,25.6200008392334,25.329999923706055,25.549999237060547,79000,0.0,0.0,0.0
2024-08-13,25.209999084472656,25.469999313354492,25.190000534057617,25.43000030517578,301400,0.0,0.0,0.0
2024-08-14,25.440000534057617,25.59000015258789,25.290000915527344,25.299999237060547,62800,0.0,0.0,0.0
2024-08-15,25.899999618530273,26.040000915527344,25.790000915527344,25.959999084472656,180200,0.0,0.0,0.0
2024-08-16,25.780000686645508,26.110000610351562,25.709999084472656,26.100000381469727,166700,0.0,0.0,0.0
2024-08-19,26.139999389648438,26.3700008392334,26.139999389648438,26.3700008392334,64100,0.0,0.0,0.0
2024-08-20,26.31999969482422,26.31999969482422,26.030000686645508,26.110000610351562,41800,0.0,0.0,0.0
2024-08-21,26.239999771118164,26.459999084472656,26.15999984741211,26.3799991607666,97400,0.0,0.0,0.0
2024-08-22,26.200000762939453,26.200000762939453,25.93000030517578,25.959999084472656,67800,0.0,0.0,0.0
2024-08-23,26.09000015258789,26.559999465942383,26.09000015258789,26.479999542236328,48000,0.0,0.0,0.0
2024-08-26,26.690000534057617,26.690000534057617,26.5,26.610000610351562,337600,0.0,0.0,0.0
2024-08-27,26.739999771118164,26.8799991607666,26.690000534057617,26.81999969482422,104600,0.0,0.0,0.0
2024-08-28,26.440000534057617,26.469999313354492,26.209999084472656,26.280000686645508,174400,0.0,0.0,0.0
2024-08-29,26.219999313354492,26.350000381469727,26.190000534057617,26.219999313354492,55600,0.0,0.0,0.0
2024-08-30,26.309999465942383,26.420000076293945,26.200000762939453,26.309999465942383,64600,0.0,0.0,0.0
2024-09-03,25.540000915527344,25.610000610351562,25.309999465942383,25.469999313354492,216900,0.0,0.0,0.0
2024-09-04,25.420000076293945,25.610000610351562,25.34000015258789,25.450000762939453,83800,0.0,0.0,0.0
2024-09-05,25.780000686645508,25.950000762939453,25.739999771118164,25.809999465942383,73700,0.0,0.0,0.0
2024-09-06,25.75,25.799999237060547,25.3700008392334,25.40999984741211,48900,0.0,0.0,0.0
2024-09-09,25.799999237060547,25.8700008392334,25.65999984741211,25.84000015258789,80200,0.0,0.0,0.0
2024-09-10,25.709999084472656,25.709999084472656,25.5,25.639999389648438,37500,0.0,0.0,0.0
2024-09-11,25.799999237060547,26.020000457763672,25.670000076293945,26.020000457763672,40700,0.0,0.0,0.0
2024-09-12,26.139999389648438,26.31999969482422,26.059999465942383,26.31999969482422,138400,0.0,0.0,0.0
2024-09-13,26.360000610351562,26.5,26.299999237060547,26.399999618530273,117100,0.0,0.0,0.0
2024-09-16,26.700000762939453,26.920000076293945,26.610000610351562,26.649999618530273,82500,0.0,0.0,0.0
2024-09-17,26.670000076293945,26.81999969482422,26.610000610351562,26.799999237060547,85800,0.0,0.0,0.0
2024-09-18,26.860000610351562,27.100000381469727,26.56999969482422,26.649999618530273,107600,0.0,0.0,0.0
2024-09-19,27.209999084472656,27.229999542236328,27.040000915527344,27.18000030517578,149300,0.0,0.0,0.0
2024-09-20,27.209999084472656,27.209999084472656,27.020000457763672,27.110000610351562,61600,0.0,0.0,0.0
2024-09-23,27.280000686645508,27.299999237060547,27.110000610351562,27.209999084472656,80200,0.0,0.0,0.0
2024-09-24,27.940000534057617,28.309999465942383,27.940000534057617,28.299999237060547,246900,0.0,0.0,0.0
2024-09-25,28.190000534057617,28.260000228881836,27.989999771118164,28.059999465942383,117000,0.0,0.0,0.0
2024-09-26,28.559999465942383,29.020000457763672,28.5,28.979999542236328,234300,0.0,0.0,0.0
2024-09-27,28.860000610351562,28.8799991607666,28.559999465942383,28.639999389648438,93400,0.0,0.0,0.0
2024-09-30,28.200000762939453,28.3799991607666,28.040000915527344,28.350000381469727,112400,0.0,0.0,0.0
2024-10-01,28.65999984741211,28.860000610351562,28.43000030517578,28.600000381469727,97700,0.0,0.0,0.0
2024-10-02,28.81999969482422,29.15999984741211,28.799999237060547,29.139999389648438,123600,0.0,0.0,0.0
2024-10-03,28.420000076293945,28.520000457763672,28.25,28.440000534057617,144700,0.0,0.0,0.0
2024-10-04,28.690000534057617,28.760000228881836,28.43000030517578,28.59000015258789,47200,0.0,0.0,0.0
2024-10-07,28.43000030517578,28.6299991607666,28.290000915527344,28.520000457763672,43200,0.0,0.0,0.0
2024-10-08,28.049999237060547,28.1200008392334,27.760000228881836,28.0,291300,0.0,0.0,0.0
2024-10-09,27.440000534057617,27.709999084472656,27.40999984741211,27.639999389648438,172600,0.0,0.0,0.0
2024-10-10,27.639999389648438,27.8700008392334,27.6200008392334,27.850000381469727,58300,0.0,0.0,0.0
2024-10-11,27.8700008392334,28.190000534057617,27.799999237060547,28.170000076293945,120100,0.0,0.0,0.0
2024-10-14,27.56999969482422,27.920000076293945,27.510000228881836,27.65999984741211,176800,0.0,0.0,0.0
2024-10-15,27.329999923706055,27.420000076293945,27.18000030517578,27.270000457763672,460000,0.0,0.0,0.0
2024-10-16,27.459999084472656,27.479999542236328,27.270000457763672,27.40999984741211,123000,0.0,0.0,0.0
2024-10-17,27.209999084472656,27.31999969482422,27.079999923706055,27.200000762939453,124100,0.0,0.0,0.0
2024-10-18,27.59000015258789,27.6200008392334,27.40999984741211,27.579999923706055,270000,0.0,0.0,0.0
2024-10-21,27.739999771118164,27.81999969482422,27.290000915527344,27.40999984741211,184000,0.0,0.0,0.0
2024-10-22,27.530000686645508,27.6200008392334,27.43000030517578,27.56999969482422,110400,0.0,0.0,0.0
2024-10-23,27.219999313354492,27.350000381469727,27.110000610351562,27.219999313354492,178500,0.0,0.0,0.0
2024-10-24,27.3799991607666,27.440000534057617,27.15999984741211,27.389999389648438,70300,0.0,0.0,0.0
2024-10-25,27.389999389648438,27.540000915527344,27.329999923706055,27.43000030517578,54300,0.0,0.0,0.0
2024-10-28,27.34000015258789,27.5,27.31999969482422,27.450000762939453,47300,0.0,0.0,0.0
2024-10-29,27.3700008392334,27.469999313354492,27.290000915527344,27.459999084472656,129800,0.0,0.0,0.0
2024-10-30,27.260000228881836,27.420000076293945,27.260000228881836,27.360000610351562,179400,0.0,0.0,0.0
2024-10-31,27.450000762939453,27.450000762939453,27.18000030517578,27.360000610351562,138800,0.0,0.0,0.0
2024-11-01,27.56999969482422,27.68000030517578,27.299999237060547,27.350000381469727,66300,0.0,0.0,0.0
2024-11-04,27.709999084472656,27.889999389648438,27.68000030517578,27.81999969482422,160300,0.0,0.0,0.0
2024-11-05,28.09000015258789,28.190000534057617,27.959999084472656,28.010000228881836,80300,0.0,0.0,0.0
2024-11-06,26.790000915527344,26.979999542236328,26.600000381469727,26.68000030517578,295000,0.0,0.0,0.0
2024-11-07,27.690000534057617,27.969999313354492,27.649999618530273,27.84000015258789,220600,0.0,0.0,0.0
2024-11-08,27.270000457763672,27.31999969482422,27.010000228881836,27.110000610351562,132900,0.0,0.0,0.0
2024-11-11,26.889999389648438,26.940000534057617,26.600000381469727,26.68000030517578,130300,0.0,0.0,0.0
2024-11-12,26.229999542236328,26.280000686645508,26.030000686645508,26.059999465942383,564300,0.0,0.0,0.0
2024-11-13,25.889999389648438,25.940000534057617,25.610000610351562,25.639999389648438,123700,0.0,0.0,0.0
2024-11-14,25.690000534057617,25.790000915527344,25.649999618530273,25.729999542236328,117000,0.0,0.0,0.0
2024-11-15,25.950000762939453,25.969999313354492,25.540000915527344,25.600000381469727,78200,0.0,0.0,0.0
2024-11-18,25.670000076293945,25.989999771118164,25.65999984741211,25.989999771118164,103600,0.0,0.0,0.0
2024-11-19,25.84000015258789,26.200000762939453,25.84000015258789,26.149999618530273,118600,0.0,0.0,0.0
2024-11-20,26.18000030517578,26.18000030517578,25.940000534057617,26.040000915527344,98500,0.0,0.0,0.0
2024-11-21,25.989999771118164,26.010000228881836,25.760000228881836,25.899999618530273,71700,0.0,0.0,0.0
2024-11-22,25.75,25.799999237060547,25.649999618530273,25.670000076293945,76700,0.0,0.0,0.0
2024-11-25,26.020000457763672,26.020000457763672,25.850000381469727,25.940000534057617,52400,0.0,0.0,0.0
2024-11-26,25.899999618530273,25.899999618530273,25.639999389648438,25.690000534057617,50100,0.0,0.0,0.0
2024-11-27,25.829999923706055,25.940000534057617,25.790000915527344,25.790000915527344,22000,0.0,0.0,0.0
2024-11-29,25.799999237060547,25.8700008392334,25.719999313354492,25.799999237060547,26700,0.0,0.0,0.0
2024-12-02,25.770000457763672,25.8799991607666,25.68000030517578,25.8700008392334,48200,0.0,0.0,0.0
2024-12-03,26.260000228881836,26.360000610351562,26.110000610351562,26.200000762939453,56300,0.0,0.0,0.0
2024-12-04,26.219999313354492,26.299999237060547,26.110000610351562,26.18000030517578,20300,0.0,0.0,0.0
2024-12-05,26.1200008392334,26.219999313354492,26.100000381469727,26.190000534057617,23000,0.0,0.0,0.0
2024-12-06,26.25,26.280000686645508,26.139999389648438,26.149999618530273,44800,0.0,0.0,0.0
2024-12-09,26.670000076293945,26.760000228881836,26.479999542236328,26.59000015258789,139000,0.0,0.0,0.0
2024-12-10,26.68000030517578,26.709999084472656,26.479999542236328,26.600000381469727,36000,0.0,0.0,0.0
2024-12-11,26.649999618530273,26.649999618530273,26.5,26.59000015258789,44500,0.0,0.0,0.0
2024-12-12,26.1299991607666,26.530000686645508,26.1299991607666,26.420000076293945,30000,0.0,0.0,0.0
2024-12-13,26.260000228881836,26.290000915527344,26.110000610351562,26.1200008392334,80300,0.0,0.0,0.0
2024-12-16,26.18000030517578,26.190000534057617,26.110000610351562,26.139999389648438,47900,0.0,0.0,0.0
2024-12-17,25.899999618530273,25.950000762939453,25.829999923706055,25.889999389648438,74700,0.0,0.0,0.0
2024-12-18,25.989999771118164,26.040000915527344,25.540000915527344,25.6299991607666,74200,0.0,0.0,0.0
2024-12-19,25.68000030517578,25.700000762939453,25.420000076293945,25.520000457763672,260100,0.0,0.0,0.0
2024-12-20,25.489999771118164,25.65999984741211,25.399999618530273,25.6200008392334,43900,0.0,0.0,0.0
2024-12-23,25.56999969482422,25.600000381469727,25.5,25.59000015258789,35100,0.0,0.0,0.0
2024-12-24,25.770000457763672,25.81999969482422,25.6200008392334,25.65999984741211,92100,0.0,0.0,0.0
2024-12-26,25.799999237060547,25.899999618530273,25.770000457763672,25.889999389648438,38100,0.0,0.0,0.0
2024-12-27,25.790000915527344,25.8799991607666,25.739999771118164,25.790000915527344,33000,0.0,0.0,0.0
2024-12-30,25.649999618530273,25.690000534057617,25.530000686645508,25.6299991607666,62500,0.0,0.0,0.0
2024-12-31,25.25,25.290000915527344,25.100000381469727,25.15999984741211,163300,0.0,0.0,0.0
2025-01-02,25.15999984741211,25.31999969482422,25.1200008392334,25.31999969482422,264000,0.0,0.0,0.0
2025-01-03,25.360000610351562,25.59000015258789,25.350000381469727,25.549999237060547,39400,0.0,0.0,0.0
2025-01-06,25.84000015258789,26.260000228881836,25.84000015258789,26.0,188200,0.0,0.0,0.0
2025-01-07,26.270000457763672,26.309999465942383,26.100000381469727,26.209999084472656,39500,0.0,0.0,0.0
2025-01-08,26.440000534057617,26.75,26.440000534057617,26.739999771118164,44800,0.0,0.0,0.0
2025-01-10,27.309999465942383,27.329999923706055,26.829999923706055,26.889999389648438,109900,0.0,0.0,0.0
2025-01-13,26.8700008392334,27.190000534057617,26.8700008392334,27.079999923706055,96200,0.0,0.0,0.0
2025-01-14,27.110000610351562,27.270000457763672,27.079999923706055,27.239999771118164,50600,0.0,0.0,0.0
2025-01-15,27.399999618530273,27.6299991607666,27.329999923706055,27.600000381469727,246500,0.0,0.0,0.0
2025-01-16,27.6299991607666,27.799999237060547,27.559999465942383,27.75,164800,0.0,0.0,0.0
2025-01-17,27.459999084472656,27.5,27.25,27.25,259400,0.0,0.0,0.0
2025-01-21,27.0,27.229999542236328,26.950000762939453,27.229999542236328,108800,0.0,0.0,0.0
2025-01-22,27.149999618530273,27.149999618530273,26.84000015258789,27.0,65200,0.0,0.0,0.0
2025-01-23,27.0,27.209999084472656,26.899999618530273,27.1299991607666,50400,0.0,0.0,0.0
2025-01-24,27.219999313354492,27.260000228881836,27.030000686645508,27.149999618530273,204300,0.0,0.0,0.0
2025-01-27,26.809999465942383,26.8700008392334,26.59000015258789,26.6299991607666,47300,0.0,0.0,0.0
2025-01-28,26.809999465942383,26.8700008392334,26.68000030517578,26.690000534057617,74400,0.0,0.0,0.0
2025-01-29,26.809999465942383,27.06999969482422,26.809999465942383,26.899999618530273,40200,0.0,0.0,0.0
2025-01-30,27.110000610351562,27.280000686645508,27.09000015258789,27.170000076293945,46600,0.0,0.0,0.0
2025-01-31,26.90999984741211,27.0,26.760000228881836,26.850000381469727,36000,0.0,0.0,0.0
2025-02-03,26.84000015258789,27.229999542236328,26.760000228881836,27.15999984741211,67000,0.0,0.0,0.0
2025-02-04,27.25,27.5,27.239999771118164,27.479999542236328,167700,0.0,0.0,0.0
2025-02-05,27.450000762939453,28.0,27.450000762939453,27.93000030517578,150600,0.0,0.0,0.0
2025-02-06,28.040000915527344,28.100000381469727,27.780000686645508,28.09000015258789,84000,0.0,0.0,0.0
2025-02-07,28.729999542236328,28.979999542236328,28.690000534057617,28.899999618530273,249200,0.0,0.0,0.0
2025-02-10,29.25,29.6299991607666,29.219999313354492,29.5,160100,0.0,0.0,0.0
2025-02-11,28.700000762939453,28.969999313354492,28.600000381469727,28.8799991607666,186000,0.0,0.0,0.0
2025-02-12,29.040000915527344,29.649999618530273,29.010000228881836,29.579999923706055,150000,0.0,0.0,0.0
2025-02-13,29.68000030517578,30.18000030517578,29.6200008392334,30.15999984741211,179300,0.0,0.0,0.0
2025-02-14,29.6200008392334,29.709999084472656,29.170000076293945,29.270000457763672,201000,0.0,0.0,0.0
2025-02-18,28.81999969482422,28.93000030517578,28.290000915527344,28.84000015258789,161800,0.0,0.0,0.0
2025-02-19,28.959999084472656,28.959999084472656,28.700000762939453,28.809999465942383,45000,0.0,0.0,0.0
2025-02-20,29.049999237060547,29.200000762939453,29.010000228881836,29.06999969482422,67500,0.0,0.0,0.0
2025-02-21,29.0,29.0,28.600000381469727,28.600000381469727,77700,0.0,0.0,0.0
2025-02-24,28.510000228881836,28.579999923706055,28.350000381469727,28.399999618530273,68200,0.0,0.0,0.0
2025-02-25,28.6299991607666,28.709999084472656,28.15999984741211,28.360000610351562,135400,0.0,0.0,0.0
2025-02-26,28.850000381469727,28.8700008392334,28.459999084472656,28.600000381469727,81900,0.0,0.0,0.0
2025-02-27,28.979999542236328,29.010000228881836,28.600000381469727,28.690000534057617,69100,0.0,0.0,0.0
2025-02-28,28.360000610351562,28.420000076293945,28.100000381469727,28.3799991607666,208600,0.0,0.0,0.0
2025-03-03,28.93000030517578,29.0,28.530000686645508,28.56999969482422,128400,0.0,0.0,0.0
2025-03-04,28.59000015258789,28.729999542236328,28.270000457763672,28.489999771118164,67100,0.0,0.0,0.0
2025-03-05,29.59000015258789,30.100000381469727,29.59000015258789,30.079999923706055,258500,0.0,0.0,0.0
2025-03-06,29.979999542236328,30.299999237060547,29.850000381469727,29.899999618530273,202400,0.0,0.0,0.0
2025-03-07,29.530000686645508,29.899999618530273,29.270000457763672,29.479999542236328,106200,0.0,0.0,0.0
2025-03-10,29.25,29.350000381469727,28.90999984741211,29.079999923706055,84800,0.0,0.0,0.0
2025-03-11,29.579999923706055,30.049999237060547,29.559999465942383,29.899999618530273,236600,0.0,0.0,0.0
2025-03-12,30.579999923706055,30.649999618530273,30.1299991607666,30.219999313354492,266400,0.0,0.0,0.0
2025-03-13,30.239999771118164,30.860000610351562,30.209999084472656,30.780000686645508,303800,0.0,0.0,0.0
2025-03-14,30.719999313354492,30.719999313354492,30.440000534057617,30.459999084472656,181400,0.0,0.0,0.0
2025-03-17,30.670000076293945,31.149999618530273,30.579999923706055,31.079999923706055,131200,0.0,0.0,0.0
2025-03-18,31.34000015258789,31.399999618530273,31.079999923706055,31.31999969482422,229300,0.0,0.0,0.0
2025-03-19,31.59000015258789,32.04999923706055,31.520000457763672,32.0,261900,0.0,0.0,0.0
2025-03-20,31.790000915527344,31.989999771118164,31.6200008392334,31.989999771118164,274700,0.0,0.0,0.0
2025-03-21,31.6299991607666,32.0,31.399999618530273,31.899999618530273,206500,0.0,0.0,0.0
2025-03-24,32.16999816894531,32.29999923706055,31.739999771118164,31.84000015258789,304100,0.0,0.0,0.0
2025-03-25,32.31999969482422,32.70000076293945,32.31999969482422,32.68000030517578,324900,0.0,0.0,0.0
2025-03-26,33.04999923706055,33.11000061035156,32.66999816894531,32.75,327400,0.0,0.0,0.0
2025-03-27,32.2400016784668,32.2400016784668,31.799999237060547,31.959999084472656,480400,0.0,0.0,0.0
2025-03-28,32.25,32.279998779296875,31.860000610351562,31.950000762939453,213700,0.0,0.0,0.0
2025-03-31,31.5,31.639999389648438,31.139999389648438,31.600000381469727,247700,0.0,0.0,0.0
2025-04-01,31.600000381469727,31.6299991607666,31.329999923706055,31.520000457763672,150300,0.0,0.0,0.0
2025-04-02,31.670000076293945,31.739999771118164,31.440000534057617,31.530000686645508,135300,0.0,0.0,0.0
2025-04-03,30.5,30.549999237060547,30.040000915527344,30.06999969482422,609400,0.0,0.0,0.0
2025-04-04,28.170000076293945,28.34000015258789,27.350000381469727,27.520000457763672,519800,0.0,0.0,0.0
2025-04-07,26.729999542236328,27.790000915527344,26.209999084472656,26.68000030517578,603900,0.0,0.0,0.0
2025-04-08,26.799999237060547,26.8799991607666,25.649999618530273,25.719999313354492,218800,0.0,0.0,0.0
2025-04-09,26.450000762939453,28.030000686645508,26.309999465942383,27.739999771118164,448100,0.0,0.0,0.0
2025-04-10,27.299999237060547,27.889999389648438,27.1200008392334,27.489999771118164,236100,0.0,0.0,0.0
2025-04-11,27.739999771118164,28.649999618530273,27.739999771118164,28.510000228881836,140700,0.0,0.0,0.0
2025-04-14,28.829999923706055,29.459999084472656,28.6299991607666,29.399999618530273,206800,0.0,0.0,0.0
2025-04-15,28.940000534057617,29.110000610351562,28.860000610351562,29.010000228881836,122300,0.0,0.0,0.0
2025-04-16,28.860000610351562,29.5,28.780000686645508,29.31999969482422,55600,0.0,0.0,0.0
2025-04-17,29.1200008392334,29.829999923706055,28.90999984741211,29.469999313354492,96300,0.0,0.0,0.0
2025-04-21,30.020000457763672,30.110000610351562,29.5,29.790000915527344,186100,0.0,0.0,0.0
2025-04-22,30.209999084472656,30.65999984741211,30.110000610351562,30.3799991607666,135300,0.0,0.0,0.0
2025-04-23,30.770000457763672,30.770000457763672,30.209999084472656,30.3700008392334,165600,0.0,0.0,0.0
2025-04-24,30.139999389648438,30.790000915527344,30.06999969482422,30.610000610351562,62500,0.0,0.0,0.0
2025-04-25,30.280000686645508,30.549999237060547,30.1200008392334,30.3799991607666,65000,0.0,0.0,0.0
2025-04-28,30.559999465942383,30.559999465942383,30.209999084472656,30.440000534057617,66400,0.0,0.0,0.0
2025-04-29,30.559999465942383,30.559999465942383,30.059999465942383,30.18000030517578,84100,0.0,0.0,0.0
2025-04-30,28.6200008392334,28.8700008392334,28.270000457763672,28.540000915527344,266300,0.0,0.0,0.0
2025-05-01,28.90999984741211,29.040000915527344,28.670000076293945,28.81999969482422,185000,0.0,0.0,0.0
2025-05-02,29.280000686645508,29.350000381469727,28.760000228881836,29.100000381469727,71800,0.0,0.0,0.0
2025-05-05,29.5,29.649999618530273,29.06999969482422,29.239999771118164,31200,0.0,0.0,0.0
2025-05-06,29.5,29.790000915527344,29.5,29.65999984741211,81400,0.0,0.0,0.0
2025-05-07,29.18000030517578,29.18000030517578,28.700000762939453,28.739999771118164,247900,0.0,0.0,0.0
2025-05-08,28.899999618530273,28.93000030517578,28.450000762939453,28.579999923706055,61000,0.0,0.0,0.0
2025-05-09,28.8700008392334,29.209999084472656,28.8700008392334,28.940000534057617,39300,0.0,0.0,0.0
2025-05-12,28.959999084472656,28.959999084472656,28.649999618530273,28.920000076293945,134100,0.0,0.0,0.0
2025-05-13,28.93000030517578,29.549999237060547,28.920000076293945,29.40999984741211,316800,0.0,0.0,0.0
2025-05-14,29.260000228881836,29.260000228881836,28.90999984741211,29.0,160100,0.0,0.0,0.0
2025-05-15,28.899999618530273,29.329999923706055,28.799999237060547,29.270000457763672,95600,0.0,0.0,0.0
2025-05-16,28.829999923706055,28.90999984741211,28.540000915527344,28.610000610351562,135600,0.0,0.0,0.0
2025-05-19,28.860000610351562,29.200000762939453,28.860000610351562,29.09000015258789,170500,0.0,0.0,0.0
2025-05-20,28.799999237060547,29.25,28.799999237060547,29.239999771118164,225700,0.0,0.0,0.0
2025-05-21,29.280000686645508,29.3799991607666,29.06999969482422,29.209999084472656,170400,0.0,0.0,0.0
2025-05-22,29.059999465942383,29.34000015258789,28.8700008392334,29.229999542236328,95700,0.0,0.0,0.0
2025-05-23,29.329999923706055,30.5,29.270000457763672,30.389999389648438,247800,0.0,0.0,0.0
2025-05-27,30.0,30.040000915527344,29.549999237060547,29.649999618530273,259200,0.0,0.0,0.0
2025-05-28,29.3700008392334,29.3700008392334,29.149999618530273,29.209999084472656,122100,0.0,0.0,0.0
2025-05-29,29.420000076293945,29.450000762939453,29.139999389648438,29.15999984741211,141800,0.0,0.0,0.0
2025-05-30,29.200000762939453,29.3799991607666,29.06999969482422,29.360000610351562,76000,0.0,0.0,0.0
2025-06-02,30.440000534057617,30.729999542236328,30.200000762939453,30.3700008392334,225200,0.0,0.0,0.0
2025-06-03,30.31999969482422,30.420000076293945,30.149999618530273,30.389999389648438,88300,0.0,0.0,0.0
2025-06-04,30.5,30.799999237060547,30.399999618530273,30.510000228881836,176600,0.0,0.0,0.0
2025-06-05,31.5,31.6200008392334,30.729999542236328,30.760000228881836,180600,0.0,0.0,0.0
2025-06-06,30.8700008392334,30.8799991607666,30.200000762939453,30.229999542236328,108000,0.0,0.0,0.0
2025-06-09,30.700000762939453,30.889999389648438,30.610000610351562,30.68000030517578,123600,0.0,0.0,0.0
2025-06-10,30.670000076293945,30.790000915527344,30.520000457763672,30.700000762939453,126900,0.0,0.0,0.0
2025-06-11,30.239999771118164,30.329999923706055,29.959999084472656,30.020000457763672,445300,0.0,0.0,0.0
2025-06-12,30.0,30.350000381469727,30.0,30.260000228881836,252900,0.0,0.0,0.0
2025-06-13,29.84000015258789,30.18000030517578,29.690000534057617,29.770000457763672,191800,0.0,0.0,0.0
2025-06-16,30.209999084472656,30.3700008392334,30.100000381469727,30.200000762939453,82700,0.0,0.0,0.0
2025-06-17,30.1200008392334,30.229999542236328,29.8799991607666,29.959999084472656,169600,0.0,0.0,0.0
2025-06-18,30.299999237060547,30.420000076293945,30.1299991607666,30.350000381469727,103800,0.0,0.0,0.0
2025-06-20,30.25,30.34000015258789,30.030000686645508,30.290000915527344,95800,0.0,0.0,0.0
2025-06-23,30.100000381469727,30.75,30.06999969482422,30.649999618530273,151300,0.0,0.0,0.0
2025-06-24,30.510000228881836,30.700000762939453,30.280000686645508,30.690000534057617,296900,0.0,0.0,0.0
2025-06-25,30.700000762939453,30.940000534057617,30.559999465942383,30.860000610351562,98000,0.0,0.0,0.0
2025-06-26,31.65999984741211,31.920000076293945,31.579999923706055,31.700000762939453,273300,0.0,0.0,0.0
2025-06-27,31.299999237060547,31.760000228881836,31.1200008392334,31.670000076293945,216000,0.0,0.0,0.0
2025-06-30,31.489999771118164,31.649999618530273,31.309999465942383,31.639999389648438,118800,0.0,0.0,0.0
2025-07-01,32.0,32.13999938964844,31.510000228881836,31.56999969482422,86500,0.0,0.0,0.0
2025-07-02,31.8799991607666,32.279998779296875,31.8799991607666,32.2400016784668,115700,0.0,0.0,0.0
2025-07-03,32.099998474121094,32.119998931884766,31.770000457763672,31.90999984741211,168600,0.0,0.0,0.0
2025-07-07,31.09000015258789,31.309999465942383,31.0,31.149999618530273,258100,0.0,0.0,0.0
2025-07-08,31.1299991607666,35.0,30.8799991607666,33.77000045776367,1027900,0.0,0.0,0.0
2025-07-09,34.54999923706055,34.54999923706055,33.540000915527344,34.29999923706055,601600,0.0,0.0,0.0
2025-07-10,34.70000076293945,34.83000183105469,34.45000076293945,34.79999923706055,338600,0.0,0.0,0.0
2025-07-11,34.369998931884766,34.81999969482422,34.15999984741211,34.5099983215332,323700,0.0,0.0,0.0
2025-07-14,34.040000915527344,34.38999938964844,33.79999923706055,34.279998779296875,233700,0.0,0.0,0.0
2025-07-15,34.279998779296875,34.70000076293945,34.08000183105469,34.310001373291016,140800,0.0,0.0,0.0
2025-07-16,34.22999954223633,34.38999938964844,33.880001068115234,34.18000030517578,254200,0.0,0.0,0.0
2025-07-17,34.029998779296875,34.22999954223633,33.91999816894531,34.150001525878906,128600,0.0,0.0,0.0
2025-07-18,34.43000030517578,34.75,34.29999923706055,34.65999984741211,241600,0.0,0.0,0.0
2025-07-21,34.869998931884766,34.95000076293945,34.65999984741211,34.939998626708984,210300,0.0,0.0,0.0
2025-07-22,35.150001525878906,35.560001373291016,34.869998931884766,35.5,319800,0.0,0.0,0.0
2025-07-23,36.33000183105469,36.689998626708984,35.869998931884766,36.099998474121094,202400,0.0,0.0,0.0
2025-07-24,36.130001068115234,36.290000915527344,35.86000061035156,36.16999816894531,218100,0.0,0.0,0.0
2025-07-25,35.810001373291016,35.9900016784668,35.52000045776367,35.84000015258789,166900,0.0,0.0,0.0
2025-07-28,35.54999923706055,35.65999984741211,33.709999084472656,34.790000915527344,399700,0.0,0.0,0.0
2025-07-29,35.0,35.25,34.7400016784668,35.0,157500,0.0,0.0,0.0
2025-07-30,34.709999084472656,35.939998626708984,28.190000534057617,28.239999771118164,3275600,0.0,0.0,0.0
2025-07-31,27.139999389648438,27.65999984741211,27.079999923706055,27.450000762939453,2420500,0.0,0.0,0.0
2025-08-01,27.5,27.68000030517578,27.270000457763672,27.56999969482422,801000,0.0,0.0,0.0
2025-08-04,27.670000076293945,27.809999465942383,27.489999771118164,27.719999313354492,605500,0.0,0.0,0.0
2025-08-05,27.440000534057617,27.469999313354492,27.15999984741211,27.209999084472656,420800,0.0,0.0,0.0
2025-08-06,27.450000762939453,27.540000915527344,27.34000015258789,27.459999084472656,339300,0.0,0.0,0.0
2025-08-07,27.59000015258789,27.649999618530273,27.270000457763672,27.479999542236328,271200,0.0,0.0,0.0
2025-08-08,27.65999984741211,27.950000762939453,27.579999923706055,27.770000457763672,523600,0.0,0.0,0.0
2025-08-11,27.690000534057617,27.75,27.540000915527344,27.690000534057617,212800,0.0,0.0,0.0
2025-08-12,27.950000762939453,28.200000762939453,27.93000030517578,28.059999465942383,445300,0.0,0.0,0.0
2025-08-13,28.110000610351562,28.15999984741211,27.899999618530273,27.950000762939453,381500,0.0,0.0,0.0
2025-08-14,27.84000015258789,28.030000686645508,27.690000534057617,27.989999771118164,169800,0.0,0.0,0.0
2025-08-15,27.989999771118164,28.049999237060547,27.850000381469727,27.920000076293945,260900,0.0,0.0,0.0
2025-08-18,27.829999923706055,27.940000534057617,27.700000762939453,27.84000015258789,481100,0.0,0.0,0.0
2025-08-19,27.799999237060547,27.799999237060547,27.520000457763672,27.56999969482422,229000,0.0,0.0,0.0
2025-08-20,27.56999969482422,27.739999771118164,27.549999237060547,27.65999984741211,154200,0.0,0.0,0.0
2025-08-21,27.65999984741211,27.770000457763672,27.600000381469727,27.770000457763672,278100,0.0,0.0,0.0
2025-08-22,27.770000457763672,27.920000076293945,27.690000534057617,27.770000457763672,416500,0.0,0.0,0.0
2025-08-25,27.8700008392334,28.0,27.780000686645508,27.860000610351562,133900,0.0,0.0,0.0
2025-08-26,27.90999984741211,27.940000534057617,27.780000686645508,27.93000030517578,153200,0.0,0.0,0.0
2025-08-27,27.459999084472656,27.68000030517578,27.3700008392334,27.65999984741211,177700,0.0,0.0,0.0
2025-08-28,27.790000915527344,28.059999465942383,27.709999084472656,27.93000030517578,143900,0.0,0.0,0.0
2025-08-29,28.020000457763672,28.219999313354492,27.93000030517578,28.1299991607666,225500,0.0,0.0,0.0
2025-09-02,28.079999923706055,28.549999237060547,27.959999084472656,28.489999771118164,256800,0.0,0.0,0.0
2025-09-03,28.3700008392334,28.56999969482422,28.290000915527344,28.360000610351562,198000,0.0,0.0,0.0
2025-09-04,28.15999984741211,28.239999771118164,28.020000457763672,28.079999923706055,126700,0.0,0.0,0.0
2025-09-05,28.170000076293945,28.219999313354492,27.850000381469727,27.940000534057617,161400,0.0,0.0,0.0
2025-09-08,27.969999313354492,28.100000381469727,27.950000762939453,28.030000686645508,466200,0.0,0.0,0.0
2025-09-09,28.170000076293945,28.18000030517578,27.979999542236328,28.1299991607666,140600,0.0,0.0,0.0
2025-09-10,28.239999771118164,28.450000762939453,28.229999542236328,28.329999923706055,317500,0.0,0.0,0.0
2025-09-11,28.329999923706055,28.799999237060547,28.31999969482422,28.799999237060547,421500,0.0,0.0,0.0
2025-09-12,28.59000015258789,28.770000457763672,28.56999969482422,28.600000381469727,171200,0.0,0.0,0.0
2025-09-15,28.739999771118164,29.06999969482422,28.729999542236328,29.030000686645508,140300,0.0,0.0,0.0
2025-09-16,28.950000762939453,29.040000915527344,28.84000015258789,28.950000762939453,214700,0.0,0.0,0.0
2025-09-17,28.459999084472656,28.700000762939453,28.219999313354492,28.420000076293945,236900,0.0,0.0,0.0
2025-09-18,28.309999465942383,28.3700008392334,28.200000762939453,28.34000015258789,133100,0.0,0.0,0.0
2025-09-19,28.450000762939453,28.6299991607666,28.389999389648438,28.579999923706055,137900,0.0,0.0,0.0
2025-09-22,28.469999313354492,28.65999984741211,28.3700008392334,28.6200008392334,280100,0.0,0.0,0.0
2025-09-23,28.610000610351562,28.6200008392334,28.5,28.6200008392334,333500,0.0,0.0,0.0
2025-09-24,29.09000015258789,29.850000381469727,29.020000457763672,29.700000762939453,814300,0.0,0.0,0.0
2025-09-25,29.670000076293945,29.75,29.25,29.510000228881836,726500,0.0,0.0,0.0
2025-09-26,29.149999618530273,29.489999771118164,29.049999237060547,29.3700008392334,338400,0.0,0.0,0.0
2025-09-29,29.760000228881836,30.34000015258789,29.719999313354492,30.290000915527344,954700,0.0,0.0,0.0
2025-09-30,29.84000015258789,30.09000015258789,29.75,30.0,805400,0.0,0.0,0.0
2025-10-01,29.8700008392334,30.219999313354492,29.799999237060547,30.149999618530273,291700,0.0,0.0,0.0
2025-10-02,30.440000534057617,30.559999465942383,30.170000076293945,30.559999465942383,308600,0.0,0.0,0.0
2025-10-03,31.040000915527344,31.530000686645508,30.979999542236328,31.31999969482422,758600,0.0,0.0,0.0
2025-10-06,31.040000915527344,31.200000762939453,31.0,31.1299991607666,530900,0.0,0.0,0.0
2025-10-07,31.510000228881836,31.65999984741211,31.229999542236328,31.299999237060547,349200,0.0,0.0,0.0
2025-10-08,31.459999084472656,31.510000228881836,31.260000228881836,31.3799991607666,462900,0.0,0.0,0.0
2025-10-09,32.38999938964844,32.400001525878906,31.399999618530273,31.670000076293945,916300,0.0,0.0,0.0
2025-10-10,31.90999984741211,31.90999984741211,30.010000228881836,30.270000457763672,1449200,0.0,0.0,0.0
2025-10-13,31.6299991607666,31.93000030517578,31.469999313354492,31.59000015258789,547400,0.0,0.0,0.0
2025-10-14,30.729999542236328,31.100000381469727,30.600000381469727,30.850000381469727,1039600,0.0,0.0,0.0
2025-10-15,31.059999465942383,31.079999923706055,30.559999465942383,30.739999771118164,618000,0.0,0.0,0.0
2025-10-16,30.700000762939453,30.979999542236328,30.639999389648438,30.84000015258789,507000,0.0,0.0,0.0
2025-10-17,30.709999084472656,30.889999389648438,30.469999313354492,30.81999969482422,380000,0.0,0.0,0.0
2025-10-20,31.030000686645508,31.280000686645508,30.889999389648438,31.229999542236328,429900,0.0,0.0,0.0
2025-10-21,30.790000915527344,30.81999969482422,30.40999984741211,30.540000915527344,506600,0.0,0.0,0.0
2025-10-22,30.8700008392334,31.0,30.670000076293945,30.969999313354492,321900,0.0,0.0,0.0
2025-10-23,31.489999771118164,31.6299991607666,31.40999984741211,31.40999984741211,475100,0.0,0.0,0.0
2025-10-24,31.520000457763672,31.799999237060547,31.34000015258789,31.59000015258789,402200,0.0,0.0,0.0
2025-10-27,31.8799991607666,32.060001373291016,31.639999389648438,31.899999618530273,954600,0.0,0.0,0.0
2025-10-28,31.809999465942383,32.02000045776367,31.639999389648438,31.989999771118164,725500,0.0,0.0,0.0
2025-10-29,32.400001525878906,32.619998931884766,32.0,32.20000076293945,420600,0.0,0.0,0.0
2025-10-30,31.739999771118164,31.760000228881836,31.170000076293945,31.56999969482422,771000,0.0,0.0,0.0
2025-10-31,31.5,31.700000762939453,31.350000381469727,31.530000686645508,423000,0.0,0.0,0.0
2025-11-03,31.540000915527344,31.540000915527344,31.059999465942383,31.280000686645508,595800,0.0,0.0,0.0
2025-11-04,30.709999084472656,30.760000228881836,30.489999771118164,30.530000686645508,630600,0.0,0.0,0.0
2025-11-05,30.6200008392334,30.969999313354492,30.56999969482422,30.8799991607666,847300,0.0,0.0,0.0
2025-11-06,30.770000457763672,30.8799991607666,30.649999618530273,30.829999923706055,393100,0.0,0.0,0.0
2025-11-07,30.780000686645508,30.809999465942383,30.649999618530273,30.670000076293945,363300,0.0,0.0,0.0
2025-11-10,31.209999084472656,31.700000762939453,31.040000915527344,31.610000610351562,689400,0.0,0.0,0.0
2025-11-11,31.440000534057617,31.489999771118164,31.280000686645508,31.34000015258789,363900,0.0,0.0,0.0
2025-11-12,31.81999969482422,31.8700008392334,31.420000076293945,31.5,387800,0.0,0.0,0.0
2025-11-13,31.850000381469727,31.920000076293945,31.18000030517578,31.260000228881836,296500,0.0,0.0,0.0
2025-11-14,31.1299991607666,31.489999771118164,31.079999923706055,31.31999969482422,362800,0.0,0.0,0.0
2025-11-17,31.049999237060547,31.200000762939453,30.760000228881836,30.90999984741211,249400,0.0,0.0,0.0
2025-11-18,30.940000534057617,31.040000915527344,30.760000228881836,30.799999237060547,462700,0.0,0.0,0.0
2025-11-19,31.040000915527344,31.229999542236328,30.959999084472656,31.1299991607666,258800,0.0,0.0,0.0
2025-11-20,31.209999084472656,31.239999771118164,30.670000076293945,30.770000457763672,399100,0.0,0.0,0.0
2025-11-21,30.75,31.15999984741211,30.739999771118164,31.06999969482422,323900,0.0,0.0,0.0
2025-11-24,30.90999984741211,31.1299991607666,30.84000015258789,31.110000610351562,369100,0.0,0.0,0.0
2025-11-25,31.440000534057617,31.450000762939453,31.049999237060547,31.18000030517578,440800,0.0,0.0,0.0
2025-11-26,31.6299991607666,31.84000015258789,31.520000457763672,31.84000015258789,235300,0.0,0.0,0.0
2025-11-28,32.220001220703125,32.43000030517578,32.150001525878906,32.279998779296875,308500,0.0,0.0,0.0
2025-12-01,32.56999969482422,32.619998931884766,32.22999954223633,32.290000915527344,523800,0.0,0.0,0.0
2025-12-02,32.43000030517578,32.529998779296875,32.029998779296875,32.13999938964844,392100,0.0,0.0,0.0
2025-12-03,32.959999084472656,33.279998779296875,32.869998931884766,33.029998779296875,1108400,0.0,0.0,0.0
2025-12-04,32.900001525878906,32.95000076293945,32.70000076293945,32.84000015258789,428300,0.0,0.0,0.0
2025-12-05,33.130001068115234,33.5099983215332,33.130001068115234,33.349998474121094,609600,0.0,0.0,0.0
2025-12-08,33.400001525878906,33.41999816894531,33.02000045776367,33.2400016784668,443200,0.0,0.0,0.0
2025-12-09,32.63999938964844,32.77000045776367,32.529998779296875,32.650001525878906,644000,0.0,0.0,0.0
2025-12-10,32.900001525878906,33.150001525878906,32.70000076293945,33.06999969482422,403600,0.0,0.0,0.0
2025-12-11,33.279998779296875,33.7599983215332,33.20000076293945,33.61000061035156,782200,0.0,0.0,0.0
2025-12-12,33.810001373291016,33.81999969482422,32.400001525878906,32.83000183105469,734700,0.0,0.0,0.0
2025-12-15,33.45000076293945,33.470001220703125,33.08000183105469,33.150001525878906,543200,0.0,0.0,0.0
2025-12-16,32.900001525878906,32.93000030517578,32.709999084472656,32.88999938964844,456700,0.0,0.0,0.0
2025-12-17,33.220001220703125,33.34000015258789,33.119998931884766,33.22999954223633,378800,0.0,0.0,0.0
2025-12-18,33.279998779296875,33.45000076293945,33.0099983215332,33.2599983215332,356300,0.0,0.0,0.0
2025-12-19,33.83000183105469,34.0099983215332,33.540000915527344,33.599998474121094,785300,0.0,0.0,0.0
2025-12-22,33.77000045776367,33.790000915527344,33.59000015258789,33.72999954223633,468000,0.0,0.0,0.0
2025-12-23,34.209999084472656,34.209999084472656,33.79999923706055,34.150001525878906,828100,0.0,0.0,0.0
2025-12-24,34.349998474121094,34.40999984741211,33.91999816894531,34.20000076293945,367800,0.0,0.0,0.0
2025-12-26,35.560001373291016,36.09000015258789,35.52000045776367,35.810001373291016,2243100,0.0,0.0,0.0
2025-12-29,34.31999969482422,34.400001525878906,34.08000183105469,34.18000030517578,1292400,0.0,0.0,0.0
2025-12-30,35.16999816894531,35.54999923706055,34.91999816894531,35.25,1396000,0.0,0.0,0.0
2025-12-31,34.790000915527344,35.0,34.650001525878906,34.959999084472656,570800,0.0,0.0,0.0
2026-01-02,35.119998931884766,35.119998931884766,34.7599983215332,34.97999954223633,941900,0.0,0.0,0.0
2026-01-05,36.369998931884766,36.869998931884766,36.25,36.77000045776367,1497600,0.0,0.0,0.0
2026-01-06,37.08000183105469,37.349998474121094,37.02000045776367,37.27000045776367,1321400,0.0,0.0,0.0
2026-01-07,36.43000030517578,36.439998626708984,35.880001068115234,35.90999984741211,1459400,0.0,0.0,0.0
2026-01-08,35.349998474121094,35.689998626708984,34.97999954223633,35.68000030517578,883700,0.0,0.0,0.0
2026-01-09,36.2400016784668,36.41999816894531,36.09000015258789,36.150001525878906,984900,0.0,0.0,0.0
2026-01-12,36.47999954223633,37.08000183105469,36.47999954223633,36.880001068115234,1738600,0.0,0.0,0.0
2026-01-13,37.130001068115234,37.20000076293945,36.779998779296875,36.88999938964844,988700,0.0,0.0,0.0
2026-01-14,37.349998474121094,37.5099983215332,36.91999816894531,37.5,1849200,0.0,0.0,0.0
2026-01-15,36.689998626708984,36.91999816894531,36.41999816894531,36.77000045776367,1589100,0.0,0.0,0.0
2026-01-16,35.7599983215332,35.939998626708984,35.459999084472656,35.939998626708984,1927900,0.0,0.0,0.0
2026-01-20,35.70000076293945,35.77000045776367,35.310001373291016,35.709999084472656,1640400,0.0,0.0,0.0
2026-01-21,35.939998626708984,36.0,35.209999084472656,35.68000030517578,1654700,0.0,0.0,0.0
2026-01-22,35.349998474121094,35.7599983215332,35.18000030517578,35.65999984741211,1422100,0.0,0.0,0.0
2026-01-23,36.34000015258789,36.68000030517578,36.2400016784668,36.52000045776367,2595800,0.0,0.0,0.0
2026-01-26,37.0099983215332,37.150001525878906,36.34000015258789,36.540000915527344,3864300,0.0,0.0,0.0
2026-01-27,36.04999923706055,36.59000015258789,35.720001220703125,36.58000183105469,1890500,0.0,0.0,0.0
2026-01-28,36.45000076293945,36.880001068115234,36.290000915527344,36.779998779296875,2184400,0.0,0.0,0.0
2026-01-29,40.349998474121094,40.439998626708984,37.029998779296875,38.709999084472656,9379500,0.0,0.0,0.0
2026-01-30,37.099998474121094,37.279998779296875,35.380001068115234,36.43000030517578,4503000,0.0,0.0,0.0
2026-02-02,35.68000030517578,36.040000915527344,35.5,35.880001068115234,1993200,0.0,0.0,0.0
2026-02-03,37.25,37.52000045776367,37.0,37.47999954223633,1971700,0.0,0.0,0.0
2026-02-04,36.959999084472656,37.0099983215332,35.849998474121094,36.290000915527344,1365000,0.0,0.0,0.0
2026-02-05,35.7599983215332,35.93000030517578,35.18000030517578,35.2400016784668,2563700,0.0,0.0,0.0
2026-02-06,35.720001220703125,36.2400016784668,35.68000030517578,36.2400016784668,864100,0.0,0.0,0.0
2026-02-09,36.25,36.779998779296875,36.2400016784668,36.77000045776367,988600,0.0,0.0,0.0
2026-02-10,36.529998779296875,36.54999923706055,36.25,36.33000183105469,552400,0.0,0.0,0.0
2026-02-11,36.790000915527344,36.84000015258789,36.34000015258789,36.79999923706055,689100,0.0,0.0,0.0
2026-02-12,36.650001525878906,36.75,35.41999816894531,35.5099983215332,2255200,0.0,0.0,0.0
2026-02-13,35.56999969482422,35.810001373291016,35.20000076293945,35.560001373291016,521400,0.0,0.0,0.0
2026-02-17,34.849998474121094,35.029998779296875,34.63999938964844,34.939998626708984,1306800,0.0,0.0,0.0
2026-02-18,35.36000061035156,35.75,35.29999923706055,35.58000183105469,499500,0.0,0.0,0.0
2026-02-19,35.150001525878906,35.560001373291016,35.0099983215332,35.540000915527344,1171700,0.0,0.0,0.0
2026-02-20,35.459999084472656,36.18000030517578,35.400001525878906,36.16999816894531,588900,0.0,0.0,0.0
2026-02-23,35.790000915527344,35.880001068115234,35.43000030517578,35.68000030517578,644800,0.0,0.0,0.0
2026-02-24,36.189998626708984,36.59000015258789,36.13999938964844,36.29999923706055,1661300,0.0,0.0,0.0
2026-02-25,36.650001525878906,36.959999084472656,36.54999923706055,36.779998779296875,756800,0.0,0.0,0.0
2026-02-26,36.790000915527344,36.93000030517578,36.380001068115234,36.72999954223633,1142900,0.0,0.0,0.0
2026-02-27,37.13999938964844,37.16999816894531,36.75,36.880001068115234,558100,0.0,0.0,0.0
2026-03-02,36.38999938964844,36.5,36.130001068115234,36.38999938964844,682300,0.0,0.0,0.0
2026-03-03,35.52000045776367,35.79999923706055,35.220001220703125,35.599998474121094,1848100,0.0,0.0,0.0
2026-03-04,35.970001220703125,36.150001525878906,35.81999969482422,35.970001220703125,500300,0.0,0.0,0.0
2026-03-05,35.349998474121094,35.720001220703125,35.22999954223633,35.58000183105469,1563700,0.0,0.0,0.0
2026-03-06,35.40999984741211,35.650001525878906,35.29999923706055,35.630001068115234,437100,0.0,0.0,0.0
2026-03-09,35.34000015258789,35.939998626708984,35.13999938964844,35.900001525878906,437300,0.0,0.0,0.0
2026-03-10,36.11000061035156,36.380001068115234,36.029998779296875,36.08000183105469,977500,0.0,0.0,0.0
2026-03-11,35.88999938964844,36.15999984741211,35.75,36.119998931884766,488200,0.0,0.0,0.0
2026-03-12,35.849998474121094,35.880001068115234,35.54999923706055,35.56999969482422,597700,0.0,0.0,0.0
2026-03-13,35.459999084472656,35.58000183105469,34.77000045776367,34.81999969482422,872200,0.0,0.0,0.0
2026-03-16,35.459999084472656,35.779998779296875,35.400001525878906,35.689998626708984,823600,0.0,0.0,0.0
2026-03-17,35.36000061035156,35.41999816894531,35.06999969482422,35.209999084472656,530600,0.0,0.0,0.0
2026-03-18,34.099998474121094,34.279998779296875,33.59000015258789,33.650001525878906,1542000,0.0,0.0,0.0
2026-03-19,32.79999923706055,33.81999969482422,32.70000076293945,33.720001220703125,2924200,0.0,0.0,0.0
2026-03-20,33.11000061035156,33.18000030517578,32.310001373291016,32.349998474121094,1257900,0.0,0.0,0.0
2026-03-23,33.20000076293945,33.869998931884766,33.18000030517578,33.529998779296875,823900,0.0,0.0,0.0
2026-03-24,33.060001373291016,33.45000076293945,33.0099983215332,33.349998474121094,347600,0.0,0.0,0.0
2026-03-25,33.790000915527344,34.16999816894531,33.689998626708984,33.790000915527344,383200,0.0,0.0,0.0
2026-03-26,33.689998626708984,33.86000061035156,33.290000915527344,33.33000183105469,303100,0.0,0.0,0.0
2026-03-27,33.529998779296875,33.810001373291016,33.38999938964844,33.45000076293945,717300,0.0,0.0,0.0
2026-03-30,33.65999984741211,33.7599983215332,33.439998626708984,33.59000015258789,516200,0.0,0.0,0.0
2026-03-31,33.810001373291016,34.439998626708984,33.810001373291016,34.43000030517578,864200,0.0,0.0,0.0
2026-04-01,34.31999969482422,34.540000915527344,34.20000076293945,34.34000015258789,1142800,0.0,0.0,0.0
2026-04-02,33.880001068115234,34.959999084472656,33.84000015258789,34.369998931884766,1956300,0.0,0.0,0.0
2026-04-06,34.380001068115234,34.40999984741211,34.09000015258789,34.29999923706055,313300,0.0,0.0,0.0
2026-04-07,34.209999084472656,34.22999954223633,33.849998474121094,34.08000183105469,540100,0.0,0.0,0.0
2026-04-08,35.22999954223633,35.369998931884766,35.029998779296875,35.25,654100,0.0,0.0,0.0
2026-04-09,35.13999938964844,35.349998474121094,35.04999923706055,35.209999084472656,510700,0.0,0.0,0.0
2026-04-10,36.060001373291016,36.310001373291016,35.86000061035156,35.869998931884766,900800,0.0,0.0,0.0
2026-04-13,35.91999816894531,36.86000061035156,35.869998931884766,36.790000915527344,645000,0.0,0.0,0.0
2026-04-14,37.099998474121094,37.29999923706055,37.06999969482422,37.2599983215332,763400,0.0,0.0,0.0
2026-04-15,37.279998779296875,37.31999969482422,37.119998931884766,37.2599983215332,486900,0.0,0.0,0.0
2026-04-16,37.290000915527344,37.310001373291016,36.90999984741211,36.939998626708984,628300,0.0,0.0,0.0
2026-04-17,37.0099983215332,37.5,37.0099983215332,37.290000915527344,898200,0.0,0.0,0.0
2026-04-20,37.11000061035156,37.18000030517578,36.93000030517578,37.0099983215332,720400,0.0,0.0,0.0
2026-04-21,37.02000045776367,37.20000076293945,36.529998779296875,36.560001373291016,439300,0.0,0.0,0.0
2026-04-22,37.11000061035156,37.65999984741211,37.04999923706055,37.599998474121094,568900,0.0,0.0,0.0
2026-04-23,37.209999084472656,37.40999984741211,36.779998779296875,36.959999084472656,834000,0.0,0.0,0.0
2026-04-24,36.91999816894531,37.04999923706055,36.86000061035156,36.939998626708984,751300,0.0,0.0,0.0
2026-04-27,36.869998931884766,36.97999954223633,36.70000076293945,36.93000030517578,397500,0.0,0.0,0.0
2026-04-28,36.2599983215332,36.34000015258789,36.13999938964844,36.2400016784668,941700,0.0,0.0,0.0
2026-04-29,36.15999984741211,36.2400016784668,35.83000183105469,35.970001220703125,483400,0.0,0.0,0.0
2026-04-30,36.220001220703125,36.560001373291016,36.08000183105469,36.529998779296875,543700,0.0,0.0,0.0
2026-05-01,36.22999954223633,36.529998779296875,36.20000076293945,36.22999954223633,484200,0.0,0.0,0.0
2026-05-04,35.790000915527344,35.93000030517578,35.33000183105469,35.58000183105469,748100,0.0,0.0,0.0
2026-05-05,36.43000030517578,36.529998779296875,36.279998779296875,36.33000183105469,442100,0.0,0.0,0.0
2026-05-06,37.459999084472656,37.650001525878906,37.380001068115234,37.540000915527344,1147600,0.0,0.0,0.0
2026-05-07,37.81999969482422,37.900001525878906,37.310001373291016,37.349998474121094,782300,0.0,0.0,0.0
2026-05-08,38.15999984741211,38.349998474121094,38.0099983215332,38.27000045776367,804600,0.0,0.0,0.0
2026-05-11,39.2400016784668,39.54999923706055,39.13999938964844,39.38999938964844,1588700,0.0,0.0,0.0
2026-05-12,39.400001525878906,40.459999084472656,39.369998931884766,40.439998626708984,1630600,0.0,0.0,0.0
2026-05-13,40.459999084472656,40.779998779296875,40.0099983215332,40.27000045776367,1309000,0.0,0.0,0.0
2026-05-14,40.15999984741211,40.20000076293945,39.849998474121094,40.02000045776367,712000,0.0,0.0,0.0
2026-05-15,38.25,38.38999938964844,38.11000061035156,38.13999938964844,2063200,0.0,0.0,0.0
2026-05-18,38.209999084472656,38.439998626708984,38.099998474121094,38.400001525878906,692900,0.0,0.0,0.0
2026-05-19,37.650001525878906,37.810001373291016,37.400001525878906,37.630001068115234,761600,0.0,0.0,0.0
2026-05-20,38.08000183105469,38.63999938964844,37.97999954223633,38.56999969482422,954000,0.0,0.0,0.0
2026-05-21,38.08000183105469,38.720001220703125,37.95000076293945,38.58000183105469,448500,0.0,0.0,0.0
2026-05-22,38.650001525878906,38.959999084472656,38.470001220703125,38.91999816894531,950800,0.0,0.0,0.0
2026-05-26,38.91999816894531,39.08000183105469,38.83000183105469,39.029998779296875,538100,0.0,0.0,0.0
2026-05-27,38.72999954223633,38.810001373291016,38.400001525878906,38.47999954223633,403300,0.0,0.0,0.0
2026-05-28,38.61000061035156,39.119998931884766,38.47999954223633,39.060001373291016,497000,0.0,0.0,0.0
2026-05-29,38.88999938964844,39.150001525878906,38.72999954223633,38.86000061035156,438200,0.0,0.0,0.0
2026-06-01,39.45000076293945,40.04999923706055,39.31999969482422,39.959999084472656,548600,0.0,0.0,0.0
2026-06-02,40.529998779296875,40.75,40.43000030517578,40.599998474121094,623900,0.0,0.0,0.0
2026-06-03,39.869998931884766,40.209999084472656,39.41999816894531,39.41999816894531,1166900,0.0,0.0,0.0
2026-06-04,39.810001373291016,39.88999938964844,39.59000015258789,39.72999954223633,324100,0.0,0.0,0.0
2026-06-05,38.810001373291016,38.810001373291016,38.029998779296875,38.08000183105469,1024200,0.0,0.0,0.0
2026-06-08,38.790000915527344,38.869998931884766,38.5099983215332,38.54999923706055,453100,0.0,0.0,0.0
2026-06-09,39.15999984741211,39.31999969482422,38.290000915527344,38.599998474121094,936400,0.0,0.0,0.0
2026-06-10,38.29999923706055,38.58000183105469,37.720001220703125,37.720001220703125,1168100,0.0,0.0,0.0
2026-06-11,37.97999954223633,38.9900016784668,37.97999954223633,38.939998626708984,593600,0.0,0.0,0.0
2026-06-12,38.939998626708984,39.560001373291016,38.900001525878906,39.54999923706055,579900,0.0,0.0,0.0
2026-06-15,39.619998931884766,39.70000076293945,39.439998626708984,39.650001525878906,614500,0.0,0.0,0.0
2026-06-16,39.61000061035156,39.81999969482422,39.52000045776367,39.54999923706055,395200,0.0,0.0,0.0
2026-06-17,39.560001373291016,39.650001525878906,38.540000915527344,38.63999938964844,618800,0.0,0.0,0.0
2026-06-18,39.209999084472656,39.27000045776367,38.79999923706055,38.86000061035156,1028800,0.0,0.0,0.0
2026-06-22,38.849998474121094,39.02000045776367,38.63999938964844,38.810001373291016,275900,0.0,0.0,0.0
2026-06-23,37.58000183105469,37.7400016784668,37.2400016784668,37.31999969482422,1041200,0.0,0.0,0.0
2026-06-24,36.529998779296875,36.709999084472656,36.119998931884766,36.310001373291016,1033400,0.0,0.0,0.0
2026-06-25,36.95000076293945,37.130001068115234,36.650001525878906,36.97999954223633,607900,0.0,0.0,0.0
2026-06-26,37.2599983215332,37.650001525878906,37.13999938964844,37.33000183105469,537600,0.0,0.0,0.0
2026-06-29,37.22999954223633,37.27000045776367,37.0099983215332,37.22999954223633,450200,0.0,0.0,0.0
2026-06-30,37.63999938964844,38.099998474121094,37.599998474121094,37.72999954223633,262400,0.0,0.0,0.0
2026-07-01,37.220001220703125,37.61000061035156,37.18000030517578,37.209999084472656,318000,0.0,0.0,0.0
2026-07-02,37.349998474121094,37.59000015258789,37.119998931884766,37.290000915527344,198200,0.0,0.0,0.0
2026-07-06,37.43000030517578,37.849998474121094,37.43000030517578,37.84000015258789,255100,0.0,0.0,0.0
2026-07-07,37.68000030517578,37.95000076293945,37.27000045776367,37.38999938964844,182900,0.0,0.0,0.0
2026-07-08,36.88999938964844,37.09000015258789,36.65999984741211,37.06999969482422,341300,0.0,0.0,0.0
2026-07-09,37.65999984741211,38.040000915527344,37.650001525878906,37.75,442500,0.0,0.0,0.0
2026-07-10,37.779998779296875,38.040000915527344,37.66999816894531,37.9900016784668,352000,0.0,0.0,0.0
2026-07-13,38.349998474121094,38.38999938964844,37.90999984741211,37.939998626708984,298500,0.0,0.0,0.0
2026-07-14,38.630001068115234,38.95000076293945,38.47999954223633,38.540000915527344,389300,0.0,0.0,0.0
2026-07-15,38.709999084472656,38.810001373291016,38.310001373291016,38.630001068115234,351000,0.0,0.0,0.0
2026-07-16,38.689998626708984,38.70000076293945,37.97999954223633,38.060001373291016,301500,0.0,0.0,0.0
2026-07-17,37.529998779296875,38.0,37.52000045776367,37.91999816894531,569600,0.0,0.0,0.0
2026-07-20,38.310001373291016,38.5,38.27000045776367,38.41999816894531,319100,0.0,0.0,0.0
2026-07-21,39.34000015258789,39.75,39.25,39.529998779296875,605900,0.0,0.0,0.0
2026-07-22,39.380001068115234,39.4900016784668,39.150001525878906,39.25,229900,0.0,0.0,0.0
2026-07-23,38.619998931884766,38.720001220703125,38.2400016784668,38.2400016784668,711200,0.0,0.0,0.0
2026-07-24,38.380001068115234,38.58000183105469,38.31999969482422,38.349998474121094,345100,0.0,0.0,0.0
2026-07-27,38.7400016784668,38.79999923706055,38.5099983215332,38.77000045776367,291500,0.0,0.0,0.0
2026-07-28,38.25,38.56999969482422,38.13999938964844,38.33000183105469,443200,0.0,0.0,0.0
2026-07-29,38.22999954223633,38.900001525878906,38.029998779296875,38.349998474121094,828400,0.0,0.0,0.0
2026-07-30,38.9900016784668,39.38999938964844,38.970001220703125,39.34000015258789,378900,0.0,0.0,0.0
2026-07-31,39.2400016784668,39.61000061035156,38.95000076293945,39.560001373291016,230200,0.0,0.0,0.0
2026-08-03,38.97999954223633,39.65999984741211,38.95000076293945,39.63999938964844,510600,0.0,0.0,0.0
2026-08-04,40.13999938964844,40.38999938964844,40.13999938964844,40.13999938964844,610600,0.0,0.0,0.0
2026-08-05,40.45000076293945,40.970001220703125,40.349998474121094,40.849998474121094,721400,0.0,0.0,0.0
2026-08-06,40.83000183105469,40.95000076293945,40.41999816894531,40.7599983215332,543300,0.0,0.0,0.0
2026-08-07,40.2599983215332,40.34000015258789,39.880001068115234,39.900001525878906,641000,0.0,0.0,0.0
2026-08-10,40.060001373291016,40.27000045776367,39.88999938964844,40.18000030517578,460300,0.0,0.0,0.0
2026-08-11,40.34000015258789,40.41999816894531,40.11000061035156,40.220001220703125,164000,0.0,0.0,0.0
2026-08-12,40.349998474121094,40.40999984741211,40.02000045776367,40.02000045776367,332600,0.0,0.0,0.0
2026-08-13,40.06999969482422,40.2400016784668,39.849998474121094,39.849998474121094,648000,0.0,0.0,0.0
2026-08-14,39.91999816894531,40.15999984741211,39.90999984741211,40.0099983215332,257600,0.0,0.0,0.0
2026-08-17,40.0,40.16999816894531,39.939998626708984,40.130001068115234,383500,0.0,0.0,0.0
2026-08-18,39.720001220703125,39.7599983215332,39.02000045776367,39.18000030517578,1224000,0.0,0.0,0.0
2026-08-19,39.279998779296875,39.4900016784668,39.18000030517578,39.38999938964844,496100,0.0,0.0,0.0
2026-08-20,39.06999969482422,39.380001068115234,38.959999084472656,39.349998474121094,370400,0.0,0.0,0.0
2026-08-21,39.90999984741211,40.029998779296875,39.81999969482422,39.9900016784668,765200,0.0,0.0,0.0
2026-08-24,40.310001373291016,40.34000015258789,40.02000045776367,40.06999969482422,635700,0.0,0.0,0.0
2026-08-25,40.16999816894531,40.83000183105469,40.13999938964844,40.7599983215332,530100,0.0,0.0,0.0
2026-08-26,40.45000076293945,40.540000915527344,40.02000045776367,40.060001373291016,300800,0.0,0.0,0.0
2026-08-27,39.90999984741211,40.04999923706055,39.83000183105469,39.97999954223633,239900,0.0,0.0,0.0
2026-08-28,40.11000061035156,40.2400016784668,39.63999938964844,39.66999816894531,477200,0.0,0.0,0.0
2026-08-31,40.2599983215332,40.2599983215332,39.81999969482422,40.0,644800,0.0,0.0,0.0
2026-09-01,39.400001525878906,39.630001068115234,38.9900016784668,39.06999969482422,380200,0.0,0.0,0.0
2026-09-02,39.65999984741211,39.709999084472656,39.400001525878906,39.529998779296875,345700,0.0,0.0,0.0
2026-09-03,39.810001373291016,39.959999084472656,39.66999816894531,39.90999984741211,286700,0.0,0.0,0.0
2026-09-04,39.90999984741211,40.029998779296875,39.810001373291016,39.95000076293945,237500,0.0,0.0,0.0
2026-09-08,41.0,41.13999938964844,40.54999923706055,40.56999969482422,1414200,0.0,0.0,0.0
2026-09-09,40.939998626708984,41.290000915527344,40.7599983215332,41.04999923706055,695600,0.0,0.0,0.0
2026-09-10,39.400001525878906,39.41999816894531,38.939998626708984,39.040000915527344,1784900,0.0,0.0,0.0
2026-09-11,39.220001220703125,39.34000015258789,39.150001525878906,39.18000030517578,346200,0.0,0.0,0.0
2026-09-14,38.22999954223633,38.43000030517578,38.060001373291016,38.2599983215332,587000,0.0,0.0,0.0
2026-09-15,38.5099983215332,38.75,38.380001068115234,38.66999816894531,296600,0.0,0.0,0.0
2026-09-16,38.869998931884766,39.09000015258789,38.5099983215332,38.59000015258789,408500,0.0,0.0,0.0
2026-09-17,39.7400016784668,39.97999954223633,39.59000015258789,39.65999984741211,477700,0.0,0.0,0.0
