Date,Open,High,Low,Close,Volume,Dividends,Stock Splits,Capital Gains
2020-09-03,13.042427059861716,13.042427059861716,12.892412605511723,12.945359230041504,1042500,0.0,0.0,0.0
2020-09-04,12.998304862480943,13.033603172797376,12.883588720184688,13.01595401763916,1526900,0.0,0.0,0.0
2020-09-08,12.830642244858684,12.963007543846066,12.777695620328902,12.945359230041504,1380400,0.0,0.0,0.0
2020-09-09,12.945358578747305,12.954183155984635,12.857114489490002,12.901236534118652,630300,0.0,0.0,0.0
2020-09-10,12.971831817341297,13.086548799834034,12.971831817341297,12.989480972290039,898400,0.0,0.0,0.0
2020-09-11,13.033603177022332,13.113021850585938,13.007129444276426,13.113021850585938,667900,0.0,0.0,0.0
2020-09-14,13.104199148737926,13.121847463736621,12.954184684237555,12.980657577514648,772900,0.0,0.0,0.0
2020-09-15,13.024778595218267,13.042426908818447,12.936534502543262,13.01595401763916,973400,0.0,0.0,0.0
2020-09-16,12.989480972290039,13.042426754020209,12.954183503950583,12.989480972290039,543400,0.0,0.0,0.0
2020-09-17,12.971833179891515,13.148320540126873,12.954184864647036,13.139496803283691,684000,0.0,0.0,0.0
2020-09-18,13.16596825050753,13.227738609414246,13.086548736737171,13.218914031982422,1024800,0.0,0.0,0.0
2020-09-21,13.174792891461687,13.174792891461687,12.954183503950583,12.989480972290039,1905700,0.0,0.0,0.0
2020-09-22,12.998305013013239,13.060076215224324,12.9365346523602,12.945359230041504,655500,0.0,0.0,0.0
2020-09-23,12.927709424272642,12.998304359055282,12.901236534118652,12.901236534118652,759100,0.0,0.0,0.0
2020-09-24,12.883588221201995,12.954183155984635,12.857114489490002,12.901236534118652,886800,0.0,0.0,0.0
2020-09-25,12.901237258509854,12.963007619523504,12.848291475229024,12.910061836242676,310900,0.0,0.0,0.0
2020-09-28,12.910063410391816,12.927711726451301,12.812995568169256,12.821819305419922,471700,0.0,0.0,0.0
2020-09-29,12.80416980776997,12.874764748609602,12.77769607378655,12.830642700195312,429400,0.0,0.0,0.0
2020-09-30,12.830642322288535,13.086549185684378,12.830642322288535,13.007129669189453,1893000,0.0,0.0,0.0
2020-10-01,12.989481737543805,12.989481737543805,12.901237640717397,12.92771053314209,288600,0.0,0.0,0.0
2020-10-02,12.839467617434172,12.980657502843956,12.839467617434172,12.9188871383667,881300,0.0,0.0,0.0
2020-10-05,12.971832999236248,12.998305892513343,12.918887212682062,12.980657577514648,380200,0.0,0.0,0.0
2020-10-06,12.989482155793048,13.113022885458221,12.980657577514648,12.980657577514648,2146900,0.0,0.0,0.0
2020-10-07,13.08655032522227,13.183618164080642,13.08655032522227,13.165969848632812,1374600,0.0,0.0,0.0
2020-10-08,13.23656406555139,13.23656406555139,13.139496232031588,13.157144546508789,507700,0.0,0.0,0.0
2020-10-09,13.17479339687668,13.22773918063797,13.130671349370232,13.201266288757324,537800,0.0,0.0,0.0
2020-10-12,13.201266827825165,13.201266827825165,13.02477947215065,13.051252365112305,1265900,0.0,0.0,0.0
2020-10-13,13.068901062011719,13.086549376179683,13.007129858528682,13.068901062011719,337000,0.0,0.0,0.0
2020-10-14,13.068901859189548,13.139496803283691,13.042428123985658,13.139496803283691,460200,0.0,0.0,0.0
2020-10-15,13.024778372003091,13.148319089761246,12.989480903849614,13.121846199035645,483000,0.0,0.0,0.0
2020-10-16,13.148319394731484,13.148319394731484,13.07772445678711,13.07772445678711,726500,0.0,0.0,0.0
2020-10-19,13.16596897126125,13.19244186344792,13.113022345329842,13.130671501159668,1575700,0.0,0.0,0.0
2020-10-20,13.13067077646352,13.139495353891395,13.051251262728693,13.121846199035645,745000,0.0,0.0,0.0
2020-10-21,13.16596897126125,13.21891475563459,13.130671501159668,13.130671501159668,866400,0.0,0.0,0.0
2020-10-22,13.174794427135788,13.218915636534424,13.121847797676052,13.165969848632812,744500,0.0,0.0,0.0
2020-10-23,13.157144699056136,13.18361759185791,13.121847228134408,13.18361759185791,767700,0.0,0.0,0.0
2020-10-26,13.130672224882394,13.148320540126873,13.02477980874118,13.139496803283691,1771300,0.0,0.0,0.0
2020-10-27,13.139496463728609,13.21891514261357,13.0336040503239,13.051252365112305,540700,0.0,0.0,0.0
2020-10-28,12.874764442443848,12.918886489808902,12.839466972863415,12.874764442443848,1108400,0.0,0.0,0.0
2020-10-29,12.857115592620657,12.857115592620657,12.768872337350153,12.830642700195312,896300,0.0,0.0,0.0
2020-10-30,12.821817892971605,12.883589096270493,12.795345001019546,12.83946704864502,885100,0.0,0.0,0.0
2020-11-02,12.821818615766539,12.857116087545103,12.795345722322143,12.848292350769043,580600,0.0,0.0,0.0
2020-11-03,12.936534001509973,12.945358578747305,12.883588221201995,12.901236534118652,567400,0.0,0.0,0.0
2020-11-04,12.910062482849593,12.98065742513185,12.839467540567338,12.954184532165527,437800,0.0,0.0,0.0
2020-11-05,13.042427328422676,13.139496001799706,13.042427328422676,13.068901062011719,539500,0.0,0.0,0.0
2020-11-06,13.121846923244755,13.16596897126125,13.113022345329842,13.130671501159668,400300,0.0,0.0,0.0
2020-11-09,13.218913877060492,13.280685076801289,13.1924409866333,13.1924409866333,1179100,0.0,0.0,0.0
2020-11-10,13.174794038802952,13.360105974112692,13.174794038802952,13.342456817626953,1715900,0.0,0.0,0.0
2020-11-11,13.360104864595554,13.368928600547537,13.263036195101465,13.315982818603516,995400,0.0,0.0,0.0
2020-11-12,13.271861877856777,13.324808505768083,13.245388984680176,13.245388984680176,558700,0.0,0.0,0.0
2020-11-13,13.236564176946073,13.307159118565139,13.22773959885417,13.254213333129883,378300,0.0,0.0,0.0
2020-11-16,13.368928759098136,13.448348274514084,13.307158398911527,13.439523696899414,685200,0.0,0.0,0.0
2020-11-17,13.492470817958306,13.563065758359603,13.474822503637018,13.554241180419922,1024900,0.0,0.0,0.0
2020-11-18,13.616011773843175,13.695431288622661,13.607187196299224,13.642484664916992,822600,0.0,0.0,0.0
2020-11-19,13.607187729998884,13.642485200001087,13.55424110421655,13.58953857421875,1068600,0.0,0.0,0.0
2020-11-20,13.64248554311123,13.660133857777154,13.492471081439472,13.58071517944336,809300,0.0,0.0,0.0
2020-11-23,13.633660734620573,13.721904831133331,13.633660734620573,13.686607360839844,602200,0.0,0.0,0.0
2020-11-24,13.598362623345041,13.7483770754107,13.598362623345041,13.73955249786377,1434700,0.0,0.0,0.0
2020-11-25,13.721904564799624,13.721904564799624,13.607187578182854,13.660133361816406,900700,0.0,0.0,0.0
2020-11-27,13.721904755204985,13.82779716549951,13.721904755204985,13.81897258758545,632800,0.0,0.0,0.0
2020-11-30,13.845445247817057,13.845445247817057,13.66013332251665,13.730729103088379,1221100,0.0,0.0,0.0
2020-12-01,13.766027112005053,13.774850848558973,13.563066023219347,13.58071517944336,804700,0.0,0.0,0.0
2020-12-02,13.510120389146296,13.624836539656288,13.474822917860585,13.60718822479248,1980600,0.0,0.0,0.0
2020-12-03,13.677783245455368,13.677783245455368,13.536593359506416,13.571890830993652,774600,0.0,0.0,0.0
2020-12-04,13.545417136861428,13.554240873042934,13.421875573181744,13.50129508972168,1240500,0.0,0.0,0.0
2020-12-07,13.44834869338242,13.527768211272003,13.360105439161378,13.492470741271973,1307700,0.0,0.0,0.0
2020-12-08,13.448349952697754,13.457174531413619,13.386579584802986,13.448349952697754,661600,0.0,0.0,0.0
2020-12-09,13.43952468499301,13.510120469542636,13.386578898528422,13.474822998046875,987100,0.0,0.0,0.0
2020-12-10,13.527767905830233,13.61601199961689,13.518943328139958,13.536592483520508,929600,0.0,0.0,0.0
2020-12-11,13.616012155974467,13.668957939608017,13.554240952991247,13.660133361816406,1021700,0.0,0.0,0.0
2020-12-14,13.624835892208019,13.686607095191238,13.589538422599633,13.660133361816406,726000,0.0,0.0,0.0
2020-12-15,13.660133626951172,13.71308025317044,13.642485312583464,13.686607360839844,704900,0.0,0.0,0.0
2020-12-16,13.721905556694248,13.721905556694248,13.616013140214603,13.695432662963867,576200,0.0,0.0,0.0
2020-12-17,13.730728687283705,13.810147360100528,13.686606641346785,13.774849891662598,1341200,0.0,0.0,0.0
2020-12-18,13.739552423224666,13.792499046660577,13.704254954786736,13.774849891662598,662800,0.0,0.0,0.0
2020-12-21,13.704255144838434,13.836621284484863,13.677782253532365,13.836621284484863,608900,0.0,0.0,0.0
2020-12-22,13.845445556410839,13.845445556410839,13.774850615823713,13.783675193786621,480200,0.0,0.0,0.0
2020-12-23,13.871918985484033,13.933689346750935,13.836621515966081,13.924864768981934,1053900,0.0,0.0,0.0
2020-12-24,13.942514571926592,13.977812043083548,13.898392522590877,13.968987464904785,429100,0.0,0.0,0.0
2020-12-28,13.942514266605016,13.951338844590532,13.818972699482016,13.916041374206543,837900,0.0,0.0,0.0
2020-12-29,13.898392751303435,13.968987694779058,13.889568172979455,13.960163116455078,575900,0.0,0.0,0.0
2020-12-30,13.977811964078372,14.119001847908159,13.977811964078372,14.10135269165039,702000,0.0,0.0,0.0
2020-12-31,14.127826119888455,14.25136684478336,14.1190015419508,14.242542266845703,634000,0.0,0.0,0.0
2021-01-04,14.401381261979093,14.419030417803532,14.127826079164842,14.216070175170898,2284100,0.0,0.0,0.0
2021-01-05,14.216070743623025,14.339611473101794,14.171947852297604,14.295490264892578,920700,0.0,0.0,0.0
2021-01-06,14.286665386875598,14.33961117223903,14.2160704453523,14.233717918395996,1075700,0.0,0.0,0.0
2021-01-07,14.224894523620605,14.251366573814103,14.180771634771256,14.224894523620605,1536300,0.0,0.0,0.0
2021-01-08,14.224894794086534,14.269016000658672,14.16312274852294,14.242542266845703,1309500,0.0,0.0,0.0
2021-01-11,14.189595867665489,14.189595867665489,14.074878884119524,14.136650085449219,1266300,0.0,0.0,0.0
2021-01-12,14.180771562105408,14.366084328090862,14.127825778873609,14.357259750366211,2171000,0.0,0.0,0.0
2021-01-13,14.471977161101188,14.471977161101188,14.357261006873303,14.41020679473877,1404400,0.0,0.0,0.0
2021-01-14,14.41020602856612,14.586694222889017,14.374909399571237,14.569045066833496,892400,0.0,0.0,0.0
2021-01-15,14.621990433182784,14.64846416650799,14.542570916323276,14.613165855407715,2351400,0.0,0.0,0.0
2021-01-19,14.674936405827603,14.69258556160518,14.560220259505627,14.577869415283203,2044400,0.0,0.0,0.0
2021-01-20,14.516100159921459,14.55139679105158,14.445505214544955,14.507275581359863,769800,0.0,0.0,0.0
2021-01-21,14.560221408790689,14.560221408790689,14.489626463224234,14.533747673034668,797200,0.0,0.0,0.0
2021-01-22,14.374909329873446,14.419030536682166,14.260191499184932,14.304312705993652,1265200,0.0,0.0,0.0
2021-01-25,14.251367748026121,14.427855951732674,14.233718591032215,14.41020679473877,852400,0.0,0.0,0.0
2021-01-26,14.47197589982509,14.569044571715494,14.45432674436936,14.551395416259766,1264600,0.0,0.0,0.0
2021-01-27,14.577869799210415,14.604341850457821,14.42785533738246,14.49845027923584,804400,0.0,0.0,0.0
2021-01-28,14.524922682847254,14.560220996188345,14.374909900496277,14.383732795715332,722800,0.0,0.0,0.0
2021-01-29,14.427854351132561,14.49844928816026,14.348434836586895,14.463150978088379,854400,0.0,0.0,0.0
2021-02-01,14.524921870861082,14.524921870861082,14.392556569464043,14.516098976135254,1078200,0.0,0.0,0.0
2021-02-02,14.445504077505399,14.542571067810059,14.419030343904423,14.542571067810059,1293000,0.0,0.0,0.0
2021-02-03,14.498449404703218,14.569044342298378,14.454326516758695,14.560219764709473,1033700,0.0,0.0,0.0
2021-02-04,14.560220071873413,14.613165855407715,14.480800555013905,14.613165855407715,1015400,0.0,0.0,0.0
2021-02-05,14.657289808325237,14.736709330950184,14.62199149466249,14.710235595703125,640600,0.0,0.0,0.0
2021-02-08,14.763180274120836,14.816127740637722,14.727883646225687,14.780829429626465,1041700,0.0,0.0,0.0
2021-02-09,14.798478585132093,14.860248946285687,14.701409912967243,14.780829429626465,2791600,0.0,0.0,0.0
2021-02-10,14.73670879509689,14.73670879509689,14.613166384885734,14.66611385345459,1596500,0.0,0.0,0.0
2021-02-11,14.674936559635267,14.745531500369342,14.648464508807585,14.701410293579102,1028800,0.0,0.0,0.0
2021-02-12,14.710235136322325,14.816128390887428,14.701410558182216,14.727884292602539,726100,0.0,0.0,0.0
2021-02-16,14.877898334394787,15.001439058633428,14.85142460072245,14.966140747070312,2241500,0.0,0.0,0.0
2021-02-17,14.966139712095675,14.983788866656715,14.824949841839377,14.904369354248047,1664800,0.0,0.0,0.0
2021-02-18,14.96614024677463,14.983789401966204,14.895545309124413,14.957317352294922,928000,0.0,0.0,0.0
2021-02-19,15.036737941682023,15.107332884375152,15.010264207003527,15.045560836791992,1419300,0.0,0.0,0.0
2021-02-22,15.089684432712144,15.292644692044965,15.08085985407381,15.25734806060791,2508100,0.0,0.0,0.0
2021-02-23,15.301468160536965,15.363238523407476,15.230873219668357,15.32794189453125,2187000,0.0,0.0,0.0
2021-02-24,15.407358328834675,15.5397253036499,15.39853543475526,15.539725303649902,2197100,0.0,0.0,0.0
2021-02-25,15.513254857493202,15.530904015621807,15.389714116825676,15.486781120300293,2217000,0.0,0.0,0.0
2021-02-26,15.336764487513635,15.407359426992603,15.230872919853246,15.266169548034668,1815200,0.0,0.0,0.0
2021-03-01,15.398538580717608,15.398538580717608,15.16027999711254,15.16910457611084,1464500,0.0,0.0,0.0
2021-03-02,15.124980574565457,15.27499504032871,15.098508522623616,15.23969841003418,2097000,0.0,0.0,0.0
2021-03-03,15.133803862987426,15.21322337827607,15.133803862987426,15.151453018188477,1283700,0.0,0.0,0.0
2021-03-04,15.133805235374648,15.24852307146841,15.072034869685499,15.107333183288574,1430300,0.0,0.0,0.0
2021-03-05,15.13380317753343,15.186748957622429,15.08085739744443,15.177926063537598,1224000,0.0,0.0,0.0
2021-03-08,15.169102173389525,15.204398800675545,15.080858080500358,15.151453018188477,1365200,0.0,0.0,0.0
2021-03-09,15.151452868794086,15.239696960813161,15.116154558740032,15.222047805786133,810800,0.0,0.0,0.0
2021-03-10,15.195576629989395,15.195576629989395,15.080860469244184,15.16910457611084,1612900,0.0,0.0,0.0
2021-03-11,15.257345471644205,15.292642097091901,15.213222585939594,15.274992942810059,1216100,0.0,0.0,0.0
2021-03-12,15.22204834202886,15.274994125859054,15.17792713602305,15.266169548034668,532900,0.0,0.0,0.0
2021-03-15,15.222049253328803,15.257347566739556,15.177928044681586,15.23969841003418,717000,0.0,0.0,0.0
2021-03-16,15.274993704502414,15.336764064453076,15.257346232456564,15.319116592407227,695700,0.0,0.0,0.0
2021-03-17,15.266168365669136,15.274992942810059,15.213222585939594,15.274992942810059,673400,0.0,0.0,0.0
2021-03-18,15.248520941421445,15.248520941421445,14.939667473002823,14.948492050170898,1595200,0.0,0.0,0.0
2021-03-19,14.948493462949967,15.010263825848396,14.895545994937466,14.9308443069458,1091500,0.0,0.0,0.0
2021-03-22,14.930845030640016,14.948494187499634,14.82495177259855,14.939669609069824,1427700,0.0,0.0,0.0
2021-03-23,14.824949841839377,14.974964289376194,14.816126947674874,14.904369354248047,1212400,0.0,0.0,0.0
2021-03-24,14.886721839828288,14.92201846573246,14.86024810806315,14.877897262573242,674500,0.0,0.0,0.0
2021-03-25,14.851424676195958,14.869073832067208,14.789654313762727,14.833775520324707,1168800,0.0,0.0,0.0
2021-03-26,14.877898522049454,14.948493462949967,14.877898522049454,14.9308443069458,657600,0.0,0.0,0.0
2021-03-29,14.886722527875754,14.886722527875754,14.816127589688579,14.851424217224121,601000,0.0,0.0,0.0
2021-03-30,14.798479158644382,14.798479158644382,14.621990962980544,14.66611385345459,1181900,0.0,0.0,0.0
2021-03-31,14.621989427416128,15.036736138735646,14.621989427416128,14.948492050170898,2311000,0.0,0.0,0.0
2021-04-01,15.036738752177776,15.089684541272405,14.8778997017776,14.92202091217041,1736600,0.0,0.0,0.0
2021-04-05,14.974965513840063,15.05438503274266,14.922019728943717,14.9308443069458,750100,0.0,0.0,0.0
2021-04-06,14.992615503227873,15.080859605037714,14.966141767750047,15.036738395690918,383700,0.0,0.0,0.0
2021-04-07,15.072035367718433,15.142630314141057,15.045561631641343,15.116156578063965,570400,0.0,0.0,0.0
2021-04-08,15.16910395734086,15.266170956129965,15.160279378702528,15.25734806060791,1281500,0.0,0.0,0.0
2021-04-09,15.301468775386773,15.327942510444837,15.222049253328803,15.23969841003418,727100,0.0,0.0,0.0
2021-04-12,15.222048416850553,15.222048416850553,15.124979743421301,15.133804321289062,674700,0.0,0.0,0.0
2021-04-13,15.22204974605458,15.301469270683297,15.213225167416248,15.25734806060791,791400,0.0,0.0,0.0
2021-04-14,15.345590923787384,15.48678081984432,15.345590923787384,15.43383502960205,880200,0.0,0.0,0.0
2021-04-15,15.513253632120959,15.513253632120959,15.425009531564575,15.469132423400879,832600,0.0,0.0,0.0
2021-04-16,15.513254556523618,15.557375767872788,15.398538397145979,15.43383502960205,606900,0.0,0.0,0.0
2021-04-19,15.486781120300293,15.53972859468611,15.442659908095136,15.486781120300293,434200,0.0,0.0,0.0
2021-04-20,15.619146651463398,15.725038224024882,15.619146651463398,15.67209243774414,1442600,0.0,0.0,0.0
2021-04-21,15.672092283291141,15.769160959779361,15.619146497532196,15.742687225341797,756700,0.0,0.0,0.0
2021-04-22,15.795631116718418,15.998591340383351,15.725036183134268,15.936820983886719,1553100,0.0,0.0,0.0
2021-04-23,15.972120177197771,16.06918716430664,15.92799728931549,16.06918716430664,834900,0.0,0.0,0.0
2021-04-26,16.201555247423165,16.39569091796875,16.113311148769284,16.39569091796875,2563200,0.0,0.0,0.0
2021-04-27,16.39569091796875,16.536880802568483,16.228027298837997,16.39569091796875,2050700,0.0,0.0,0.0
2021-04-28,16.192729491779943,16.395689725744134,16.15743118163866,16.210378646850586,1571200,0.0,0.0,0.0
2021-04-29,16.263326501608443,16.263326501608443,16.051541663118243,16.139785766601562,1210300,0.0,0.0,0.0
2021-04-30,16.051539659150386,16.254499893641885,16.033890504033888,16.23685073852539,712000,0.0,0.0,0.0
2021-05-03,16.386864878450233,16.395689455840284,16.122134289212823,16.18390464782715,2236900,0.0,0.0,0.0
2021-05-04,16.263326945307746,16.378043104784375,16.219204050804176,16.316272735595703,1908800,0.0,0.0,0.0
2021-05-05,16.448637520730003,16.713369829837866,16.369217996309274,16.695720672607422,2055500,0.0,0.0,0.0
2021-05-06,16.76631473219871,16.969274980272175,16.695719790124624,16.95162582397461,2428200,0.0,0.0,0.0
2021-05-07,16.9869230677389,17.083991738151695,16.828084037287443,17.057518005371094,3591100,0.0,0.0,0.0
2021-05-10,16.98692340638405,16.98692340638405,16.74866485595703,16.74866485595703,3319400,0.0,0.0,0.0
2021-05-11,16.854559093222257,16.986924401284348,16.854559093222257,16.978099822998047,2297200,0.0,0.0,0.0
2021-05-12,16.942803969457266,17.004574337176095,16.801614076638145,16.81926155090332,2470000,0.0,0.0,0.0
2021-05-13,16.6692465363299,16.67807111473314,16.210380241175205,16.35157012939453,2850600,0.0,0.0,0.0
2021-05-14,16.501586120384744,16.501586120384744,16.17508342176855,16.201557159423828,1911900,0.0,0.0,0.0
2021-05-17,16.23685192195143,16.29862228624524,16.14860782305333,16.22802734375,1364600,0.0,0.0,0.0
2021-05-18,16.40451431274414,16.483933827491786,16.351568530617733,16.40451431274414,1763300,0.0,0.0,0.0
2021-05-19,16.183905678102754,16.245676040649414,16.060364953009437,16.245676040649414,1636500,0.0,0.0,0.0
2021-05-20,16.245675775048646,16.316270714392974,16.175080835704314,16.219202041625977,961000,0.0,0.0,0.0
2021-05-21,16.13978492796809,16.254501078354288,16.113311193363803,16.22802734375,1319500,0.0,0.0,0.0
2021-05-24,16.042714468037396,16.148606028454406,16.00741615915439,16.130958557128906,1448300,0.0,0.0,0.0
2021-05-25,16.19273025575018,16.25450061829568,15.95447170040371,16.05154037475586,1194400,0.0,0.0,0.0
2021-05-26,16.016242103727894,16.12213535630132,15.901525956296485,16.078012466430664,1082800,0.0,0.0,0.0
2021-05-27,16.14860777836112,16.43098923067678,16.14860777836112,16.39569091796875,1116200,0.0,0.0,0.0
2021-05-28,16.448635517330136,16.54570418715861,16.395689735203728,16.40451431274414,790100,0.0,0.0,0.0
2021-06-01,16.678069343701512,16.84573294932648,16.607474407088272,16.66924476623535,1344500,0.0,0.0,0.0
2021-06-02,16.739841882567262,16.7927893542586,16.528057045150735,16.695720672607422,937500,0.0,0.0,0.0
2021-06-03,16.731015114225627,16.731015114225627,16.422163318696185,16.475109100341797,744700,0.0,0.0,0.0
2021-06-04,16.56335403450719,16.80161258870818,16.56335403450719,16.77513885498047,634200,0.0,0.0,0.0
2021-06-07,16.88103161488796,16.889856193419913,16.713369672129613,16.766315460205078,1252100,0.0,0.0,0.0
2021-06-08,16.8369083404541,16.933977009284764,16.792787136321646,16.8369083404541,549700,0.0,0.0,0.0
2021-06-09,16.77513839654373,16.828084179436097,16.660420569974832,16.792787551879883,681600,0.0,0.0,0.0
2021-06-10,16.84573322621239,16.951624791314714,16.80161202127243,16.889854431152344,618800,0.0,0.0,0.0
2021-06-11,16.775139119858178,16.810435748936317,16.64277381536186,16.801612854003906,629500,0.0,0.0,0.0
2021-06-14,16.351567208942043,16.572176580272593,16.325093478460644,16.483932495117188,1675100,0.0,0.0,0.0
2021-06-15,16.307446515220708,16.3692168781917,16.245676152249715,16.342744827270508,1328300,0.0,0.0,0.0
2021-06-16,16.35156975545382,16.42216469794906,16.22802734375,16.22802734375,1857900,0.0,0.0,0.0
2021-06-17,15.989769703262574,16.069187537060774,15.59267211869101,15.601496696472168,2853100,0.0,0.0,0.0
2021-06-18,15.866228138115922,16.03389175860938,15.751511987114844,15.90152645111084,1996100,0.0,0.0,0.0
2021-06-21,15.742686994653067,15.980945551751226,15.707388682586899,15.945647239685059,2234300,0.0,0.0,0.0
2021-06-22,15.910349460425078,15.93682150944463,15.7868070602417,15.7868070602417,909300,0.0,0.0,0.0
2021-06-23,15.839756207621118,15.901526572718412,15.725038372626527,15.795633316040039,521300,0.0,0.0,0.0
2021-06-24,15.592672763094631,15.786808432954889,15.477956613430885,15.742687225341797,1346800,0.0,0.0,0.0
2021-06-25,15.786809620307494,15.804458777926627,15.645619725587053,15.733863830566406,540000,0.0,0.0,0.0
2021-06-28,15.786807414324338,16.0780117418831,15.786807414324338,16.06918716430664,1097300,0.0,0.0,0.0
2021-06-29,16.05153865651956,16.139782743473962,15.98094372357923,16.007415771484375,483800,0.0,0.0,0.0
2021-06-30,15.919175072304652,16.475110018350932,15.830930975900886,16.43981170654297,1597700,0.0,0.0,0.0
2021-07-01,16.633949367350343,16.686895152939545,16.280974658228708,16.298622131347656,1558200,0.0,0.0,0.0
2021-07-02,16.378041034088074,16.386865611873084,16.148607061026112,16.192729949951172,810700,0.0,0.0,0.0
2021-07-06,16.175082672346864,16.175082672346864,15.645619725587053,15.733863830566406,1817800,0.0,0.0,0.0
2021-07-07,15.716215364415108,15.760338260404218,15.592674621878365,15.707390785217285,1086900,0.0,0.0,0.0
2021-07-08,15.610320549090588,15.72503668868439,15.592671394348146,15.592671394348145,848700,0.0,0.0,0.0
2021-07-09,15.59267120852445,15.65444156627082,15.530900850778078,15.627967834472656,577100,0.0,0.0,0.0
2021-07-12,15.6985654857058,15.901525726833608,15.680916330012218,15.892701148986816,1259600,0.0,0.0,0.0
2021-07-13,15.8838752044776,15.9809438693243,15.822104847980967,15.936820983886719,469800,0.0,0.0,0.0
2021-07-14,16.025067665535357,16.166257555557284,16.016243087019454,16.113311767578125,615800,0.0,0.0,0.0
2021-07-15,16.086836435283885,16.192729683847713,16.086836435283885,16.166255950927734,585800,0.0,0.0,0.0
2021-07-16,16.289796478436347,16.351568521183594,16.201554069315264,16.210378646850586,1297300,0.0,0.0,0.0
2021-07-19,16.210380340788763,16.219203236129985,15.945648036413559,16.01624298095703,1441000,0.0,0.0,0.0
2021-07-20,16.219201890536926,16.360393451026443,16.183905262751622,16.289796829223633,1024400,0.0,0.0,0.0
2021-07-21,16.404515189217886,16.545705071175963,16.333920248238847,16.536880493164062,747100,0.0,0.0,0.0
2021-07-22,16.589827412341023,16.72219440845309,16.54570620238118,16.695720672607422,713400,0.0,0.0,0.0
2021-07-23,16.766315048008362,16.783964204638366,16.589826847940735,16.616300582885742,729700,0.0,0.0,0.0
2021-07-26,16.79278898920884,17.004573822021484,16.722194044937957,17.004573822021484,1117600,0.0,0.0,0.0
2021-07-27,17.031043845027597,17.110463358259505,16.82808361481985,16.907503128051758,734700,0.0,0.0,0.0
2021-07-28,16.969275665327714,17.004573979347853,16.854559510994765,16.933979034423828,806200,0.0,0.0,0.0
2021-07-29,16.916328848326415,16.925153426294617,16.810435595824156,16.872207641601562,624700,0.0,0.0,0.0
2021-07-30,16.633948591327595,16.633948591327595,16.422163775734997,16.457460403442383,910400,0.0,0.0,0.0
2021-08-02,16.43980961098152,16.554527426618325,16.43980961098152,16.483932495117188,426200,0.0,0.0,0.0
2021-08-03,16.439812537627102,16.598651582560464,16.439812537627102,16.545705795288086,316300,0.0,0.0,0.0
2021-08-04,16.554529803391226,16.625124745027847,16.439811971284108,16.466285705566406,587100,0.0,0.0,0.0
2021-08-05,16.554529190063477,16.598650395783157,16.528055456762004,16.554529190063477,265500,0.0,0.0,0.0
2021-08-06,16.58100163660232,16.660419464111328,16.519229597026012,16.660419464111328,266700,0.0,0.0,0.0
2021-08-09,16.563353767830634,16.607474973550314,16.528055456762004,16.554529190063477,605800,0.0,0.0,0.0
2021-08-10,16.686895022488578,16.810435748936317,16.686895022488578,16.801612854003906,623500,0.0,0.0,0.0
2021-08-11,16.810435595824156,16.881030536453615,16.766314389099303,16.872207641601562,939200,0.0,0.0,0.0
2021-08-12,16.828084449030655,17.092816733965808,16.828084449030655,17.013397216796875,693400,0.0,0.0,0.0
2021-08-13,17.083991738151695,17.092816315745228,16.9869230677389,17.057518005371094,631700,0.0,0.0,0.0
2021-08-16,17.136939278816303,17.14576385731522,17.031046019945514,17.128114700317383,418700,0.0,0.0,0.0
2021-08-17,17.07516639163315,17.083990968829298,16.94280109992294,17.022220611572266,727300,0.0,0.0,0.0
2021-08-18,17.031044006347656,17.066342316169983,16.995747379641383,17.031044006347656,1094800,0.0,0.0,0.0
2021-08-19,16.916328273000765,16.933977428336917,16.739840085871425,16.792787551879883,970500,0.0,0.0,0.0
2021-08-20,16.722192649099647,16.77513843210425,16.589825666914003,16.625123977661133,537900,0.0,0.0,0.0
2021-08-23,16.71336818653466,16.79278770314665,16.686894453291963,16.722192764282227,1560000,0.0,0.0,0.0
2021-08-24,16.766312537256795,16.925151556908308,16.766312537256795,16.898677825927734,802900,0.0,0.0,0.0
2021-08-25,16.845734514935955,17.01339813614325,16.845734514935955,16.978099822998047,1103500,0.0,0.0,0.0
2021-08-26,16.960449635810015,16.97809879131015,16.88985469692558,16.91632843017578,396200,0.0,0.0,0.0
2021-08-27,16.99574882447726,17.075168345213022,16.978099668065717,17.048694610595703,757300,0.0,0.0,0.0
2021-08-30,17.16341156258441,17.189883612725843,17.039869157165338,17.110464096069336,446000,0.0,0.0,0.0
2021-08-31,16.986922372701923,16.986922372701923,16.819258771517056,16.88102912902832,630000,0.0,0.0,0.0
2021-09-01,16.854559865666243,16.942803969457266,16.783964919256686,16.81926155090332,1446300,0.0,0.0,0.0
2021-09-02,16.89867869948596,16.91632785438536,16.8369083404541,16.8369083404541,694400,0.0,0.0,0.0
2021-09-03,16.84573410181849,16.881030730981884,16.81043578953893,16.82808494567871,276700,0.0,0.0,0.0
2021-09-07,16.85455806426351,16.86338264201108,16.71336818653466,16.722192764282227,855800,0.0,0.0,0.0
2021-09-08,16.775139626323362,16.81043625646716,16.616300582885742,16.616300582885742,525400,0.0,0.0,0.0
2021-09-09,16.536879459447686,16.60747439601385,16.46628452288152,16.475109100341797,749000,0.0,0.0,0.0
2021-09-10,16.413338890284553,16.457460094870548,16.316270220456083,16.40451431274414,1512800,0.0,0.0,0.0
2021-09-13,16.351568946405116,16.395690152113026,16.298621479816294,16.360393524169922,2118700,0.0,0.0,0.0
2021-09-14,16.378041038057578,16.457460555025815,16.36039356559939,16.386865615844727,1329700,0.0,0.0,0.0
2021-09-15,16.483934251042324,16.554529190063477,16.44863593997369,16.554529190063477,569900,0.0,0.0,0.0
2021-09-16,16.51040748169568,16.545705795288086,16.386866750354724,16.545705795288086,550100,0.0,0.0,0.0
2021-09-17,16.50158371105185,16.50158371105185,16.36921672521825,16.413339614868164,653500,0.0,0.0,0.0
2021-09-20,16.254499435424805,16.28979606154671,16.201553654683934,16.254499435424805,1144200,0.0,0.0,0.0
2021-09-21,16.272149048758383,16.298621098317057,16.166255801175474,16.23685073852539,374400,0.0,0.0,0.0
2021-09-22,16.35156898781224,16.41333934920618,16.34274441002509,16.386865615844727,268700,0.0,0.0,0.0
2021-09-23,16.448636699302163,16.598651162036838,16.448636699302163,16.589826583862305,619900,0.0,0.0,0.0
2021-09-24,16.5368807979313,16.60747574021137,16.519231641582234,16.589826583862305,486900,0.0,0.0,0.0
2021-09-27,16.616300690529194,16.739841421507123,16.616300690529194,16.713369369506836,937900,0.0,0.0,0.0
2021-09-28,16.757490881673125,16.77514003873703,16.68689593653375,16.766315460205078,853800,0.0,0.0,0.0
2021-09-29,16.801613774332893,16.810436669748587,16.722194250661566,16.766315460205078,736400,0.0,0.0,0.0
2021-09-30,16.801612700972104,16.942802582231018,16.766314389099303,16.872207641601562,1177000,0.0,0.0,0.0
2021-10-01,16.94280288502372,17.136938554445177,16.93397830689781,17.11928939819336,1008800,0.0,0.0,0.0
2021-10-04,17.08399200439453,17.20753272639715,17.031044538008175,17.08399200439453,1079400,0.0,0.0,0.0
2021-10-05,16.951626088139147,16.99574897957065,16.88985572325125,16.978099822998047,368300,0.0,0.0,0.0
2021-10-06,16.933978350793225,16.986924136569744,16.872207986867924,16.95162582397461,858500,0.0,0.0,0.0
2021-10-07,17.004572487931103,17.09281658212559,16.969274177006866,17.08399200439453,1405600,0.0,0.0,0.0
2021-10-08,17.16341301431306,17.21635880219033,17.119290121818462,17.128114700317383,750500,0.0,0.0,0.0
2021-10-11,17.083991279627195,17.145761638007972,17.039868392843758,17.075166702270508,875700,0.0,0.0,0.0
2021-10-12,17.172233686962002,17.172233686962002,17.048692970200445,17.075166702270508,1269700,0.0,0.0,0.0
2021-10-13,16.951626135522343,16.951626135522343,16.766315040340675,16.810436248779297,1339400,0.0,0.0,0.0
2021-10-14,16.86338306363336,16.898679692390015,16.810435595824156,16.872207641601562,1030300,0.0,0.0,0.0
2021-10-15,16.94280433654785,17.004574705605027,16.889856863256284,16.94280433654785,743300,0.0,0.0,0.0
2021-10-18,16.92515300792585,16.942802163425984,16.854558069041413,16.91632843017578,1011200,0.0,0.0,0.0
2021-10-19,16.889855114421813,16.925153426294617,16.819260173792358,16.872207641601562,445200,0.0,0.0,0.0
2021-10-20,16.854558790393998,16.925153732299805,16.828085056010753,16.925153732299805,464100,0.0,0.0,0.0
2021-10-21,16.85455883462484,16.898680042263187,16.731016423628336,16.757490158081055,582100,0.0,0.0,0.0
2021-10-22,16.775138589265403,16.836908950535495,16.704543650225855,16.74866485595703,493400,0.0,0.0,0.0
2021-10-25,16.819259493378766,16.90750358637476,16.819259493378766,16.889854431152344,1018400,0.0,0.0,0.0
2021-10-26,16.889856442952734,17.031046335317434,16.8545598114197,16.98692512512207,989800,0.0,0.0,0.0
2021-10-27,16.933978350793225,17.06634365679261,16.91632919449566,16.95162582397461,1455300,0.0,0.0,0.0
2021-10-28,17.022221112008125,17.110463520331837,16.97809822473022,17.031044006347656,755300,0.0,0.0,0.0
2021-10-29,16.995746879983823,17.03986808284856,16.925151945530644,17.022220611572266,904200,0.0,0.0,0.0
2021-11-01,17.136939384521217,17.26930469658898,17.12811480596786,17.225183486938477,1185100,0.0,0.0,0.0
2021-11-02,17.18988605536789,17.242833529406678,17.092819052529475,17.163414001464844,1278400,0.0,0.0,0.0
2021-11-03,17.119287758026836,17.25165305100144,17.083991132021083,17.145761489868164,634900,0.0,0.0,0.0
2021-11-04,17.128112024535255,17.26047731510823,17.057517090688602,17.092815399169922,1050500,0.0,0.0,0.0
2021-11-05,17.066344187868978,17.066344187868978,16.986924665174705,17.004573822021484,466300,0.0,0.0,0.0
2021-11-08,17.004574018725982,17.03104607118614,16.942803652163946,16.960451126098633,1204100,0.0,0.0,0.0
2021-11-09,16.960449599275805,17.101639476740544,16.87220718819742,17.08399200439453,1420800,0.0,0.0,0.0
2021-11-10,17.110463489286754,17.207532158005975,17.092816017523663,17.198707580566406,893500,0.0,0.0,0.0
2021-11-11,17.198707697806583,17.339897571570067,17.198707697806583,17.2957763671875,1151900,0.0,0.0,0.0
2021-11-12,17.33989845124947,17.46344085939706,17.322249295354652,17.428142547607422,1475300,0.0,0.0,0.0
2021-11-15,17.489913022212658,17.54285880712029,17.454616393312953,17.525211334228516,1999900,0.0,0.0,0.0
2021-11-16,17.472264587773726,17.53403663635254,17.454617114153148,17.53403663635254,582700,0.0,0.0,0.0
2021-11-17,17.604629223039293,17.76346656305457,17.586980068665596,17.745819091796875,2447200,0.0,0.0,0.0
2021-11-18,17.781117055251926,17.85171199494217,17.63992717587144,17.666400909423828,972600,0.0,0.0,0.0
2021-11-19,17.719346275640785,17.763467480738388,17.666400492900443,17.710521697998047,697500,0.0,0.0,0.0
2021-11-22,17.6752256408946,17.807590943574713,17.6752256408946,17.789941787719727,1577300,0.0,0.0,0.0
2021-11-23,17.78111618829455,17.922306060791016,17.745819561728457,17.922306060791016,991500,0.0,0.0,0.0
2021-11-24,17.895834427467957,17.975253942982093,17.878185272216797,17.878185272216797,897300,0.0,0.0,0.0
2021-11-26,17.657576525291415,17.67522568118663,17.472263754623906,17.622278213500977,1210000,0.0,0.0,0.0
2021-11-29,17.692872418015952,17.692872418015952,17.36637146311621,17.4193172454834,1270900,0.0,0.0,0.0
2021-11-30,17.242831037321388,17.27812766512952,17.048693693470295,17.08399200439453,2694000,0.0,0.0,0.0
2021-12-01,17.13693752059682,17.19870788063548,17.039868850184025,17.057518005371094,2502500,0.0,0.0,0.0
2021-12-02,17.269304840707683,17.410494732507075,17.20753447343498,17.348724365234375,1377800,0.0,0.0,0.0
2021-12-03,17.463440133386115,17.525210493333848,17.36637146311621,17.4193172454834,715100,0.0,0.0,0.0
2021-12-06,17.436966708352664,17.48991249165418,17.34872261410607,17.47226333618164,631000,0.0,0.0,0.0
2021-12-07,17.481088597759122,17.481088597759122,17.384021605095207,17.45461654663086,557100,0.0,0.0,0.0
2021-12-08,17.454615363922716,17.48108741325726,17.39284332153799,17.46343994140625,617200,0.0,0.0,0.0
2021-12-09,17.36637306213379,17.410494270982916,17.269304382926236,17.36637306213379,1429700,0.0,0.0,0.0
2021-12-10,17.322250930027383,17.41049503471279,17.31342803436352,17.401670455932617,512500,0.0,0.0,0.0
2021-12-13,17.38402088361628,17.48108787225168,17.366371728185808,17.445791244506836,1149200,0.0,0.0,0.0
2021-12-14,17.436966666791598,17.472263294536447,17.39284377821542,17.445791244506836,717100,0.0,0.0,0.0
2021-12-15,17.419318849375987,17.428143427769058,17.251655226140095,17.36637306213379,1023900,0.0,0.0,0.0
2021-12-16,17.313425680749024,17.44579097822503,17.286951948007392,17.4193172454834,650400,0.0,0.0,0.0
2021-12-17,17.37519826030675,17.39284573460615,17.27812957763672,17.27812957763672,604400,0.0,0.0,0.0
2021-12-20,17.136937060651288,17.145761638007972,17.039868392843758,17.075166702270508,1220500,0.0,0.0,0.0
2021-12-21,17.13694024183687,17.36637424635322,17.110466504852404,17.3575496673584,687000,0.0,0.0,0.0
2021-12-22,17.463439835182385,17.56050682067871,17.463439835182385,17.56050682067871,787500,0.0,0.0,0.0
2021-12-23,17.55168441296782,17.631103936538228,17.507563203480373,17.58698272705078,437300,0.0,0.0,0.0
2021-12-27,17.578157689079934,17.61345431912407,17.560508532499757,17.604631423950195,462900,0.0,0.0,0.0
2021-12-28,17.551682810857475,17.56050738857271,17.436966666791598,17.445791244506836,458100,0.0,0.0,0.0
2021-12-29,17.436966409029438,17.63110206654653,17.436966409029438,17.613452911376953,784200,0.0,0.0,0.0
2021-12-30,17.56050697000416,17.57815612501395,17.472262878071263,17.489912033081055,502300,0.0,0.0,0.0
2021-12-31,17.489912910123145,17.507562066017964,17.401668813765195,17.428142547607422,352600,0.0,0.0,0.0
2022-01-03,17.375198825348043,17.436969195195456,17.295779297510986,17.3575496673584,556500,0.0,0.0,0.0
2022-01-04,17.410492975143857,17.52521080259926,17.392843819671317,17.47226333618164,755100,0.0,0.0,0.0
2022-01-05,17.401668507168857,17.428142240544652,17.34872272353339,17.37519645690918,1111200,0.0,0.0,0.0
2022-01-06,17.33107593037393,17.36637424635322,17.251656402536874,17.3575496673584,523800,0.0,0.0,0.0
2022-01-07,17.419316640356605,17.50756072998047,17.38402001437667,17.50756072998047,445500,0.0,0.0,0.0
2022-01-10,17.39284511419677,17.40166969258984,17.24283233086325,17.36637306213379,714500,0.0,0.0,0.0
2022-01-11,17.3398980363698,17.48991249165418,17.278127675332016,17.47226333618164,830000,0.0,0.0,0.0
2022-01-12,17.53403610691734,17.53403610691734,17.419318274708218,17.481088638305664,1310300,0.0,0.0,0.0
2022-01-13,17.516387065195143,17.516387065195143,17.35754802455434,17.384021759033203,626000,0.0,0.0,0.0
2022-01-14,17.428142507444065,17.595806121826172,17.419317929516993,17.595806121826172,778800,0.0,0.0,0.0
2022-01-18,17.55168255139952,17.6487512217161,17.516385924176447,17.613452911376953,1514700,0.0,0.0,0.0
2022-01-19,17.728169689680797,17.913480758666992,17.728169689680797,17.913480758666992,2120900,0.0,0.0,0.0
2022-01-20,17.939955632479773,17.99290141511717,17.878185272216797,17.878185272216797,1584400,0.0,0.0,0.0
2022-01-21,17.834064180916155,17.834064180916155,17.719348026457837,17.781118392944336,2368100,0.0,0.0,0.0
2022-01-24,17.64875304244372,17.75464630126953,17.525212309743814,17.75464630126953,2892300,0.0,0.0,0.0
2022-01-25,17.754646144644823,17.860537719420254,17.72817240939285,17.825241088867188,2217400,0.0,0.0,0.0
2022-01-26,17.816416246416846,17.84288829816028,17.745821303240675,17.79876708984375,1739400,0.0,0.0,0.0
2022-01-27,17.736996002427063,17.754645158281207,17.578156965972028,17.595806121826172,1318400,0.0,0.0,0.0
2022-01-28,17.675225185350484,17.80759048461914,17.666400607650427,17.80759048461914,1381800,0.0,0.0,0.0
2022-01-31,17.842885927620987,17.887008813191724,17.763466416709647,17.81641387939453,1911300,0.0,0.0,0.0
2022-02-01,17.922307658253867,18.089971277956238,17.922307658253867,18.06349754333496,2257000,0.0,0.0,0.0
2022-02-02,18.107620855769085,18.107620855769085,17.966430967402232,18.019376754760742,2341100,0.0,0.0,0.0
2022-02-03,17.992901380783103,18.142915833899536,17.98407680317436,18.045848846435547,1201300,0.0,0.0,0.0
2022-02-04,18.08114752907785,18.195865367915626,18.04585089774672,18.169391632080078,1670200,0.0,0.0,0.0
2022-02-07,18.23998714291653,18.310582090882026,18.213513406260848,18.248811721801758,1397100,0.0,0.0,0.0
2022-02-08,18.257635263729114,18.390000573257073,18.23116152857703,18.381175994873047,1453900,0.0,0.0,0.0
2022-02-09,18.487068894729457,18.69002914428711,18.487068894729457,18.69002914428711,2476700,0.0,0.0,0.0
2022-02-10,18.751798626074155,18.857691876533664,18.54001380827125,18.557662963867188,2255500,0.0,0.0,0.0
2022-02-11,18.55766589281922,18.672382056066205,18.49589383848397,18.619436264038086,1741900,0.0,0.0,0.0
2022-02-14,18.53118850683642,18.548837661743164,18.35470032400108,18.548837661743164,2028300,0.0,0.0,0.0
2022-02-15,18.451769141572044,18.478242874145508,18.40764793706567,18.478242874145508,1187600,0.0,0.0,0.0
2022-02-16,18.504715231829323,18.5488381201867,18.487067759602464,18.53118896484375,1655400,0.0,0.0,0.0
2022-02-17,18.575311201343226,18.60178493582741,18.51354083732964,18.592960357666016,1512900,0.0,0.0,0.0
2022-02-18,18.592960317301745,18.637083208012935,18.548839109706737,18.56648826599121,1414500,0.0,0.0,0.0
2022-02-22,18.592959748606777,18.884164085928965,18.575310592862127,18.87533950805664,2983900,0.0,0.0,0.0
2022-02-23,18.928287701234503,18.945935174539844,18.813569867610717,18.884164810180664,2783200,0.0,0.0,0.0
2022-02-24,19.307734583595703,19.325383740125098,18.672380096583343,18.787097930908203,6757900,0.0,0.0,0.0
2022-02-25,18.425297055173683,18.513541155186505,18.204687646699725,18.25763511657715,3970800,0.0,0.0,0.0
2022-02-28,18.49589153052274,18.531189842881133,18.32822959616889,18.469419479370117,4196400,0.0,0.0,0.0
2022-03-01,18.813568953710416,18.998881720902272,18.734149436787636,18.919462203979492,5063200,0.0,0.0,0.0
2022-03-02,19.104774483206633,19.104774483206633,18.83121928731302,18.9106388092041,5534800,0.0,0.0,0.0
2022-03-03,19.04300507494301,19.545994283452213,18.9812347066161,19.334209442138672,10096800,0.0,0.0,0.0
2022-03-04,19.696007709427132,19.978387482834282,19.06065321926104,19.272438049316406,11291500,0.0,0.0,0.0
2022-03-07,19.616586685180664,19.66953415097601,19.281261150723903,19.616586685180664,8382600,0.0,0.0,0.0
2022-03-08,19.616586643230836,19.801899406886086,19.131246656290664,19.59011459350586,7919100,0.0,0.0,0.0
2022-03-09,19.42245205145639,19.42245205145639,19.095949394287885,19.29008674621582,5167100,0.0,0.0,0.0
2022-03-10,19.387155088744656,19.41362882488227,19.087126144983536,19.210668563842773,4536700,0.0,0.0,0.0
2022-03-11,19.13124816261283,19.334208414359694,19.02535490602704,19.272438049316406,2564100,0.0,0.0,0.0
2022-03-14,19.175368386297844,19.395977783332423,19.13124718013738,19.237138748168945,3182000,0.0,0.0,0.0
2022-03-15,19.06065049488835,19.219489515505785,18.981230984579636,19.166542053222656,3719700,0.0,0.0,0.0
2022-03-16,19.166544539644033,19.219492008795882,18.84004356212191,18.85769271850586,2675400,0.0,0.0,0.0
2022-03-17,18.884163138851704,19.131246257536702,18.884163138851704,19.07830047607422,2197900,0.0,0.0,0.0
2022-03-18,18.998883359001145,19.087125778198242,18.937111309200414,19.087125778198242,1799000,0.0,0.0,0.0
2022-03-21,19.29008557232587,19.554816166696945,19.28126099476469,19.493045806884766,5344800,0.0,0.0,0.0
2022-03-22,19.590115246036977,19.598938140828462,19.42245163202436,19.528343200683594,3391600,0.0,0.0,0.0
2022-03-23,19.651884995710894,19.757776561069413,19.57246548013396,19.616586685180664,3799100,0.0,0.0,0.0
2022-03-24,19.57246459397491,19.61658579702399,19.431274724478644,19.484220504760742,4133200,0.0,0.0,0.0
2022-03-25,19.49304740312032,19.64306186771251,19.466573668268918,19.63423728942871,2659100,0.0,0.0,0.0
2022-03-28,19.360680084299993,19.395976710653088,19.263611416375923,19.34303092956543,3978400,0.0,0.0,0.0
2022-03-29,19.069475338093124,19.281260140833645,18.88416258374767,19.193016052246094,4256100,0.0,0.0,0.0
2022-03-30,19.307733913111733,19.49304668400276,19.298911018269624,19.431276321411133,3382400,0.0,0.0,0.0
2022-03-31,19.484221725250137,19.616587025804733,19.281261485525352,19.3077335357666,2748000,0.0,0.0,0.0
2022-04-01,19.30773337923796,19.395977473264328,19.148896029729816,19.184192657470703,1578200,0.0,0.0,0.0
2022-04-04,19.3606798167687,19.387151865388713,19.23713741844993,19.316556930541992,1818100,0.0,0.0,0.0
2022-04-05,19.475395806806823,19.59011362700895,19.378327140961332,19.38715171813965,3493100,0.0,0.0,0.0
2022-04-06,19.31655796246301,19.387152901081024,19.272436756995287,19.378328323364258,2217500,0.0,0.0,0.0
2022-04-07,19.378330034156583,19.448926662123238,19.32538424629784,19.422452926635742,1680300,0.0,0.0,0.0
2022-04-08,19.51952052907815,19.731305351934306,19.51952052907815,19.72248077392578,5542100,0.0,0.0,0.0
2022-04-11,19.80189953011916,19.898966518241625,19.722480014217815,19.881319046020508,5246900,0.0,0.0,0.0
2022-04-12,19.996036110855293,20.093104786566567,19.951914903595352,20.040157318115234,3947400,0.0,0.0,0.0
2022-04-13,19.97838501022646,20.031332473524465,19.863668872646134,20.013683319091797,2928800,0.0,0.0,0.0
2022-04-14,19.969562224751822,19.996035958776144,19.88131981090306,19.916616439819336,3274300,0.0,0.0,0.0
2022-04-18,20.01368302711756,20.190169519521508,20.004858450029964,20.15487289428711,3882200,0.0,0.0,0.0
2022-04-19,20.075455282499657,20.075455282499657,19.94308997989761,19.960739135742188,4469000,0.0,0.0,0.0
2022-04-20,20.031334117118995,20.048981589883653,19.846021346602864,19.987211227416992,3067400,0.0,0.0,0.0
2022-04-21,19.987210460910003,20.013684193715942,19.890143473520386,19.951913833618164,2723100,0.0,0.0,0.0
2022-04-22,19.9166149769685,19.94308870904836,19.696005592317782,19.704830169677734,3439600,0.0,0.0,0.0
2022-04-25,19.5195198475978,19.58129020838475,19.378328287506925,19.545991897583008,5558100,0.0,0.0,0.0
2022-04-26,19.68718208355453,19.731304972749232,19.457748109090453,19.59893798828125,3047500,0.0,0.0,0.0
2022-04-27,19.61658714395913,19.67835750571559,19.54599220436373,19.59893798828125,3381900,0.0,0.0,0.0
2022-04-28,19.651886749562728,19.704832536967185,19.537168913217457,19.687183380126953,1983300,0.0,0.0,0.0
2022-04-29,19.731306748343684,19.740131326976734,19.46657443870093,19.475399017333984,1489100,0.0,0.0,0.0
2022-05-02,19.38715316671235,19.413626900225367,19.21949123714492,19.404802322387695,2133500,0.0,0.0,0.0
2022-05-03,19.448924593229957,19.545991580126035,19.263611830762766,19.29891014099121,1353500,0.0,0.0,0.0
2022-05-04,19.431277807284996,19.537169384649076,19.34303370407075,19.475399017333984,1749400,0.0,0.0,0.0
2022-05-05,19.563642197316277,19.563642197316277,19.404803155649688,19.510696411132812,1611400,0.0,0.0,0.0
2022-05-06,19.39597877940298,19.431277092636982,19.22831684089012,19.272438049316406,2595600,0.0,0.0,0.0
2022-05-09,19.157718955464272,19.17536811092145,18.769447634102967,18.8223934173584,6074400,0.0,0.0,0.0
2022-05-10,19.034177202569378,19.087122982957165,18.93710853592842,18.954757690429688,2063800,0.0,0.0,0.0
2022-05-11,19.148895688752464,19.343031345660695,19.131246533638244,19.29891014099121,3349700,0.0,0.0,0.0
2022-05-12,19.219489801099613,19.4136254496746,19.113596558075802,19.38715171813965,3303800,0.0,0.0,0.0
2022-05-13,19.413626862072725,19.581290474426776,19.334207344805865,19.572465896606445,1971300,0.0,0.0,0.0
2022-05-16,19.960737247707975,20.207818673696696,19.943088093532783,20.15487289428711,7783600,0.0,0.0,0.0
2022-05-17,20.03133468256989,20.304889873979747,20.03133468256989,20.260766983032227,5074300,0.0,0.0,0.0
2022-05-18,20.048981320331755,20.05780589815351,19.731304934329092,19.7666015625,3828600,0.0,0.0,0.0
2022-05-19,19.65188469662902,19.837195774744224,19.590114337257283,19.757776260375977,2145700,0.0,0.0,0.0
2022-05-20,19.66953678873315,19.704833420880703,19.590117262505768,19.62541389465332,1437700,0.0,0.0,0.0
2022-05-23,19.6871830293462,19.810725441910343,19.660710977673762,19.80190086364746,2111400,0.0,0.0,0.0
2022-05-24,19.740130702677963,19.740130702677963,19.44010177110795,19.563642501831055,1493100,0.0,0.0,0.0
2022-05-25,19.378329615275373,19.510696606735358,19.343032985171266,19.46657371520996,1982200,0.0,0.0,0.0
2022-05-26,19.51069492904903,19.75777636788037,19.484221196410214,19.660709381103516,1786600,0.0,0.0,0.0
2022-05-27,19.696006166344105,19.846020619603305,19.678357011109828,19.784250259399414,1629400,0.0,0.0,0.0
2022-05-31,19.766601598151695,19.766601598151695,19.369505694153123,19.404802322387695,2333800,0.0,0.0,0.0
2022-06-01,19.49304496116346,19.59011362700895,19.272435581053518,19.38715171813965,1886500,0.0,0.0,0.0
2022-06-02,19.528341707809822,19.598936642557955,19.466571350294707,19.484220504760742,1806200,0.0,0.0,0.0
2022-06-03,19.440100015672844,19.475396642785217,19.272436408319876,19.29891014099121,2339000,0.0,0.0,0.0
2022-06-06,19.510695992686447,19.607762984754967,19.45774852452235,19.55481719970703,1460400,0.0,0.0,0.0
2022-06-07,19.501871832916205,19.528343884449836,19.38715399921647,19.510696411132812,2303500,0.0,0.0,0.0
2022-06-08,19.563641318786114,19.660709991693636,19.51952011280058,19.572465896606445,2097400,0.0,0.0,0.0
2022-06-09,19.484221801519254,19.634236258232644,19.475397223698923,19.572465896606445,1103500,0.0,0.0,0.0
2022-06-10,19.466574135998652,19.493047871486144,19.351857981785336,19.422452926635742,1473400,0.0,0.0,0.0
2022-06-13,19.307734836047256,19.307734836047256,18.981233851565435,19.20184326171875,3358700,0.0,0.0,0.0
2022-06-14,19.193018379105304,19.2283166920661,19.087125123339113,19.148897171020508,1970000,0.0,0.0,0.0
2022-06-15,19.06065356885451,19.23714008891283,19.043004411913802,19.1577205657959,2272200,0.0,0.0,0.0
2022-06-16,19.228315510152783,19.404802014760012,19.219490932455006,19.351856231689453,2835300,0.0,0.0,0.0
2022-06-17,19.4312760947537,19.510695612335436,19.237138748168945,19.237138748168945,2004300,0.0,0.0,0.0
2022-06-21,19.18419534762246,19.24596571716799,18.990059660034163,19.02535629272461,5814000,0.0,0.0,0.0
2022-06-22,18.954760372437942,19.016530738816577,18.787098430300574,18.795921325683594,3535600,0.0,0.0,0.0
2022-06-23,18.628256771408136,18.654728820077665,18.22233463294323,18.231159210205078,8575400,0.0,0.0,0.0
2022-06-24,18.372350119761908,18.407648430806653,18.266458552859895,18.292930603027344,3052900,0.0,0.0,0.0
2022-06-27,18.275283103003442,18.292932260124594,18.054673688337832,18.072322845458984,2489300,0.0,0.0,0.0
2022-06-28,18.195862005388907,18.2929289859491,18.134089966521195,18.1517391204834,2234500,0.0,0.0,0.0
2022-06-29,18.301755139200967,18.301755139200967,18.204686467164603,18.26645851135254,1828800,0.0,0.0,0.0
2022-06-30,18.19586395765069,18.26645889795778,17.97525455880152,17.98407745361328,2619500,0.0,0.0,0.0
2022-07-01,17.966430758942735,17.966430758942735,17.62227893731493,17.631103515625,4772800,0.0,0.0,0.0
2022-07-05,17.53403510504346,17.5428579995251,17.189883311196684,17.25165367126465,4820200,0.0,0.0,0.0
2022-07-06,17.428142434662625,17.45461616833329,17.18988388097506,17.331073760986328,4061500,0.0,0.0,0.0
2022-07-07,17.648752936206385,17.745821615952718,17.57815799178621,17.657577514648438,2504800,0.0,0.0,0.0
2022-07-08,17.73699600409654,18.001726609469088,17.728171426168636,17.98407745361328,1228600,0.0,0.0,0.0
2022-07-11,18.0899693524396,18.10761850697519,17.84288623828939,17.869359970092773,925400,0.0,0.0,0.0
2022-07-12,17.684049947162308,17.74582030858971,17.36637187911725,17.37519645690918,2139300,0.0,0.0,0.0
2022-07-13,17.436965942382812,17.639926172053084,17.39284305563969,17.436965942382812,3541200,0.0,0.0,0.0
2022-07-14,17.339899641899535,17.348724220452887,17.19870975127842,17.225183486938477,4642600,0.0,0.0,0.0
2022-07-15,17.26047954189739,17.401669427805718,17.207533755460815,17.33989906311035,841500,0.0,0.0,0.0
2022-07-18,17.622277604686754,17.807590368952077,17.622277604686754,17.710521697998047,1408200,0.0,0.0,0.0
2022-07-19,17.525211902455617,17.666401788864597,17.44579238096104,17.604631423950195,1758800,0.0,0.0,0.0
2022-07-20,17.639928053994335,17.64875263228442,17.525211902455617,17.604631423950195,1240000,0.0,0.0,0.0
2022-07-21,17.384020459068694,17.489912022833277,17.269302634688323,17.2957763671875,1981600,0.0,0.0,0.0
2022-07-22,17.110463520331837,17.2428304990495,17.022221112008125,17.031044006347656,1712600,0.0,0.0,0.0
2022-07-25,17.234006922600397,17.286952707293093,17.101639936194434,17.260478973388672,834600,0.0,0.0,0.0
2022-07-26,17.47226333618164,17.52521080259926,17.36637176957861,17.47226333618164,1071200,0.0,0.0,0.0
2022-07-27,17.604630699753248,17.64875190627247,17.52521118152573,17.595806121826172,1275200,0.0,0.0,0.0
2022-07-28,17.728173064188166,17.8164171685045,17.71052390670164,17.763469696044922,1410700,0.0,0.0,0.0
2022-07-29,17.86053508184928,17.94877916987477,17.781115570937942,17.81641387939453,1411700,0.0,0.0,0.0
2022-08-01,17.586980861738667,17.63110206654653,17.42814183144465,17.613452911376953,1604400,0.0,0.0,0.0
2022-08-02,17.45461716294827,17.53403668536968,17.357548483740718,17.36637306213379,1636800,0.0,0.0,0.0
2022-08-03,17.542857504334247,17.58698039107737,17.322248119966723,17.436965942382812,976200,0.0,0.0,0.0
2022-08-04,17.436967688714972,17.728172037919904,17.410493954017724,17.701698303222656,825700,0.0,0.0,0.0
2022-08-05,17.578157006879074,17.73699604370375,17.560507850983857,17.622278213500977,1172800,0.0,0.0,0.0
2022-08-08,17.59580627430477,17.78111736303072,17.59580627430477,17.71934700012207,1345800,0.0,0.0,0.0
2022-08-09,17.77229263186474,17.816415521502204,17.692873113633446,17.789941787719727,1171700,0.0,0.0,0.0
2022-08-10,17.94878063215452,18.0811459334185,17.887010270439067,18.028200149536133,1428600,0.0,0.0,0.0
2022-08-11,18.08114779060644,18.195865631103516,18.08114779060644,18.195865631103516,1143100,0.0,0.0,0.0
2022-08-12,18.178213429750006,18.239983787466926,18.028198982530633,18.231159210205078,1518600,0.0,0.0,0.0
2022-08-15,18.06349544599679,18.151739534705573,17.992900511652966,18.10761833190918,1569500,0.0,0.0,0.0
2022-08-16,18.01937534219615,18.089970280845538,17.82523968168936,17.834062576293945,1118900,0.0,0.0,0.0
2022-08-17,17.895834620338746,17.939955825826075,17.7987659485273,17.834062576293945,886400,0.0,0.0,0.0
2022-08-18,17.834062724153757,17.834062724153757,17.569332122802734,17.569332122802734,1780300,0.0,0.0,0.0
2022-08-19,17.59580392668591,17.763465837035444,17.534033572018615,17.73699378967285,1044400,0.0,0.0,0.0
2022-08-22,17.736995396439685,17.922306477228613,17.701697085937365,17.878185272216797,1183400,0.0,0.0,0.0
2022-08-23,17.957603928861563,18.169388732398073,17.957603928861563,18.134090423583984,1954200,0.0,0.0,0.0
2022-08-24,18.231160852700906,18.301755794039764,18.09879554808007,18.204687118530273,1663800,0.0,0.0,0.0
2022-08-25,18.18703830335573,18.22233492986224,18.054671325387215,18.089969635009766,1455200,0.0,0.0,0.0
2022-08-26,18.15174098838835,18.345878335718364,18.116444359947703,18.31940460205078,2184800,0.0,0.0,0.0
2022-08-29,18.231160769971538,18.38999980804223,18.169390406969857,18.34587860107422,2410200,0.0,0.0,0.0
2022-08-30,18.26645851135254,18.301755139200967,18.187038994798442,18.26645851135254,2312500,0.0,0.0,0.0
2022-08-31,18.204687118530273,18.24881000881466,18.125269282250702,18.204687118530273,1109300,0.0,0.0,0.0
2022-09-01,18.107618820390154,18.16056460179732,17.895834011645455,17.922306060791016,2429900,0.0,0.0,0.0
2022-09-02,18.001726609469088,18.10761986148779,17.97525455880152,17.98407745361328,739000,0.0,0.0,0.0
2022-09-06,18.001726416036888,18.037024727369214,17.904659426105233,18.028200149536133,1218600,0.0,0.0,0.0
2022-09-07,18.019374000313373,18.266457108744273,17.89583328765591,17.913480758666992,1670000,0.0,0.0,0.0
2022-09-08,17.931133231563038,18.019377335414948,17.789943338646502,17.904661178588867,2038600,0.0,0.0,0.0
2022-09-09,18.01937700564347,18.239986419677734,18.01055242710815,18.239986419677734,1405700,0.0,0.0,0.0
2022-09-12,18.20468824931586,18.363527297973633,18.134093303591992,18.363527297973633,1550700,0.0,0.0,0.0
2022-09-13,18.20468882737562,18.301757511996797,18.18704135272149,18.248811721801758,1185900,0.0,0.0,0.0
2022-09-14,18.195862464008634,18.257632821317284,18.116442952292946,18.134090423583984,765500,0.0,0.0,0.0
2022-09-15,18.13409373920655,18.28410821286293,18.10762168587186,18.12527084350586,901700,0.0,0.0,0.0
2022-09-16,18.010549666017923,18.151739534705573,17.948779308856572,18.10761833190918,844400,0.0,0.0,0.0
2022-09-19,17.97525304040401,18.134090380340616,17.948779308856572,18.10761833190918,1103900,0.0,0.0,0.0
2022-09-20,18.178214984986692,18.398824386059065,18.160565828953025,18.34587860107422,1002200,0.0,0.0,0.0
2022-09-21,18.36352569454933,18.38117485021832,18.178214609373345,18.222335815429688,1328400,0.0,0.0,0.0
2022-09-22,18.231159210205078,18.284104990660147,18.151739697964466,18.231159210205078,733400,0.0,0.0,0.0
2022-09-23,18.01055057036833,18.01055057036833,17.79876575670266,17.878185272216797,2370100,0.0,0.0,0.0
2022-09-26,17.913483716736902,18.037026132911016,17.58698272705078,17.58698272705078,4199800,0.0,0.0,0.0
2022-09-27,17.79876640622087,17.842887612842773,17.613453635553366,17.622278213500977,2556800,0.0,0.0,0.0
2022-09-28,17.666403415172304,17.78994415637384,17.666403415172304,17.772294998168945,1036600,0.0,0.0,0.0
2022-09-29,17.80759212848837,17.834064180916155,17.6928742909138,17.781118392944336,695700,0.0,0.0,0.0
2022-09-30,17.816415366655114,17.887010306345356,17.657576331573033,17.666400909423828,1828100,0.0,0.0,0.0
2022-10-03,17.69287372499024,17.754645772617152,17.63110336047953,17.701698303222656,885500,0.0,0.0,0.0
2022-10-04,17.816416667619485,17.913483664833876,17.719347987288845,17.75464630126953,1551100,0.0,0.0,0.0
2022-10-05,17.754645007325113,17.91348235931352,17.74582042947307,17.860536575317383,1432600,0.0,0.0,0.0
2022-10-06,17.825241285517727,17.825241285517727,17.6928742909138,17.781118392944336,636600,0.0,0.0,0.0
2022-10-07,17.798765906919083,17.84288711230327,17.736995546134786,17.80759048461914,603200,0.0,0.0,0.0
2022-10-10,17.948781810577316,18.072322542119252,17.93995723216486,18.019376754760742,849300,0.0,0.0,0.0
2022-10-11,17.975255702631415,18.01055233347294,17.922308231694757,17.948781967163086,687500,0.0,0.0,0.0
2022-10-12,17.851711690003327,17.90465915620367,17.754644701534897,17.80759048461914,1106400,0.0,0.0,0.0
2022-10-13,17.65757602995037,17.869360845403442,17.631102296850198,17.80759048461914,1054400,0.0,0.0,0.0
2022-10-14,17.825240715360284,17.869361923406164,17.66640167340919,17.701698303222656,549500,0.0,0.0,0.0
2022-10-17,17.719347459687487,17.772293245965788,17.684050829874025,17.701698303222656,516900,0.0,0.0,0.0
2022-10-18,17.63110332048586,17.67522621154785,17.58698211254006,17.67522621154785,798400,0.0,0.0,0.0
2022-10-19,17.613453177246416,17.675225221272356,17.57815654949055,17.63992691040039,768200,0.0,0.0,0.0
2022-10-20,17.648752212524414,17.745820888290474,17.648752212524414,17.648752212524414,450900,0.0,0.0,0.0
2022-10-21,17.595804113861384,17.78111517983452,17.57815496002129,17.69287109375,1902400,0.0,0.0,0.0
2022-10-24,17.7105230372994,17.71934761560947,17.631103515625,17.631103515625,936400,0.0,0.0,0.0
2022-10-25,17.551683690454325,17.62227863259796,17.54285911229685,17.578157424926758,948600,0.0,0.0,0.0
2022-10-26,17.560506510508382,17.604629396878323,17.49873615270648,17.50756072998047,1695000,0.0,0.0,0.0
2022-10-27,17.54286035018274,17.586983244083594,17.384022981488577,17.401670455932617,1261500,0.0,0.0,0.0
2022-10-28,17.30460048682068,17.3398971127696,17.207531820008125,17.313425064086914,941300,0.0,0.0,0.0
2022-10-31,17.46344070683993,17.551683119310866,17.38402118912318,17.498737335205078,1141800,0.0,0.0,0.0
2022-11-01,17.560505806181197,17.710520247590093,17.542856652341104,17.69287109375,1188800,0.0,0.0,0.0
2022-11-02,17.622278172491253,17.67522564005369,17.5869815438991,17.595806121826172,953800,0.0,0.0,0.0
2022-11-03,17.45461494945256,17.551681933234395,17.419316640356605,17.50756072998047,482500,0.0,0.0,0.0
2022-11-04,17.701696662653763,17.745819549726594,17.61345257162414,17.72817039489746,723500,0.0,0.0,0.0
2022-11-07,17.701697691560938,17.79876636564722,17.657576485039613,17.789941787719727,1010200,0.0,0.0,0.0
2022-11-08,17.73699661615232,17.78994240243062,17.675226251641607,17.701698303222656,720400,0.0,0.0,0.0
2022-11-09,17.684050259134242,17.72817146575614,17.604630740721902,17.622278213500977,771400,0.0,0.0,0.0
2022-11-10,17.657577055123056,17.701698263068852,17.569332956115264,17.67522621154785,1432900,0.0,0.0,0.0
2022-11-11,17.754645312136244,17.807591097041353,17.69287326611144,17.71934700012207,966200,0.0,0.0,0.0
2022-11-14,17.622277604686754,17.763467480738388,17.613453027044017,17.710521697998047,647100,0.0,0.0,0.0
2022-11-15,17.622279802385304,17.83406464287473,17.613455223642042,17.763469696044922,951100,0.0,0.0,0.0
2022-11-16,17.710522881455073,17.710522881455073,17.63110336047953,17.701698303222656,758300,0.0,0.0,0.0
2022-11-17,17.507563399765495,17.551684609747607,17.481089663906467,17.54286003112793,1302900,0.0,0.0,0.0
2022-11-18,17.55168342590332,17.58698173800119,17.52521137494608,17.55168342590332,552400,0.0,0.0,0.0
2022-11-21,17.55168441296782,17.604631884092264,17.507563203480373,17.58698272705078,772100,0.0,0.0,0.0
2022-11-22,17.586980861738667,17.675224954470462,17.57815628415388,17.613452911376953,1316700,0.0,0.0,0.0
2022-11-23,17.516387978385172,17.569333766986958,17.49873882114582,17.54286003112793,1524800,0.0,0.0,0.0
2022-11-25,17.525212057984138,17.666401945646115,17.516387479615734,17.53403663635254,464100,0.0,0.0,0.0
2022-11-28,17.436965942382812,17.481087146009905,17.37519558405847,17.436965942382812,978600,0.0,0.0,0.0
2022-11-29,17.472262878071263,17.60462985752864,17.45461540617753,17.489912033081055,1088900,0.0,0.0,0.0
2022-11-30,17.560505806181197,17.70169567067005,17.525209181616958,17.69287109375,1369200,0.0,0.0,0.0
2022-12-01,17.631103210755438,17.648752367070394,17.551683690454325,17.578157424926758,2622400,0.0,0.0,0.0
2022-12-02,17.525211334228516,17.56933254113218,17.463440971316917,17.525211334228516,1518700,0.0,0.0,0.0
2022-12-05,17.551682810857475,17.56050738857271,17.419317511361125,17.445791244506836,1568900,0.0,0.0,0.0
2022-12-06,17.445790861044024,17.47226291049177,17.27812725437202,17.322248458862305,1384700,0.0,0.0,0.0
2022-12-07,17.348723641369148,17.375197376145536,17.269304120156185,17.33989906311035,730000,0.0,0.0,0.0
2022-12-08,17.36637352248837,17.36637352248837,17.242832787942966,17.348724365234375,701300,0.0,0.0,0.0
2022-12-09,17.348723069953934,17.41049343261477,17.25165439542053,17.260478973388672,1672700,0.0,0.0,0.0
2022-12-12,17.313428753674586,17.42814491635024,17.278130437087384,17.41049575805664,1032200,0.0,0.0,0.0
2022-12-13,17.534035187382813,17.60463012538001,17.507561454465332,17.516386032104492,1419100,0.0,0.0,0.0
2022-12-14,17.46344070683993,17.551683119310866,17.43696697322897,17.498737335205078,1381100,0.0,0.0,0.0
2022-12-15,17.52521034310064,17.57815612501395,17.463439983682427,17.489912033081055,972500,0.0,0.0,0.0
2022-12-16,17.41049221033694,17.481087146009905,17.37519558405847,17.436965942382812,1932900,0.0,0.0,0.0
2022-12-19,17.45115701307133,17.477758303701012,17.397952740478633,17.442289352416992,1334500,0.096,0.0,0.0
2022-12-20,17.495492965129195,17.610770857954304,17.486625304809323,17.575300216674805,1659800,0.0,0.0,0.0
2022-12-21,17.584166366781282,17.770383834838867,17.584166366781282,17.770383834838867,2161700,0.0,0.0,0.0
2022-12-22,17.761515888650646,17.823587813223767,17.726045250989948,17.814720153808594,1722500,0.0,0.0,0.0
2022-12-23,17.859056008636717,17.912261962890625,17.81471940475815,17.912261962890625,1543200,0.0,0.0,0.0
2022-12-27,17.867925537292667,17.983203425571897,17.832456588745117,17.832456588745117,2237600,0.0,0.0,0.0
2022-12-28,17.92112954983482,17.99207082858315,17.903395921480914,17.956600189208984,2219100,0.0,0.0,0.0
2022-12-29,17.876793303944005,17.92999757274943,17.85905798389779,17.8679256439209,1874700,0.0,0.0,0.0
2022-12-30,17.8679256439209,17.94773289279564,17.841324355184792,17.8679256439209,859500,0.0,0.0,0.0
2023-01-03,17.83245652195599,17.867925470370693,17.61077009753121,17.672842025756836,448600,0.0,0.0,0.0
2023-01-04,17.58416581994524,17.59303347922775,17.451154313373742,17.46002197265625,1160100,0.0,0.0,0.0
2023-01-05,17.46002395513341,17.468891615422784,17.380216703862278,17.415685653686523,464200,0.0,0.0,0.0
2023-01-06,17.424552885294027,17.451155865507666,17.335877975915114,17.344745635986328,540100,0.0,0.0,0.0
2023-01-09,17.406818389892578,17.539831605929766,17.397952420734512,17.406818389892578,1029500,0.0,0.0,0.0
2023-01-10,17.335878235507973,17.335878235507973,17.22060203552246,17.22060203552246,964000,0.0,0.0,0.0
2023-01-11,17.202867006281732,17.202867006281732,17.149662735490466,17.176265716552734,1194300,0.0,0.0,0.0
2023-01-12,17.19399758331173,17.327010783654167,17.131925658529582,17.291540145874023,1461100,0.0,0.0,0.0
2023-01-13,17.247204257426382,17.3270115044184,17.22946893779856,17.318143844604492,615600,0.0,0.0,0.0
2023-01-17,17.29153978987052,17.389082350424577,17.264936812083125,17.38021469116211,698400,0.0,0.0,0.0
2023-01-18,17.42455285281002,17.451155832974067,17.264938354492188,17.264938354492188,1088200,0.0,0.0,0.0
2023-01-19,17.291540396775794,17.3004080563495,17.140793566689037,17.167396545410156,611600,0.0,0.0,0.0
2023-01-20,17.087590908679797,17.229470092544986,17.069855587863326,17.211734771728516,612800,0.0,0.0,0.0
2023-01-23,17.22946746091836,17.22946746091836,17.15852787982107,17.185129165649414,974300,0.0,0.0,0.0
2023-01-24,17.220600167820898,17.309275068910207,17.21173250857866,17.30040740966797,491600,0.0,0.0,0.0
2023-01-25,17.300409026963482,17.38021627627118,17.300409026963482,17.344745635986328,786200,0.0,0.0,0.0
2023-01-26,17.513227890842714,17.610770460828473,17.504360230722806,17.58416748046875,1132500,0.0,0.0,0.0
2023-01-27,17.584167801865213,17.655107392787855,17.53096353150655,17.619638442993164,399700,0.0,0.0,0.0
2023-01-30,17.699444930581624,17.75265089506234,17.690578961168185,17.717180252075195,974400,0.0,0.0,0.0
2023-01-31,17.770385191154006,17.94773332185619,17.75264987068381,17.938865661621094,1040500,0.0,0.0,0.0
2023-02-01,17.90339505662724,17.929996343539663,17.7083099321596,17.814720153808594,1336200,0.0,0.0,0.0
2023-02-02,17.903395490769203,17.965467416847517,17.85018953298796,17.88566017150879,1015600,0.0,0.0,0.0
2023-02-03,17.81472134244729,17.894528591175682,17.76151707373943,17.788118362426758,1863300,0.0,0.0,0.0
2023-02-06,17.823589293488567,17.823589293488567,17.64623947312222,17.74378204345703,411200,0.0,0.0,0.0
2023-02-07,17.726046433712053,17.83245666246098,17.708311113698365,17.788118362426758,545300,0.0,0.0,0.0
2023-02-08,17.77038426568602,17.850189820979175,17.71717830704636,17.841323852539062,441400,0.0,0.0,0.0
2023-02-09,17.88566009854684,17.88566009854684,17.726045608520508,17.726045608520508,1063700,0.0,0.0,0.0
2023-02-10,17.752648267024135,17.912262754170833,17.752648267024135,17.894527435302734,1712400,0.0,0.0,0.0
2023-02-13,17.876792655027995,18.01867182758114,17.876792655027995,18.00093650817871,779600,0.0,0.0,0.0
2023-02-14,18.000937364278375,18.160551863825,17.97433607524276,18.1428165435791,1205500,0.0,0.0,0.0
2023-02-15,18.0896120290979,18.09847968910071,17.938865191716534,17.9920711517334,768700,0.0,0.0,0.0
2023-02-16,17.956600329677457,18.089611845704727,17.956600329677457,18.071876525878906,659800,0.0,0.0,0.0
2023-02-17,18.12508212355655,18.20488936984649,18.12508212355655,18.160551071166992,1033000,0.0,0.0,0.0
2023-02-21,18.293563767545034,18.391106339614648,18.26696247795024,18.337902069091797,817500,0.0,0.0,0.0
2023-02-22,18.337902437344702,18.337902437344702,18.240359863316282,18.24922752380371,474800,0.0,0.0,0.0
2023-02-23,18.266961728649612,18.293563017153236,18.18715448047235,18.231491088867188,285200,0.0,0.0,0.0
2023-02-24,18.09847896505745,18.09847896505745,17.96546745300293,17.96546745300293,842500,0.0,0.0,0.0
2023-02-27,18.00093719431716,18.009804854356382,17.929997605336595,17.94773292541504,955600,0.0,0.0,0.0
2023-02-28,17.974334281668312,17.9832019409064,17.89452703985859,17.90339469909668,522700,0.0,0.0,0.0
2023-03-01,17.921128474672805,18.054141673012737,17.912262506694344,18.0186710357666,783800,0.0,0.0,0.0
2023-03-02,17.96546622581151,18.000935170647757,17.876791326721353,17.912261962890625,922000,0.0,0.0,0.0
2023-03-03,17.921128474672805,18.071875300302732,17.885659528759742,18.0186710357666,2627000,0.0,0.0,0.0
2023-03-06,17.894528261637372,18.009804456937054,17.86792528210675,17.956600189208984,759400,0.0,0.0,0.0
2023-03-07,17.921130737395984,17.992072020845306,17.88566178700461,17.92999839782715,581900,0.0,0.0,0.0
2023-03-08,17.8945281927912,17.8945281927912,17.788117966411278,17.796985626220703,914600,0.0,0.0,0.0
2023-03-09,17.823588063775933,17.876792329681795,17.6817088938049,17.690576553344727,1198900,0.0,0.0,0.0
2023-03-10,17.672841664819405,17.779250199223497,17.672841664819405,17.761516571044922,1000400,0.0,0.0,0.0
2023-03-13,17.637371386008937,17.770384593730363,17.628503726071962,17.672842025756836,1149400,0.0,0.0,0.0
2023-03-14,17.655106705882886,17.743781613919438,17.61077009753121,17.672842025756836,842100,0.0,0.0,0.0
2023-03-15,17.557563746564878,17.58416672578284,17.468890531837975,17.47775650024414,1213400,0.0,0.0,0.0
2023-03-16,17.62850329588522,17.663973934767533,17.557563709453753,17.60190200805664,858300,0.0,0.0,0.0
2023-03-17,17.62850408973506,17.62850408973506,17.513227890842714,17.58416748046875,795500,0.0,0.0,0.0
2023-03-20,17.539831266728573,17.60190319763443,17.513228285768946,17.575300216674805,679700,0.0,0.0,0.0
2023-03-21,17.71717667967062,17.72604433862937,17.58416517795531,17.593032836914062,346500,0.0,0.0,0.0
2023-03-22,17.63737244064514,17.63737244064514,17.460024305300607,17.530963897705078,552000,0.0,0.0,0.0
2023-03-23,17.504359769029353,17.55756403701226,17.415684861502385,17.433420181274414,726800,0.0,0.0,0.0
2023-03-24,17.513226139889312,17.708309569023367,17.513226139889312,17.69944190979004,989500,0.0,0.0,0.0
2023-03-27,17.761517106310052,17.894528623990215,17.761517106310052,17.8679256439209,757300,0.0,0.0,0.0
2023-03-28,17.8413243876108,17.95660058545426,17.8413243876108,17.94773292541504,632100,0.0,0.0,0.0
2023-03-29,17.88566046007228,17.91226343939211,17.814720873219237,17.841323852539062,528900,0.0,0.0,0.0
2023-03-30,17.992070144293212,18.018671431478936,17.93886418725554,18.009803771972656,606500,0.0,0.0,0.0
2023-03-31,17.912263649024506,18.15168370037231,17.912263649024506,18.116214752197266,938200,0.0,0.0,0.0
2023-04-03,18.204888864369494,18.293562076600082,18.116213960805794,18.133949279785156,437800,0.0,0.0,0.0
2023-04-04,18.142815608153942,18.19602156614839,18.04527473449707,18.04527473449707,1995900,0.0,0.0,0.0
2023-04-05,18.071875663357392,18.18715354539013,18.071875663357392,18.133949279785156,461600,0.0,0.0,0.0
2023-04-06,18.19602027818391,18.32016412205076,18.178284960107778,18.311296463012695,1111300,0.0,0.0,0.0
2023-04-10,18.28469700860298,18.391105545051445,18.240358708971794,18.355636596679688,474600,0.0,0.0,0.0
2023-04-11,18.408840610048948,18.515249145024274,18.408840610048948,18.479780197143555,2304700,0.0,0.0,0.0
2023-04-12,18.479779367742555,18.479779367742555,18.39997212442635,18.417707443237305,498200,0.0,0.0,0.0
2023-04-13,18.60392285743555,18.66599478074194,18.488646670056976,18.50638198852539,711900,0.0,0.0,0.0
2023-04-14,18.462045700593837,18.550720611248607,18.435444411330675,18.541852951049805,644100,0.0,0.0,0.0
2023-04-17,18.603924188674,18.807875291655684,18.595056528805248,18.799009323120117,1008100,0.0,0.0,0.0
2023-04-18,18.73693702269665,18.94975749185803,18.73693702269665,18.887683868408203,587100,0.0,0.0,0.0
2023-04-19,18.781272055587962,18.905415898209203,18.719200134277344,18.719200134277344,795000,0.0,0.0,0.0
2023-04-20,18.62165875813688,18.692598342895508,18.577322151912657,18.692598342895508,621500,0.0,0.0,0.0
2023-04-21,18.63052858223927,18.66599753307299,18.497517056779518,18.568456649780273,578000,0.0,0.0,0.0
2023-04-24,18.603924227542592,18.781274042621746,18.550719959552122,18.674863815307617,371400,0.0,0.0,0.0
2023-04-25,18.532983817290884,18.639394039882564,18.444308913686665,18.612791061401367,1009500,0.0,0.0,0.0
2023-04-26,18.657128170641148,18.71033243288198,18.595054558138344,18.639392852783203,336900,0.0,0.0,0.0
2023-04-27,18.665995724050692,18.71033402246242,18.532984211481807,18.603923797607422,406800,0.0,0.0,0.0
2023-04-28,18.497516661736114,18.612792863650444,18.479781341031366,18.57732391357422,737300,0.0,0.0,0.0
2023-05-01,18.568455868941015,18.568455868941015,18.34676943871934,18.382238388061523,414900,0.0,0.0,0.0
2023-05-02,18.364501698914246,18.435442974977438,18.213756561279297,18.213756561279297,526700,0.0,0.0,0.0
2023-05-03,18.178285243612397,18.329032066944457,18.133948639063636,18.26696014404297,1837500,0.0,0.0,0.0
2023-05-04,18.178286780821324,18.382237885125207,18.178286780821324,18.355636596679688,529400,0.0,0.0,0.0
2023-05-05,18.399974509732967,18.6837328821613,18.399974509732967,18.648263931274414,290000,0.0,0.0,0.0
2023-05-08,18.64826318210218,18.657130842300983,18.524117630652203,18.541852951049805,250500,0.0,0.0,0.0
2023-05-09,18.47091117638576,18.612790340121183,18.444308198935474,18.5861873626709,634200,0.0,0.0,0.0
2023-05-10,18.50638474506025,18.6837328821613,18.50638474506025,18.648263931274414,666600,0.0,0.0,0.0
2023-05-11,18.497514289418934,18.559586212591526,18.39997172938597,18.42657470703125,1833000,0.0,0.0,0.0
2023-05-12,18.506383573323976,18.559587841952318,18.39110568474049,18.47091293334961,513500,0.0,0.0,0.0
2023-05-15,18.532985352368097,18.754671784074255,18.532985352368097,18.701467514038086,460100,0.0,0.0,0.0
2023-05-16,18.719203496323537,18.76354010769902,18.524118347071482,18.568456649780273,430900,0.0,0.0,0.0
2023-05-17,18.506381948634026,18.568453871806618,18.373368751740696,18.42657470703125,465000,0.0,0.0,0.0
2023-05-18,18.266961688750506,18.37337022519897,18.231491049045555,18.355636596679688,379200,0.0,0.0,0.0
2023-05-19,18.568453871806618,18.60392281733393,18.408839388601063,18.42657470703125,359000,0.0,0.0,0.0
2023-05-22,18.417707839039405,18.435443158231497,18.364501881463127,18.40884017944336,460600,0.0,0.0,0.0
2023-05-23,18.45317758036641,18.47978056029962,18.3733703319,18.39110565185547,473800,0.0,0.0,0.0
2023-05-24,18.355635551373535,18.417707475989165,18.26696064849416,18.293561935424805,365900,0.0,0.0,0.0
2023-05-25,18.2226225636688,18.2226225636688,18.054142106701715,18.089611053466797,552800,0.0,0.0,0.0
2023-05-26,18.204889404982232,18.275828991673194,18.1871540854762,18.240358352661133,347200,0.0,0.0,0.0
2023-05-30,18.178286282757707,18.187153942440982,18.098479036941388,18.12508201599121,520400,0.0,0.0,0.0
2023-05-31,18.045275664893122,18.169419523947948,18.036408004770173,18.1428165435791,1719100,0.0,0.0,0.0
2023-06-01,18.320165274816024,18.435443158231497,18.293562296027883,18.40884017944336,495400,0.0,0.0,0.0
2023-06-02,18.426576036437094,18.559587551593633,18.337901129221674,18.515249252319336,4954200,0.0,0.0,0.0
2023-06-05,18.47091404722943,18.532985979594585,18.453178726172727,18.488649368286133,591500,0.0,0.0,0.0
2023-06-06,18.568453272684426,18.657128170641148,18.524114978039567,18.639392852783203,1154800,0.0,0.0,0.0
2023-06-07,18.62165908109802,18.665995688091186,18.497515228450638,18.52411651611328,441500,0.0,0.0,0.0
2023-06-08,18.57732300597352,18.861081358053326,18.57732300597352,18.8344783782959,636800,0.0,0.0,0.0
2023-06-09,18.728070130269703,18.81674334815996,18.701467150102694,18.790142059326172,333300,0.0,0.0,0.0
2023-06-12,18.799009429952516,18.89655030639671,18.799009429952516,18.8344783782959,411600,0.0,0.0,0.0
2023-06-13,18.87881789924867,18.932022170872365,18.834479596784508,18.887683868408203,306800,0.0,0.0,0.0
2023-06-14,18.825610751774484,18.949756299529536,18.825610751774484,18.91428565979004,517200,0.0,0.0,0.0
2023-06-15,19.073899895762597,19.260115677855197,19.065032235948685,19.242382049560547,401200,0.0,0.0,0.0
2023-06-16,19.31332262996177,19.508406081900805,19.31332262996177,19.49953842163086,534000,0.0,0.0,0.0
2023-06-20,19.49953839110805,19.49953839110805,19.366526869933583,19.41973114013672,874000,0.0,0.0,0.0
2023-06-21,19.472933289477833,19.623680114746094,19.455199662230388,19.623680114746094,607100,0.0,0.0,0.0
2023-06-22,19.472933427126303,19.517271723891014,19.3310542601454,19.464067459106445,1377600,0.0,0.0,0.0
2023-06-23,19.19804328287495,19.393128411362845,19.056164111974546,19.09163475036621,463200,0.0,0.0,0.0
2023-06-26,19.100505112685024,19.304456238296787,19.056166808421573,19.073902130126953,488100,0.0,0.0,0.0
2023-06-27,18.976357480679848,18.976357480679848,18.80787532553647,18.878816604614258,358900,0.0,0.0,0.0
2023-06-28,18.665996551513672,18.745803800859484,18.648262922695995,18.665996551513672,445700,0.0,0.0,0.0
2023-06-29,18.58618876676453,18.612791746224534,18.47091257177085,18.559587478637695,503400,0.0,0.0,0.0
2023-06-30,18.683731079101562,18.84334557102235,18.683731079101562,18.683731079101562,1392300,0.0,0.0,0.0
2023-07-03,18.76353771634566,18.94975518132313,18.76353771634566,18.896549224853516,505600,0.0,0.0,0.0
2023-07-05,18.976357554335802,18.985225214254946,18.790141770033376,18.8344783782959,710200,0.0,0.0,0.0
2023-07-06,18.807874283965738,18.896549186569015,18.77240533772428,18.816741943359375,379300,0.0,0.0,0.0
2023-07-07,18.781273680027855,18.896549873670537,18.736935381447477,18.763538360595703,539200,0.0,0.0,0.0
2023-07-10,18.807876084927273,18.8788173668694,18.781274795532227,18.781274795532227,554400,0.0,0.0,0.0
2023-07-11,18.861082606495675,18.994094131420663,18.82561196447125,18.967491149902344,814400,0.0,0.0,0.0
2023-07-12,18.976356828922157,19.091634712131068,18.80787467956543,18.80787467956543,971200,0.0,0.0,0.0
2023-07-13,18.807874644818217,18.940887846941703,18.790141017023792,18.93202018737793,1008400,0.0,0.0,0.0
2023-07-14,19.109367696004558,19.171441310973876,19.047295772368305,19.144838333129883,710200,0.0,0.0,0.0
2023-07-17,19.22464622481469,19.22464622481469,19.002959809291152,19.01182746887207,838600,0.0,0.0,0.0
2023-07-18,19.091635321607708,19.31332174418931,19.091635321607708,19.277851104736328,1142500,0.0,0.0,0.0
2023-07-19,19.384261826835097,19.53500866569398,19.384261826835097,19.508405685424805,633800,0.0,0.0,0.0
2023-07-20,19.605947964143354,19.632549252684566,19.51727305589518,19.55274200439453,680500,0.0,0.0,0.0
2023-07-21,19.50840528930908,19.561609557433904,19.464068681093927,19.51727294921875,668300,0.0,0.0,0.0
2023-07-24,19.641417723786947,19.845368837247204,19.641417723786947,19.818767547607422,1204000,0.0,0.0,0.0
2023-07-25,19.79216417081334,19.845368440362147,19.73895990126453,19.827634811401367,408900,0.0,0.0,0.0
2023-07-26,19.774428924902644,19.836502546165192,19.650285065044034,19.783296585083008,798900,0.0,0.0,0.0
2023-07-27,19.765563910140134,19.765563910140134,19.597081741247063,19.60594940185547,553300,0.0,0.0,0.0
2023-07-28,19.472935440821022,19.605948653536952,19.42859883080455,19.49953842163086,717500,0.0,0.0,0.0
2023-07-31,19.446332931518555,19.446332931518555,19.331055046573645,19.446332931518555,421900,0.0,0.0,0.0
2023-08-01,19.348792761553455,19.481804291060616,19.32219147045204,19.472936630249023,618400,0.0,0.0,0.0
2023-08-02,19.42859786634527,19.42859786634527,19.295586351565454,19.322189331054688,441100,0.0,0.0,0.0
2023-08-03,19.233513957830638,19.28671822418615,19.11823607417171,19.17144203186035,396300,0.0,0.0,0.0
2023-08-04,19.206911879509317,19.26011614835933,19.153707610659303,19.189176559448242,502500,0.0,0.0,0.0
2023-08-07,19.260114521121054,19.268982180402386,19.13597067384855,19.144838333129883,844400,0.0,0.0,0.0
2023-08-08,19.047296812573013,19.047296812573013,18.94088827805202,19.002960205078125,443800,0.0,0.0,0.0
2023-08-09,19.011829452432874,19.03843074261789,18.940889859717327,18.967491149902344,327900,0.0,0.0,0.0
2023-08-10,18.97635611089698,19.082766330499396,18.97635611089698,18.9852237701416,300400,0.0,0.0,0.0
2023-08-11,18.994091429386224,19.091633989744018,18.932019506006924,18.9852237701416,649500,0.0,0.0,0.0
2023-08-14,18.905417568885774,18.914285228618503,18.816742662891663,18.843345642089844,803700,0.0,0.0,0.0
2023-08-15,18.86108049094716,18.86108049094716,18.692598342895508,18.692598342895508,826500,0.0,0.0,0.0
2023-08-16,18.728070130269703,18.86994930849398,18.728070130269703,18.790142059326172,365200,0.0,0.0,0.0
2023-08-17,18.825611405412804,18.8788173668694,18.763539475046695,18.781274795532227,772800,0.0,0.0,0.0
2023-08-18,18.87881592132841,18.95862147473613,18.843345283073315,18.93202018737793,750400,0.0,0.0,0.0
2023-08-21,19.056164728309174,19.056164728309174,18.86108128484481,18.878816604614258,438800,0.0,0.0,0.0
2023-08-22,18.958621800349913,18.958621800349913,18.736935381447477,18.763538360595703,275000,0.0,0.0,0.0
2023-08-23,18.887682391696735,19.00296027775739,18.887682391696735,18.958621978759766,216000,0.0,0.0,0.0
2023-08-24,18.92315309945124,19.118236541748047,18.92315309945124,19.118236541748047,169800,0.0,0.0,0.0
2023-08-25,19.11823607417171,19.242381617445414,19.091634786660517,19.17144203186035,209200,0.0,0.0,0.0
2023-08-28,19.233512635476476,19.357656478881836,19.20690965846118,19.357656478881836,379900,0.0,0.0,0.0
2023-08-29,19.322188719284142,19.393128304342863,19.30445340018618,19.3310546875,202600,0.0,0.0,0.0
2023-08-30,19.366527160777753,19.419731431779905,19.32219055016484,19.375394821166992,193700,0.0,0.0,0.0
2023-08-31,19.348790692309112,19.40199496015541,19.260115785009834,19.277851104736328,330700,0.0,0.0,0.0
2023-09-01,19.339923355962284,19.41086294472174,19.27785142721441,19.313322067260742,287300,0.0,0.0,0.0
2023-09-05,19.37539183853987,19.49066802318792,19.331053543419067,19.437463760375977,403400,0.0,0.0,0.0
2023-09-06,19.41972955717955,19.508404461178806,19.41972955717955,19.4552001953125,246700,0.0,0.0,0.0
2023-09-07,19.401995819624588,19.45520178116098,19.37539453018965,19.41973114013672,258600,0.0,0.0,0.0
2023-09-08,19.437466752558382,19.437466752558382,19.357659500388515,19.375394821166992,319600,0.0,0.0,0.0
2023-09-11,19.428598041455253,19.543875928947756,19.428598041455253,19.51727294921875,211800,0.0,0.0,0.0
2023-09-12,19.535007081230106,19.561608368008457,19.481801125007234,19.543874740600586,352600,0.0,0.0,0.0
2023-09-13,19.570478759421842,19.62368303173896,19.526142147713134,19.60594940185547,383700,0.0,0.0,0.0
2023-09-14,19.605948819013566,19.756695662208454,19.605948819013566,19.694622039794922,263100,0.0,0.0,0.0
2023-09-15,19.78329539752069,19.84536732372391,19.78329539752069,19.809898376464844,250500,0.0,0.0,0.0
2023-09-18,19.792162188019258,19.792162188019258,19.61481407684569,19.668018341064453,415200,0.0,0.0,0.0
2023-09-19,19.721224549508644,19.7921641392383,19.712356889375787,19.747827529907227,252500,0.0,0.0,0.0
2023-09-20,19.623682448369873,19.694622039794922,19.597081158668775,19.694622039794922,277200,0.0,0.0,0.0
2023-09-21,19.57934564207938,19.57934564207938,19.41973114013672,19.41973114013672,326900,0.0,0.0,0.0
2023-09-22,19.42859869466674,19.47293530437254,19.3487914441297,19.384262084960938,196400,0.0,0.0,0.0
2023-09-25,19.2689849547627,19.313323257553215,19.215780682747397,19.286720275878906,208900,0.0,0.0,0.0
2023-09-26,19.286717935352765,19.313320913798687,19.19804303186613,19.215778350830078,203500,0.0,0.0,0.0
2023-09-27,19.198043715925014,19.215779035520903,19.144839448470517,19.162574768066406,227000,0.0,0.0,0.0
2023-09-28,19.153706570519752,19.339922347048983,19.109368272774848,19.3310546875,209500,0.0,0.0,0.0
2023-09-29,19.277849759881924,19.277849759881924,18.967488451652354,18.9852237701416,1023000,0.0,0.0,0.0
2023-10-02,19.06503148495223,19.215778313184245,19.06503148495223,19.135971069335938,536300,0.0,0.0,0.0
2023-10-03,19.073898561006867,19.0916338793936,18.89654875980561,18.94975471496582,523300,0.0,0.0,0.0
2023-10-04,18.976356071122694,18.976356071122694,18.887681170195386,18.90541648864746,216400,0.0,0.0,0.0
2023-10-05,18.861080638662738,19.01182746887207,18.85221297908182,19.01182746887207,211000,0.0,0.0,0.0
2023-10-06,18.98522424110392,19.14483872880054,18.98522424110392,19.135971069335938,153200,0.0,0.0,0.0
2023-10-09,19.135971465190032,19.162574444134158,19.0561642196908,19.127103805541992,310600,0.0,0.0,0.0
2023-10-10,19.06503266921015,19.135972258000397,19.06503266921015,19.1093692779541,167500,0.0,0.0,0.0
2023-10-11,19.073898671254774,19.100501648988644,18.94975482449617,18.9852237701416,425600,0.0,0.0,0.0
2023-10-12,19.10936880927874,19.180308396329128,18.99409261457181,19.162574768066406,461600,0.0,0.0,0.0
2023-10-13,19.295585703665807,19.295585703665807,19.19804314014704,19.25124740600586,273500,0.0,0.0,0.0
2023-10-16,19.2778515009879,19.322189801215494,19.251248520851345,19.268983840942383,228800,0.0,0.0,0.0
2023-10-17,19.3487914441297,19.437466354874548,19.33992378392189,19.384262084960938,250300,0.0,0.0,0.0
2023-10-18,19.446331419400135,19.48180036416376,19.38425949756403,19.437463760375977,227600,0.0,0.0,0.0
2023-10-19,19.419730059688607,19.51727262574513,19.38426111197097,19.481801986694336,283800,0.0,0.0,0.0
2023-10-20,19.5172710002604,19.570475263072346,19.410860783303495,19.437463760375977,578300,0.0,0.0,0.0
2023-10-23,19.455200591232252,19.53500783732237,19.42859761209116,19.446332931518555,359900,0.0,0.0,0.0
2023-10-24,19.41086308378044,19.464069044231106,19.357658814662997,19.428598403930664,219700,0.0,0.0,0.0
2023-10-25,19.428598769730026,19.428598769730026,19.2601166077972,19.339923858642578,536500,0.0,0.0,0.0
2023-10-26,19.339924179610037,19.419731431779905,19.331056519220798,19.375394821166992,267400,0.0,0.0,0.0
2023-10-27,19.437465807605147,19.56160966435267,19.428598147647012,19.55274200439453,912000,0.0,0.0,0.0
2023-10-30,19.48180307059592,19.526141371876246,19.41973114013672,19.41973114013672,392700,0.0,0.0,0.0
2023-10-31,19.481802309580075,19.570477217343573,19.464068681093927,19.51727294921875,221300,0.0,0.0,0.0
2023-11-01,19.464067963073774,19.508404569653372,19.437464984326137,19.49066925048828,672600,0.0,0.0,0.0
2023-11-02,19.543875708979026,19.721223831176758,19.543875708979026,19.721223831176758,1165300,0.0,0.0,0.0
2023-11-03,19.69461981438186,19.871969618571296,19.69461981438186,19.863101959228516,293100,0.0,0.0,0.0
2023-11-06,19.863103181343725,19.94291042900596,19.818766573235013,19.91630744934082,2009600,0.0,0.0,0.0
2023-11-07,19.818765963506014,19.889705549097393,19.632548494245434,19.650283813476562,363500,0.0,0.0,0.0
2023-11-08,19.650285354337402,19.774429216023673,19.650285354337402,19.73896026611328,504100,0.0,0.0,0.0
2023-11-09,19.747825653476646,19.809897577175388,19.623680114746094,19.623680114746094,434700,0.0,0.0,0.0
2023-11-10,19.623680292268723,19.623680292268723,19.51727176248915,19.543874740600586,305200,0.0,0.0,0.0
2023-11-13,19.57934540128487,19.836502471548375,19.552742420843845,19.827634811401367,304500,0.0,0.0,0.0
2023-11-14,19.75669407386632,19.809898340324427,19.712355775706957,19.730091094970703,383800,0.0,0.0,0.0
2023-11-15,19.685754810833195,19.801031005270882,19.685754810833195,19.765562057495117,298400,0.0,0.0,0.0
2023-11-16,19.703487971301705,19.712355630868423,19.588211779600627,19.61481475830078,320700,0.0,0.0,0.0
2023-11-17,19.579345703125,19.60594868397614,19.51727377247227,19.579345703125,280200,0.0,0.0,0.0
2023-11-20,19.623681625915538,19.694621214367412,19.57047735740993,19.632549285888672,341700,0.0,0.0,0.0
2023-11-21,19.65028302254718,19.694619627507304,19.588211099069774,19.668018341064453,129200,0.0,0.0,0.0
2023-11-22,19.59707951077979,19.650283777041388,19.543875244518187,19.570476531982422,289200,0.0,0.0,0.0
2023-11-24,19.517272847044424,19.517272847044424,19.268983444873083,19.277851104736328,290300,0.0,0.0,0.0
2023-11-27,19.322188136090375,19.357657081882632,19.144838333129883,19.144838333129883,672500,0.0,0.0,0.0
2023-11-28,19.189175483314738,19.49066914211233,19.1803078237815,19.4552001953125,386800,0.0,0.0,0.0
2023-11-29,19.472935471053702,19.60594868397614,19.455201841819534,19.579345703125,278100,0.0,0.0,0.0
2023-11-30,19.632547350301454,19.774426513217236,19.605946064337893,19.75669288635254,406200,0.0,0.0,0.0
2023-12-01,19.561609160598643,19.67688704575257,19.517272553282922,19.526140213012695,477900,0.0,0.0,0.0
2023-12-04,19.481801590905736,19.623680761560202,19.464067963073774,19.49066925048828,562700,0.0,0.0,0.0
2023-12-05,19.419730381545584,19.52614060912842,19.410862721635915,19.51727294921875,208500,0.0,0.0,0.0
2023-12-06,19.41086295314594,19.472934881920754,19.10050330927188,19.1093692779541,701100,0.0,0.0,0.0
2023-12-07,19.171441350160354,19.26898221978824,19.144838372261983,19.224645614624023,997900,0.0,0.0,0.0
2023-12-08,19.24238068751927,19.357656874274117,19.24238068751927,19.34878921508789,215000,0.0,0.0,0.0
2023-12-11,19.33105465046065,19.357657629056618,19.1625741933522,19.25124740600586,359000,0.0,0.0,0.0
2023-12-12,19.26011692744017,19.401996111001427,19.206912656438018,19.375394821166992,648600,0.0,0.0,0.0
2023-12-13,19.304452966548734,19.322188285248306,19.206910405034176,19.260114669799805,729300,0.0,0.0,0.0
2023-12-14,19.295587279218317,19.428598800392784,19.295587279218317,19.41973114013672,466100,0.0,0.0,0.0
2023-12-15,19.401997035089646,19.508407273495393,19.331057439930273,19.472936630249023,306900,0.0,0.0,0.0
2023-12-18,19.435843548424128,19.49148178100586,19.380207084493694,19.49148178100586,841100,0.96,0.0,0.0
2023-12-19,19.426570784916745,19.574935856426706,19.380205594662904,19.537843704223633,853100,0.0,0.0,0.0
2023-12-20,19.454389634371164,19.472935711906437,19.278207203739996,19.3060245513916,478900,0.0,0.0,0.0
2023-12-21,19.324571205500856,19.380207671115354,19.222569544664815,19.278207778930664,525500,0.0,0.0,0.0
2023-12-22,19.343116185811986,19.43584303368985,19.315297070257873,19.370933532714844,967600,0.0,0.0,0.0
2023-12-26,19.380205130815433,19.49147981611023,19.333841710322424,19.454387664794922,752300,0.0,0.0,0.0
2023-12-27,19.44511751263417,19.51002878706883,19.42657320287565,19.472936630249023,847100,0.0,0.0,0.0
2023-12-28,19.472935129666183,19.59348109273852,19.454389052685443,19.519298553466797,537100,0.0,0.0,0.0
2023-12-29,19.361659126446302,19.398751277898178,19.185476713003276,19.231840133666992,563800,0.0,0.0,0.0
2024-01-02,19.324570251947772,19.361660637643464,19.16693213327574,19.18547821044922,542600,0.0,0.0,0.0
2024-01-03,19.166931178314396,19.166931178314396,19.02783914374588,19.092748641967773,282400,0.0,0.0,0.0
2024-01-04,19.074202945571688,19.213294982910156,19.027839522675936,19.213294982910156,693400,0.0,0.0,0.0
2024-01-05,19.11129613670265,19.204022987529946,19.07420398145068,19.083477020263672,314700,0.0,0.0,0.0
2024-01-08,18.96292967141865,19.04638524600396,18.907291442594325,19.018566131591797,2311000,0.0,0.0,0.0
2024-01-09,19.11129561599682,19.231841579978703,19.04638611472571,19.148386001586914,342500,0.0,0.0,0.0
2024-01-10,19.14838608582651,19.14838608582651,19.083476584269842,19.111295700073242,219200,0.0,0.0,0.0
2024-01-11,19.194750674942583,19.268933212766516,19.166931560014405,19.213294982910156,296900,0.0,0.0,0.0
2024-01-12,19.28747812754098,19.28747812754098,19.037113159915442,19.111295700073242,277300,0.0,0.0,0.0
2024-01-16,19.29675252674455,19.31529860525449,19.166933514477755,19.250389099121094,177100,0.0,0.0,0.0
2024-01-17,19.166932163028775,19.19475127883218,19.10202266147211,19.111295700073242,652200,0.0,0.0,0.0
2024-01-18,19.120568650314485,19.333843231201172,19.0649304189648,19.333843231201172,291600,0.0,0.0,0.0
2024-01-19,19.482208251953125,19.56566383007418,19.4451160978321,19.482208251953125,391400,0.0,0.0,0.0
2024-01-22,19.482206812080104,19.59347972891682,19.463660736390278,19.565662384033203,346300,0.0,0.0,0.0
2024-01-23,19.63984484747857,19.797482952972683,19.63984484747857,19.788209915161133,489300,0.0,0.0,0.0
2024-01-24,19.82530214779044,19.964395959292357,19.760392645703558,19.93657684326172,562800,0.0,0.0,0.0
2024-01-25,19.89021246594415,19.89021246594415,19.741847391522146,19.843847274780273,348400,0.0,0.0,0.0
2024-01-26,19.853120858744607,19.918030359507096,19.81603047344515,19.890213012695312,323500,0.0,0.0,0.0
2024-01-29,19.760391292047288,19.834573827729283,19.714027870490227,19.797483444213867,153300,0.0,0.0,0.0
2024-01-30,19.806756382479495,20.094213485717773,19.806756382479495,20.094213485717773,867400,0.0,0.0,0.0
2024-01-31,20.038578875154496,20.0571231842041,19.982940642051734,20.0571231842041,315400,0.0,0.0,0.0
2024-02-01,20.05712231313681,20.140577890515218,20.010758889549354,20.112760543823242,333200,0.0,0.0,0.0
2024-02-02,20.112759127732495,20.186941661440155,20.094213052142802,20.122032165527344,239200,0.0,0.0,0.0
2024-02-05,20.0942153078881,20.18694392759502,20.057123152544804,20.131305694580078,215900,0.0,0.0,0.0
2024-02-06,20.14057786202611,20.18694305419922,20.047851014982363,20.18694305419922,276200,0.0,0.0,0.0
2024-02-07,20.23330644931039,20.381671526753543,20.23330644931039,20.261125564575195,260200,0.0,0.0,0.0
2024-02-08,20.307487442394095,20.47439858397655,20.307487442394095,20.455852508544922,323700,0.0,0.0,0.0
2024-02-09,20.446581347817112,20.567129080537832,20.400217923632997,20.53003692626953,346100,0.0,0.0,0.0
2024-02-12,20.520763425053687,20.567128616843743,20.44658088684082,20.44658088684082,305900,0.0,0.0,0.0
2024-02-13,20.46512797645476,20.474401015271727,20.344582009136776,20.390945434570312,275700,0.0,0.0,0.0
2024-02-14,20.270398519589758,20.363125366121757,20.21476028928909,20.298215866088867,292700,0.0,0.0,0.0
2024-02-15,20.270398055687508,20.316761477892445,20.19621551896889,20.214759826660156,325500,0.0,0.0,0.0
2024-02-16,20.20548915964939,20.242579544789105,20.094214466927763,20.112760543823242,312600,0.0,0.0,0.0
2024-02-20,20.409490094447225,20.48367263117854,20.27039805915741,20.400217056274414,682700,0.0,0.0,0.0
2024-02-21,20.400216516365006,20.567127661755812,20.400216516365006,20.539308547973633,430700,0.0,0.0,0.0
2024-02-22,20.3260349804928,20.53003651896742,20.3260349804928,20.483673095703125,564900,0.0,0.0,0.0
2024-02-23,20.52076296257929,20.641310689865442,20.40949004209335,20.548582077026367,501600,0.0,0.0,0.0
2024-02-26,20.62276545531472,20.771130534452496,20.530036838690794,20.75258445739746,429300,0.0,0.0,0.0
2024-02-27,20.789677646387002,20.910223615942826,20.789677646387002,20.808223724365234,547900,0.0,0.0,0.0
2024-02-28,20.68767460596306,20.68767460596306,20.539309529338187,20.5578556060791,644100,0.0,0.0,0.0
2024-02-29,20.511490770043928,20.585673303246665,20.437308236841194,20.567127227783203,314100,0.0,0.0,0.0
2024-03-01,20.59494746361951,20.59494746361951,20.428038066969535,20.585676193237305,471100,0.0,0.0,0.0
2024-03-04,20.808222307711542,20.882404845922675,20.771130154280364,20.817495346069336,415000,0.0,0.0,0.0
2024-03-05,20.6320391284096,20.678402553821908,20.557856586559122,20.57640266418457,183600,0.0,0.0,0.0
2024-03-06,20.724767684936523,20.780404148992567,20.650585143311368,20.724767684936523,273600,0.0,0.0,0.0
2024-03-07,20.752584077564777,20.900950922638263,20.678401539353644,20.817495346069336,335000,0.0,0.0,0.0
2024-03-08,20.734040692569426,20.7989501953125,20.641312073514474,20.7989501953125,374800,0.0,0.0,0.0
2024-03-11,20.863859089711568,21.132771900264892,20.845313012711078,21.086406707763672,470800,0.0,0.0,0.0
2024-03-12,21.142042165756244,21.34604546576789,21.09567874410878,21.327499389648438,422300,0.0,0.0,0.0
2024-03-13,21.225497683191847,21.318226294891325,21.169861223632626,21.290407180786133,308300,0.0,0.0,0.0
2024-03-14,21.44804581347135,21.58713961874042,21.32749985337619,21.41095542907715,583300,0.0,0.0,0.0
2024-03-15,21.52222915691578,21.874597549438477,21.5036848483498,21.874597549438477,1023300,0.0,0.0,0.0
2024-03-18,21.828232605648836,21.995141983032227,21.69841184281578,21.995141983032227,469400,0.0,0.0,0.0
2024-03-19,21.99514345922737,22.0136895363984,21.754049761957816,21.837505340576172,532000,0.0,0.0,0.0
2024-03-20,21.735505502433238,22.060054779052734,21.559321306213867,22.060054779052734,456200,0.0,0.0,0.0
2024-03-21,22.115691617300083,22.19914719752264,21.920961340563686,22.180601119995117,672700,0.0,0.0,0.0
2024-03-22,22.254781698482873,22.41241980625984,22.22696258464536,22.328964233398438,556000,0.0,0.0,0.0
2024-03-25,22.56078658982701,22.876062829329584,22.551513551176782,22.848243713378906,491100,0.0,0.0,0.0
2024-03-26,23.015154987793174,23.0707914513237,22.727697862792287,22.736970901489258,931100,0.0,0.0,0.0
2024-03-27,22.58860527511706,22.903881508608773,22.53296704427647,22.876062393188477,736200,0.0,0.0,0.0
2024-03-28,22.87606285332888,23.0429740119055,22.746243849392076,22.959518432617188,401600,0.0,0.0,0.0
2024-04-01,22.996608213788146,23.31188444532962,22.98733694402331,23.24697494506836,2221200,0.0,0.0,0.0
2024-04-02,23.080064397894038,23.12642959119381,22.903881969308742,22.959518432617188,935300,0.0,0.0,0.0
2024-04-03,22.838971706861642,23.005882872806165,22.764789162958674,22.90388298034668,1460300,0.0,0.0,0.0
2024-04-04,22.8853339098031,23.00587986463901,22.801878337743197,22.996606826782227,341000,0.0,0.0,0.0
2024-04-05,23.005881737558898,23.265521512732796,22.98733742898676,23.256248474121094,360900,0.0,0.0,0.0
2024-04-08,23.404613560000037,23.441705714455402,23.061519974544268,23.070791244506836,821300,0.0,0.0,0.0
2024-04-09,23.209883227375165,23.321156144676408,23.154245000073413,23.21915626525879,441000,0.0,0.0,0.0
2024-04-10,23.33043003206832,23.51588725919144,23.265520533170587,23.423158645629883,1613200,0.0,0.0,0.0
2024-04-11,23.515888273999966,23.52516131262141,23.348977116116483,23.367523193359375,320100,0.0,0.0,0.0
2024-04-12,23.61788758035638,23.840435195840925,23.488068580153204,23.58079719543457,418900,0.0,0.0,0.0
2024-04-15,23.877528686419545,23.88680172533204,23.72916360112225,23.7940731048584,462700,0.0,0.0,0.0
2024-04-16,23.617887638455024,23.617887638455024,23.182065444807094,23.24697494506836,573500,0.0,0.0,0.0
2024-04-17,23.40461392309938,23.701344088740687,23.40461392309938,23.562252044677734,693700,0.0,0.0,0.0
2024-04-18,23.85898207896545,24.072256663264564,23.79407257667018,24.0444393157959,1067500,0.0,0.0,0.0
2024-04-19,23.970255662163478,24.591535077460794,23.95170958561103,24.58226203918457,893300,0.0,0.0,0.0
2024-04-22,24.39680492019112,24.60080822587898,24.220622498107694,24.285531997680664,1019300,0.0,0.0,0.0
2024-04-23,23.756981275622465,24.09080181295016,23.719889122224263,24.062984466552734,1118200,0.0,0.0,0.0
2024-04-24,24.12789334906113,24.674990217129128,24.12789334906113,24.61008071899414,1072900,0.0,0.0,0.0
2024-04-25,24.480261430415457,24.619353473186028,24.0537122634322,24.266986846923828,554100,0.0,0.0,0.0
2024-04-26,24.220623045548848,24.40607851014173,24.081529236290123,24.146440505981445,339800,0.0,0.0,0.0
2024-04-29,23.72916188685741,23.76625227117655,23.005880821796556,23.27479362487793,1284700,0.0,0.0,0.0
2024-04-30,22.959518408530343,23.14497387558103,22.820426366079506,22.848243713378906,725600,0.0,0.0,0.0
2024-05-01,22.570057989199587,22.597877103129743,22.05078024306134,22.106416702270508,1599100,0.0,0.0,0.0
2024-05-02,22.254782402029385,22.291874554985345,21.652049065704663,21.74477767944336,703400,0.0,0.0,0.0
2024-05-03,22.09714594280368,22.3567857269707,21.948780857180054,22.226964950561523,906700,0.0,0.0,0.0
2024-05-06,21.995143019598988,22.143508096699225,21.958052634649544,22.05078125,1696800,0.0,0.0,0.0
2024-05-07,22.403147615901876,22.848242842234736,22.403147615901876,22.71842384338379,1670200,0.0,0.0,0.0
2024-05-08,22.76478778686305,22.80187994089805,22.505149783223043,22.653514862060547,443300,0.0,0.0,0.0
2024-05-09,22.727697839160285,22.783334302632962,22.59787883484028,22.625696182250977,435800,0.0,0.0,0.0
2024-05-10,22.718424276442622,22.903881508608773,22.681332122548895,22.876062393188477,729900,0.0,0.0,0.0
2024-05-13,22.588605578922856,22.72769762059257,21.726232444458862,21.763322830200195,1122000,0.0,0.0,0.0
2024-05-14,22.199146355559684,22.264055855792847,21.865324047330578,21.976598739624023,1112500,0.0,0.0,0.0
2024-05-15,22.10641958934907,22.23623860067509,21.99514488774721,22.12496566772461,515700,0.0,0.0,0.0
2024-05-16,21.958052664134463,22.02296216437157,21.754049356359285,21.791141510009766,617700,0.0,0.0,0.0
2024-05-17,21.98586951548581,22.004415591893295,21.726231520385763,21.78186798095703,1914400,0.0,0.0,0.0
2024-05-20,21.689141651779913,22.10641957163836,21.661324302890268,22.013690948486328,1058900,0.0,0.0,0.0
2024-05-21,22.152782460614898,22.319693624502627,22.13423815135619,22.264057159423828,451400,0.0,0.0,0.0
2024-05-22,22.477330784494278,22.514422938722017,22.319692666328898,22.35678482055664,447700,0.0,0.0,0.0
2024-05-23,22.551513066946605,22.978063992441637,22.551513066946605,22.838970184326172,417900,0.0,0.0,0.0
2024-05-24,22.82042593099913,22.968791009271552,22.672060852726705,22.876062393188477,394000,0.0,0.0,0.0
2024-05-28,23.144974151993107,23.506615589065767,23.061520340446968,23.376794815063477,1112000,0.0,0.0,0.0
2024-05-29,23.692069542754307,23.90534588331079,23.57152358387559,23.608613967895508,576100,0.0,0.0,0.0
2024-05-30,23.525161198130608,23.69207058655051,23.423159542442388,23.478796005249023,286000,0.0,0.0,0.0
2024-05-31,23.441704198902524,23.49734065833729,23.17279140244069,23.302610397338867,489800,0.0,0.0,0.0
2024-06-03,23.784799233726254,23.821891388078406,23.376794379108933,23.404613494873047,772700,0.0,0.0,0.0
2024-06-04,23.413887546876992,23.5807987113835,23.31188588664494,23.34897804260254,741000,0.0,0.0,0.0
2024-06-05,23.284066553880088,23.423158589563897,23.172791864142326,23.386066436767578,549100,0.0,0.0,0.0
2024-06-06,23.543705989834454,23.72916322786451,23.53443295106782,23.673526763916016,196000,0.0,0.0,0.0
2024-06-07,23.58079629540022,23.58079629540022,23.339702612331244,23.52515983581543,328200,0.0,0.0,0.0
2024-06-10,23.450977313388666,23.450977313388666,23.080062866210938,23.080062866210938,517400,0.0,0.0,0.0
2024-06-11,23.367522674425246,23.571524213612875,23.367522674425246,23.432432174682617,703500,0.0,0.0,0.0
2024-06-12,23.673525699201402,23.951709775083888,23.413885931366856,23.877527236938477,434100,0.0,0.0,0.0
2024-06-13,24.100073892497807,24.26698503884684,23.93316274614877,23.97025489807129,800100,0.0,0.0,0.0
2024-06-14,24.007345356610408,24.035164470639515,23.34897557578193,23.74770736694336,630300,0.0,0.0,0.0
2024-06-17,23.608615037856072,23.645707192208224,23.265521453355017,23.404613494873047,524300,0.0,0.0,0.0
2024-06-18,23.534433044717264,23.59007127753846,23.321158458189934,23.450979232788086,386200,0.0,0.0,0.0
2024-06-20,23.55297967489994,23.70134476193464,23.005882753215243,23.015155792236328,376800,0.0,0.0,0.0
2024-06-21,23.47879577436564,23.47879577436564,22.755516459038105,22.8018798828125,542200,0.0,0.0,0.0
2024-06-24,22.338238197940026,22.53296669692659,22.245509583286378,22.49587631225586,520300,0.0,0.0,0.0
2024-06-25,22.07859748247858,22.366056352425137,21.995141909739402,22.217689514160156,548400,0.0,0.0,0.0
2024-06-26,22.124964166800137,22.319692670579077,21.88387047022769,22.171327590942383,311700,0.0,0.0,0.0
2024-06-27,22.254783701495736,22.301147126746667,21.82823452950303,21.920961380004883,435000,0.0,0.0,0.0
2024-06-28,22.041509053145493,22.301147063658277,22.022962975637064,22.069326400756836,534600,0.0,0.0,0.0
2024-07-01,21.818960652083053,21.930233575868886,21.55004784374003,21.902416229248047,738700,0.0,0.0,0.0
2024-07-02,21.948780857180054,22.366058765903592,21.948780857180054,22.226964950561523,290600,0.0,0.0,0.0
2024-07-03,22.31969269580613,22.468057775610514,22.171327616001744,22.282602310180664,550200,0.0,0.0,0.0
2024-07-05,22.217690981705434,22.495876832094744,22.217690981705434,22.430967330932617,305300,0.0,0.0,0.0
2024-07-08,22.412422245401515,22.514423905255423,22.124965112401167,22.264057159423828,381400,0.0,0.0,0.0
2024-07-09,22.430967759765032,22.709151846821374,22.384602566154783,22.588605880737305,420600,0.0,0.0,0.0
2024-07-10,22.42169377395469,22.477330235285624,22.22696350631959,22.3104190826416,249000,0.0,0.0,0.0
2024-07-11,22.4958776335059,22.801880841779564,22.4958776335059,22.709152221679688,712500,0.0,0.0,0.0
2024-07-12,22.616422162430556,22.681331661774692,22.4309667026832,22.607149124145508,215900,0.0,0.0,0.0
2024-07-15,22.35678519553951,22.65351535973335,22.310420001977164,22.477331161499023,311000,0.0,0.0,0.0
2024-07-16,22.25478267677311,22.33823825330311,22.115690638773525,22.16205406188965,249900,0.0,0.0,0.0
2024-07-17,22.106417600420055,22.236236600066174,22.060054177303932,22.16205406188965,276500,0.0,0.0,0.0
2024-07-18,22.245510185479464,22.301146648317264,22.143508529734113,22.208419799804688,139200,0.0,0.0,0.0
2024-07-19,22.199147237464363,22.328966243088004,21.902417071095293,21.920961380004883,259100,0.0,0.0,0.0
2024-07-22,22.20841968286773,22.607149727865608,22.20841968286773,22.505149841308594,252100,0.0,0.0,0.0
2024-07-23,22.570059342386127,22.588605419451493,22.458784648645175,22.505149841308594,137800,0.0,0.0,0.0
2024-07-24,22.412422212680344,22.570060337382905,22.31042055297535,22.338239669799805,223600,0.0,0.0,0.0
2024-07-25,22.10641716680619,22.273328316592245,22.03223463008474,22.18987274169922,149800,0.0,0.0,0.0
2024-07-26,22.236236600066174,22.245509638419644,22.14350798518271,22.16205406188965,101700,0.0,0.0,0.0
2024-07-29,21.976599120962888,22.0322355837494,21.809687963952086,21.91168785095215,332200,0.0,0.0,0.0
2024-07-30,21.958053039303085,22.171327620483595,21.958053039303085,22.097145080566406,135600,0.0,0.0,0.0
2024-07-31,22.13423868917938,22.162056038069025,21.967327521236,22.013690948486328,368000,0.0,0.0,0.0
2024-08-01,21.86532413464768,21.893143249994942,21.531501825085485,21.568593978881836,278600,0.0,0.0,0.0
2024-08-02,21.512957082983917,21.652049119612666,21.47586492993561,21.596412658691406,210400,0.0,0.0,0.0
2024-08-05,21.318227216795357,21.85605106552906,21.132771754027566,21.82823371887207,352400,0.0,0.0,0.0
2024-08-06,21.89314210273979,22.078597556049495,21.85604995088716,21.995141983032227,397900,0.0,0.0,0.0
2024-08-07,22.40314818985121,22.48660376800808,22.236237033537464,22.319692611694336,392500,0.0,0.0,0.0
2024-08-08,22.273328865650353,22.273328865650353,21.902416172899766,22.05078125,230900,0.0,0.0,0.0
2024-08-09,22.458785520582154,22.523696792831046,22.20842054508457,22.449512481689453,139900,0.0,0.0,0.0
2024-08-12,22.310421024061164,22.393876607645357,22.050783002822673,22.236238479614258,208600,0.0,0.0,0.0
2024-08-13,22.16205461164033,22.16205461164033,21.911687875839753,22.02296257019043,173900,0.0,0.0,0.0
2024-08-14,21.81896151302877,22.115691679701197,21.81896151302877,22.032236099243164,135000,0.0,0.0,0.0
2024-08-15,22.189875155610046,22.273330739581738,22.013690948486328,22.013690948486328,160800,0.0,0.0,0.0
2024-08-16,22.12496326950587,22.24550922857763,22.013688579965546,22.115690231323242,284800,0.0,0.0,0.0
2024-08-19,22.25478359174319,22.532967679179464,22.25478359174319,22.514423370361328,256600,0.0,0.0,0.0
2024-08-20,22.542241493367214,22.75551785429978,22.542241493367214,22.681333541870117,329000,0.0,0.0,0.0
2024-08-21,22.699878202048694,22.811152895091148,22.64424173985309,22.69060516357422,282200,0.0,0.0,0.0
2024-08-22,22.49587714773346,22.70915173130183,22.440240684335468,22.699878692626953,147800,0.0,0.0,0.0
2024-08-23,22.755515021603763,22.922424397838896,22.70914983210695,22.885334014892578,296300,0.0,0.0,0.0
2024-08-26,22.94097269752882,23.154247283935547,22.885336233390394,23.154247283935547,276700,0.0,0.0,0.0
2024-08-27,23.13570161537976,23.302610997986317,23.12642857712642,23.200611114501953,229600,0.0,0.0,0.0
2024-08-28,23.20061256326213,23.311885491948264,23.052247479246414,23.117156982421875,203900,0.0,0.0,0.0
2024-08-29,22.913152775895483,23.08933696956871,22.894608467601916,23.061519622802734,230400,0.0,0.0,0.0
2024-08-30,23.08933732173452,23.228429363639595,23.024427820088903,23.070791244506836,227700,0.0,0.0,0.0
2024-09-03,22.885334014892578,22.968789587335714,22.727695907905673,22.885334014892578,378900,0.0,0.0,0.0
2024-09-04,22.570059258316697,22.597878373811128,22.486603680484652,22.542240142822266,309300,0.0,0.0,0.0
2024-09-05,22.63496967933005,22.792607802904442,22.597879292480894,22.709152221679688,197600,0.0,0.0,0.0
2024-09-06,22.72769883854548,22.89461000495423,22.430968662108302,22.458786010742188,242500,0.0,0.0,0.0
2024-09-09,22.681331148952992,22.931697871034935,22.672059879528774,22.857515335083008,223500,0.0,0.0,0.0
2024-09-10,22.811153880654683,22.811153880654683,22.67206183483053,22.709152221679688,347200,0.0,0.0,0.0
2024-09-11,22.968790464122,23.22842846061078,22.95951742586866,23.200611114501953,457100,0.0,0.0,0.0
2024-09-12,23.200611633753642,23.237702018945924,23.080063902413418,23.13570213317871,138800,0.0,0.0,0.0
2024-09-13,23.17279243307414,23.552978165314656,23.17279243307414,23.35824966430664,492300,0.0,0.0,0.0
2024-09-16,23.552977616618996,23.66425230649646,23.42315861897128,23.49734115600586,217200,0.0,0.0,0.0
2024-09-17,23.42315899733117,23.636433573669265,23.395339882249637,23.617887496948242,343100,0.0,0.0,0.0
2024-09-18,23.729162622753368,23.83116427793391,23.627160967572824,23.77552604675293,334000,0.0,0.0,0.0
2024-09-19,23.794071632716516,23.905346324130576,23.747708209673867,23.766252517700195,776400,0.0,0.0,0.0
2024-09-20,23.673525235069942,23.673525235069942,23.515887123520116,23.608613967895508,243500,0.0,0.0,0.0
2024-09-23,23.951709775009352,24.072255736251062,23.942436736659804,24.062984466552734,226300,0.0,0.0,0.0
2024-09-24,24.109349160679024,24.285533361306353,24.109349160679024,24.239168167114258,391400,0.0,0.0,0.0
2024-09-25,24.13716729782526,24.406078338623047,24.127894259363096,24.406078338623047,218800,0.0,0.0,0.0
2024-09-26,24.814083214364437,25.129359447811805,24.461714827028562,24.517353057861328,337000,0.0,0.0,0.0
2024-09-27,24.406077767017223,24.628625378943223,24.406077767017223,24.619352340698242,140500,0.0,0.0,0.0
2024-09-30,24.137165970137815,24.257711926212718,24.081527742425262,24.19280242919922,219300,0.0,0.0,0.0
2024-10-01,23.80334478262388,23.80334478262388,23.617887552281598,23.654979705810547,419400,0.0,0.0,0.0
2024-10-02,23.53443295106782,23.766253614279744,23.515888642185857,23.673526763916016,227800,0.0,0.0,0.0
2024-10-03,23.664252660926614,23.766252545469865,23.534431892683322,23.69207000732422,333100,0.0,0.0,0.0
2024-10-04,23.543704986572266,23.62716056326439,23.497341563366074,23.543704986572266,181800,0.0,0.0,0.0
2024-10-07,23.36752270273339,23.413886126215896,23.26552104869039,23.35824966430664,224000,0.0,0.0,0.0
2024-10-08,23.49734115600586,23.534431540197552,23.367522158358145,23.49734115600586,648700,0.0,0.0,0.0
2024-10-09,23.599344137931134,23.747709220363404,23.580798060464275,23.710617065429688,381600,0.0,0.0,0.0
2024-10-10,23.729162648112474,23.970256344200617,23.67352618552329,23.88680076599121,355200,0.0,0.0,0.0
2024-10-11,24.081529126741984,24.192803819912523,23.988802279192992,24.072256088256836,287600,0.0,0.0,0.0
2024-10-14,24.016620176184556,24.09080271711392,23.886801171720997,23.933164596557617,307000,0.0,0.0,0.0
2024-10-15,23.914619307669565,24.118620844701454,23.794071578192966,24.100074768066406,252800,0.0,0.0,0.0
2024-10-16,24.007345249021036,24.08152778411505,23.81261675764343,23.858980178833008,290800,0.0,0.0,0.0
2024-10-17,23.710616111609752,23.896073341515248,23.367522535531176,23.8033447265625,183100,0.0,0.0,0.0
2024-10-18,23.701343595357184,23.73843574961586,23.552978515625,23.552978515625,190900,0.0,0.0,0.0
2024-10-21,23.450978712577786,23.636434178580583,23.450978712577786,23.515888214111328,221800,0.0,0.0,0.0
2024-10-22,23.31188395562577,23.423158645629883,23.219157110715408,23.423158645629883,517000,0.0,0.0,0.0
2024-10-23,23.20988507409734,23.386067501950997,23.20988507409734,23.367523193359375,305300,0.0,0.0,0.0
2024-10-24,23.135703038062246,23.237702927818884,22.9780649153642,23.005882263183594,254900,0.0,0.0,0.0
2024-10-25,23.02442790434539,23.117156522171864,22.996608788402064,23.033700942993164,125900,0.0,0.0,0.0
2024-10-28,23.163518037957036,23.23770057237491,23.089335503539164,23.21915626525879,171700,0.0,0.0,0.0
2024-10-29,23.339704451285073,23.590071192119968,23.339704451285073,23.488069534301758,340900,0.0,0.0,0.0
2024-10-30,23.423160023170826,23.68279980268265,23.40461394563756,23.673526763916016,238300,0.0,0.0,0.0
2024-10-31,23.692069599055685,23.692069599055685,23.48806806483338,23.645706176757812,236500,0.0,0.0,0.0
2024-11-01,23.69207058655051,23.69207058655051,23.460249928096392,23.478796005249023,192100,0.0,0.0,0.0
2024-11-04,23.49734115600586,23.64570623007502,23.42315861897128,23.49734115600586,184300,0.0,0.0,0.0
2024-11-05,23.552977616618996,23.552977616618996,23.450977733603445,23.49734115600586,160300,0.0,0.0,0.0
2024-11-06,23.117155916492045,23.330430493849153,23.05224641630955,23.321157455444336,258700,0.0,0.0,0.0
2024-11-07,23.497341453196054,23.868254143060188,23.497341453196054,23.840435028076172,266100,0.0,0.0,0.0
2024-11-08,23.784798650135002,23.821890803577045,23.543704958715374,23.617887496948242,538800,0.0,0.0,0.0
2024-11-11,23.506614111636285,23.57152361023211,23.395339422149732,23.53443145751953,681000,0.0,0.0,0.0
2024-11-12,23.701343101072677,23.76625260102043,23.66425271623877,23.729162216186523,215700,0.0,0.0,0.0
2024-11-13,23.840435111352864,23.877527264794452,23.71988914997015,23.8033447265625,298900,0.0,0.0,0.0
2024-11-14,24.03516622299093,24.146440918569002,23.96098368215598,24.007347106933594,496500,0.0,0.0,0.0
2024-11-15,24.053711834732756,24.155711720999257,24.016619680707663,24.10934829711914,294800,0.0,0.0,0.0
2024-11-18,24.01661965188502,24.19280384599026,23.960983189565404,24.183530807495117,350300,0.0,0.0,0.0
2024-11-19,24.17425673596076,24.3133487701416,24.127893314117536,24.3133487701416,441400,0.0,0.0,0.0
2024-11-20,24.30407673889108,24.44317054748535,24.211349891363227,24.44317054748535,435200,0.0,0.0,0.0
2024-11-21,24.424623924397395,24.43389696267309,24.331895310291657,24.396804809570312,331900,0.0,0.0,0.0
2024-11-22,24.5544429243559,24.712081037749282,24.535896847803453,24.58226203918457,926400,0.0,0.0,0.0
2024-11-25,24.69353594644959,24.776991525614207,24.57298998135141,24.60080909729004,824500,0.0,0.0,0.0
2024-11-26,24.619353316247043,24.841902705642827,24.619353316247043,24.82335662841797,339700,0.0,0.0,0.0
2024-11-27,24.878992977539024,24.962448556017545,24.851173861829096,24.934629440307617,221800,0.0,0.0,0.0
2024-11-29,24.916084753434678,24.934629061641747,24.79553702250693,24.814083099365234,140600,0.0,0.0,0.0
2024-12-02,24.572989407823535,24.647171946610538,24.50807990746631,24.628625869750977,258600,0.0,0.0,0.0
2024-12-03,24.61008167393136,24.619352943752244,24.5080800193892,24.517353057861328,414800,0.0,0.0,0.0
2024-12-04,24.665717531923157,24.693534878006908,24.582261956369507,24.619352340698242,523400,0.0,0.0,0.0
2024-12-05,24.851173399843834,25.036630630493164,24.851173399843834,25.036630630493164,235800,0.0,0.0,0.0
2024-12-06,25.120086611229862,25.268451690673828,25.101540534136554,25.268451690673828,442700,0.0,0.0,0.0
2024-12-09,25.444635419221196,25.47245276569986,25.194268689005845,25.370452880859375,570400,0.0,0.0,0.0
2024-12-10,25.593001338594362,25.713547304157082,25.490999681744245,25.57445526123047,363300,0.0,0.0,0.0
2024-12-11,25.416816682335977,25.555908722752907,25.39827060530672,25.490999221801758,195000,0.0,0.0,0.0
2024-12-12,25.546636121400713,25.620818662135928,25.43536319462353,25.463180541992188,262700,0.0,0.0,0.0
2024-12-13,25.51881779101019,25.630090713500977,25.490998676061885,25.630090713500977,118400,0.0,0.0,0.0
2024-12-16,25.94536696996251,25.954640008288735,25.732092394413037,25.741365432739258,176600,0.0,0.0,0.0
2024-12-17,25.6579112155545,25.713547679807682,25.518819170595883,25.69500160217285,167800,0.0,0.0,0.0
2024-12-18,25.787730243760432,25.991733560615508,25.704274662983593,25.806276321411133,700900,0.0,0.0,0.0
2024-12-19,25.880458055574213,25.880458055574213,25.33336116251389,25.342634201049805,486500,0.0,0.0,0.0
2024-12-20,25.63009079672093,25.69500029649318,25.50027179717642,25.593000411987305,347900,0.0,0.0,0.0
2024-12-23,25.664424862294403,25.67407699171414,25.471385955810547,25.471385955810547,626700,1.084,0.0,0.0
2024-12-24,25.481038135303066,25.664424912727558,25.47138600586436,25.60651397705078,125500,0.0,0.0,0.0
2024-12-26,25.278348906319227,25.490690230821823,25.201133711867787,25.336259841918945,268600,0.0,0.0,0.0
2024-12-27,25.288001034474576,25.365216228922137,24.940531738982827,24.950183868408203,407200,0.0,0.0,0.0
2024-12-30,25.500342377003793,25.500342377003793,25.316955599702826,25.35556411743164,423700,0.0,0.0,0.0
2024-12-31,25.413475053861475,25.67407702567274,25.394170794996466,25.664424896240234,285900,0.0,0.0,0.0
2025-01-02,25.741639160297687,25.770595547548556,25.423126264359688,25.69338035583496,487500,0.0,0.0,0.0
2025-01-03,25.509994490423967,25.596861814303825,25.374868360368836,25.56790542602539,998700,0.0,0.0,0.0
2025-01-06,25.741640090346102,25.876766220488168,25.47138598910652,25.509994506835938,587100,0.0,0.0,0.0
2025-01-07,25.558252351968616,25.63546754356846,25.509993547576983,25.577556610107422,374300,0.0,0.0,0.0
2025-01-08,25.288000112948335,25.481037171555002,25.094961213386288,25.44243049621582,469900,0.0,0.0,0.0
2025-01-10,25.355564134363853,25.529298782348633,25.355564134363853,25.529298782348633,325900,0.0,0.0,0.0
2025-01-13,25.56790544326193,25.828507415077183,25.529298766486775,25.81885528564453,528100,0.0,0.0,0.0
2025-01-14,25.78024580391499,25.925025899035568,25.703030612296526,25.73198699951172,382000,0.0,0.0,0.0
2025-01-15,25.799551010131836,25.886418334014202,25.741640074528743,25.799551010131836,296100,0.0,0.0,0.0
2025-01-16,25.55825234573103,25.55825234573103,25.41347409163608,25.423126220703125,390200,0.0,0.0,0.0
2025-01-17,25.64511969309096,25.751291271983693,25.61616514681504,25.674076080322266,360300,0.0,0.0,0.0
2025-01-21,25.94432834280438,26.002241117294098,25.867113151106807,25.98293685913086,268900,0.0,0.0,0.0
2025-01-22,26.050499916460705,26.29179762058608,26.050499916460705,26.272493362426758,401100,0.0,0.0,0.0
2025-01-23,26.262841267990183,26.426923780650093,26.20493033439121,26.31110191345215,325900,0.0,0.0,0.0
2025-01-24,26.291797675424863,26.475184446410157,26.253190999981076,26.407621383666992,171100,0.0,0.0,0.0
2025-01-27,26.320754028161392,26.3690128326416,26.214582449158474,26.3690128326416,259900,0.0,0.0,0.0
2025-01-28,26.36901284144601,26.658571191290093,26.35936071235567,26.600658416748047,237400,0.0,0.0,0.0
2025-01-29,26.861260425574766,27.04464719669626,26.83230403825388,26.94812774658203,351700,0.0,0.0,0.0
2025-01-30,26.90951918972091,26.90951918972091,26.697177872552977,26.755088806152344,171800,0.0,0.0,0.0
2025-01-31,26.369012875758372,26.72613428874416,26.29179768389055,26.639266967773438,366600,0.0,0.0,0.0
2025-02-03,26.668221482358792,26.861260382276082,26.542747486081325,26.677873611450195,482400,0.0,0.0,0.0
2025-02-04,26.706830961901428,26.832304962704093,26.658572155659353,26.764741897583008,247900,0.0,0.0,0.0
2025-02-05,26.726135270499846,26.919172336782708,26.726135270499846,26.899869918823242,738400,0.0,0.0,0.0
2025-02-06,26.861260417123685,26.861260417123685,26.648919099703498,26.716482162475586,169800,0.0,0.0,0.0
2025-02-07,26.61031150817871,26.70683096161729,26.494489636816784,26.61031150817871,731400,0.0,0.0,0.0
2025-02-10,26.73578735050113,26.928824416426913,26.70683096218231,26.919172286987305,759500,0.0,0.0,0.0
2025-02-11,26.88056561018433,27.015691740427922,26.832304962986296,26.919172286987305,891900,0.0,0.0,0.0
2025-02-12,26.870913480884813,27.025343870008424,26.870913480884813,26.996387481689453,241700,0.0,0.0,0.0
2025-02-13,27.092906985097787,27.343856828125347,27.08325485564033,27.208730697631836,662300,0.0,0.0,0.0
2025-02-14,27.343856811433294,27.45002839444507,27.12186335691363,27.18942642211914,301800,0.0,0.0,0.0
2025-02-18,27.218381838226176,27.401766768389017,27.131514517220456,27.392114639282227,555900,0.0,0.0,0.0
2025-02-19,27.459679537377628,27.498286212841453,27.170121187099696,27.23768424987793,230800,0.0,0.0,0.0
2025-02-20,27.14116664681049,27.14116664681049,26.890216812895652,26.94812774658203,305100,0.0,0.0,0.0
2025-02-21,26.74543762168895,26.74543762168895,26.52344416758791,26.591007232666016,363900,0.0,0.0,0.0
2025-02-24,26.52344420007711,26.52344420007711,26.040848773550426,26.089109420776367,582800,0.0,0.0,0.0
2025-02-25,26.021543523203555,26.13736723117732,25.90572165618518,26.11806297302246,382600,0.0,0.0,0.0
2025-02-26,26.147019412270655,26.24353886228157,26.147019412270655,26.175975799560547,148400,0.0,0.0,0.0
2025-02-27,26.03119659374734,26.040848723173855,25.838159528083374,25.876766204833984,313000,0.0,0.0,0.0
2025-02-28,25.876766203840234,25.876766203840234,25.529298749276258,25.56790542602539,468700,0.0,0.0,0.0
2025-03-03,25.394170743357716,25.432779261009223,25.085309965967443,25.143220901489258,778900,0.0,0.0,0.0
2025-03-04,25.04670333922479,25.34591198779893,24.9598360152911,25.278348922729492,859400,0.0,0.0,0.0
2025-03-05,25.52929873232897,25.567905409052475,25.307303437585905,25.471385955810547,514600,0.0,0.0,0.0
2025-03-06,25.22043616288321,25.452083587497174,25.13357067984729,25.374868392944336,713900,0.0,0.0,0.0
2025-03-07,25.43277835597714,25.606512997315633,25.41347409783833,25.577556610107422,401100,0.0,0.0,0.0
2025-03-10,25.703031539916992,25.818855252002447,25.587209668786986,25.703031539916992,375500,0.0,0.0,0.0
2025-03-11,25.70303059493381,25.818854302760958,25.683728177758773,25.712682723999023,181500,0.0,0.0,0.0
2025-03-12,25.63546754666843,25.70303060920704,25.587208742270956,25.65477180480957,350800,0.0,0.0,0.0
2025-03-13,25.770595547548556,25.80920222292766,25.683728226751338,25.69338035583496,205700,0.0,0.0,0.0
2025-03-14,25.500341383812327,25.567904446250843,25.394169805148728,25.53894805908203,286300,0.0,0.0,0.0
2025-03-17,25.731987040112973,25.925025939941406,25.731987040112973,25.925025939941406,170200,0.0,0.0,0.0
2025-03-18,26.011893260768666,26.060152065248083,25.85746287728807,25.925025939941406,243500,0.0,0.0,0.0
2025-03-19,25.9250268852983,26.03119662721558,25.90572262642045,25.915374755859375,246500,0.0,0.0,0.0
2025-03-20,25.83815858755172,26.089108420639988,25.83815858755172,25.963632583618164,245900,0.0,0.0,0.0
2025-03-21,25.867113127695788,25.896069514914437,25.751291260731946,25.809202194213867,206000,0.0,0.0,0.0
2025-03-24,25.86711314205254,25.86711314205254,25.72233488778969,25.751291275024414,345100,0.0,0.0,0.0
2025-03-25,25.780246784524003,25.867114108518386,25.722335848846228,25.838159561157227,120700,0.0,0.0,0.0
2025-03-26,25.751292203460714,25.76094433288695,25.62581636187506,25.64512062072754,124700,0.0,0.0,0.0
2025-03-27,25.52929876570065,25.55825331304226,25.345911988396807,25.509994506835938,182400,0.0,0.0,0.0
2025-03-28,25.471385956109337,25.548601150512695,25.374868343821724,25.548601150512695,84000,0.0,0.0,0.0
2025-03-31,25.52929779948527,25.538948087596935,25.394169833501984,25.423126220703125,212300,0.0,0.0,0.0
2025-04-01,25.587209718901633,26.002242080000503,25.567905460023674,25.992589950561523,413000,0.0,0.0,0.0
2025-04-02,25.94432836887658,26.27249339415989,25.925025951649328,26.23388671875,290600,0.0,0.0,0.0
2025-04-03,25.953980457588973,26.233886677935597,25.89606952408654,26.040847778320312,545100,0.0,0.0,0.0
2025-04-04,25.625815366602417,25.625815366602417,25.133569671670568,25.230087280273438,802800,0.0,0.0,0.0
2025-04-07,24.950183816643065,25.316955529269155,24.573758133656174,24.583410263061523,782500,0.0,0.0,0.0
2025-04-08,24.872968655151645,24.93087959070466,24.39037322998047,24.39037322998047,481700,0.0,0.0,0.0
2025-04-09,24.486891780491355,25.1432199881259,24.40967658894874,25.11426544189453,658700,0.0,0.0,0.0
2025-04-10,24.959835031838207,25.037050223297385,24.79575251986803,24.86331558227539,297800,0.0,0.0,0.0
2025-04-11,25.07565785408261,25.42312714936727,25.07565785408261,25.3941707611084,560100,0.0,0.0,0.0
2025-04-14,25.345911043368726,25.442430493138072,25.25904372267185,25.365215301513672,181600,0.0,0.0,0.0
2025-04-15,25.2976503426776,25.326606729831685,25.220435151222073,25.230087280273438,258100,0.0,0.0,0.0
2025-04-16,25.374867439739308,25.625815431892597,25.374867439739308,25.596860885620117,373000,0.0,0.0,0.0
2025-04-17,25.74164007428235,25.828507398163886,25.693381268106144,25.722335815429688,257000,0.0,0.0,0.0
2025-04-21,25.886418316987527,25.944329252552528,25.64512060435199,25.703031539916992,431700,0.0,0.0,0.0
2025-04-22,25.857462848736713,26.06980416554922,25.8092022033552,26.040847778320312,329900,0.0,0.0,0.0
2025-04-23,26.00224204691364,26.118063918123113,25.925026852455506,26.03119659423828,301000,0.0,0.0,0.0
2025-04-24,26.156672469693113,26.359361665049825,26.14702034025392,26.301450729370117,279500,0.0,0.0,0.0
2025-04-25,26.494488675733464,26.571703867492264,26.436575901197823,26.5234432220459,269600,0.0,0.0,0.0
2025-04-28,26.32075502149274,26.359361698342823,26.07945730807448,26.340059280395508,318400,0.0,0.0,0.0
2025-04-29,26.282145482361727,26.33040612774324,26.021543520167707,26.040847778320312,204200,0.0,0.0,0.0
2025-04-30,25.86711407540747,26.00224204642324,25.81885526923034,25.876766204833984,537700,0.0,0.0,0.0
2025-05-01,25.731987031214064,25.789897964760414,25.5872087768705,25.69338035583496,335000,0.0,0.0,0.0
2025-05-02,25.992589002594745,26.05049993616112,25.83815861911415,25.925025939941406,188500,0.0,0.0,0.0
2025-05-05,25.886418317285745,25.905722576126117,25.712683669633282,25.78024673461914,547900,0.0,0.0,0.0
2025-05-06,25.886417374648587,26.03119562876848,25.85746282839784,25.94432830810547,326000,0.0,0.0,0.0
2025-05-07,25.9829378376422,26.05050090280256,25.876766254701373,25.93467903137207,155000,0.0,0.0,0.0
2025-05-08,25.799551027169365,25.992589933914424,25.799551027169365,25.973285675048828,196500,0.0,0.0,0.0
2025-05-09,26.137367262925235,26.21458245468307,25.98293687940956,26.079456329345703,180600,0.0,0.0,0.0
2025-05-12,26.050500869750977,26.09876151691533,26.011894192974946,26.050500869750977,209800,0.0,0.0,0.0
2025-05-13,26.185626047650526,26.494488655404126,26.185626047650526,26.426923751831055,315300,0.0,0.0,0.0
2025-05-14,26.369013777799736,26.39797016609899,26.243539777080535,26.282146453857422,173600,0.0,0.0,0.0
2025-05-15,26.156671518519317,26.465532285520148,26.011893264107105,26.44622802734375,231800,0.0,0.0,0.0
2025-05-16,26.475184429040056,26.542747491738893,26.24353885366316,26.388317108154297,358300,0.0,0.0,0.0
2025-05-19,26.426923792239002,26.629614821357368,26.426923792239002,26.619962692260742,414700,0.0,0.0,0.0
2025-05-20,26.74543763856213,26.74543763856213,26.56205270207886,26.68752670288086,179400,0.0,0.0,0.0
2025-05-21,26.755088837935897,26.87091254622761,26.581356036931414,26.716482162475586,449800,0.0,0.0,0.0
2025-05-22,26.504138960917558,26.552399606358556,26.40762135194634,26.44622802734375,246500,0.0,0.0,0.0
2025-05-23,26.137367234208703,26.24353881311735,26.079456300692797,26.19527816772461,237500,0.0,0.0,0.0
2025-05-27,26.20493127549924,26.243539793255376,26.002242080145887,26.069805145263672,269500,0.0,0.0,0.0
2025-05-28,25.944328301852554,25.944328301852554,25.780245789634787,25.789897918701172,228400,0.0,0.0,0.0
2025-05-29,25.664424879580015,25.664424879580015,25.5486011674206,25.64512062072754,253400,0.0,0.0,0.0
2025-05-30,25.69338035881456,25.81885435500543,25.69338035881456,25.77059555053711,261200,0.0,0.0,0.0
2025-06-02,25.87676618756745,25.953981381972604,25.693381251452365,25.703031539916992,217000,0.0,0.0,0.0
2025-06-03,25.674076100645078,25.915373804897467,25.60651303800727,25.77059555053711,216700,0.0,0.0,0.0
2025-06-04,25.86711313382185,25.982936841768502,25.847810716626892,25.963632583618164,224700,0.0,0.0,0.0
2025-06-05,26.166323658977028,26.349708588866335,26.09876059628566,26.31110191345215,289500,0.0,0.0,0.0
2025-06-06,26.542747480224445,26.62961480107252,26.369012838528295,26.5234432220459,293200,0.0,0.0,0.0
2025-06-09,26.48483749042785,26.50413990833885,26.388318037051043,26.43657684326172,469100,0.0,0.0,0.0
2025-06-10,26.340059230066952,26.38831803627621,26.050500869945036,26.127716064453125,365800,0.0,0.0,0.0
2025-06-11,26.214583371679648,26.233887630533225,26.079457241615515,26.10841178894043,190000,0.0,0.0,0.0
2025-06-12,26.185627016621172,26.272494340617023,26.050500886385603,26.069805145263672,140100,0.0,0.0,0.0
2025-06-13,25.886417377740294,26.098760535366523,25.867113119600567,26.021543502807617,334700,0.0,0.0,0.0
2025-06-16,26.021544498356917,26.25319192298539,25.973285692116665,26.22423553466797,152800,0.0,0.0,0.0
2025-06-17,26.16632456501059,26.195279112334962,25.944329270109527,25.953981399536133,146000,0.0,0.0,0.0
2025-06-18,25.88641742062729,25.96363261235874,25.809202228895842,25.847810745239258,402000,0.0,0.0,0.0
2025-06-20,25.67407700850731,25.703031555830016,25.47138597247114,25.490690231323242,991100,0.0,0.0,0.0
2025-06-23,25.452082596814225,25.654771784267766,25.452082596814225,25.558252334594727,569100,0.0,0.0,0.0
2025-06-24,25.3652162635058,25.548601199971632,25.3652162635058,25.374868392944336,405700,0.0,0.0,0.0
2025-06-25,25.355563131252303,25.355563131252303,25.123917556755394,25.172176361083984,228000,0.0,0.0,0.0
2025-06-26,25.17217634692064,25.316954600780324,25.10461328451648,25.230087280273438,383600,0.0,0.0,0.0
2025-06-27,25.278348906568603,25.432779295473008,25.191481582690447,25.413475036621094,91100,0.0,0.0,0.0
2025-06-30,25.336259824942594,25.394170760503506,25.220436112865315,25.2397403717041,168800,0.0,0.0,0.0
2025-07-01,24.921227446074777,24.950183834311336,24.74749279856633,24.757144927978516,404400,0.0,0.0,0.0
2025-07-02,24.757144978331826,24.998442691260898,24.699234042696375,24.9694881439209,216900,0.0,0.0,0.0
2025-07-03,25.027399029735374,25.16252515960092,24.98879051208496,24.98879051208496,184000,0.0,0.0,0.0
2025-07-07,24.776449170500076,24.844012235385474,24.70888610561468,24.81505584716797,237400,0.0,0.0,0.0
2025-07-08,24.824707048672582,24.844011306762695,24.69923305299761,24.844011306762695,120800,0.0,0.0,0.0
2025-07-09,24.882620803639135,25.02739906311035,24.844012285937236,25.02739906311035,121500,0.0,0.0,0.0
2025-07-10,25.017746933174315,25.017746933174315,24.805405608684563,24.872968673706055,187600,0.0,0.0,0.0
2025-07-11,24.9598359975781,25.017746933174315,24.863316544280778,24.872968673706055,334100,0.0,0.0,0.0
2025-07-14,25.0467023239404,25.07565687010764,24.88261981215633,24.979137420654297,117800,0.0,0.0,0.0
2025-07-15,24.84401133514603,24.940530784751484,24.72818946838379,24.72818946838379,238900,0.0,0.0,0.0
2025-07-16,24.8247070379111,24.98878954969517,24.8247070379111,24.979137420654297,125500,0.0,0.0,0.0
2025-07-17,24.86331559967094,24.950182920242714,24.757144020982018,24.882619857788086,452700,0.0,0.0,0.0
2025-07-18,24.998442691664994,25.20113372782553,24.998442691664994,25.123918533325195,123600,0.0,0.0,0.0
2025-07-21,25.0370502123574,25.056352629497226,24.892271958554122,24.998441696166992,238600,0.0,0.0,0.0
2025-07-22,24.998442641853373,25.12391848326355,24.998442641853373,25.06600570678711,161100,0.0,0.0,0.0
2025-07-23,25.14322001169743,25.297650394927437,25.066004820082426,25.288000106811523,96100,0.0,0.0,0.0
2025-07-24,25.35556316935523,25.374867427497826,25.123917594510218,25.288000106811523,225000,0.0,0.0,0.0
2025-07-25,25.133569685812187,25.181828490140777,25.075656911471427,25.172176361083984,203200,0.0,0.0,0.0
2025-07-28,25.18182943644402,25.326607695825757,25.13357063030192,25.31695556640625,145100,0.0,0.0,0.0
2025-07-29,25.20113371111277,25.20113371111277,24.940531739488677,25.1046142578125,298700,0.0,0.0,0.0
2025-07-30,25.075656873440757,25.210784839075547,24.98878955301674,25.056352615356445,219700,0.0,0.0,0.0
2025-07-31,25.152872079017868,25.210784853303483,24.979137438071785,24.998441696166992,156700,0.0,0.0,0.0
2025-08-01,24.921227462860617,24.97913839841729,24.728190397353224,24.77644920349121,236600,0.0,0.0,0.0
2025-08-04,24.757144928337507,24.92122744643615,24.757144928337507,24.834360122680664,128300,0.0,0.0,0.0
2025-08-05,24.872967717775616,25.094961163158885,24.872967717775616,25.017745971679688,165000,0.0,0.0,0.0
2025-08-06,25.008094787901964,25.085309982299805,24.921227464084964,25.085309982299805,110200,0.0,0.0,0.0
2025-08-07,25.123918517416346,25.365216230196527,25.123918517416346,25.336259841918945,225000,0.0,0.0,0.0
2025-08-08,25.471385938419314,25.5292987148982,25.288001002435855,25.297651290893555,107600,0.0,0.0,0.0
2025-08-11,25.75129218701737,25.828507381422522,25.674076992612214,25.703031539916992,314600,0.0,0.0,0.0
2025-08-12,25.81885526923034,25.896070463687018,25.75129220420018,25.876766204833984,191100,0.0,0.0,0.0
2025-08-13,26.04084777526414,26.04084777526414,25.847810716626892,25.963632583618164,140100,0.0,0.0,0.0
2025-08-14,25.780245818259612,25.789897947336712,25.61616514681504,25.674076080322266,135500,0.0,0.0,0.0
2025-08-15,25.664423952115612,26.127715102099888,25.664423952115612,26.11806297302246,1086200,0.0,0.0,0.0
2025-08-18,26.00224113758787,26.089108458434858,25.953980492142104,26.079456329345703,214100,0.0,0.0,0.0
2025-08-19,26.05050085357719,26.195279113069457,25.992589917971376,26.185626983642578,181900,0.0,0.0,0.0
2025-08-20,26.156671544241174,26.34970860332883,26.09876061061042,26.253190994262695,307800,0.0,0.0,0.0
2025-08-21,26.291797672569864,26.330406188964844,26.137367288900716,26.330406188964844,203000,0.0,0.0,0.0
2025-08-22,26.407622329312833,26.639267913136838,26.378665940976536,26.629615783691406,227700,0.0,0.0,0.0
2025-08-25,26.629614821357368,26.7454366886061,26.571703887733,26.619962692260742,201300,0.0,0.0,0.0
2025-08-26,26.49448869014001,26.513791107373667,26.388317111055656,26.465532302856445,173500,0.0,0.0,0.0
2025-08-27,26.50413900410001,26.803349483455523,26.494488715951476,26.716482162475586,138500,0.0,0.0,0.0
2025-08-28,26.65857122313461,26.65857122313461,26.55239964396942,26.56205177307129,180200,0.0,0.0,0.0
2025-08-29,26.542748476284657,26.8033504486084,26.542748476284657,26.8033504486084,249600,0.0,0.0,0.0
2025-09-02,26.542748476101444,26.542748476101444,26.378665957338235,26.494489669799805,206300,0.0,0.0,0.0
2025-09-03,26.494488669818757,26.533095345211848,26.359360703554483,26.3690128326416,236300,0.0,0.0,0.0
2025-09-04,26.291797637939453,26.320754025197548,26.16632364173181,26.291797637939453,164500,0.0,0.0,0.0
2025-09-05,26.13736725151318,26.272493376791548,26.13736725151318,26.214582443237305,117400,0.0,0.0,0.0
2025-09-08,26.224234609834035,26.349708606206946,26.137367288900716,26.330406188964844,135000,0.0,0.0,0.0
2025-09-09,26.378664970257198,26.426923774753007,26.15667152404785,26.15667152404785,96800,0.0,0.0,0.0
2025-09-10,26.25319188987321,26.340059213760462,26.22423550159231,26.262842178344727,98900,0.0,0.0,0.0
2025-09-11,26.291798600217238,26.47518537765301,26.28214647077794,26.455881118774414,283800,0.0,0.0,0.0
2025-09-12,26.44622804755821,26.5813560139409,26.41727350122687,26.542747497558594,170200,0.0,0.0,0.0
2025-09-15,26.822654691064105,27.034996016000214,26.822654691064105,26.9384765625,203800,0.0,0.0,0.0
2025-09-16,26.890216807271777,26.948127740946045,26.764740969862903,26.793697357177734,154700,0.0,0.0,0.0
2025-09-17,26.533095356759354,26.542747485850672,26.17597578515747,26.23388671875,516300,0.0,0.0,0.0
2025-09-18,26.156671506702832,26.16632363578667,26.031195669568316,26.137367248535156,194600,0.0,0.0,0.0
2025-09-19,25.992589917486942,26.118063918123113,25.934678981882204,26.03119659423828,215300,0.0,0.0,0.0
2025-09-22,25.828507431864498,25.9250268852983,25.789898914108797,25.915374755859375,197900,0.0,0.0,0.0
2025-09-23,25.84781165750989,26.050500852600372,25.81885526923034,25.876766204833984,159300,0.0,0.0,0.0
2025-09-24,26.04084777526414,26.050499904339308,25.944328325467822,25.963632583618164,120900,0.0,0.0,0.0
2025-09-25,25.973284727036827,25.973284727036827,25.789897956418095,25.90572166442871,95900,0.0,0.0,0.0
2025-09-26,25.963632586665273,26.06980416554922,25.925025911315448,26.040847778320312,431600,0.0,0.0,0.0
2025-09-29,26.031196610690166,26.09876151671975,25.944329286750435,25.973285675048828,215100,0.0,0.0,0.0
2025-09-30,25.886417403247425,25.944328336768283,25.809202211567815,25.828506469726562,262600,0.0,0.0,0.0
2025-10-01,25.770596463053213,25.8864183342605,25.73198794534715,25.876766204833984,284300,0.0,0.0,0.0
2025-10-02,25.809202208538476,25.809202208538476,25.674076083353867,25.751291275024414,231200,0.0,0.0,0.0
2025-10-03,25.75129222037496,25.82850741488014,25.683729155302363,25.741640090942383,339400,0.0,0.0,0.0
2025-10-06,25.76094338980483,25.838158581432516,25.712682744440407,25.809202194213867,146600,0.0,0.0,0.0
2025-10-07,25.664423951245162,25.703030626598185,25.587208759583735,25.674076080322266,176900,0.0,0.0,0.0
2025-10-08,25.625815403367508,25.712682723999023,25.625815403367508,25.712682723999023,145900,0.0,0.0,0.0
2025-10-09,25.674077008757536,25.674077008757536,25.538949037746953,25.56790542602539,128100,0.0,0.0,0.0
2025-10-10,25.5003413948395,25.51964565296039,25.230087304013185,25.40382194519043,360700,0.0,0.0,0.0
2025-10-13,25.509994490175345,25.529298749027447,25.413475036870285,25.490690231323242,123800,0.0,0.0,0.0
2025-10-14,25.529298766096076,25.799551026384393,25.509994507231067,25.664424896240234,363100,0.0,0.0,0.0
2025-10-15,25.809202188027932,25.847810704310216,25.61616512948267,25.65477180480957,153800,0.0,0.0,0.0
2025-10-16,25.751292203955167,25.886418334014202,25.751292203955167,25.799551010131836,120000,0.0,0.0,0.0
2025-10-17,25.654771836507415,25.70303064096451,25.52929784034573,25.616165161132812,106900,0.0,0.0,0.0
2025-10-20,25.799551043401745,25.87676623795726,25.703031589968486,25.838159561157227,137900,0.0,0.0,0.0
2025-10-21,25.82850741527305,25.91537473921213,25.741640091333977,25.89607048034668,104400,0.0,0.0,0.0
2025-10-22,26.050499890017207,26.098760535366523,25.96363256934382,26.021543502807617,216800,0.0,0.0,0.0
2025-10-23,26.204930305141957,26.243538821468434,25.953980471886,25.98293685913086,132800,0.0,0.0,0.0
2025-10-24,25.86711409145647,25.86711409145647,25.616166090033165,25.664424896240234,383000,0.0,0.0,0.0
2025-10-27,25.558253329410167,25.57755758828724,25.288001068952962,25.374868392944336,274300,0.0,0.0,0.0
2025-10-28,25.27834794296019,25.43277832597772,25.181828493335384,25.249391555786133,249800,0.0,0.0,0.0
2025-10-29,25.230087304013185,25.529297782020834,25.230087304013185,25.40382194519043,186000,0.0,0.0,0.0
2025-10-30,25.278347963495342,25.413474088506607,25.143219997528696,25.345911026000977,230800,0.0,0.0,0.0
2025-10-31,25.384518681576335,25.452083587646484,25.336259875338822,25.452083587646484,105900,0.0,0.0,0.0
2025-11-03,25.63546757601409,26.002241117294098,25.62581544693247,25.98293685913086,183500,0.0,0.0,0.0
2025-11-04,25.886418333766425,25.934678980898084,25.683729138679812,25.722335815429688,153500,0.0,0.0,0.0
2025-11-05,25.818855251703216,25.828507381123178,25.61616605675033,25.625816345214844,133200,0.0,0.0,0.0
2025-11-06,25.42312718209815,25.432779311530197,25.152873080867092,25.201133728027344,296600,0.0,0.0,0.0
2025-11-07,25.259043719597628,25.297650394927437,25.15287214076873,25.288000106811523,118000,0.0,0.0,0.0
2025-11-10,25.316955616901833,25.71268371911376,25.26869681066348,25.68372917175293,212200,0.0,0.0,0.0
2025-11-11,25.616165161132812,25.683728223754905,25.587208773885326,25.616165161132812,133500,0.0,0.0,0.0
2025-11-12,25.500341398015873,25.50999352707752,25.423126206478077,25.481037139892578,121800,0.0,0.0,0.0
2025-11-13,25.47138500446605,25.49068926258452,25.30730249236981,25.32660675048828,172300,0.0,0.0,0.0
2025-11-14,25.268696776390218,25.423127165290023,25.16252519366331,25.18182945251465,208100,0.0,0.0,0.0
2025-11-17,25.21078585825474,25.51964663626829,25.21078585825474,25.509994506835938,268700,0.0,0.0,0.0
2025-11-18,25.529297785200814,25.57755658955367,25.452082593663018,25.481037139892578,87800,0.0,0.0,0.0
2025-11-19,25.394170777013017,25.413475035864355,25.16252519366331,25.18182945251465,209500,0.0,0.0,0.0
2025-11-20,25.336258884262836,25.336258884262836,25.02739811813135,25.037050247192383,234100,0.0,0.0,0.0
2025-11-21,24.91157435832357,25.027398065858655,24.757143975580373,24.979137420654297,546700,0.0,0.0,0.0
2025-11-24,24.689580938023052,24.89227196617399,24.660624550871383,24.786100387573242,229600,0.0,0.0,0.0
2025-11-25,24.776449220662332,25.00809480400501,24.776449220662332,24.950183868408203,339200,0.0,0.0,0.0
2025-11-26,24.99844264255846,25.259044613843457,24.99844264255846,25.220436096191406,153000,0.0,0.0,0.0
2025-11-28,25.26869584063392,25.509993544473502,25.26869584063392,25.500341415405273,115800,0.0,0.0,0.0
2025-12-01,25.403822940304494,25.452083587497174,25.355564134067265,25.374868392944336,251400,0.0,0.0,0.0
2025-12-02,25.37486836012153,25.5679054257762,25.37486836012153,25.490690231323242,196200,0.0,0.0,0.0
2025-12-03,25.5003413806001,25.519645638710212,25.413474060059986,25.461732864379883,85500,0.0,0.0,0.0
2025-12-04,25.45208257948635,25.567904446250843,25.44243045043008,25.53894805908203,98500,0.0,0.0,0.0
2025-12-05,25.567904498392252,25.645119690044506,25.519645693967863,25.596860885620117,128100,0.0,0.0,0.0
2025-12-08,25.54860020236873,25.587208718615315,25.442430464601372,25.481037139892578,424400,0.0,0.0,0.0
2025-12-09,25.471385010830932,25.54860020236873,25.432778335539723,25.481037139892578,128000,0.0,0.0,0.0
2025-12-10,25.519646619850114,25.596861814303825,25.500342360997823,25.56790542602539,166500,0.0,0.0,0.0
2025-12-11,25.625815403367508,25.741639111194655,25.625815403367508,25.712682723999023,377700,0.0,0.0,0.0
2025-12-12,25.69338033542428,25.69338033542428,25.5582523693163,25.596860885620117,274000,0.0,0.0,0.0
2025-12-15,25.48103715415003,25.48103715415003,25.345911029122124,25.423126220703125,191800,0.0,0.0,0.0
2025-12-16,25.403822906944523,25.423127165796245,25.30730345364136,25.336259841918945,126100,0.0,0.0,0.0
2025-12-17,25.365215298426527,25.365215298426527,25.259043719597628,25.288000106811523,58700,0.0,0.0,0.0
2025-12-18,25.220436112865315,25.268696759962285,25.18182943614319,25.2397403717041,131200,0.0,0.0,0.0
2025-12-19,25.230087332383732,25.33625891121263,25.220435203312434,25.288000106811523,186200,0.0,0.0,0.0
2025-12-22,25.450000762939453,25.5,25.399999618530273,25.440000534057617,385700,0.912,0.0,0.0
2025-12-23,25.479999542236328,25.530000686645508,25.469999313354492,25.479999542236328,170800,0.0,0.0,0.0
2025-12-24,25.559999465942383,25.670000076293945,25.540000915527344,25.649999618530273,152900,0.0,0.0,0.0
2025-12-26,25.670000076293945,25.709999084472656,25.639999389648438,25.65999984741211,316400,0.0,0.0,0.0
2025-12-29,25.700000762939453,25.739999771118164,25.649999618530273,25.649999618530273,171800,0.0,0.0,0.0
2025-12-30,25.600000381469727,25.6299991607666,25.549999237060547,25.56999969482422,177100,0.0,0.0,0.0
2025-12-31,25.610000610351562,25.639999389648438,25.520000457763672,25.520000457763672,677200,0.0,0.0,0.0
2026-01-02,25.5,25.56999969482422,25.43000030517578,25.559999465942383,307600,0.0,0.0,0.0
2026-01-05,25.670000076293945,25.850000381469727,25.670000076293945,25.81999969482422,372400,0.0,0.0,0.0
2026-01-06,25.829999923706055,25.920000076293945,25.809999465942383,25.84000015258789,276500,0.0,0.0,0.0
2026-01-07,25.950000762939453,25.950000762939453,25.8799991607666,25.90999984741211,190900,0.0,0.0,0.0
2026-01-08,25.959999084472656,26.049999237060547,25.959999084472656,26.010000228881836,260000,0.0,0.0,0.0
2026-01-09,25.950000762939453,25.959999084472656,25.75,25.780000686645508,312300,0.0,0.0,0.0
2026-01-12,25.809999465942383,25.90999984741211,25.56999969482422,25.6299991607666,387800,0.0,0.0,0.0
2026-01-13,25.559999465942383,25.649999618530273,25.549999237060547,25.56999969482422,240700,0.0,0.0,0.0
2026-01-14,25.56999969482422,25.6200008392334,25.479999542236328,25.510000228881836,366000,0.0,0.0,0.0
2026-01-15,25.520000457763672,25.6299991607666,25.520000457763672,25.59000015258789,265200,0.0,0.0,0.0
2026-01-16,25.690000534057617,25.700000762939453,25.559999465942383,25.600000381469727,229000,0.0,0.0,0.0
2026-01-20,25.510000228881836,25.579999923706055,25.489999771118164,25.489999771118164,218100,0.0,0.0,0.0
2026-01-21,25.56999969482422,25.600000381469727,25.5,25.549999237060547,224300,0.0,0.0,0.0
2026-01-22,25.6200008392334,25.649999618530273,25.579999923706055,25.600000381469727,213500,0.0,0.0,0.0
2026-01-23,25.610000610351562,25.770000457763672,25.59000015258789,25.739999771118164,207200,0.0,0.0,0.0
2026-01-26,25.790000915527344,25.84000015258789,25.719999313354492,25.760000228881836,296700,0.0,0.0,0.0
2026-01-27,25.860000610351562,25.860000610351562,25.799999237060547,25.84000015258789,197000,0.0,0.0,0.0
2026-01-28,25.8700008392334,25.920000076293945,25.829999923706055,25.8799991607666,210300,0.0,0.0,0.0
2026-01-29,25.940000534057617,26.010000228881836,25.81999969482422,25.8700008392334,322900,0.0,0.0,0.0
2026-01-30,25.809999465942383,25.809999465942383,25.559999465942383,25.65999984741211,305100,0.0,0.0,0.0
2026-02-02,25.549999237060547,25.649999618530273,25.540000915527344,25.649999618530273,196000,0.0,0.0,0.0
2026-02-03,25.709999084472656,25.760000228881836,25.68000030517578,25.75,245700,0.0,0.0,0.0
2026-02-04,25.670000076293945,25.93000030517578,25.649999618530273,25.709999084472656,197900,0.0,0.0,0.0
2026-02-05,25.739999771118164,25.829999923706055,25.549999237060547,25.770000457763672,378600,0.0,0.0,0.0
2026-02-06,25.790000915527344,25.899999618530273,25.68000030517578,25.770000457763672,406500,0.0,0.0,0.0
2026-02-09,25.75,25.790000915527344,25.709999084472656,25.75,141900,0.0,0.0,0.0
2026-02-10,25.75,25.790000915527344,25.709999084472656,25.729999542236328,255900,0.0,0.0,0.0
2026-02-11,25.770000457763672,25.860000610351562,25.700000762939453,25.81999969482422,149800,0.0,0.0,0.0
2026-02-12,25.8700008392334,25.920000076293945,25.790000915527344,25.889999389648438,264900,0.0,0.0,0.0
2026-02-13,25.850000381469727,25.860000610351562,25.729999542236328,25.790000915527344,179100,0.0,0.0,0.0
2026-02-17,25.639999389648438,25.770000457763672,25.610000610351562,25.709999084472656,175900,0.0,0.0,0.0
2026-02-18,25.760000228881836,25.84000015258789,25.739999771118164,25.84000015258789,256000,0.0,0.0,0.0
2026-02-19,25.75,25.920000076293945,25.729999542236328,25.899999618530273,935100,0.0,0.0,0.0
2026-02-20,25.979999542236328,26.059999465942383,25.860000610351562,26.030000686645508,359600,0.0,0.0,0.0
2026-02-23,25.93000030517578,26.110000610351562,25.93000030517578,25.969999313354492,338400,0.0,0.0,0.0
2026-02-24,25.920000076293945,26.040000915527344,25.920000076293945,26.010000228881836,197200,0.0,0.0,0.0
2026-02-25,26.010000228881836,26.139999389648438,25.959999084472656,26.1200008392334,236800,0.0,0.0,0.0
2026-02-26,26.149999618530273,26.149999618530273,25.969999313354492,26.049999237060547,313400,0.0,0.0,0.0
2026-02-27,26.100000381469727,26.139999389648438,25.969999313354492,26.020000457763672,193400,0.0,0.0,0.0
2026-03-02,26.040000915527344,26.049999237060547,25.90999984741211,25.989999771118164,249600,0.0,0.0,0.0
2026-03-03,26.049999237060547,26.06999969482422,25.860000610351562,26.020000457763672,632100,0.0,0.0,0.0
2026-03-04,25.989999771118164,26.1200008392334,25.989999771118164,26.1200008392334,259800,0.0,0.0,0.0
2026-03-05,26.190000534057617,26.420000076293945,26.15999984741211,26.40999984741211,1279600,0.0,0.0,0.0
2026-03-06,26.610000610351562,26.760000228881836,26.56999969482422,26.709999084472656,3532700,0.0,0.0,0.0
2026-03-09,26.829999923706055,26.84000015258789,26.510000228881836,26.549999237060547,1904500,0.0,0.0,0.0
2026-03-10,26.59000015258789,26.639999389648438,26.469999313354492,26.610000610351562,752000,0.0,0.0,0.0
2026-03-11,26.770000457763672,26.780000686645508,26.6200008392334,26.700000762939453,2688500,0.0,0.0,0.0
2026-03-12,26.809999465942383,26.8700008392334,26.709999084472656,26.75,2333000,0.0,0.0,0.0
2026-03-13,26.700000762939453,26.829999923706055,26.600000381469727,26.75,4488500,0.0,0.0,0.0
2026-03-16,26.709999084472656,26.760000228881836,26.440000534057617,26.450000762939453,2304300,0.0,0.0,0.0
2026-03-17,26.600000381469727,26.68000030517578,26.530000686645508,26.6200008392334,1186200,0.0,0.0,0.0
2026-03-18,26.6299991607666,26.920000076293945,26.610000610351562,26.90999984741211,2617000,0.0,0.0,0.0
2026-03-19,26.950000762939453,26.979999542236328,26.829999923706055,26.969999313354492,2685900,0.0,0.0,0.0
2026-03-20,26.850000381469727,26.93000030517578,26.790000915527344,26.850000381469727,1557000,0.0,0.0,0.0
2026-03-23,26.739999771118164,26.860000610351562,26.65999984741211,26.84000015258789,2924500,0.0,0.0,0.0
2026-03-24,26.780000686645508,26.959999084472656,26.770000457763672,26.889999389648438,1830200,0.0,0.0,0.0
2026-03-25,26.790000915527344,27.0,26.75,26.959999084472656,2316100,0.0,0.0,0.0
2026-03-26,26.940000534057617,27.139999389648438,26.899999618530273,27.110000610351562,1592600,0.0,0.0,0.0
2026-03-27,27.139999389648438,27.31999969482422,27.09000015258789,27.170000076293945,2147600,0.0,0.0,0.0
2026-03-30,27.1299991607666,27.270000457763672,27.100000381469727,27.1200008392334,1428900,0.0,0.0,0.0
2026-03-31,27.18000030517578,27.3700008392334,27.15999984741211,27.31999969482422,2374000,0.0,0.0,0.0
2026-04-01,27.1299991607666,27.15999984741211,26.959999084472656,27.100000381469727,2251800,0.0,0.0,0.0
2026-04-02,27.219999313354492,27.229999542236328,27.1200008392334,27.15999984741211,2938700,0.0,0.0,0.0
2026-04-06,27.200000762939453,27.299999237060547,27.139999389648438,27.280000686645508,1678100,0.0,0.0,0.0
2026-04-07,27.15999984741211,27.229999542236328,27.0,27.010000228881836,1910900,0.0,0.0,0.0
2026-04-08,26.90999984741211,26.950000762939453,26.799999237060547,26.8700008392334,2181900,0.0,0.0,0.0
2026-04-09,26.959999084472656,26.979999542236328,26.770000457763672,26.8700008392334,1718200,0.0,0.0,0.0
2026-04-10,26.920000076293945,26.950000762939453,26.84000015258789,26.889999389648438,561600,0.0,0.0,0.0
2026-04-13,26.969999313354492,27.100000381469727,26.93000030517578,26.93000030517578,1508800,0.0,0.0,0.0
2026-04-14,27.030000686645508,27.139999389648438,26.989999771118164,27.1200008392334,1616900,0.0,0.0,0.0
2026-04-15,27.149999618530273,27.219999313354492,27.06999969482422,27.170000076293945,1260100,0.0,0.0,0.0
2026-04-16,27.25,27.280000686645508,27.100000381469727,27.110000610351562,1419600,0.0,0.0,0.0
2026-04-17,26.90999984741211,26.969999313354492,26.770000457763672,26.920000076293945,2481500,0.0,0.0,0.0
2026-04-20,27.0,27.139999389648438,26.979999542236328,26.989999771118164,1101100,0.0,0.0,0.0
2026-04-21,27.040000915527344,27.229999542236328,27.030000686645508,27.170000076293945,1271700,0.0,0.0,0.0
2026-04-22,27.260000228881836,27.309999465942383,27.110000610351562,27.1299991607666,1047000,0.0,0.0,0.0
2026-04-23,27.15999984741211,27.420000076293945,27.059999465942383,27.399999618530273,1638800,0.0,0.0,0.0
2026-04-24,27.3700008392334,27.40999984741211,27.299999237060547,27.389999389648438,1182700,0.0,0.0,0.0
2026-04-27,27.3799991607666,27.6200008392334,27.3799991607666,27.56999969482422,1917500,0.0,0.0,0.0
2026-04-28,27.75,27.969999313354492,27.639999389648438,27.959999084472656,2720000,0.0,0.0,0.0
2026-04-29,28.030000686645508,28.190000534057617,28.010000228881836,28.110000610351562,3153100,0.0,0.0,0.0
2026-04-30,28.0,28.079999923706055,27.93000030517578,28.030000686645508,1796300,0.0,0.0,0.0
2026-05-01,28.100000381469727,28.209999084472656,28.040000915527344,28.110000610351562,1362000,0.0,0.0,0.0
2026-05-04,28.15999984741211,28.329999923706055,28.110000610351562,28.290000915527344,2656000,0.0,0.0,0.0
2026-05-05,28.280000686645508,28.3700008392334,28.200000762939453,28.3700008392334,1712600,0.0,0.0,0.0
2026-05-06,28.1299991607666,28.1299991607666,27.940000534057617,28.059999465942383,2013400,0.0,0.0,0.0
2026-05-07,27.8799991607666,27.8799991607666,27.600000381469727,27.799999237060547,3059900,0.0,0.0,0.0
2026-05-08,27.889999389648438,28.0,27.84000015258789,27.969999313354492,604000,0.0,0.0,0.0
2026-05-11,28.209999084472656,28.389999389648438,28.18000030517578,28.329999923706055,1520300,0.0,0.0,0.0
2026-05-12,28.40999984741211,28.6200008392334,28.350000381469727,28.56999969482422,1863100,0.0,0.0,0.0
2026-05-13,28.540000915527344,28.84000015258789,28.459999084472656,28.729999542236328,1988100,0.0,0.0,0.0
2026-05-14,28.329999923706055,28.3799991607666,28.170000076293945,28.25,1221200,0.0,0.0,0.0
2026-05-15,27.920000076293945,27.969999313354492,27.75,27.829999923706055,2476600,0.0,0.0,0.0
2026-05-18,28.1299991607666,28.270000457763672,28.110000610351562,28.200000762939453,1713500,0.0,0.0,0.0
2026-05-19,28.270000457763672,28.329999923706055,28.190000534057617,28.280000686645508,877300,0.0,0.0,0.0
2026-05-20,28.15999984741211,28.15999984741211,27.889999389648438,27.969999313354492,1094000,0.0,0.0,0.0
2026-05-21,27.969999313354492,27.989999771118164,27.549999237060547,27.610000610351562,1619500,0.0,0.0,0.0
2026-05-22,27.639999389648438,27.690000534057617,27.489999771118164,27.559999465942383,917100,0.0,0.0,0.0
2026-05-26,27.600000381469727,27.649999618530273,27.43000030517578,27.469999313354492,801900,0.0,0.0,0.0
2026-05-27,27.3700008392334,27.530000686645508,27.329999923706055,27.469999313354492,1309600,0.0,0.0,0.0
2026-05-28,27.489999771118164,27.59000015258789,27.420000076293945,27.579999923706055,583300,0.0,0.0,0.0
2026-05-29,27.549999237060547,27.549999237060547,27.190000534057617,27.25,1825400,0.0,0.0,0.0
2026-06-01,27.420000076293945,27.450000762939453,27.200000762939453,27.239999771118164,1134900,0.0,0.0,0.0
2026-06-02,27.239999771118164,27.239999771118164,27.059999465942383,27.1200008392334,1658300,0.0,0.0,0.0
2026-06-03,27.18000030517578,27.209999084472656,26.860000610351562,26.860000610351562,1072900,0.0,0.0,0.0
2026-06-04,26.809999465942383,26.8700008392334,26.6200008392334,26.690000534057617,1354000,0.0,0.0,0.0
2026-06-05,26.610000610351562,26.670000076293945,26.3799991607666,26.399999618530273,4275100,0.0,0.0,0.0
2026-06-08,26.420000076293945,26.520000457763672,26.309999465942383,26.329999923706055,1259500,0.0,0.0,0.0
2026-06-09,26.360000610351562,26.450000762939453,26.239999771118164,26.280000686645508,759400,0.0,0.0,0.0
2026-06-10,26.3799991607666,26.420000076293945,26.309999465942383,26.329999923706055,737800,0.0,0.0,0.0
2026-06-11,26.31999969482422,26.3700008392334,26.219999313354492,26.299999237060547,1014300,0.0,0.0,0.0
2026-06-12,26.309999465942383,26.360000610351562,26.239999771118164,26.239999771118164,811600,0.0,0.0,0.0
2026-06-15,26.170000076293945,26.389999389648438,26.15999984741211,26.3799991607666,1406500,0.0,0.0,0.0
2026-06-16,26.459999084472656,26.729999542236328,26.450000762939453,26.65999984741211,797200,0.0,0.0,0.0
2026-06-17,26.809999465942383,26.8700008392334,26.770000457763672,26.84000015258789,829100,0.0,0.0,0.0
2026-06-18,26.75,26.75,26.579999923706055,26.6299991607666,1040900,0.0,0.0,0.0
2026-06-22,26.729999542236328,26.75,26.639999389648438,26.649999618530273,2362200,0.0,0.0,0.0
2026-06-23,26.6200008392334,26.729999542236328,26.579999923706055,26.600000381469727,1704800,0.0,0.0,0.0
2026-06-24,26.649999618530273,26.760000228881836,26.559999465942383,26.559999465942383,834700,0.0,0.0,0.0
2026-06-25,26.6299991607666,26.940000534057617,26.600000381469727,26.920000076293945,1352800,0.0,0.0,0.0
2026-06-26,26.790000915527344,26.90999984741211,26.770000457763672,26.799999237060547,621100,0.0,0.0,0.0
2026-06-29,26.739999771118164,26.739999771118164,26.479999542236328,26.510000228881836,2364400,0.0,0.0,0.0
2026-06-30,26.6200008392334,26.770000457763672,26.450000762939453,26.670000076293945,707400,0.0,0.0,0.0
2026-07-01,26.739999771118164,26.920000076293945,26.739999771118164,26.860000610351562,517900,0.0,0.0,0.0
2026-07-02,26.8700008392334,26.969999313354492,26.719999313354492,26.739999771118164,387300,0.0,0.0,0.0
2026-07-06,27.18000030517578,27.59000015258789,27.149999618530273,27.540000915527344,1314100,0.0,0.0,0.0
2026-07-07,27.5,27.579999923706055,27.3799991607666,27.549999237060547,1175500,0.0,0.0,0.0
2026-07-08,27.639999389648438,27.690000534057617,27.530000686645508,27.6200008392334,681800,0.0,0.0,0.0
2026-07-09,27.670000076293945,27.8799991607666,27.639999389648438,27.709999084472656,607900,0.0,0.0,0.0
2026-07-10,27.649999618530273,27.809999465942383,27.5,27.770000457763672,1459200,0.0,0.0,0.0
2026-07-13,27.809999465942383,27.899999618530273,27.700000762939453,27.719999313354492,1160000,0.0,0.0,0.0
2026-07-14,27.6299991607666,27.68000030517578,27.549999237060547,27.6299991607666,602500,0.0,0.0,0.0
2026-07-15,27.670000076293945,28.0,27.670000076293945,27.979999542236328,1448600,0.0,0.0,0.0
2026-07-16,27.81999969482422,27.829999923706055,27.559999465942383,27.59000015258789,645400,0.0,0.0,0.0
2026-07-17,27.760000228881836,27.850000381469727,27.690000534057617,27.84000015258789,856300,0.0,0.0,0.0
2026-07-20,27.979999542236328,28.079999923706055,27.899999618530273,28.020000457763672,713400,0.0,0.0,0.0
2026-07-21,28.030000686645508,28.15999984741211,27.979999542236328,28.149999618530273,646400,0.0,0.0,0.0
2026-07-22,28.200000762939453,28.299999237060547,28.149999618530273,28.229999542236328,647600,0.0,0.0,0.0
2026-07-23,28.309999465942383,28.34000015258789,28.15999984741211,28.239999771118164,600700,0.0,0.0,0.0
2026-07-24,28.1200008392334,28.360000610351562,28.059999465942383,28.239999771118164,529600,0.0,0.0,0.0
2026-07-27,27.850000381469727,27.920000076293945,27.610000610351562,27.6200008392334,1139400,0.0,0.0,0.0
2026-07-28,27.6299991607666,27.959999084472656,27.6299991607666,27.84000015258789,1036000,0.0,0.0,0.0
2026-07-29,27.829999923706055,27.829999923706055,27.489999771118164,27.489999771118164,601900,0.0,0.0,0.0
2026-07-30,27.610000610351562,27.670000076293945,27.459999084472656,27.479999542236328,1299200,0.0,0.0,0.0
2026-07-31,27.600000381469727,27.600000381469727,27.440000534057617,27.510000228881836,425400,0.0,0.0,0.0
2026-08-03,27.510000228881836,27.809999465942383,27.489999771118164,27.790000915527344,481800,0.0,0.0,0.0
2026-08-04,27.549999237060547,27.690000534057617,27.479999542236328,27.65999984741211,741600,0.0,0.0,0.0
2026-08-05,27.65999984741211,27.809999465942383,27.520000457763672,27.6299991607666,2092000,0.0,0.0,0.0
2026-08-06,27.600000381469727,27.600000381469727,27.3700008392334,27.43000030517578,463900,0.0,0.0,0.0
2026-08-07,27.479999542236328,27.690000534057617,27.469999313354492,27.6200008392334,412500,0.0,0.0,0.0
2026-08-10,27.690000534057617,27.860000610351562,27.68000030517578,27.81999969482422,356900,0.0,0.0,0.0
2026-08-11,27.75,27.75,27.559999465942383,27.59000015258789,480100,0.0,0.0,0.0
2026-08-12,27.690000534057617,27.920000076293945,27.670000076293945,27.84000015258789,695200,0.0,0.0,0.0
2026-08-13,27.770000457763672,27.81999969482422,27.59000015258789,27.6200008392334,484400,0.0,0.0,0.0
2026-08-14,27.649999618530273,27.790000915527344,27.6299991607666,27.770000457763672,450800,0.0,0.0,0.0
2026-08-17,27.860000610351562,28.15999984741211,27.850000381469727,28.139999389648438,867200,0.0,0.0,0.0
2026-08-18,28.190000534057617,28.239999771118164,28.010000228881836,28.030000686645508,1485300,0.0,0.0,0.0
2026-08-19,28.149999618530273,28.399999618530273,28.149999618530273,28.290000915527344,740400,0.0,0.0,0.0
2026-08-20,28.399999618530273,28.479999542236328,28.329999923706055,28.3799991607666,1363300,0.0,0.0,0.0
2026-08-21,28.360000610351562,28.360000610351562,28.139999389648438,28.31999969482422,1068000,0.0,0.0,0.0
2026-08-24,28.329999923706055,28.34000015258789,28.170000076293945,28.299999237060547,967800,0.0,0.0,0.0
2026-08-25,28.030000686645508,28.299999237060547,27.969999313354492,28.280000686645508,1066100,0.0,0.0,0.0
2026-08-26,28.280000686645508,28.65999984741211,28.280000686645508,28.59000015258789,1946400,0.0,0.0,0.0
2026-08-27,28.6299991607666,28.920000076293945,28.59000015258789,28.81999969482422,2499900,0.0,0.0,0.0
2026-08-28,29.010000228881836,29.200000762939453,28.959999084472656,29.190000534057617,3341100,0.0,0.0,0.0
2026-08-31,29.09000015258789,29.360000610351562,29.040000915527344,29.31999969482422,2298600,0.0,0.0,0.0
2026-09-01,29.280000686645508,29.520000457763672,29.229999542236328,29.489999771118164,3565600,0.0,0.0,0.0
2026-09-02,29.1200008392334,29.440000534057617,29.1200008392334,29.270000457763672,3171300,0.0,0.0,0.0
2026-09-03,28.850000381469727,29.1299991607666,28.770000457763672,29.09000015258789,1619700,0.0,0.0,0.0
2026-09-04,29.040000915527344,29.079999923706055,28.850000381469727,28.850000381469727,988600,0.0,0.0,0.0
2026-09-08,28.90999984741211,29.1299991607666,28.889999389648438,29.1299991607666,951500,0.0,0.0,0.0
2026-09-09,29.209999084472656,29.209999084472656,28.969999313354492,29.0,1539300,0.0,0.0,0.0
2026-09-10,29.100000381469727,29.31999969482422,28.989999771118164,29.31999969482422,1351700,0.0,0.0,0.0
2026-09-11,29.200000762939453,29.200000762939453,28.829999923706055,28.93000030517578,1330600,0.0,0.0,0.0
2026-09-14,28.950000762939453,29.059999465942383,28.8700008392334,28.959999084472656,1422000,0.0,0.0,0.0
2026-09-15,28.850000381469727,28.969999313354492,28.829999923706055,28.8799991607666,2588900,0.0,0.0,0.0
2026-09-16,28.90999984741211,28.979999542236328,28.709999084472656,28.81999969482422,1159600,0.0,0.0,0.0
2026-09-17,28.65999984741211,28.719999313354492,28.420000076293945,28.420000076293945,2038800,0.0,0.0,0.0
