Date,Open,High,Low,Close,Volume,Dividends,Stock Splits,Capital Gains
2020-09-03,11.572835156290095,11.581536735140844,11.424911635140292,11.538029670715332,970400,0.0,0.0,0.0
2020-09-04,11.503223792258357,11.546730855197925,11.39010576054676,11.433612823486328,2013400,0.0,0.0,0.0
2020-09-08,11.12906462652218,11.189974019005296,11.050752076284894,11.155168533325195,2071400,0.0,0.0,0.0
2020-09-09,11.189974406781705,11.303092446619074,11.146468170545095,11.2595853805542,1337600,0.0,0.0,0.0
2020-09-10,11.250883660512317,11.303091471423226,11.137765630434423,11.146467208862305,1267700,0.0,0.0,0.0
2020-09-11,11.189973644513046,11.259584613543593,11.172571317169513,11.22477912902832,863000,0.0,0.0,0.0
2020-09-14,11.207377499610535,11.25958531472052,11.181273592055543,11.233481407165527,948500,0.0,0.0,0.0
2020-09-15,11.250883492896573,11.32919603792443,11.216078009531769,11.294389724731445,1055700,0.0,0.0,0.0
2020-09-16,11.372704120310694,11.529329235852238,11.372704120310694,11.503225326538086,745900,0.0,0.0,0.0
2020-09-17,11.442312721330918,11.642444864039295,11.416208817439616,11.633743286132812,669800,0.0,0.0,0.0
2020-09-18,11.633744497213085,11.69465388924288,11.607640590604348,11.685953140258789,538700,0.0,0.0,0.0
2020-09-21,11.529327886761152,11.538029465457102,11.276987913376113,11.398807525634766,1056400,0.0,0.0,0.0
2020-09-22,11.416209593510814,11.451015077674668,11.28568923535341,11.346598625183105,518600,0.0,0.0,0.0
2020-09-23,11.311793636425179,11.35530070099246,11.207377179360643,11.216078758239746,1531100,0.0,0.0,0.0
2020-09-24,11.18127340468251,11.303092191116571,11.14646791858303,11.26828670501709,1222800,0.0,0.0,0.0
2020-09-25,11.24218279789954,11.303092191116571,11.224779639935678,11.26828670501709,622400,0.0,0.0,0.0
2020-09-28,11.303092005736904,11.390106134472628,11.26828652020826,11.364002227783203,799600,0.0,0.0,0.0
2020-09-29,11.294390801403262,11.320495538786513,11.16387043380004,11.233481407165527,583300,0.0,0.0,0.0
2020-09-30,11.259584941369042,11.398807713311847,11.233481034679617,11.364002227783203,1374000,0.0,0.0,0.0
2020-10-01,11.294390098058868,11.294390098058868,11.120362675482498,11.22477912902832,2113900,0.0,0.0,0.0
2020-10-02,11.033349173063913,11.155167951678337,10.998543689198621,11.085556983947754,1360500,0.0,0.0,0.0
2020-10-05,11.285690248935781,11.39010671080512,11.285690248935781,11.372703552246094,1451400,0.0,0.0,0.0
2020-10-06,11.485821146431238,11.55543211830193,11.398807846506994,11.416210174560547,777200,0.0,0.0,0.0
2020-10-07,11.451015218270149,11.477119124256493,11.381404249087756,11.459716796875,715500,0.0,0.0,0.0
2020-10-08,11.564134342814546,11.59893983069292,11.51192569608284,11.572835922241211,1335200,0.0,0.0,0.0
2020-10-09,11.59893964080856,11.677252194709931,11.572835732784196,11.607641220092773,1132400,0.0,0.0,0.0
2020-10-12,11.598938803305922,11.598938803305922,11.459716864124141,11.485820770263672,984300,0.0,0.0,0.0
2020-10-13,11.503223994773817,11.52062632235909,11.451015352361555,11.511924743652344,1044500,0.0,0.0,0.0
2020-10-14,11.555431180707092,11.60763982028808,11.546730432300405,11.59023666381836,564600,0.0,0.0,0.0
2020-10-15,11.433614098463005,11.625043869018555,11.40750935989137,11.625043869018555,574200,0.0,0.0,0.0
2020-10-16,11.52932879009708,11.581537436535172,11.503224881792177,11.546731948852539,621800,0.0,0.0,0.0
2020-10-19,11.625042333305354,11.642445490054087,11.546730617420618,11.555431365966797,478900,0.0,0.0,0.0
2020-10-20,11.57283510518329,11.720758625679847,11.57283510518329,11.685953140258789,1144800,0.0,0.0,0.0
2020-10-21,11.659847630040895,11.720757847856744,11.564132758941952,11.59023666381836,558000,0.0,0.0,0.0
2020-10-22,11.598939960275215,11.67725251633353,11.572836051531876,11.625043869018555,575500,0.0,0.0,0.0
2020-10-23,11.625042969738125,11.642446127439623,11.503224185140569,11.538029670715332,1042500,0.0,0.0,0.0
2020-10-26,11.45971768538468,11.45971768538468,11.35530122351534,11.372703552246094,583000,0.0,0.0,0.0
2020-10-27,11.433613144644392,11.503224115371717,11.398807659280727,11.45101547241211,651300,0.0,0.0,0.0
2020-10-28,11.189973441345332,11.198675019773214,11.120362473578657,11.146467208862305,1743800,0.0,0.0,0.0
2020-10-29,10.894127857157649,11.042050549626437,10.85932154148471,11.007245063781738,1007700,0.0,0.0,0.0
2020-10-30,11.024648221618207,11.033349800536442,10.937634092092342,11.007245063781738,2362800,0.0,0.0,0.0
2020-11-02,10.989842935830476,11.216079012853491,10.989842935830476,11.207377433776855,5856300,0.0,0.0,0.0
2020-11-03,11.31179351479391,11.329196672364988,11.242182544166052,11.27698802947998,877000,0.0,0.0,0.0
2020-11-04,11.35530046198323,11.43361301059035,11.250884007116477,11.398807525634766,796000,0.0,0.0,0.0
2020-11-05,11.494522536573745,11.56413350730107,11.433613144644392,11.45101547241211,970700,0.0,0.0,0.0
2020-11-06,11.44231433680944,11.468419074214475,11.364002614079121,11.407508850097656,855300,0.0,0.0,0.0
2020-11-09,11.694654649132518,11.712057807887977,11.546731948852539,11.546731948852539,1278500,0.0,0.0,0.0
2020-11-10,11.67725150787594,11.7903695424325,11.642446022614555,11.772966384887695,2037200,0.0,0.0,0.0
2020-11-11,11.877383222463543,11.91218870884373,11.7468628559949,11.764266014099121,1591900,0.0,0.0,0.0
2020-11-12,11.807772439086726,11.833877176661748,11.659848912141335,11.668550491333008,1013500,0.0,0.0,0.0
2020-11-13,11.66855035945914,11.694654266910879,11.598939386369,11.616342544555664,785100,0.0,0.0,0.0
2020-11-16,11.78166878779569,11.799071946557858,11.703356233022499,11.720759391784668,1073600,0.0,0.0,0.0
2020-11-17,11.659848031737273,11.781667641737634,11.659848031737273,11.755563735961914,840300,0.0,0.0,0.0
2020-11-18,11.799071121204904,11.868682091727676,11.772966384887695,11.772966384887695,1260000,0.0,0.0,0.0
2020-11-19,11.729459320853907,11.7903695424325,11.69465383559252,11.772966384887695,632400,0.0,0.0,0.0
2020-11-20,11.799071124531048,11.842577358748876,11.781667966981336,11.833876609802246,879600,0.0,0.0,0.0
2020-11-23,11.886084235100492,11.912188141184625,11.842577171741464,11.868681907653809,1069100,0.0,0.0,0.0
2020-11-24,12.02530651634575,12.164528459195703,12.007904188403625,12.12102222442627,1376500,0.0,0.0,0.0
2020-11-25,12.208035913329608,12.268946137641175,12.147126518846306,12.225439071655273,2317000,0.0,0.0,0.0
2020-11-27,12.173229409285154,12.23413962850693,12.15582708224193,12.199334144592285,803400,0.0,0.0,0.0
2020-11-30,12.208036102914283,12.208036102914283,12.077515732757929,12.12972354888916,2898600,0.0,0.0,0.0
2020-12-01,12.164528267692388,12.173229846440583,12.025306327034174,12.094917297363281,7662200,0.0,0.0,0.0
2020-12-02,12.060112068142802,12.234140327487081,12.042709740105318,12.147126197814941,1188100,0.0,0.0,0.0
2020-12-03,12.121021660321727,12.190632628507052,12.068813019268633,12.164527893066406,1626700,0.0,0.0,0.0
2020-12-04,12.190632887351354,12.26894543567971,12.1732297300214,12.216736793518066,2366700,0.0,0.0,0.0
2020-12-07,12.155827402519664,12.303750920511398,12.129722666524735,12.216736793518066,3676900,0.0,0.0,0.0
2020-12-08,12.208035659173134,12.234140396118164,12.147126265957892,12.234140396118164,1360100,0.0,0.0,0.0
2020-12-09,12.286347830642288,12.303750988067797,12.16452821814839,12.242840766906738,1498800,0.0,0.0,0.0
2020-12-10,12.35595951391232,12.529986949071708,12.35595951391232,12.425570487976074,1009000,0.0,0.0,0.0
2020-12-11,12.37336286125701,12.408168348820293,12.321154214997946,12.390765190124512,1309500,0.0,0.0,0.0
2020-12-14,12.434272067191111,12.451675225621184,12.286348539848564,12.425570487976074,1335300,0.0,0.0,0.0
2020-12-15,12.451675037728842,12.529986759997664,12.451675037728842,12.521286010742188,1110200,0.0,0.0,0.0
2020-12-16,12.556092072019691,12.60829988925545,12.495181845473581,12.590897560119629,964300,0.0,0.0,0.0
2020-12-17,12.704015541733472,12.747521779274273,12.669210053803857,12.738821029663086,1279500,0.0,0.0,0.0
2020-12-18,12.764923417651133,12.825832806815624,12.747520260845171,12.782325744628906,1134900,0.0,0.0,0.0
2020-12-21,12.529987209304114,12.67791073971885,12.512584880340885,12.651806831359863,1503000,0.0,0.0,0.0
2020-12-22,12.564791544534113,12.599597029096271,12.503882154007389,12.51258373260498,1534200,0.0,0.0,0.0
2020-12-23,12.590895980752704,12.747520242641764,12.582194402362148,12.669208526611328,1786400,0.0,0.0,0.0
2020-12-24,12.643104555550277,12.704014778137207,12.625702227545611,12.704014778137207,1268000,0.0,0.0,0.0
2020-12-28,12.695312874189808,12.704014452883479,12.590896419350408,12.625701904296875,2050300,0.0,0.0,0.0
2020-12-29,12.643104045018276,12.686611108015473,12.61700013915124,12.660507202148438,1315000,0.0,0.0,0.0
2020-12-30,12.651806894924906,12.782327267203886,12.64310531548543,12.738821029663086,2086800,0.0,0.0,0.0
2020-12-31,12.704014723460798,12.791028022766113,12.67790998682379,12.791028022766113,3678300,0.0,0.0,0.0
2021-01-04,12.91284705088783,12.947652534994203,12.704014146249584,12.721416473388672,5740000,0.0,0.0,0.0
2021-01-05,12.956354850997586,13.121680702456723,12.956354850997586,13.078173637390137,2395800,0.0,0.0,0.0
2021-01-06,13.095577239990234,13.18259054324958,13.025966265451448,13.095577239990234,3370800,0.0,0.0,0.0
2021-01-07,13.147783978994516,13.191291041974493,13.130381651699448,13.156485557556152,2627200,0.0,0.0,0.0
2021-01-08,13.243501029395881,13.278306517351353,13.147785315147113,13.260903358459473,2920300,0.0,0.0,0.0
2021-01-11,13.12168077040149,13.208694900985227,13.07817370510962,13.16518783569336,2247800,0.0,0.0,0.0
2021-01-12,13.304409166189247,13.426228777413574,13.269603681529185,13.417527198791504,1635300,0.0,0.0,0.0
2021-01-13,13.391423479683475,13.426228964829384,13.330513258306965,13.382721900939941,1579700,0.0,0.0,0.0
2021-01-14,13.365319571729257,13.521944679506346,13.365319571729257,13.504542350769043,1371400,0.0,0.0,0.0
2021-01-15,13.391423856475637,13.426229342600863,13.269604240123222,13.313111305236816,1409600,0.0,0.0,0.0
2021-01-19,13.38272183382273,13.400124161394297,13.321812442579917,13.35661792755127,1516700,0.0,0.0,0.0
2021-01-20,13.400125694642288,13.417528854033351,13.339216296430196,13.365320205688477,1511900,0.0,0.0,0.0
2021-01-21,13.391423412522624,13.400124161394297,13.321812442579917,13.35661792755127,2822900,0.0,0.0,0.0
2021-01-22,13.139083162684363,13.252200364091037,13.112978427133715,13.13038158416748,2413700,0.0,0.0,0.0
2021-01-25,13.139084313054436,13.287007841479832,13.112979575218231,13.269604682922363,1596000,0.0,0.0,0.0
2021-01-26,13.313111814954082,13.347917302411902,13.26960474817474,13.295708656311035,704100,0.0,0.0,0.0
2021-01-27,13.278306517351353,13.35661907270824,13.165188474038995,13.260903358459473,1166200,0.0,0.0,0.0
2021-01-28,13.400124469271303,13.443631533942154,13.199993133544922,13.199993133544922,2234400,0.0,0.0,0.0
2021-01-29,13.347916979652666,13.365319308046638,13.191291874965614,13.217395782470703,3890600,0.0,0.0,0.0
2021-02-01,13.408825754261679,13.478436724277936,13.278305392938254,13.469735145568848,6799100,0.0,0.0,0.0
2021-02-02,13.574152946472168,13.600256853763605,13.52194430206104,13.574152946472168,2792800,0.0,0.0,0.0
2021-02-03,13.6002565444843,13.704673001103798,13.591554965642283,13.669867515563965,3059400,0.0,0.0,0.0
2021-02-04,13.669867142089267,13.73947811126709,13.556749109718252,13.73947811126709,3079800,0.0,0.0,0.0
2021-02-05,13.843895146695822,13.86999905377723,13.774284174593241,13.809089660644531,2757400,0.0,0.0,0.0
2021-02-08,13.922207393862621,14.02662467956543,13.913505815082683,14.02662467956543,2896800,0.0,0.0,0.0
2021-02-09,14.017923233960996,14.096235784067987,13.939610683854005,14.078832626342773,2420300,0.0,0.0,0.0
2021-02-10,14.096235593003097,14.096235593003097,14.017923043957579,14.052727699279785,2043300,0.0,0.0,0.0
2021-02-11,14.104935569271971,14.122338726831847,14.009221522005554,14.02662467956543,1515800,0.0,0.0,0.0
2021-02-12,14.044026071281502,14.218054326251533,14.035324492567357,14.200651168823242,2500100,0.0,0.0,0.0
2021-02-16,14.313770616065879,14.392083168029785,14.270262720721204,14.392083168029785,4066300,0.0,0.0,0.0
2021-02-17,14.322469972873726,14.444290415397049,14.27896373889454,14.435588836669922,2987500,0.0,0.0,0.0
2021-02-18,14.505200633375331,14.505200633375331,14.348575526675035,14.383381843566895,1672900,0.0,0.0,0.0
2021-02-19,14.452993073842073,14.531305628580142,14.339874201595277,14.374680519104004,1918000,0.0,0.0,0.0
2021-02-22,14.53130545073193,14.74013837425869,14.513902292190561,14.696630477905273,3947900,0.0,0.0,0.0
2021-02-23,14.661825444351917,14.79234581075077,14.566109734486389,14.766241073608398,3308200,0.0,0.0,0.0
2021-02-24,14.818450811911937,14.992477416992188,14.801047653506952,14.992477416992188,4457800,0.0,0.0,0.0
2021-02-25,14.931567312703988,14.975073546992562,14.870657920837402,14.870657920837402,3457100,0.0,0.0,0.0
2021-02-26,14.757539674385367,14.774942832692345,14.548706753671219,14.557408332824707,5138100,0.0,0.0,0.0
2021-03-01,14.61831701097024,14.653123325878743,14.365977866509358,14.435588836669922,6419900,0.0,0.0,0.0
2021-03-02,14.5052006408119,14.65312416836507,14.461694404331306,14.496499061584473,4257900,0.0,0.0,0.0
2021-03-03,14.557407570120617,14.653123276137645,14.496498178893939,14.583512306213379,4502700,0.0,0.0,0.0
2021-03-04,14.627019754760035,14.931568395841401,14.574811937895296,14.809749603271484,4591800,0.0,0.0,0.0
2021-03-05,15.018581207611389,15.122996832144363,14.948970238037262,15.114296913146973,5416000,0.0,0.0,0.0
2021-03-08,15.018583049076284,15.027284628797025,14.905464172363281,14.905464172363281,4591600,0.0,0.0,0.0
2021-03-09,14.98377673019332,15.009881469355543,14.87936109285769,14.905464172363281,2144700,0.0,0.0,0.0
2021-03-10,14.940269347728485,15.009880320509806,14.861956795892436,15.001178741455078,1408000,0.0,0.0,0.0
2021-03-11,15.088192191880704,15.22741413116455,15.044685958225662,15.22741413116455,3588700,0.0,0.0,0.0
2021-03-12,15.140400377707506,15.210011349066713,15.105595721856139,15.157803535461426,1264900,0.0,0.0,0.0
2021-03-15,15.079491804309567,15.140401200100278,15.00117924981964,15.105596542358398,2926800,0.0,0.0,0.0
2021-03-16,15.027283159703728,15.096894131007735,14.957672188399721,15.044686317443848,1620800,0.0,0.0,0.0
2021-03-17,15.018581580833668,15.062087815527496,14.922865872919482,15.044686317443848,2061200,0.0,0.0,0.0
2021-03-18,14.835851953437901,14.86195669041682,14.226756360838229,14.331171989440918,5431200,0.0,0.0,0.0
2021-03-19,14.42688803027359,14.670527268706802,14.322470739614634,14.64442253112793,2894400,0.0,0.0,0.0
2021-03-22,14.661825499465774,14.705331735210098,14.592214526480952,14.618317604064941,2651300,0.0,0.0,0.0
2021-03-23,14.339873814784319,14.496498920035572,14.191950288675526,14.20935344696045,4158000,0.0,0.0,0.0
2021-03-24,14.426887208969672,14.644421697440057,14.426887208969672,14.583512306213379,1831500,0.0,0.0,0.0
2021-03-25,14.392082716680855,14.418185793412537,14.174548225749088,14.252859115600586,2188400,0.0,0.0,0.0
2021-03-26,14.531305190204375,14.62701924115277,14.513902031975025,14.592214584350586,2163600,0.0,0.0,0.0
2021-03-29,14.513901526008187,14.609617233276367,14.409484239928675,14.609617233276367,1683700,0.0,0.0,0.0
2021-03-30,14.435589915087709,14.487797731694233,14.357277360349642,14.374680519104004,2385700,0.0,0.0,0.0
2021-03-31,14.357277677338631,14.618318425791237,14.357277677338631,14.452993392944336,3731200,0.0,0.0,0.0
2021-04-01,14.635721082667036,14.74013837425869,14.43558973841096,14.696630477905273,4793200,0.0,0.0,0.0
2021-04-05,14.60091590477497,14.644422139921012,14.331171935968749,14.479095458984375,1756700,0.0,0.0,0.0
2021-04-06,14.644421562146762,14.73143568866232,14.522602780818836,14.531304359436035,1831300,0.0,0.0,0.0
2021-04-07,14.531304747160087,14.592214139449235,14.418185881774702,14.574810981750488,2050700,0.0,0.0,0.0
2021-04-08,14.58351288291381,14.65312385559082,14.513901910236802,14.65312385559082,1903100,0.0,0.0,0.0
2021-04-09,14.60961748777639,14.644422143971553,14.57481117192474,14.600915908813477,1550300,0.0,0.0,0.0
2021-04-12,14.679228204110556,14.70533128088809,14.566109339219713,14.609617233276367,1461500,0.0,0.0,0.0
2021-04-13,14.696630100885242,14.766241073608398,14.687928521837785,14.766241073608398,1825100,0.0,0.0,0.0
2021-04-14,14.905463536630489,15.157804358799497,14.89676361693744,15.105596542358398,3684800,0.0,0.0,0.0
2021-04-15,15.157802970993382,15.218712361207398,15.088192002226448,15.201309204101562,1568800,0.0,0.0,0.0
2021-04-16,15.218713374065194,15.23611653232927,15.157803979797448,15.175207138061523,1226900,0.0,0.0,0.0
2021-04-19,15.210011037035569,15.27092042826827,15.175206381898214,15.192607879638672,1981600,0.0,0.0,0.0
2021-04-20,15.270919525143345,15.305725837878686,15.044685130988984,15.16650390625,2692100,0.0,0.0,0.0
2021-04-21,15.00117924981964,15.218713754590206,14.983776091120419,15.105596542358398,1869800,0.0,0.0,0.0
2021-04-22,15.18390789750951,15.253518867151433,15.105595349205291,15.22741413116455,1663700,0.0,0.0,0.0
2021-04-23,15.21001168155753,15.349233627319336,15.192608523423177,15.349233627319336,5932200,0.0,0.0,0.0
2021-04-26,15.288325683256154,15.47105554168162,15.270922523471508,15.453652381896973,2750200,0.0,0.0,0.0
2021-04-27,15.531963480379257,15.601574453313772,15.453650928370864,15.584171295166016,2426600,0.0,0.0,0.0
2021-04-28,15.566768326330502,15.723393432252053,15.540665248447928,15.610276222229004,5241800,0.0,0.0,0.0
2021-04-29,15.79300467005366,15.79300467005366,15.601574903869597,15.714692115783691,3353900,0.0,0.0,0.0
2021-04-30,15.514560322231501,15.601574453313772,15.462352507444743,15.584171295166016,4693900,0.0,0.0,0.0
2021-05-03,15.732095906422591,15.8017068841638,15.6972912473803,15.758200645446777,6074800,0.0,0.0,0.0
2021-05-04,15.949628963108259,16.010538355613665,15.871316412842315,16.0018367767334,3464200,0.0,0.0,0.0
2021-05-05,16.088852694865764,16.141060514296107,16.010540135891922,16.062747955322266,6495800,0.0,0.0,0.0
2021-05-06,16.132358049320832,16.16716270356528,16.03664234574991,16.14105796813965,4525900,0.0,0.0,0.0
2021-05-07,16.16716146069026,16.29768180847168,16.10625207570268,16.29768180847168,6180400,0.0,0.0,0.0
2021-05-10,16.40210292226454,16.410804502107865,16.11495742606142,16.184568405151367,3358800,0.0,0.0,0.0
2021-05-11,16.141058497021675,16.393399302101862,16.141058497021675,16.358592987060547,7764600,0.0,0.0,0.0
2021-05-12,16.367295323316014,16.50651727061171,16.31508750799426,16.3411922454834,8831300,0.0,0.0,0.0
2021-05-13,16.036642117703774,16.114954663210646,15.819107637886104,15.888718605041504,5844100,0.0,0.0,0.0
2021-05-14,16.088850394833734,16.12365670924922,15.98443477090011,16.01923942565918,4489200,0.0,0.0,0.0
2021-05-17,16.114956165018533,16.219371795654297,16.09755300669373,16.219371795654297,5056200,0.0,0.0,0.0
2021-05-18,16.24547525018578,16.29768306138065,15.993134453373857,16.14105796813965,3729300,0.0,0.0,0.0
2021-05-19,15.862614497392894,15.888719233479815,15.627676851579913,15.810406684875488,5161000,0.0,0.0,0.0
2021-05-20,15.784303473344952,15.836512950561543,15.610276861592768,15.645081520080566,2828400,0.0,0.0,0.0
2021-05-21,15.801705614925499,15.819108772877085,15.732094642775644,15.793004035949707,3046300,0.0,0.0,0.0
2021-05-24,15.845211424411277,16.02794125868028,15.819108347841738,16.01053810119629,2823500,0.0,0.0,0.0
2021-05-25,16.001836388107208,16.036642702782963,15.92352383974319,15.958330154418945,1694600,0.0,0.0,0.0
2021-05-26,15.923524030071315,16.02794131569021,15.827809982881814,15.984435081481934,1948600,0.0,0.0,0.0
2021-05-27,16.06274618610492,16.236774444580078,16.045344687982585,16.236774444580078,1361800,0.0,0.0,0.0
2021-05-28,16.245477804397993,16.262880964084644,16.13236058574807,16.184568405151367,2356100,0.0,0.0,0.0
2021-06-01,16.497817099836375,16.62833913876797,16.358595140655563,16.47171401977539,5825900,0.0,0.0,0.0
2021-06-02,16.541324105532933,16.56742884383998,16.454309970832682,16.558727264404297,4525400,0.0,0.0,0.0
2021-06-03,16.54132294992533,16.54132294992533,16.332490037028137,16.419504165649414,3802100,0.0,0.0,0.0
2021-06-04,16.593530400732437,16.654439791539765,16.53262100992511,16.602231979370117,2921400,0.0,0.0,0.0
2021-06-07,16.689245340773,16.697946919011653,16.602231218042835,16.62833595275879,2377800,0.0,0.0,0.0
2021-06-08,16.619636417703894,16.793663024902344,16.576128521161866,16.793663024902344,2150600,0.0,0.0,0.0
2021-06-09,16.784961826551765,16.811064902831866,16.66314138517107,16.715349197387695,2003400,0.0,0.0,0.0
2021-06-10,16.81106503116787,16.828468188591742,16.5674274658594,16.776260375976562,2445900,0.0,0.0,0.0
2021-06-11,16.71534894333733,16.732752100363843,16.63703805603082,16.724050521850586,1722800,0.0,0.0,0.0
2021-06-14,16.58482806156553,16.689245340773,16.56742656474458,16.62833595275879,3407400,0.0,0.0,0.0
2021-06-15,16.550025684968613,16.59353192249045,16.497816208354518,16.558727264404297,2385600,0.0,0.0,0.0
2021-06-16,16.515220515901202,16.66314405728311,16.4369079551898,16.4630126953125,4255900,0.0,0.0,0.0
2021-06-17,16.367295699445293,16.40210201689735,15.967033006686048,16.036643981933594,7251100,0.0,0.0,0.0
2021-06-18,16.106253442393957,16.271580115429174,16.097551863849322,16.201969146728516,4187000,0.0,0.0,0.0
2021-06-21,16.158462280958595,16.445607752555436,16.141059122763266,16.402101516723633,3340200,0.0,0.0,0.0
2021-06-22,16.428205490112305,16.497816467032656,16.39340083148043,16.428205490112305,3515400,0.0,0.0,0.0
2021-06-23,16.593530775851256,16.6718433257043,16.532621383666992,16.532621383666992,2234300,0.0,0.0,0.0
2021-06-24,16.454308713884654,16.593530654907227,16.419504058457235,16.593530654907227,2091300,0.0,0.0,0.0
2021-06-25,16.628339266569203,16.637040846541964,16.332492186122,16.523921966552734,4566600,0.0,0.0,0.0
2021-06-28,16.53261998358756,16.558724717880025,16.480412174658944,16.515216827392578,3188400,0.0,0.0,0.0
2021-06-29,16.58482907613626,16.66314162541851,16.52391968439594,16.593530654907227,1575100,0.0,0.0,0.0
2021-06-30,16.567428220285695,16.82846895490498,16.48911566796861,16.75015640258789,2906700,0.0,0.0,0.0
2021-07-01,17.037301750017807,17.04600332906239,16.784962596350876,16.811065673828125,4725900,0.0,0.0,0.0
2021-07-02,16.854572314314563,16.976391092556952,16.75885661160618,16.967689514160156,1730200,0.0,0.0,0.0
2021-07-06,16.845870415320903,16.90677980328292,16.393398305236847,16.506515502929688,3977200,0.0,0.0,0.0
2021-07-07,16.523919528536165,16.576127341013073,16.193267836640494,16.306385040283203,3163300,0.0,0.0,0.0
2021-07-08,16.297682720021953,16.454307809982406,16.22807175333468,16.445606231689453,4342400,0.0,0.0,0.0
2021-07-09,16.532619999606958,16.663140351883115,16.532619999606958,16.63703727722168,2181600,0.0,0.0,0.0
2021-07-12,16.523921204131906,16.663143157958984,16.471713386360904,16.663143157958984,2063700,0.0,0.0,0.0
2021-07-13,16.689247139384744,16.854573824423795,16.64573924350261,16.802364349365234,2406200,0.0,0.0,0.0
2021-07-14,16.854571750900718,16.889376403668077,16.54132157771288,16.63703727722168,1751100,0.0,0.0,0.0
2021-07-15,16.55872561115968,16.680544391783535,16.541322454025867,16.550024032592773,2706400,0.0,0.0,0.0
2021-07-16,16.67184281321663,16.68924597035044,16.48041306371394,16.550024032592773,2345400,0.0,0.0,0.0
2021-07-19,16.315085986325375,16.315085986325375,15.819107637886104,15.888718605041504,4636800,0.0,0.0,0.0
2021-07-20,15.940929275063906,16.13236071382354,15.827812055515944,16.123659133911133,6219100,0.0,0.0,0.0
2021-07-21,16.288981141729,16.489114123154224,16.22807175333468,16.445606231689453,2844600,0.0,0.0,0.0
2021-07-22,16.480413955876852,16.628337480209225,16.39339982515372,16.576128005981445,2426000,0.0,0.0,0.0
2021-07-23,16.619636919759248,16.67184473753025,16.576129021902908,16.663143157958984,2245300,0.0,0.0,0.0
2021-07-26,16.62833660530994,16.784961700439453,16.619635026729807,16.784961700439453,1425900,0.0,0.0,0.0
2021-07-27,16.793662762101437,16.845872237134852,16.62833773679853,16.689247131347656,2214200,0.0,0.0,0.0
2021-07-28,16.758857472669792,16.82846844376437,16.732752736138153,16.767559051513672,1190700,0.0,0.0,0.0
2021-07-29,16.915482470460283,17.063405990600586,16.88937773408619,17.063405990600586,1740300,0.0,0.0,0.0
2021-07-30,17.002495827747342,17.037300481678148,16.924183281832555,16.967689514160156,4256400,0.0,0.0,0.0
2021-08-02,16.932883557332424,17.002496185973467,16.663141259974044,16.784961700439453,4450600,0.0,0.0,0.0
2021-08-03,16.558726258168956,16.706649780273438,16.506516784727513,16.706649780273438,2634300,0.0,0.0,0.0
2021-08-04,16.506515874988814,16.60223157803306,16.419503410028288,16.436904907226562,2168900,0.0,0.0,0.0
2021-08-05,16.50651754009571,16.680545806884766,16.50651754009571,16.680545806884766,2162400,0.0,0.0,0.0
2021-08-06,16.71534930317212,16.74145403927385,16.523919550728728,16.541322708129883,1488200,0.0,0.0,0.0
2021-08-09,16.306385040283203,16.332489776349878,16.175864679262713,16.306385040283203,2152000,0.0,0.0,0.0
2021-08-10,16.410802228310455,16.645738212902085,16.402100649672775,16.602231979370117,2366600,0.0,0.0,0.0
2021-08-11,16.49781558742027,16.75015640258789,16.445607772427717,16.75015640258789,1448800,0.0,0.0,0.0
2021-08-12,16.654440814658713,16.75015652589678,16.550025183904932,16.689247131347656,2008900,0.0,0.0,0.0
2021-08-13,16.715349438387864,16.76755891101367,16.593530654907227,16.593530654907227,1434400,0.0,0.0,0.0
2021-08-16,16.454308328013223,16.584828687203984,16.349892704523178,16.550024032592773,1929200,0.0,0.0,0.0
2021-08-17,16.44560877596793,16.55002607198128,16.341193139611192,16.36729621887207,2169600,0.0,0.0,0.0
2021-08-18,16.41950440510122,16.436905903354077,16.167163594385173,16.175865173339844,3905400,0.0,0.0,0.0
2021-08-19,15.90612354664734,15.967032942286206,15.775601516385132,15.949629783630371,5361400,0.0,0.0,0.0
2021-08-20,15.749498235712494,15.819109209784934,15.566768391487004,15.575469970703125,3023100,0.0,0.0,0.0
2021-08-23,15.98443453455504,16.14105796813965,15.98443453455504,16.14105796813965,4885800,0.0,0.0,0.0
2021-08-24,16.28028044463191,16.49781493476108,16.262878946760477,16.48041343688965,4642200,0.0,0.0,0.0
2021-08-25,16.51521709531267,16.663140606057045,16.45430770729846,16.62833595275879,2171600,0.0,0.0,0.0
2021-08-26,16.51521733519688,16.60223145919093,16.419503292494163,16.497814178466797,1958000,0.0,0.0,0.0
2021-08-27,16.593530914140114,16.71534969952387,16.593530914140114,16.706649780273438,2471300,0.0,0.0,0.0
2021-08-30,16.732752736138153,16.78496220920143,16.6370386881684,16.767559051513672,2648900,0.0,0.0,0.0
2021-08-31,16.68054555217542,16.75885810506902,16.62833773679853,16.689247131347656,2700500,0.0,0.0,0.0
2021-09-01,16.541322335453163,16.680544272212853,16.497814442930512,16.610933303833008,7318700,0.0,0.0,0.0
2021-09-02,16.828469086894515,16.932884717698578,16.802364349365234,16.802364349365234,1881600,0.0,0.0,0.0
2021-09-03,16.854571402646886,16.924182366399606,16.811063513016258,16.819765090942383,3186600,0.0,0.0,0.0
2021-09-07,16.689245340773,16.758856307025862,16.61963437452014,16.62833595275879,3736200,0.0,0.0,0.0
2021-09-08,16.845872113121334,16.863273611681176,16.706650166703515,16.75015640258789,3000900,0.0,0.0,0.0
2021-09-09,16.63703753099744,16.828467273278722,16.56742656474458,16.62833595275879,1693000,0.0,0.0,0.0
2021-09-10,16.871974047579016,16.906780361653322,16.811064657605378,16.845870971679688,2815100,0.0,0.0,0.0
2021-09-13,16.96768926035641,17.00249557342296,16.889376715613025,16.976390838623047,1456200,0.0,0.0,0.0
2021-09-14,17.028598903281353,17.046002060074944,16.898078546642164,16.967689514160156,1092200,0.0,0.0,0.0
2021-09-15,17.22003072815145,17.341849509361158,17.20262757093394,17.24613380432129,2364100,0.0,0.0,0.0
2021-09-16,17.141716510013904,17.159118005879364,16.99379300739183,17.124313354492188,1259400,0.0,0.0,0.0
2021-09-17,17.072108201915654,17.072108201915654,16.95028775397953,16.98509407043457,1424600,0.0,0.0,0.0
2021-09-20,16.79366161936317,16.85457266942408,16.654439681393914,16.784961700439453,3369700,0.0,0.0,0.0
2021-09-21,16.776261271492483,16.811065928541662,16.602233007277007,16.802364349365234,1375600,0.0,0.0,0.0
2021-09-22,16.98509572228608,17.07210986222955,16.889380002382595,16.993797302246094,1149600,0.0,0.0,0.0
2021-09-23,17.054703802699837,17.263536707264766,17.04600222421925,17.25483512878418,1654100,0.0,0.0,0.0
2021-09-24,17.202628588757896,17.3679536131367,17.176523851387106,17.333148956298828,2758100,0.0,0.0,0.0
2021-09-27,17.524578728501567,17.61159286013293,17.524578728501567,17.568086624145508,3089100,0.0,0.0,0.0
2021-09-28,17.69860582192764,17.716008979034907,17.411460368283358,17.428863525390625,2147400,0.0,0.0,0.0
2021-09-29,17.428864675717026,17.550683464195274,17.385356780077284,17.446266174316406,2426900,0.0,0.0,0.0
2021-09-30,17.341848913558106,17.672500591048642,17.289641103355677,17.559383392333984,4267200,0.0,0.0,0.0
2021-10-01,17.620292812980043,17.80302097884997,17.55068184603107,17.794321060180664,8733700,0.0,0.0,0.0
2021-10-04,17.95094655194003,18.177182635411427,17.95094655194003,18.08146858215332,3955800,0.0,0.0,0.0
2021-10-05,18.194586052367196,18.333808004225105,18.177182893470814,18.30770492553711,2653400,0.0,0.0,0.0
2021-10-06,18.107570379836776,18.107570379836776,17.933543784621122,18.003154754638672,3903400,0.0,0.0,0.0
2021-10-07,18.011856605968045,18.22939109802246,17.890036161851178,18.22939109802246,4295600,0.0,0.0,0.0
2021-10-08,18.316403445956418,18.394715995350488,18.229390977435408,18.290300369262695,2336300,0.0,0.0,0.0
2021-10-11,18.473030216430978,18.533939613770162,18.412120819091797,18.412120819091797,4404100,0.0,0.0,0.0
2021-10-12,18.473030216430978,18.542641193340987,18.368614580894267,18.412120819091797,4446800,0.0,0.0,0.0
2021-10-13,18.403417846445056,18.52523829155863,18.32510529589221,18.516536712646484,4128200,0.0,0.0,0.0
2021-10-14,18.690562693581533,18.725369008078626,18.560042333530284,18.707965850830078,3869900,0.0,0.0,0.0
2021-10-15,18.881992847252334,18.92549907782158,18.812381882547747,18.86458969116211,2904700,0.0,0.0,0.0
2021-10-18,18.96030897373556,19.00381521252803,18.751474380493164,18.751474380493164,6736000,0.0,0.0,0.0
2021-10-19,18.70796687147411,18.855890396844117,18.638355898338606,18.794981002807617,4928600,0.0,0.0,0.0
2021-10-20,18.716667335384855,19.01251436849753,18.69056259964324,19.003812789916992,3467000,0.0,0.0,0.0
2021-10-21,18.786278143685454,18.82978437655961,18.533937345977442,18.71666717529297,3270900,0.0,0.0,0.0
2021-10-22,18.803680419921875,18.855888228856696,18.62965217726405,18.803680419921875,2690800,0.0,0.0,0.0
2021-10-25,18.942902880724827,18.995110691121845,18.88199349198558,18.899394989013672,1764100,0.0,0.0,0.0
2021-10-26,18.899396133143956,18.977708683308546,18.847188319586387,18.925500869750977,1605300,0.0,0.0,0.0
2021-10-27,18.725369505112905,18.83848671091812,18.57744598388672,18.57744598388672,4256900,0.0,0.0,0.0
2021-10-28,18.60354767961254,18.681860223839095,18.481728903996274,18.673158645629883,4941600,0.0,0.0,0.0
2021-10-29,18.57744598388672,18.655758533927433,18.438224041515777,18.57744598388672,2848900,0.0,0.0,0.0
2021-11-01,18.71666717529297,18.760173408167123,18.664459363912705,18.71666717529297,3896300,0.0,0.0,0.0
2021-11-02,18.655757919987657,18.81238301491473,18.629653184281008,18.768875122070312,3542900,0.0,0.0,0.0
2021-11-03,18.473028544744558,18.55134109413863,18.272897211695913,18.290300369262695,3420100,0.0,0.0,0.0
2021-11-04,18.673159609837445,18.690562767154496,18.09886869562618,18.177181243896484,4825300,0.0,0.0,0.0
2021-11-05,18.255495200732174,18.473029705010653,18.15107956808618,18.429523468017578,6198600,0.0,0.0,0.0
2021-11-08,18.438223156746997,18.551340357124218,18.42081999987161,18.542638778686523,1272300,0.0,0.0,0.0
2021-11-09,18.53393999308577,18.69056510925293,18.438225935161,18.69056510925293,2392600,0.0,0.0,0.0
2021-11-10,18.664460107208125,18.734071078372803,18.39471614174558,18.455625534057617,3514600,0.0,0.0,0.0
2021-11-11,18.58614730834961,18.690562933870424,18.507834759380774,18.58614730834961,1683700,0.0,0.0,0.0
2021-11-12,18.499133940961006,18.62965430805465,18.499133940961006,18.560043334960938,4009100,0.0,0.0,0.0
2021-11-15,18.42952271514554,18.577446238398284,18.38601482027327,18.568744659423828,2165300,0.0,0.0,0.0
2021-11-16,18.551340357124218,18.629652903407056,18.481729389279067,18.542638778686523,1567400,0.0,0.0,0.0
2021-11-17,18.525237126784454,18.59484809404836,18.307702646627696,18.3773136138916,2240100,0.0,0.0,0.0
2021-11-18,18.429521306822327,18.464325960404,18.316402448455083,18.438222885131836,1305500,0.0,0.0,0.0
2021-11-19,18.316404459723966,18.342509197518975,18.11627311559855,18.142377853393555,2124100,0.0,0.0,0.0
2021-11-22,18.16847853523671,18.35120835638788,18.16847853523671,18.27289581298828,3914700,0.0,0.0,0.0
2021-11-23,18.368613955488474,18.612251536549948,18.368613955488474,18.60354995727539,1886500,0.0,0.0,0.0
2021-11-24,18.56874376845136,18.638354737250403,18.516535956766177,18.533937454223633,3841000,0.0,0.0,0.0
2021-11-26,17.924841885352894,17.924841885352894,17.24613369507713,17.428863525390625,7161900,0.0,0.0,0.0
2021-11-29,17.811723023812064,17.837827759472965,17.350550978064327,17.428863525390625,4303700,0.0,0.0,0.0
2021-11-30,17.150420125256545,17.23743426196662,16.715351101362796,16.950288772583008,12056800,0.0,0.0,0.0
2021-12-01,17.185225534845365,17.22873177107097,16.750156533963203,16.802364349365234,10483200,0.0,0.0,0.0
2021-12-02,16.776262158819478,17.072109227839757,16.706651181382743,16.950288772583008,6338000,0.0,0.0,0.0
2021-12-03,17.202627151904522,17.25483496262892,16.880675389848573,16.967689514160156,3766900,0.0,0.0,0.0
2021-12-06,17.00249761980374,17.307044597508845,16.967691302547983,17.263538360595703,3801500,0.0,0.0,0.0
2021-12-07,17.437563727777263,17.611590306146592,17.40275741630963,17.52457618713379,2440200,0.0,0.0,0.0
2021-12-08,17.594189084001123,17.7595157623291,17.58548750517792,17.7595157623291,2916900,0.0,0.0,0.0
2021-12-09,17.62899665576058,17.663801313877567,17.489774703979492,17.489774703979492,3384400,0.0,0.0,0.0
2021-12-10,17.585487878189145,17.698606745633754,17.576787958837865,17.689905166625977,2684600,0.0,0.0,0.0
2021-12-13,17.68990605679697,17.73341229436863,17.568087263871057,17.60289192199707,4733600,0.0,0.0,0.0
2021-12-14,17.446266174316406,17.507177228212047,17.359253702349957,17.446266174316406,3595500,0.0,0.0,0.0
2021-12-15,17.402760951092077,17.533281326293945,17.28964373515889,17.533281326293945,2233000,0.0,0.0,0.0
2021-12-16,17.60289090407878,17.750814426787695,17.559384669022943,17.637697219848633,3215400,0.0,0.0,0.0
2021-12-17,17.55068230582868,17.568085462935947,17.42016194683699,17.428863525390625,3608500,0.0,0.0,0.0
2021-12-20,17.220030609386946,17.324446232659003,17.037300779176228,17.307043075561523,3943100,0.0,0.0,0.0
2021-12-21,17.498475911500975,17.672502517700195,17.463669594467206,17.672502517700195,2507200,0.0,0.0,0.0
2021-12-22,17.7334126776978,17.89873937142569,17.707309598453186,17.881336212158203,2203800,0.0,0.0,0.0
2021-12-23,17.88133507104363,18.011857097563773,17.82912725622948,17.97705078125,2437900,0.0,0.0,0.0
2021-12-27,17.977051044253955,18.25549494021174,17.942246387087497,18.20328712463379,2160500,0.0,0.0,0.0
2021-12-28,18.255494047579838,18.272897205140378,18.159780000309777,18.168479919433594,2404800,0.0,0.0,0.0
2021-12-29,18.14237596470647,18.35120886635663,18.116271229629064,18.2554931640625,3236600,0.0,0.0,0.0
2021-12-30,18.24679246879957,18.325105018165544,18.151078421529505,18.168479919433594,1705900,0.0,0.0,0.0
2021-12-31,18.185884214736085,18.22069053203471,18.02925910620538,18.08146858215332,3864400,0.0,0.0,0.0
2022-01-03,18.029258729513057,18.185883834771328,17.994454072598174,18.151079177856445,5301200,0.0,0.0,0.0
2022-01-04,18.272896585746658,18.394715365228254,18.25549342877603,18.36861228942871,2987400,0.0,0.0,0.0
2022-01-05,18.446925468050836,18.499133281094732,18.290300369262695,18.290300369262695,7094300,0.0,0.0,0.0
2022-01-06,18.44692611694336,18.49043235273425,18.35991198570507,18.44692611694336,4148100,0.0,0.0,0.0
2022-01-07,18.446926756886104,18.490432994186268,18.3773157814119,18.481731414794922,2781600,0.0,0.0,0.0
2022-01-10,18.455625400361463,18.473028557940676,18.3077035399075,18.403417587280273,3425400,0.0,0.0,0.0
2022-01-11,18.525237811691024,18.777576954980916,18.429522105793254,18.760173797607422,3553900,0.0,0.0,0.0
2022-01-12,18.855890405862723,18.934202958134687,18.803682590900255,18.908098220825195,3003600,0.0,0.0,0.0
2022-01-13,18.890694022970546,18.890694022970546,18.699264272205806,18.707965850830078,2371900,0.0,0.0,0.0
2022-01-14,18.821082825017395,18.960306421658224,18.794979749118067,18.95160484313965,1703400,0.0,0.0,0.0
2022-01-18,19.02121671562479,19.14303550136156,19.00381355776054,19.099529266357422,4818300,0.0,0.0,0.0
2022-01-19,19.23874956531652,19.32576202788646,19.177840177655032,19.203943252563477,3655200,0.0,0.0,0.0
2022-01-20,19.2474534344642,19.38667538273483,19.134334564208984,19.134334564208984,4042200,0.0,0.0,0.0
2022-01-21,19.195243448440674,19.247452922395553,19.064723082866454,19.151737213134766,4165300,0.0,0.0,0.0
2022-01-24,19.021216215750076,19.116930262175128,18.821083224883655,19.10822868347168,5620600,0.0,0.0,0.0
2022-01-25,19.09082732616333,19.299660237613047,19.056021011093485,19.282257080078125,5789900,0.0,0.0,0.0
2022-01-26,19.430180990042754,19.51719511980848,19.30836220416462,19.325763702392578,8802300,0.0,0.0,0.0
2022-01-27,19.49108923928102,19.517193974575907,19.29965949275434,19.421478271484375,3957400,0.0,0.0,0.0
2022-01-28,19.552000036200536,19.57810477337471,19.35186869683471,19.43888282775879,4511200,0.0,0.0,0.0
2022-01-31,19.51719500235177,19.534598160131477,19.32576358608792,19.508493423461914,3132000,0.0,0.0,0.0
2022-02-01,19.447583405182538,19.604208500847708,19.412777090742978,19.58680534362793,6246100,0.0,0.0,0.0
2022-02-02,19.682522329494844,19.682522329494844,19.534598802813633,19.665119171142578,6241600,0.0,0.0,0.0
2022-02-03,19.473688130068602,19.752133690190014,19.447585051685373,19.70862579345703,3387700,0.0,0.0,0.0
2022-02-04,19.830444978281857,19.943562183250837,19.81304182070003,19.865249633789062,5460400,0.0,0.0,0.0
2022-02-07,19.847846863036462,19.91745783506402,19.80434062789042,19.908756256103516,3394100,0.0,0.0,0.0
2022-02-08,19.76083284421753,19.786937581245855,19.630312478388905,19.734729766845703,3238600,0.0,0.0,0.0
2022-02-09,19.76953355488746,19.943561808119426,19.76953355488746,19.934860229492188,4822700,0.0,0.0,0.0
2022-02-10,19.926160296778978,20.126291642767228,19.795639925902144,19.830446243286133,4868300,0.0,0.0,0.0
2022-02-11,19.88265369641443,20.195902248863913,19.86525053804042,20.126291275024414,6965000,0.0,0.0,0.0
2022-02-14,20.013172682895455,20.32642287336996,19.978366368550994,20.2307071685791,5164900,0.0,0.0,0.0
2022-02-15,19.93486149605311,19.93486149605311,19.752133312240694,19.900056838989258,4104400,0.0,0.0,0.0
2022-02-16,20.06538084552812,20.21330436476518,19.917457326291064,19.926158905029297,3950600,0.0,0.0,0.0
2022-02-17,19.97836521439603,20.11758880407449,19.934858983635234,20.09148406982422,3057600,0.0,0.0,0.0
2022-02-18,20.00447311425298,20.248112360174556,19.952265297147136,20.1697998046875,3306300,0.0,0.0,0.0
2022-02-22,20.578762294517773,20.622270188041973,20.37863096327577,20.45694351196289,4654800,0.0,0.0,0.0
2022-02-23,20.53525734656171,20.752791848835336,20.50915260881252,20.648374557495117,4004400,0.0,0.0,0.0
2022-02-24,21.518511644832227,21.518511644832227,20.543958045799585,20.735387802124023,13349400,0.0,0.0,0.0
2022-02-25,20.439539463413617,20.517852008686404,20.21330340592072,20.422136306762695,8694300,0.0,0.0,0.0
2022-02-28,20.787596506167127,20.874610639007845,20.665777715984053,20.77019500732422,10291900,0.0,0.0,0.0
2022-03-01,21.300979226082983,21.640334196704895,21.266174566842338,21.605527877807617,11819800,0.0,0.0,0.0
2022-03-02,22.031893181209586,22.44085909015018,21.77085245352295,22.31033706665039,11672700,0.0,0.0,0.0
2022-03-03,22.37124622377655,22.893329333313712,22.284233755234066,22.55397605895996,15822800,0.0,0.0,0.0
2022-03-04,23.1717727981957,23.65034966483614,22.928135235217553,23.502426147460938,17301000,0.0,0.0,0.0
2022-03-07,23.711259486554194,24.17243320431946,23.554634387703484,24.01580810546875,18127300,0.0,0.0,0.0
2022-03-08,24.43347384132878,24.720619301635754,23.62424527328464,24.424772262573242,19913800,0.0,0.0,0.0
2022-03-09,23.27619088972351,23.371906598304033,21.57942117034836,22.484365463256836,16680700,0.0,0.0,0.0
2022-03-10,22.884629423698343,22.936838900219655,22.066700874076652,22.214624404907227,8655500,0.0,0.0,0.0
2022-03-11,22.388647876082754,22.736702705821134,22.28423225698941,22.59748077392578,7746400,0.0,0.0,0.0
2022-03-14,22.07540181443399,22.214623761814,21.77955476133735,21.93617820739746,8335900,0.0,0.0,0.0
2022-03-15,21.344486366514833,21.666436506595296,21.1791596769387,21.39669418334961,12507400,0.0,0.0,0.0
2022-03-16,21.69253942467338,21.796955049581676,21.11824850870844,21.21396255493164,8001000,0.0,0.0,0.0
2022-03-17,21.988387569647045,22.327740857188477,21.97098441139966,22.232025146484375,6045000,0.0,0.0,0.0
2022-03-18,22.223325735504513,22.362547685356073,22.110206863964773,22.336442947387695,3562600,0.0,0.0,0.0
2022-03-21,22.841120324909653,23.189175159834146,22.815015589919177,23.171772003173828,4170600,0.0,0.0,0.0
2022-03-22,23.15437036951169,23.241382832986986,22.90202957839553,23.119564056396484,4452500,0.0,0.0,0.0
2022-03-23,23.59814124251657,23.833077220791004,23.56333492890176,23.69385528564453,3406900,0.0,0.0,0.0
2022-03-24,23.711260340079708,23.728663498279897,23.380608632558655,23.458919525146484,4595200,0.0,0.0,0.0
2022-03-25,23.389308684539206,23.780871447979738,23.30229621235822,23.63294792175293,4694700,0.0,0.0,0.0
2022-03-28,23.041254933705712,23.1891784671027,22.545276515744227,22.606185913085938,5249700,0.0,0.0,0.0
2022-03-29,22.1102047682505,22.701898828864223,22.023190642926764,22.69319725036621,5106800,0.0,0.0,0.0
2022-03-30,23.08476181609903,23.23268534298909,22.98904610468295,23.102163314819336,3669100,0.0,0.0,0.0
2022-03-31,22.962940059683014,23.14566989292271,22.58878047416707,22.67579460144043,4881900,0.0,0.0,0.0
2022-04-01,22.710601816478285,22.919434734418786,22.67579550032662,22.823719024658203,5282100,0.0,0.0,0.0
2022-04-04,23.284891891296,23.354502861358583,23.058655823678496,23.258787155151367,4628700,0.0,0.0,0.0
2022-04-05,23.467618750132786,23.572036029202977,23.01514829991222,23.06735610961914,6250400,0.0,0.0,0.0
2022-04-06,23.371906761477202,23.476322390060872,22.728004853022934,22.884628295898438,3825000,0.0,0.0,0.0
2022-04-07,22.91073240320747,22.98904495232117,22.57137913015239,22.962940216064453,3891900,0.0,0.0,0.0
2022-04-08,22.95424067285161,23.28489405613262,22.91073443488881,23.25008773803711,6044100,0.0,0.0,0.0
2022-04-11,23.00644887790492,23.13696924423308,22.867226932534013,23.058656692504883,3558800,0.0,0.0,0.0
2022-04-12,23.53723057401994,23.780869794291334,23.49372434095481,23.746065139770508,4192300,0.0,0.0,0.0
2022-04-13,23.954899869086635,24.2768500014478,23.7199622094783,24.26814842224121,6133800,0.0,0.0,0.0
2022-04-14,24.146329511237507,24.563995353114322,24.050613800102877,24.450878143310547,5547100,0.0,0.0,0.0
2022-04-18,24.711917368861286,25.016465982316422,24.616203323234444,24.729320526123047,7531200,0.0,0.0,0.0
2022-04-19,24.250745120394946,24.250745120394946,23.95489808799381,24.094120025634766,5921200,0.0,0.0,0.0
2022-04-20,24.172433472323497,24.19853654931706,23.806975457505427,24.120223999023438,4145300,0.0,0.0,0.0
2022-04-21,24.146328092075326,24.276848452533635,23.902688868805097,24.085418701171875,4061200,0.0,0.0,0.0
2022-04-22,23.86788583713037,23.954899969905956,23.615545018046827,23.62424659729004,4307600,0.0,0.0,0.0
2022-04-25,22.94553826071155,23.48502285534214,22.849822556001822,23.450218200683594,6128600,0.0,0.0,0.0
2022-04-26,23.58944282848738,23.876588315702776,23.337101999899232,23.772171020507812,5365400,0.0,0.0,0.0
2022-04-27,23.641647253622505,24.015806823198133,23.59814102166754,23.9374942779541,3375100,0.0,0.0,0.0
2022-04-28,23.885287504277656,24.17243296274885,23.780870219535206,24.13762664794922,4675300,0.0,0.0,0.0
2022-04-29,24.285552465187973,24.4160728387276,23.911392843959543,23.95490074157715,4323400,0.0,0.0,0.0
2022-05-02,23.71996071874919,24.32905628802185,23.572037200846776,24.320356369018555,5788200,0.0,0.0,0.0
2022-05-03,24.12892633395608,24.311656176918962,23.876587177058276,23.981002807617188,2453000,0.0,0.0,0.0
2022-05-04,24.485681303427654,24.77282675962103,24.294251552517544,24.729320526123047,5276000,0.0,0.0,0.0
2022-05-05,24.929452355500622,24.955557091916667,24.407369244774948,24.598800659179688,4150300,0.0,0.0,0.0
2022-05-06,24.624902725219727,24.738021585389873,24.355160431951237,24.624902725219727,6719000,0.0,0.0,0.0
2022-05-09,24.14632776804495,24.18983400106175,23.458918000715986,23.511127471923828,9241900,0.0,0.0,0.0
2022-05-10,23.659051742698374,23.789572105570286,23.34580154408061,23.371906280517578,4717900,0.0,0.0,0.0
2022-05-11,23.920090867726937,24.111520609818307,23.911389289496917,23.946195602416992,4105400,0.0,0.0,0.0
2022-05-12,23.798273998592837,24.085419464564833,23.68515513219559,24.059314727783203,4377500,0.0,0.0,0.0
2022-05-13,24.242045344867748,24.424773529240987,24.102823396871987,24.389968872070312,3611100,0.0,0.0,0.0
2022-05-16,24.45957999117452,24.82503802174561,24.407370515623978,24.790231704711914,7230300,0.0,0.0,0.0
2022-05-17,24.79022912194696,24.903347980864666,24.51178525331319,24.52048683166504,4522600,0.0,0.0,0.0
2022-05-18,24.59009785513312,24.67711197919452,23.9200912574136,23.989702224731445,3436700,0.0,0.0,0.0
2022-05-19,23.815677171917834,24.389968104234885,23.806975592984973,24.294252395629883,3482800,0.0,0.0,0.0
2022-05-20,24.33775736461303,24.46827938215986,24.155029195497697,24.329055786132812,2389600,0.0,0.0,0.0
2022-05-23,24.398670205315753,24.563995229608754,24.25944659906696,24.51178741455078,2386600,0.0,0.0,0.0
2022-05-24,24.494384765625,24.598802057568616,24.363864395437894,24.494384765625,2591300,0.0,0.0,0.0
2022-05-25,24.503084579407908,24.668411254882812,24.372564218625165,24.668411254882812,2312600,0.0,0.0,0.0
2022-05-26,24.63360559752367,25.033869928882183,24.581397783748724,24.938154220581055,3468200,0.0,0.0,0.0
2022-05-27,24.903349460928062,25.25140431740598,24.85984156658303,25.23400115966797,2431600,0.0,0.0,0.0
2022-05-31,25.616862190004007,25.695174739735663,24.868543007971066,25.059972763061523,3508300,0.0,0.0,0.0
2022-06-01,25.286210754710776,25.39062804883888,25.146988802311025,25.181795120239258,3099400,0.0,0.0,0.0
2022-06-02,25.42543108158649,25.76478602106441,25.286209138087614,25.756084442138672,3133500,0.0,0.0,0.0
2022-06-03,25.642966977276796,25.999723434448242,25.57335600172277,25.999723434448242,2228600,0.0,0.0,0.0
2022-06-06,26.025826523622474,26.182451623609204,25.921410896735633,26.11284065246582,3154800,0.0,0.0,0.0
2022-06-07,26.025826415930222,26.29556872053761,25.97361860270283,26.286867141723633,3388300,0.0,0.0,0.0
2022-06-08,26.33037694807799,26.62622401061365,26.304272209740166,26.521806716918945,5112500,0.0,0.0,0.0
2022-06-09,26.330373793957335,26.66102547501135,26.330373793957335,26.565311431884766,3821700,0.0,0.0,0.0
2022-06-10,26.408687074741312,26.443491729667663,26.069332146184962,26.304269790649414,3215800,0.0,0.0,0.0
2022-06-13,26.09543889241488,26.269467159422373,25.564654171732922,26.008424758911133,6268600,0.0,0.0,0.0
2022-06-14,26.06933401680764,26.182452887662155,25.538550958585038,25.72127914428711,5818200,0.0,0.0,0.0
2022-06-15,25.756083042770197,26.03452691463965,25.660367339443926,25.738679885864258,5532800,0.0,0.0,0.0
2022-06-16,25.71257706493,25.982321038086607,25.512445724580143,25.85179901123047,4229000,0.0,0.0,0.0
2022-06-17,25.582056383763437,25.616862699739634,24.711918400236407,24.929452896118164,6746300,0.0,0.0,0.0
2022-06-21,25.086078121827406,25.277507881666608,24.78152949416684,24.86854362487793,4766800,0.0,0.0,0.0
2022-06-22,24.10282214690056,24.659709910003432,24.041911095611795,24.424772262573242,8211800,0.0,0.0,0.0
2022-06-23,24.450877854780387,24.511787248544934,23.867885335002352,23.8765869140625,8788400,0.0,0.0,0.0
2022-06-24,24.007107546381683,24.242045204636707,23.841780861721865,24.10282325744629,3507100,0.0,0.0,0.0
2022-06-27,24.024510325918985,24.215940085373553,23.815677408425866,24.050613403320312,6080400,0.0,0.0,0.0
2022-06-28,24.111521051440562,24.372563424153284,24.041910083981776,24.337757110595703,2065800,0.0,0.0,0.0
2022-06-29,24.476981327976674,24.572697039529075,23.91139195717614,23.920093536376953,1902000,0.0,0.0,0.0
2022-06-30,23.693854825899045,23.728661138838486,23.128265517883904,23.18047332763672,5156300,0.0,0.0,0.0
2022-07-01,23.493725699473963,23.54593351410231,23.1456708358575,23.293594360351562,7726200,0.0,0.0,0.0
2022-07-05,22.684496611849415,22.684496611849415,21.605525728232237,21.727344512939453,10118900,0.0,0.0,0.0
2022-07-06,21.65773466922221,21.744748802681496,21.170457845369402,21.4053955078125,8203400,0.0,0.0,0.0
2022-07-07,21.997087389802147,22.475662585740984,21.988385811374265,22.29293441772461,4708300,0.0,0.0,0.0
2022-07-08,22.50176775436793,22.719302240285156,22.266830111259786,22.68449592590332,3934600,0.0,0.0,0.0
2022-07-11,22.701900605534014,22.762810000130532,22.46696294667043,22.6409912109375,3606800,0.0,0.0,0.0
2022-07-12,22.057997858520917,22.171115064305862,21.588122558360826,21.614227294921875,6427300,0.0,0.0,0.0
2022-07-13,21.675136445761613,22.023191297748976,21.60552547536414,21.736045837402344,2853400,0.0,0.0,0.0
2022-07-14,21.29227613869642,21.640332664397484,21.039936983185314,21.53591537475586,4524900,0.0,0.0,0.0
2022-07-15,21.736047111173527,21.90137379792713,21.570722084076465,21.814359664916992,3972800,0.0,0.0,0.0
2022-07-18,22.362547679183248,22.510471208316766,22.17981783276817,22.223325729370117,1735000,0.0,0.0,0.0
2022-07-19,21.979685367603555,22.362546539912895,21.979685367603555,22.31033706665039,3203200,0.0,0.0,0.0
2022-07-20,22.249426525585196,22.379946882690664,22.145010903763378,22.29293441772461,1915200,0.0,0.0,0.0
2022-07-21,21.823059852299664,22.066699077257322,21.75344888226268,21.91877555847168,6044500,0.0,0.0,0.0
2022-07-22,21.857866915140757,22.101504488779458,21.649032338226874,21.657733917236328,1279800,0.0,0.0,0.0
2022-07-25,21.91877317092133,22.075398251357925,21.788252823776258,22.049293518066406,5301100,0.0,0.0,0.0
2022-07-26,22.388649083881237,22.449558474914284,22.049295814036295,22.092802047729492,6002000,0.0,0.0,0.0
2022-07-27,22.301633753734073,22.649690243128795,22.16241182183872,22.59748077392578,2638200,0.0,0.0,0.0
2022-07-28,22.771512348750186,22.788915507696245,22.466963705820497,22.614887237548828,2202400,0.0,0.0,0.0
2022-07-29,22.92813604661357,23.154372119996918,22.701899973230223,22.719303131103516,2209000,0.0,0.0,0.0
2022-08-01,22.145010016805315,22.319036599423647,22.00578808684812,22.258127212524414,4076300,0.0,0.0,0.0
2022-08-02,22.284233843663653,22.484365177555862,22.12760874421533,22.14501190185547,2800000,0.0,0.0,0.0
2022-08-03,22.319036935529816,22.3886479015567,21.814357016920848,21.95357894897461,3368500,0.0,0.0,0.0
2022-08-04,21.83176205530665,21.97968557832228,21.614227560263465,21.718643188476562,5345100,0.0,0.0,0.0
2022-08-05,21.440198281046698,21.95357979771372,21.414095205062672,21.640331268310547,3481600,0.0,0.0,0.0
2022-08-08,21.596824286192042,21.910074488459607,21.596824286192042,21.9013729095459,2992600,0.0,0.0,0.0
2022-08-09,22.127610528223343,22.28423564029935,21.997090154712204,22.084102630615234,2038500,0.0,0.0,0.0
2022-08-10,22.118906687843893,22.449558377585383,21.901372201008154,22.388648986816406,2280800,0.0,0.0,0.0
2022-08-11,22.658394001907286,22.902031576342953,22.53657355503295,22.823719024658203,5550100,0.0,0.0,0.0
2022-08-12,22.67579574478256,22.788914613838458,22.536573797988016,22.701900482177734,2575200,0.0,0.0,0.0
2022-08-15,22.031895310338772,22.449561178862577,21.997090651123436,22.423458099365234,3170400,0.0,0.0,0.0
2022-08-16,22.493065730934696,22.614884509549118,22.101503000164925,22.171113967895508,2842600,0.0,0.0,0.0
2022-08-17,22.19721782562518,22.388647564402245,22.075399051826718,22.258127212524414,2840700,0.0,0.0,0.0
2022-08-18,22.449557263829927,22.66709173987346,22.362544801137588,22.59748077392578,4864500,0.0,0.0,0.0
2022-08-19,22.53657163932977,22.780210852711587,22.4060512841688,22.58877944946289,3590800,0.0,0.0,0.0
2022-08-22,22.46696195009052,22.806315224736238,22.2668306168203,22.78891372680664,3868200,0.0,0.0,0.0
2022-08-23,22.989044335000834,23.284891366006843,22.989044335000834,23.16307258605957,4384600,0.0,0.0,0.0
2022-08-24,23.241383001834908,23.406709671020508,23.076057992305678,23.406709671020508,3093500,0.0,0.0,0.0
2022-08-25,23.47632201062633,23.47632201062633,23.015149949131885,23.076059341430664,2066000,0.0,0.0,0.0
2022-08-26,23.067356382524665,23.24138297015873,22.928134448554868,23.171772003173828,3105500,0.0,0.0,0.0
2022-08-29,23.206578861837027,23.52853062899311,23.136967893216305,23.511127471923828,6205300,0.0,0.0,0.0
2022-08-30,23.08476038844775,23.16307293664384,22.675794490166748,22.858524322509766,4292100,0.0,0.0,0.0
2022-08-31,22.51916960273702,22.728004172968713,22.379947662353516,22.379947662353516,4977600,0.0,0.0,0.0
2022-09-01,22.057998010679682,22.179816796158633,21.857866674633836,21.9013729095459,8110700,0.0,0.0,0.0
2022-09-02,22.214620176266838,22.292932716485133,22.031890362538725,22.049293518066406,4586500,0.0,0.0,0.0
2022-09-06,22.12760846858263,22.188517859907932,21.91877555847168,21.91877555847168,3453700,0.0,0.0,0.0
2022-09-07,21.640333428006198,21.83176319617143,21.387992603934386,21.39669418334961,7838800,0.0,0.0,0.0
2022-09-08,21.501108926431613,21.622929373542323,21.300977587140704,21.483707427978516,5282300,0.0,0.0,0.0
2022-09-09,21.805656590247672,22.110205205069345,21.796955011577747,22.092802047729492,1327900,0.0,0.0,0.0
2022-09-12,22.32774124408867,22.501769510265095,22.25813026954941,22.39735221862793,1868500,0.0,0.0,0.0
2022-09-13,22.336442816584817,22.440860108190293,22.00579110253781,22.28423500061035,3863300,0.0,0.0,0.0
2022-09-14,22.37124608362249,22.493066526200387,22.266830458163085,22.379947662353516,1561600,0.0,0.0,0.0
2022-09-15,21.96228216315177,21.96228216315177,21.622928885949403,21.727344512939453,2106300,0.0,0.0,0.0
2022-09-16,21.736044809219717,21.805655776324375,21.588121296665275,21.649030685424805,2035500,0.0,0.0,0.0
2022-09-19,21.292275777350696,21.74474792535808,21.222664805323138,21.718643188476562,2213800,0.0,0.0,0.0
2022-09-20,21.657734804972023,21.75345051834283,21.50981127506103,21.692541122436523,1815900,0.0,0.0,0.0
2022-09-21,21.866564373569716,21.910072263720483,21.45760016409037,21.5620174407959,1647700,0.0,0.0,0.0
2022-09-22,21.901370568890865,21.9622799551208,21.570718903789945,21.622926712036133,1770300,0.0,0.0,0.0
2022-09-23,20.952922944174066,20.987729260760293,20.77889468055597,20.892013549804688,3885200,0.0,0.0,0.0
2022-09-26,20.804998225036968,20.98772805732389,20.37863082924272,20.404735565185547,5110900,0.0,0.0,0.0
2022-09-27,20.709283053513097,20.892012890511307,20.56135953200273,20.622270584106445,2834800,0.0,0.0,0.0
2022-09-28,20.77889431985271,21.20526339235,20.726686505536172,21.196561813354492,2314300,0.0,0.0,0.0
2022-09-29,21.187860486794467,21.231366722633837,20.944221250987045,21.0660400390625,2066100,0.0,0.0,0.0
2022-09-30,20.900714104089353,21.1008454356772,20.74408900644445,20.80499839782715,3947600,0.0,0.0,0.0
2022-10-03,21.274873733520508,21.361886201581274,21.118248635560814,21.274873733520508,6326900,0.0,0.0,0.0
2022-10-04,21.683838283727074,21.927477512858914,21.657733547144797,21.849164962768555,2239800,0.0,0.0,0.0
2022-10-05,21.927476043879008,22.24942614187645,21.78825411074665,22.240724563598633,2753700,0.0,0.0,0.0
2022-10-06,22.197219487971335,22.397350819815564,22.153711594316214,22.379947662353516,2810600,0.0,0.0,0.0
2022-10-07,22.388651150219818,22.73670603085807,22.362548071457315,22.614887237548828,2382200,0.0,0.0,0.0
2022-10-10,22.70190020447992,22.832420570546173,22.353845341751082,22.362546920776367,2467600,0.0,0.0,0.0
2022-10-11,22.13630980608118,22.2929349018718,21.997087867524275,22.04059410095215,2530300,0.0,0.0,0.0
2022-10-12,22.04059410095215,22.110205070230602,21.910073741012106,22.04059410095215,2338200,0.0,0.0,0.0
2022-10-13,21.892670241439184,22.42345491117268,21.892670241439184,22.345142364501953,2166400,0.0,0.0,0.0
2022-10-14,22.162413638331216,22.22332469072717,21.86656659389107,21.9013729095459,1559100,0.0,0.0,0.0
2022-10-17,22.05799787645736,22.118907268826206,21.81435864732552,21.849164962768555,2200900,0.0,0.0,0.0
2022-10-18,21.736046079560506,21.814358629587186,21.45760219486851,21.614227294921875,1673600,0.0,0.0,0.0
2022-10-19,21.475007501256098,21.701243595118495,21.44020118235882,21.605527877807617,2062600,0.0,0.0,0.0
2022-10-20,21.805654870725938,21.97098153310455,21.562017325806195,21.622926712036133,1564100,0.0,0.0,0.0
2022-10-21,21.535913486250877,21.709941733840704,21.45760094080109,21.649030685424805,1142900,0.0,0.0,0.0
2022-10-24,21.640330896491626,21.857865377455067,21.622927739697023,21.709941864013672,1166800,0.0,0.0,0.0
2022-10-25,21.71864154820719,21.910072951567766,21.683836894650227,21.83176040649414,892300,0.0,0.0,0.0
2022-10-26,21.944877540778283,22.266829298432086,21.91877446560119,22.240724563598633,4190100,0.0,0.0,0.0
2022-10-27,22.27553367614746,22.35384623083325,22.188519542090305,22.27553367614746,1699500,0.0,0.0,0.0
2022-10-28,22.031893285399946,22.127608993844046,21.857866686004694,22.014490127563477,2783500,0.0,0.0,0.0
2022-10-31,21.823059972193512,22.049296040970734,21.718642686736157,21.857866287231445,3264300,0.0,0.0,0.0
2022-11-01,22.27553265423522,22.27553265423522,22.07540131684458,22.188518524169922,4248500,0.0,0.0,0.0
2022-11-02,22.16241292134847,22.562677240147565,22.08410037331509,22.388648986816406,2158500,0.0,0.0,0.0
2022-11-03,22.188518161431585,22.475663624193263,22.14501192693842,22.371246337890625,2088500,0.0,0.0,0.0
2022-11-04,23.032551579954454,23.13696886710892,22.84982340200473,23.128267288208008,2063000,0.0,0.0,0.0
2022-11-07,23.119564666428502,23.223981948872908,22.90203018268769,22.92813491821289,2093800,0.0,0.0,0.0
2022-11-08,22.92813449657451,23.03255011744236,22.54527334752754,22.649690628051758,1958000,0.0,0.0,0.0
2022-11-09,22.371248755216644,22.414756654067517,22.11020800073797,22.12761116027832,1693200,0.0,0.0,0.0
2022-11-10,22.240727488360218,22.414755757489388,22.162414933217747,22.327741622924805,2431800,0.0,0.0,0.0
2022-11-11,22.788912835417097,22.875926960287334,22.60618300722396,22.754106521606445,2817700,0.0,0.0,0.0
2022-11-14,22.640990944576725,22.884628520096506,22.41475486755371,22.41475486755371,1623100,0.0,0.0,0.0
2022-11-15,22.423455457969766,22.89332908979561,22.319038173310446,22.67579460144043,3209900,0.0,0.0,0.0
2022-11-16,22.38865178049327,22.493069077452535,22.301637642969983,22.423458099365234,2226900,0.0,0.0,0.0
2022-11-17,22.171112287447638,22.232021672138256,21.95357782232043,22.049293518066406,2043300,0.0,0.0,0.0
2022-11-18,21.666435509666577,21.91007474311269,21.640332432278548,21.892671585083008,3200500,0.0,0.0,0.0
2022-11-21,21.518512608476456,21.875269060127124,21.266173448369262,21.814359664916992,4164200,0.0,0.0,0.0
2022-11-22,22.02319094371843,22.153711303658476,21.970983131673698,22.04059410095215,3397700,0.0,0.0,0.0
2022-11-23,21.753448994915825,21.831761544070037,21.5968238966074,21.736045837402344,2169000,0.0,0.0,0.0
2022-11-25,21.840463746774,21.910074719160146,21.535915120213417,21.54461669921875,1243200,0.0,0.0,0.0
2022-11-28,21.24877014663596,21.60552659588237,21.222665409011878,21.41409683227539,3559600,0.0,0.0,0.0
2022-11-29,21.6838395430704,21.814359914249142,21.54461759252553,21.692541122436523,5141700,0.0,0.0,0.0
2022-11-30,22.084101489571236,22.197220357851087,21.918776466172233,22.17981719970703,2939800,0.0,0.0,0.0
2022-12-01,22.362547031386413,22.43215800427649,22.049296823552805,22.066699981689453,3382400,0.0,0.0,0.0
2022-12-02,21.94487760512473,22.05799646341168,21.779552596330515,21.83176040649414,3957200,0.0,0.0,0.0
2022-12-05,21.988388828453413,22.031895066906035,21.222666418297013,21.26617431640625,4078100,0.0,0.0,0.0
2022-12-06,21.240069067900066,21.30968004354796,20.82240321401269,20.92681884765625,3352600,0.0,0.0,0.0
2022-12-07,20.970324562065443,21.05733868748276,20.744088499842988,20.82240104675293,5676500,0.0,0.0,0.0
2022-12-08,20.95292242931043,20.987728745041384,20.69188169995421,20.787595748901367,3554700,0.0,0.0,0.0
2022-12-09,20.822401300903618,20.935518503567316,20.657074626558444,20.81369972229004,2957900,0.0,0.0,0.0
2022-12-12,20.874607496779902,21.10084354424812,20.857204340900125,21.039934158325195,2660100,0.0,0.0,0.0
2022-12-13,21.35318820046751,21.50981165283885,21.344486620948558,21.38799285888672,2779000,0.0,0.0,0.0
2022-12-14,21.4314975787022,21.631630574148254,21.39669292274841,21.55331802368164,2342400,0.0,0.0,0.0
2022-12-15,21.501109304463697,21.501109304463697,21.196562330473643,21.29227638244629,2802500,0.0,0.0,0.0
2022-12-16,20.987728760647695,21.153053781523212,20.952922444890863,21.022533416748047,3403500,0.0,0.0,0.0
2022-12-19,21.03566565585388,21.07943457819261,20.88684898235389,20.98314094543457,3123500,0.145,0.0,0.0
2022-12-20,20.913110432126206,21.123204272448945,20.869341508188,21.079435348510742,2614500,0.0,0.0,0.0
2022-12-21,21.245757304558367,21.36831161025083,21.23700318705502,21.35080337524414,1882500,0.0,0.0,0.0
2022-12-22,21.28077507011036,21.33329978244911,20.965635144464958,21.079435348510742,2017200,0.0,0.0,0.0
2022-12-23,21.1669720136527,21.490866014374024,21.1669720136527,21.4646053314209,2913300,0.0,0.0,0.0
2022-12-27,21.01815478657492,21.77099217818705,20.834321662486705,21.657190322875977,6148300,0.0,0.0,0.0
2022-12-28,21.44709723517095,21.47335958797128,21.21949518659971,21.412080764770508,2873300,0.0,0.0,0.0
2022-12-29,21.23700372680916,21.40332862424562,21.193233138179966,21.385820388793945,1759900,0.0,0.0,0.0
2022-12-30,21.272019827190118,21.59591552411862,21.272019827190118,21.578407287597656,1848300,0.0,0.0,0.0
2023-01-03,21.324544425473544,21.473361095770493,21.00064873023525,21.061925888061523,3228300,0.0,0.0,0.0
2023-01-04,20.790556484925045,20.825572960450096,20.58921675968836,20.685508728027344,1983700,0.0,0.0,0.0
2023-01-05,20.615474395391676,20.703013901570273,20.501674206133547,20.580459594726562,1700700,0.0,0.0,0.0
2023-01-06,20.74678434871174,20.82556973677012,20.615474255496306,20.694259643554688,1674600,0.0,0.0,0.0
2023-01-09,21.00940238350003,21.16697316852465,20.921862872966656,20.93937110900879,1189300,0.0,0.0,0.0
2023-01-10,20.983140029436832,21.070679539970207,20.84307748045435,20.93937110900879,1469400,0.0,0.0,0.0
2023-01-11,21.184479847731335,21.31578826904297,21.044417309041968,21.31578826904297,1923200,0.0,0.0,0.0
2023-01-12,21.490867614746094,21.587161245217494,21.368313299365997,21.490867614746094,2452100,0.0,0.0,0.0
2023-01-13,21.45585366382621,21.72722465995074,21.45585366382621,21.700963973999023,1514800,0.0,0.0,0.0
2023-01-17,21.770995400959148,21.867287366233647,21.665947647404586,21.84977912902832,1160700,0.0,0.0,0.0
2023-01-18,21.963578753687425,22.033610025665148,21.613422393798828,21.613422393798828,1469600,0.0,0.0,0.0
2023-01-19,21.735977945322812,21.911056970117706,21.69220902396275,21.832271575927734,1241200,0.0,0.0,0.0
2023-01-20,21.902302022402186,21.99859397968291,21.797254277568268,21.963579177856445,1144000,0.0,0.0,0.0
2023-01-23,21.998595507538983,22.07738090421694,21.92856422934495,22.016103744506836,2664600,0.0,0.0,0.0
2023-01-24,22.042365637201843,22.05987387380213,21.867286610553673,21.8935489654541,915600,0.0,0.0,0.0
2023-01-25,21.86728637908032,21.90230285191023,21.74473206353029,21.832271575927734,1151200,0.0,0.0,0.0
2023-01-26,21.972332752604345,21.99859343590575,21.82351609174659,21.92856216430664,1637600,0.0,0.0,0.0
2023-01-27,21.989841966560334,21.998594414932175,21.657192159402403,21.683454513549805,2379200,0.0,0.0,0.0
2023-01-30,21.534638283291578,21.70971563879702,21.403329849243164,21.403329849243164,2528300,0.0,0.0,0.0
2023-01-31,21.420836140539002,21.770994186401367,21.40332957398773,21.770994186401367,1571800,0.0,0.0,0.0
2023-02-01,21.604670322798405,21.622178559870775,21.16697441405347,21.359560012817383,3090900,0.0,0.0,0.0
2023-02-02,21.53463803021735,21.53463803021735,21.14946518114819,21.201988220214844,3591100,0.0,0.0,0.0
2023-02-03,21.044419920494065,21.25451375459916,20.659247056462707,20.668001174926758,2625600,0.0,0.0,0.0
2023-02-06,20.694260186081788,20.764291458449957,20.41413509660912,20.729276657104492,1375700,0.0,0.0,0.0
2023-02-07,20.77304689354166,21.131957395898713,20.76429277523084,21.12320327758789,1057300,0.0,0.0,0.0
2023-02-08,21.149462972245658,21.201986005826672,20.974383967406098,21.16697120666504,822500,0.0,0.0,0.0
2023-02-09,21.07067786009447,21.140709129002417,20.9131070876323,21.000646591186523,2054000,0.0,0.0,0.0
2023-02-10,21.123203593808245,21.298282623291016,21.123203593808245,21.298282623291016,783100,0.0,0.0,0.0
2023-02-13,21.140710921691436,21.33329817977716,21.114450237172324,21.254512786865234,853800,0.0,0.0,0.0
2023-02-14,21.114449185195635,21.394574270624894,21.070678597049053,21.324542999267578,926500,0.0,0.0,0.0
2023-02-15,21.114451138489645,21.158220061008066,20.94812622750038,21.096942901611328,924700,0.0,0.0,0.0
2023-02-16,21.035663604736328,21.14946379352717,21.01815536963706,21.035663604736328,831900,0.0,0.0,0.0
2023-02-17,20.685506464523336,20.91310852149854,20.641737544583872,20.878093719482422,1207900,0.0,0.0,0.0
2023-02-21,20.991893603724904,21.079433111990827,20.85183105837033,20.904354095458984,1014100,0.0,0.0,0.0
2023-02-22,20.85183210822173,20.89560269939708,20.632984161376953,20.632984161376953,1219400,0.0,0.0,0.0
2023-02-23,20.79055404663086,20.860585319790314,20.650491500311947,20.79055404663086,2070200,0.0,0.0,0.0
2023-02-24,20.580461280739307,20.72927795253126,20.43164460894735,20.720523834228516,1637800,0.0,0.0,0.0
2023-02-27,20.79930663076682,20.808060747975894,20.65924409477597,20.73802947998047,1076800,0.0,0.0,0.0
2023-02-28,20.869340052076776,20.92186309107343,20.781800540630815,20.79930877685547,1222300,0.0,0.0,0.0
2023-03-01,20.913108095954716,21.16697250153428,20.886847412396303,21.158218383789062,1238200,0.0,0.0,0.0
2023-03-02,21.140712509895195,21.158220747341446,20.97438759351066,21.079435348510742,828700,0.0,0.0,0.0
2023-03-03,21.026909608428905,21.42958899997073,21.026909608428905,21.412080764770508,1507900,0.0,0.0,0.0
2023-03-06,21.14071054523942,21.32454368198616,21.114449861187932,21.307035446166992,1046000,0.0,0.0,0.0
2023-03-07,21.184480546543035,21.245757700531332,20.843076636258303,20.869338989257812,1498500,0.0,0.0,0.0
2023-03-08,20.755537033081055,20.860584774915036,20.70301399700267,20.755537033081055,1518300,0.0,0.0,0.0
2023-03-09,20.834324717497758,20.90435599654383,20.47541420367694,20.501676559448242,1290800,0.0,0.0,0.0
2023-03-10,20.53669068922559,20.755538637762147,20.527938240600186,20.720523834228516,2418300,0.0,0.0,0.0
2023-03-13,20.396627071692325,20.80806226207095,20.352858152139273,20.589214324951172,1865900,0.0,0.0,0.0
2023-03-14,20.457907320900638,20.641738799434574,20.265320054233804,20.326597213745117,1300600,0.0,0.0,0.0
2023-03-15,19.915162807509507,20.02896300318012,19.573760550820364,19.853885650634766,2929200,0.0,0.0,0.0
2023-03-16,19.652548055633375,19.993950349008177,19.573762654134963,19.915164947509766,1536600,0.0,0.0,0.0
2023-03-17,19.985194082463106,20.037717121258982,19.72257721880643,19.853885650634766,1916800,0.0,0.0,0.0
2023-03-20,19.86263931989057,19.958931277227613,19.748837457114163,19.93267059326172,1108900,0.0,0.0,0.0
2023-03-21,19.99394859476123,20.072733989347096,19.871394278595357,20.002702713012695,1300500,0.0,0.0,0.0
2023-03-22,20.072733608485184,20.195287922325697,19.958931743052734,20.055225372314453,1414200,0.0,0.0,0.0
2023-03-23,20.204042423764434,20.30033605485324,20.002702713012695,20.002702713012695,1482800,0.0,0.0,0.0
2023-03-24,19.985193111251288,20.142763889658813,19.941424192661295,20.0989933013916,2175900,0.0,0.0,0.0
2023-03-27,20.16902659395294,20.501674722192217,20.1340101227292,20.475412368774414,2176200,0.0,0.0,0.0
2023-03-28,20.431644221020683,20.65049216540207,20.431644221020683,20.571706771850586,1037900,0.0,0.0,0.0
2023-03-29,20.615476530736316,20.676755360182618,20.431645051429545,20.440399169921875,514700,0.0,0.0,0.0
2023-03-30,20.554197853566926,20.606722560643295,20.449151778768694,20.589214324951172,793900,0.0,0.0,0.0
2023-03-31,20.59796974638517,20.799309460555055,20.59796974638517,20.781801223754883,1026200,0.0,0.0,0.0
2023-04-03,21.158219750831186,21.28077406782803,21.070680237400293,21.12320327758789,1164800,0.0,0.0,0.0
2023-04-04,21.14946594256891,21.166974179447227,20.94812622750038,21.096942901611328,1313100,0.0,0.0,0.0
2023-04-05,21.09694244965105,21.1844819624899,21.026911173315437,21.17572784423828,1099700,0.0,0.0,0.0
2023-04-06,21.12320290319026,21.140711139501587,21.035665060988276,21.114450454711914,2418800,0.0,0.0,0.0
2023-04-10,21.053171627622284,21.16697349396857,21.053171627622284,21.114450454711914,989900,0.0,0.0,0.0
2023-04-11,21.11445030766361,21.280773542430904,21.105696189568913,21.22825050354004,1526000,0.0,0.0,0.0
2023-04-12,21.315789726907717,21.420835803270645,21.28077325500189,21.394575119018555,1151500,0.0,0.0,0.0
2023-04-13,21.47336051112939,21.52588354931085,21.359558647112724,21.394575119018555,888700,0.0,0.0,0.0
2023-04-14,21.38582259750133,21.482116232753437,21.25451415740681,21.42083740234375,1244600,0.0,0.0,0.0
2023-04-17,21.350804295576314,21.42083556894461,21.21949586672042,21.333297729492188,937300,0.0,0.0,0.0
2023-04-18,21.3420510928936,21.455852960545464,21.254513249687346,21.37706756591797,844800,0.0,0.0,0.0
2023-04-19,21.105697704680118,21.210743790002777,21.035666424572536,21.079435348510742,397300,0.0,0.0,0.0
2023-04-20,20.89560317993164,20.95688033930899,20.834324350876923,20.89560317993164,1066100,0.0,0.0,0.0
2023-04-21,20.939370946009163,20.965633299867925,20.773046044258212,20.851831436157227,735700,0.0,0.0,0.0
2023-04-24,20.799308114825305,21.053170853293242,20.78179987915793,21.018156051635742,1753800,0.0,0.0,0.0
2023-04-25,20.84307815111224,20.84307815111224,20.597969517344794,20.720523834228516,1221000,0.0,0.0,0.0
2023-04-26,20.67675481342621,20.720523735053092,20.379121471266874,20.40538215637207,2206400,0.0,0.0,0.0
2023-04-27,20.405380180109614,20.492919684562505,20.317840675656722,20.431642532348633,990400,0.0,0.0,0.0
2023-04-28,20.38787492452818,20.632983549127648,20.344104334651647,20.624229431152344,854500,0.0,0.0,0.0
2023-05-01,20.475412676933637,20.615475224582067,20.326596011347522,20.44915199279785,1138800,0.0,0.0,0.0
2023-05-02,20.291580693891504,20.30908892932219,19.95017845137934,19.985193252563477,1658800,0.0,0.0,0.0
2023-05-03,19.766347584127836,19.827624745480957,19.705070422774718,19.731332778930664,869700,0.0,0.0,0.0
2023-05-04,19.731330188092116,19.950178118290065,19.670051365107838,19.81011390686035,782900,0.0,0.0,0.0
2023-05-05,20.05522538691605,20.265319212085878,20.02896303264083,20.25656509399414,702400,0.0,0.0,0.0
2023-05-08,20.457907248487427,20.49292205250822,20.344105378645775,20.352859497070312,742600,0.0,0.0,0.0
2023-05-09,20.282826553022282,20.44915145006944,20.151518126796514,20.414134979248047,787200,0.0,0.0,0.0
2023-05-10,20.344105378645775,20.41413665636473,20.239059296906024,20.352859497070312,489800,0.0,0.0,0.0
2023-05-11,20.055225752844162,20.107748792675633,19.923917318426824,20.002702713012695,742700,0.0,0.0,0.0
2023-05-12,20.011455819423464,20.072732974408037,19.82762268479249,19.845130920410156,769800,0.0,0.0,0.0
2023-05-15,19.967687079009504,20.14276611204065,19.958932960390204,20.072734832763672,703200,0.0,0.0,0.0
2023-05-16,20.02896300318012,20.107748396212582,19.853885650634766,19.853885650634766,1020700,0.0,0.0,0.0
2023-05-17,20.02896165608504,20.134009396288857,19.89765323308816,20.090240478515625,816400,0.0,0.0,0.0
2023-05-18,19.89765419202455,19.958931347731106,19.818868800494045,19.906408309936523,1005200,0.0,0.0,0.0
2023-05-19,20.063981089045377,20.09024344539399,19.836379009723043,19.88014793395996,777800,0.0,0.0,0.0
2023-05-22,19.818870090402307,19.94142607946922,19.801363523116212,19.897655487060547,606600,0.0,0.0,0.0
2023-05-23,19.941425626233766,20.046471706272314,19.923917389668226,19.9764404296875,753500,0.0,0.0,0.0
2023-05-24,20.055224524608978,20.107747561223796,19.862638943903153,19.985193252563477,692600,0.0,0.0,0.0
2023-05-25,19.740084760468886,19.801363590048165,19.556253280763194,19.670053482055664,1809500,0.0,0.0,0.0
2023-05-26,19.90640786280263,20.00270148799416,19.871393061618498,19.985193252563477,837300,0.0,0.0,0.0
2023-05-30,19.661298973727217,19.661298973727217,19.459959260990757,19.521236419677734,774500,0.0,0.0,0.0
2023-05-31,19.398682780301012,19.50373053434829,19.30238914489746,19.30238914489746,762500,0.0,0.0,0.0
2023-06-01,19.39868286474043,19.722578577258435,19.39868286474043,19.617530822753906,561000,0.0,0.0,0.0
2023-06-02,19.810114379289708,19.88889976961401,19.713822423086746,19.87139320373535,1195900,0.0,0.0,0.0
2023-06-05,19.967685301006984,19.967685301006984,19.810114519245165,19.81886863708496,1099300,0.0,0.0,0.0
2023-06-06,19.74008317638142,19.8976539575859,19.705068374823345,19.845130920410156,764300,0.0,0.0,0.0
2023-06-07,19.915163651935696,20.011457285208845,19.8976554150356,19.923917770385742,2155500,0.0,0.0,0.0
2023-06-08,19.967685086984247,20.01145567571407,19.661297644584405,19.95893096923828,893800,0.0,0.0,0.0
2023-06-09,19.93266981343254,20.037715884540898,19.81886795510842,19.836376190185547,641300,0.0,0.0,0.0
2023-06-12,19.60877517642537,19.67880645074671,19.494974981782175,19.565006256103516,686700,0.0,0.0,0.0
2023-06-13,19.871393957860423,19.941425233064482,19.81011513108923,19.82762336730957,701600,0.0,0.0,0.0
2023-06-14,19.958931042160362,20.01145574882806,19.77509957785515,19.87139320373535,763800,0.0,0.0,0.0
2023-06-15,19.985194644870838,20.317842792842242,19.985194644870838,20.291582107543945,1215100,0.0,0.0,0.0
2023-06-16,20.379119360479827,20.580459050593266,20.379119360479827,20.545442581176758,1252300,0.0,0.0,0.0
2023-06-20,20.344104084211207,20.387874673548914,20.195287419817518,20.36161231994629,1911200,0.0,0.0,0.0
2023-06-21,20.33535074983295,20.65924644470215,20.33535074983295,20.65924644470215,930200,0.0,0.0,0.0
2023-06-22,20.32659568419823,20.38787450877577,20.19528725660085,20.274072647094727,1056000,0.0,0.0,0.0
2023-06-23,19.897654586132475,20.055225372314453,19.897654586132475,20.055225372314453,1002200,0.0,0.0,0.0
2023-06-26,20.028961044953167,20.204040050058385,20.028961044953167,20.081485748291016,729000,0.0,0.0,0.0
2023-06-27,19.950180424336036,20.00270346614508,19.7313324688414,19.757593154907227,560800,0.0,0.0,0.0
2023-06-28,19.63503860570361,19.792609398975035,19.556253209067897,19.69631576538086,1101500,0.0,0.0,0.0
2023-06-29,19.661297998738583,19.792608097616082,19.617529078897594,19.705068588256836,635300,0.0,0.0,0.0
2023-06-30,19.79260781341105,20.02020986660601,19.79260781341105,19.87139320373535,972200,0.0,0.0,0.0
2023-07-03,19.958931042160362,20.01145574882806,19.8626390859574,19.87139320373535,902200,0.0,0.0,0.0
2023-07-05,20.055225138995457,20.107748177219303,19.915162590613676,19.993947982788086,2849100,0.0,0.0,0.0
2023-07-06,19.9764388294296,19.9851929470111,19.740082663760706,19.950178146362305,629100,0.0,0.0,0.0
2023-07-07,19.95893008142832,20.160271441275018,19.95017763374892,20.116500854492188,807800,0.0,0.0,0.0
2023-07-10,20.11650391217932,20.2215516667481,20.098995674804954,20.160274505615234,632400,0.0,0.0,0.0
2023-07-11,20.29157945199826,20.414133753157966,20.239056418597976,20.396625518798828,457800,0.0,0.0,0.0
2023-07-12,20.589213167947392,20.65049031974912,20.48416542937503,20.545442581176758,599600,0.0,0.0,0.0
2023-07-13,20.61547782340657,20.84307990944652,20.589217135960318,20.834325790405273,582900,0.0,0.0,0.0
2023-07-14,20.860584537197624,20.860584537197624,20.667998960653357,20.694259643554688,669800,0.0,0.0,0.0
2023-07-17,20.597970121572363,20.615476689014052,20.519184724213897,20.527938842773438,696100,0.0,0.0,0.0
2023-07-18,20.545444360629922,20.83432357962747,20.545444360629922,20.79930877685547,554700,0.0,0.0,0.0
2023-07-19,20.97438598236104,21.053171375139836,20.85183166900615,20.913108825683594,1371500,0.0,0.0,0.0
2023-07-20,21.044419160392852,21.088188081454845,20.860586018642387,20.97438621520996,1138600,0.0,0.0,0.0
2023-07-21,20.98314042284171,21.123202974450177,20.98314042284171,21.08818817138672,710500,0.0,0.0,0.0
2023-07-24,21.23700328432303,21.517128367004347,21.201986814149265,21.4646053314209,781300,0.0,0.0,0.0
2023-07-25,21.403329630552303,21.578406984268874,21.37706727614003,21.543392181396484,510700,0.0,0.0,0.0
2023-07-26,21.438344955444336,21.490867995870502,21.377067796667582,21.438344955444336,893700,0.0,0.0,0.0
2023-07-27,21.420835190020068,21.50837469760122,21.35080391789059,21.385820388793945,1273100,0.0,0.0,0.0
2023-07-28,21.368313228598034,21.543392252570328,21.307036071110925,21.51712989807129,2657200,0.0,0.0,0.0
2023-07-31,21.543392412979482,21.61342368915438,21.48211525503611,21.60466957092285,2012200,0.0,0.0,0.0
2023-08-01,21.464606929837398,21.543392323918123,21.40332977214735,21.490867614746094,1688900,0.0,0.0,0.0
2023-08-02,21.44709627866663,21.44709627866663,21.105694055874334,21.16697120666504,1143800,0.0,0.0,0.0
2023-08-03,21.166973130601423,21.37706695369874,21.131956658579895,21.36831283569336,1111700,0.0,0.0,0.0
2023-08-04,21.394575731016293,21.48211524360768,21.31579033665178,21.403329849243164,529400,0.0,0.0,0.0
2023-08-07,21.44709723517095,21.45585135277106,21.289526457723383,21.412080764770508,1137700,0.0,0.0,0.0
2023-08-08,21.131955983776333,21.438343425471743,21.044418145872413,21.385820388793945,993600,0.0,0.0,0.0
2023-08-09,21.490866861728858,21.587160488826232,21.420835588297294,21.534637451171875,671900,0.0,0.0,0.0
2023-08-10,21.499622800335942,21.560899961068227,21.38582259750133,21.42083740234375,576600,0.0,0.0,0.0
2023-08-11,21.377066271068106,21.50837469760122,21.35955803561643,21.385820388793945,566200,0.0,0.0,0.0
2023-08-14,21.245758360764885,21.342050318734348,21.184481204872334,21.280773162841797,697600,0.0,0.0,0.0
2023-08-15,21.158219213835412,21.210742252689975,20.98314019141713,21.02691078186035,3808700,0.0,0.0,0.0
2023-08-16,21.08818777601234,21.16697316852465,20.913108754945593,20.93937110900879,2205400,0.0,0.0,0.0
2023-08-17,21.149466472154884,21.16697470947161,20.983141557000817,20.99189567565918,857500,0.0,0.0,0.0
2023-08-18,21.044420770398432,21.18448333212509,21.035666651580836,21.14071273803711,601800,0.0,0.0,0.0
2023-08-21,21.272019644243834,21.272019644243834,21.079434053201524,21.08818817138672,507800,0.0,0.0,0.0
2023-08-22,21.175728297886383,21.20198898352649,21.061926427854697,21.096942901611328,623500,0.0,0.0,0.0
2023-08-23,21.00940429512805,21.228252256535633,20.965635370717507,21.14071273803711,910700,0.0,0.0,0.0
2023-08-24,21.044418192455723,21.201987302837907,21.000647603729643,21.158218383789062,599500,0.0,0.0,0.0
2023-08-25,21.298281561327588,21.403329307714888,21.131956658579895,21.36831283569336,793800,0.0,0.0,0.0
2023-08-28,21.385820767099094,21.447097922586693,21.28077302220802,21.333297729492188,590200,0.0,0.0,0.0
2023-08-29,21.33329704572393,21.44709723517095,21.27201822252316,21.412080764770508,417500,0.0,0.0,0.0
2023-08-30,21.517130350922262,21.578407509699012,21.412082600392576,21.438344955444336,527300,0.0,0.0,0.0
2023-08-31,21.525882720947266,21.578405757107525,21.42083497894953,21.525882720947266,1197700,0.0,0.0,0.0
2023-09-01,21.74473030161328,21.79725333692502,21.66594491380708,21.77974510192871,1716100,0.0,0.0,0.0
2023-09-05,21.91981261785142,22.02485870431643,21.84977966730483,21.884796142578125,1039100,0.0,0.0,0.0
2023-09-06,21.849775485431184,21.963577338611184,21.797252452251172,21.937314987182617,843800,0.0,0.0,0.0
2023-09-07,21.876040728853816,21.937317887277473,21.832271807030445,21.8935489654541,388800,0.0,0.0,0.0
2023-09-08,21.902300188288315,21.98983969003975,21.858529602574038,21.937314987182617,611500,0.0,0.0,0.0
2023-09-11,22.103640966763255,22.147409884965175,22.01610146068222,22.06862449645996,553900,0.0,0.0,0.0
2023-09-12,22.138658897959367,22.217442621986184,22.112396543498885,22.147411346435547,1075100,0.0,0.0,0.0
2023-09-13,22.191182780405523,22.26121405861715,22.12990562068002,22.217443466186523,813800,0.0,0.0,0.0
2023-09-14,22.366259162353437,22.43629043750051,22.33124435961855,22.401275634765625,679600,0.0,0.0,0.0
2023-09-15,22.322490620708606,22.410030133548812,22.296228265953346,22.348752975463867,573300,0.0,0.0,0.0
2023-09-18,22.410031432985324,22.436292119585968,22.278722990949813,22.34000015258789,868100,0.0,0.0,0.0
2023-09-19,22.39252250997659,22.427538983942082,22.287474757757497,22.357507705688477,844700,0.0,0.0,0.0
2023-09-20,22.234950786961303,22.401275691989465,22.164919511635333,22.173673629760742,663600,0.0,0.0,0.0
2023-09-21,22.226195819728943,22.25245817310187,22.09488739221879,22.103641510009766,1172600,0.0,0.0,0.0
2023-09-22,22.226195134006698,22.278719839132062,22.042363675099494,22.12114906311035,727700,0.0,0.0,0.0
2023-09-25,22.05112021844254,22.05112021844254,21.884795306602694,22.016103744506836,639900,0.0,0.0,0.0
2023-09-26,21.9110560702274,22.007348027200273,21.89354783453151,21.98984146118164,986300,0.0,0.0,0.0
2023-09-27,22.129904476301242,22.191181632857987,22.10364212220094,22.112396240234375,944200,0.0,0.0,0.0
2023-09-28,22.12990263608797,22.199933904854696,22.042363132710275,22.086132049560547,865500,0.0,0.0,0.0
2023-09-29,22.147412482809283,22.173674838617274,21.814764324295066,21.84977912902832,2044200,0.0,0.0,0.0
2023-10-02,21.858531865500613,21.902302455746284,21.648438041353266,21.683454513549805,3616100,0.0,0.0,0.0
2023-10-03,21.630930940688128,21.657193296214075,21.51713073943046,21.587162017822266,2573900,0.0,0.0,0.0
2023-10-04,21.34205145157972,21.34205145157972,20.913109667886182,20.98314094543457,1225500,0.0,0.0,0.0
2023-10-05,20.808061224253713,20.939369646041023,20.738029954655335,20.860584259033203,2068100,0.0,0.0,0.0
2023-10-06,20.9918941474579,21.000648265478965,20.81681679606844,20.93937110900879,2218500,0.0,0.0,0.0
2023-10-09,21.237005013175164,21.37706756591797,21.17572785505985,21.37706756591797,2702800,0.0,0.0,0.0
2023-10-10,21.342049564849,21.368311917736946,21.210741139763684,21.324542999267578,1359500,0.0,0.0,0.0
2023-10-11,21.245758810834808,21.29828184990146,21.07067978770956,21.201988220214844,2163300,0.0,0.0,0.0
2023-10-12,21.28952711689571,21.35080427231655,21.08818741489086,21.193233489990234,979300,0.0,0.0,0.0
2023-10-13,21.56089936809317,21.762240751689976,21.51713044582455,21.75348663330078,954000,0.0,0.0,0.0
2023-10-16,21.709715198019914,21.735977552167316,21.604669120784887,21.683454513549805,820400,0.0,0.0,0.0
2023-10-17,21.639684155038918,21.753486021219054,21.560898761430305,21.744731903076172,921900,0.0,0.0,0.0
2023-10-18,21.902300188288315,22.00734625464834,21.867283719716895,21.937314987182617,1110100,0.0,0.0,0.0
2023-10-19,21.84977733443347,22.164918899536133,21.797254296808777,22.164918899536133,937400,0.0,0.0,0.0
2023-10-20,22.121150266339093,22.23495046094623,21.972333599743738,21.998594284057617,1243400,0.0,0.0,0.0
2023-10-23,21.963579699231854,22.016102738056983,21.806008913079168,21.858531951904297,1179500,0.0,0.0,0.0
2023-10-24,21.744731436036886,21.753485553991744,21.525883496197288,21.622177124023438,1119700,0.0,0.0,0.0
2023-10-25,21.692207266301544,21.832269806917637,21.41208051539217,21.77974510192871,2212000,0.0,0.0,0.0
2023-10-26,21.587160722714792,21.709715035128543,21.54339180247482,21.595914840698242,1862600,0.0,0.0,0.0
2023-10-27,21.727225343203173,21.911058499033096,21.61342513791984,21.884796142578125,1051400,0.0,0.0,0.0
2023-10-30,21.727223035689363,21.788500191232323,21.455852059851708,21.534637451171875,975900,0.0,0.0,0.0
2023-10-31,21.543392019584353,21.692208687448197,21.39457535172051,21.455852508544922,2199500,0.0,0.0,0.0
2023-11-01,21.66594663929822,21.727223796988266,21.40332977214735,21.490867614746094,2495700,0.0,0.0,0.0
2023-11-02,21.49086755632288,21.727223737922515,21.49086755632288,21.718469619750977,1936100,0.0,0.0,0.0
2023-11-03,21.61342368915438,21.779746926521433,21.543392412979482,21.60466957092285,1407100,0.0,0.0,0.0
2023-11-06,21.77974517233593,21.814761642441745,21.674699101372873,21.69220733642578,1210900,0.0,0.0,0.0
2023-11-07,21.36831305370055,21.394575407984636,21.184481582743867,21.22825050354004,1861600,0.0,0.0,0.0
2023-11-08,21.14071235349652,21.228251870402737,20.904356158752964,20.99189567565918,1269100,0.0,0.0,0.0
2023-11-09,21.000648265478965,21.158219050503583,20.930616990987723,20.93937110900879,1254300,0.0,0.0,0.0
2023-11-10,21.01815598154745,21.096941372110667,20.98313951032947,21.044418334960938,874200,0.0,0.0,0.0
2023-11-13,21.026909376006287,21.359557492747484,21.026909376006287,21.35080337524414,913200,0.0,0.0,0.0
2023-11-14,21.394573655765385,21.517127959699287,21.263265234453748,21.31578826904297,1573100,0.0,0.0,0.0
2023-11-15,21.1844819624899,21.32454451516113,21.166973725986665,21.17572784423828,1314500,0.0,0.0,0.0
2023-11-16,20.91310981321068,20.930618050138783,20.624230582606504,20.668001174926758,3465600,0.0,0.0,0.0
2023-11-17,20.76429390691496,21.000650105156925,20.755539788127024,20.965635299682617,1241100,0.0,0.0,0.0
2023-11-20,21.149465110365085,21.298281778620296,21.131956874175696,21.22825050354004,777600,0.0,0.0,0.0
2023-11-21,21.245757304558367,21.359557492747484,21.19323259953829,21.35080337524414,642500,0.0,0.0,0.0
2023-11-22,20.869337900244066,21.184479441084424,20.790552515033976,21.16697120666504,850600,0.0,0.0,0.0
2023-11-24,21.10569617498085,21.210742252689975,21.02691078186035,21.02691078186035,391300,0.0,0.0,0.0
2023-11-27,20.956877811725754,21.044417315854236,20.843075955455575,20.8868465423584,1032500,0.0,0.0,0.0
2023-11-28,20.991896057492855,21.21074401890044,20.948127133082316,21.14071273803711,1112800,0.0,0.0,0.0
2023-11-29,21.219496617221214,21.34205093253097,21.009402789685634,21.289527893066406,972200,0.0,0.0,0.0
2023-11-30,21.359560077643394,21.46460783071905,20.904355930444552,20.930618286132812,1769700,0.0,0.0,0.0
2023-12-01,20.965635906346478,21.18448387334518,20.79931098391777,20.834325790405273,1399700,0.0,0.0,0.0
2023-12-04,20.67675307817953,20.8343221846191,20.5804594550688,20.694259643554688,5278400,0.0,0.0,0.0
2023-12-05,20.69426085207788,20.790554480812055,20.492921146249405,20.51042938232422,1557500,0.0,0.0,0.0
2023-12-06,20.326597361540784,20.361613835617497,20.002703324718127,20.011457443237305,1913900,0.0,0.0,0.0
2023-12-07,20.107749710317872,20.116503828968845,19.958933032606165,20.046472549438477,1502200,0.0,0.0,0.0
2023-12-08,20.169026786499433,20.239058059938227,20.072733159392122,20.134010314941406,1366100,0.0,0.0,0.0
2023-12-11,20.011457062101726,20.081488339243958,19.9239175482546,20.063980102539062,3260700,0.0,0.0,0.0
2023-12-12,19.84513267104056,19.880147475687455,19.7313324688414,19.757593154907227,1983200,0.0,0.0,0.0
2023-12-13,19.78385355414231,19.985193252563477,19.757591200996288,19.985193252563477,1613700,0.0,0.0,0.0
2023-12-14,20.23905875914769,20.335350719904387,20.221550522763806,20.317842483520508,1872100,0.0,0.0,0.0
2023-12-15,20.317843023372156,20.449153130062886,20.230305178481487,20.352859497070312,1734500,0.0,0.0,0.0
2023-12-18,20.60909402816036,20.71011780530878,20.434595865121054,20.498884201049805,1844200,1.089,0.0,0.0
2023-12-19,20.452964729417566,20.664198336442563,20.452964729417566,20.655014038085938,1829600,0.0,0.0,0.0
2023-12-20,20.71930411232746,20.72848841145426,20.416229248046875,20.416229248046875,1439100,0.0,0.0,0.0
2023-12-21,20.36112355063506,20.462149081095404,20.36112355063506,20.452964782714844,1352700,0.0,0.0,0.0
2023-12-22,20.56317453062377,20.609096026257763,20.407044948920078,20.416229248046875,1397800,0.0,0.0,0.0
2023-12-26,20.397858847304413,20.71930228143374,20.379492002399775,20.61827850341797,1252200,0.0,0.0,0.0
2023-12-27,20.65501443541393,20.728487071954486,20.526437759399414,20.526437759399414,1372600,0.0,0.0,0.0
2023-12-28,20.480516834608938,20.590726668338547,20.34275585624134,20.351940155029297,1145200,0.0,0.0,0.0
2023-12-29,20.38867691771545,20.407043763175903,20.214178747897314,20.241731643676758,1781200,0.0,0.0,0.0
2024-01-02,20.33357127860641,20.351939875930427,20.039680728325603,20.076417922973633,2421600,0.0,0.0,0.0
2024-01-03,20.195809509276533,20.361123375251022,20.168256614372186,20.33357048034668,857700,0.0,0.0,0.0
2024-01-04,20.29683651637702,20.31520511431706,20.0856028952443,20.223363876342773,734000,0.0,0.0,0.0
2024-01-05,20.333570895168503,20.41622782984202,20.260098258983803,20.324386596679688,800800,0.0,0.0,0.0
2024-01-08,19.929472814614247,20.05804949350664,19.856000176429184,20.03049659729004,760800,0.0,0.0,0.0
2024-01-09,20.168256345131706,20.269281873373185,20.06723256861599,20.177440643310547,736200,0.0,0.0,0.0
2024-01-10,20.278466988044087,20.29683558514136,20.012129337036956,20.03968048095703,754000,0.0,0.0,0.0
2024-01-11,20.269283372322597,20.333571712602954,20.14070669176189,20.186626434326172,1491100,0.0,0.0,0.0
2024-01-12,20.480517332098216,20.544807425175577,20.177442471637196,20.260099411010742,673700,0.0,0.0,0.0
2024-01-16,20.351941388072845,20.351941388072845,20.085603713989258,20.085603713989258,709000,0.0,0.0,0.0
2024-01-17,19.95702461790305,20.076418753723743,19.938656019818954,20.05805015563965,570700,0.0,0.0,0.0
2024-01-18,20.058049753765463,20.223363629758314,19.993761413485107,20.186626434326172,408300,0.0,0.0,0.0
2024-01-19,20.260098982005335,20.324387321995477,20.103969405575327,20.149890899658203,559900,0.0,0.0,0.0
2024-01-22,20.103969328794662,20.315204697317377,20.076418184176045,20.232547760009766,575900,0.0,0.0,0.0
2024-01-23,20.25091503333447,20.39786031348864,20.25091503333447,20.342756271362305,442400,0.0,0.0,0.0
2024-01-24,20.471334133863248,20.5631736176016,20.37949289839903,20.517253875732422,866700,0.0,0.0,0.0
2024-01-25,20.62746221859095,20.691752310439597,20.553989579632667,20.673383712768555,1600400,0.0,0.0,0.0
2024-01-26,20.581541987885934,20.76522445678711,20.462149609308266,20.76522445678711,517800,0.0,0.0,0.0
2024-01-29,20.6641975774971,20.6641975774971,20.508068014620314,20.59072494506836,1579300,0.0,0.0,0.0
2024-01-30,20.590727935275183,20.75604182017833,20.526439591529734,20.72848892211914,941200,0.0,0.0,0.0
2024-01-31,20.682568167806433,20.71930361170007,20.48970139425566,20.50806999206543,1305300,0.0,0.0,0.0
2024-02-01,20.49888593012032,20.572358570482812,20.214179667681403,20.260099411010742,2388400,0.0,0.0,0.0
2024-02-02,20.05804949350664,20.131522131691703,20.00294545279931,20.03049659729004,1235500,0.0,0.0,0.0
2024-02-05,20.01212777758196,20.13152014595886,19.929470848811143,20.11315155029297,837900,0.0,0.0,0.0
2024-02-06,20.15907528947796,20.250914774606528,20.12233809404582,20.186626434326172,790900,0.0,0.0,0.0
2024-02-07,20.177441645087494,20.28765147697955,20.177441645087494,20.278467178344727,809900,0.0,0.0,0.0
2024-02-08,20.287652060881037,20.4345973398158,20.287652060881037,20.3886775970459,1125100,0.0,0.0,0.0
2024-02-09,20.42541230191412,20.52643783442382,20.37949256080562,20.44378089904785,601700,0.0,0.0,0.0
2024-02-12,20.40704329081205,20.480515926130717,20.39785899243149,20.452964782714844,569000,0.0,0.0,0.0
2024-02-13,20.38867627015537,20.434596009936822,20.31520363546957,20.33357048034668,1222200,0.0,0.0,0.0
2024-02-14,20.361123008732246,20.42541134395935,20.113152214234212,20.140705108642578,696000,0.0,0.0,0.0
2024-02-15,20.15907528947796,20.28765197003867,20.15907528947796,20.186626434326172,791200,0.0,0.0,0.0
2024-02-16,20.159075121483653,20.27846750219138,20.149890822702154,20.232547760009766,595800,0.0,0.0,0.0
2024-02-20,20.223362873241925,20.223362873241925,20.04886470491867,20.122337341308594,1053100,0.0,0.0,0.0
2024-02-21,20.204994201660156,20.2325470971019,20.140705864021914,20.204994201660156,1689900,0.0,0.0,0.0
2024-02-22,20.13152272830786,20.278468009032846,20.103969831274707,20.260099411010742,507400,0.0,0.0,0.0
2024-02-23,20.048864438076723,20.094784178312068,19.957023205880233,19.96620750427246,668800,0.0,0.0,0.0
2024-02-26,20.03049676676861,20.21417923964834,20.012129920861344,20.149890899658203,879100,0.0,0.0,0.0
2024-02-27,20.232546196497342,20.324385673763484,20.232546196497342,20.306018829345703,2544500,0.0,0.0,0.0
2024-02-28,20.287652217406997,20.324387661561165,20.17744238149267,20.223363876342773,5225300,0.0,0.0,0.0
2024-02-29,20.14989057637291,20.30602015029797,20.131521979034467,20.195810317993164,720300,0.0,0.0,0.0
2024-03-01,20.260097752641588,20.37949187828646,20.223362311330245,20.29683494567871,863200,0.0,0.0,0.0
2024-03-04,20.434596675776113,20.434596675776113,20.296835700217173,20.36112403869629,538500,0.0,0.0,0.0
2024-03-05,20.315204031701303,20.34275517541722,20.195809903179576,20.204994201660156,1237800,0.0,0.0,0.0
2024-03-06,20.37949222077691,20.48051599987521,20.342755027122397,20.37030792236328,1466500,0.0,0.0,0.0
2024-03-07,20.35194049191988,20.508070070447843,20.333571894039906,20.425413131713867,961000,0.0,0.0,0.0
2024-03-08,20.388676934498413,20.388676934498413,20.241731660338765,20.36112403869629,933200,0.0,0.0,0.0
2024-03-11,20.342756770650315,20.56317469629146,20.28765272717152,20.53562355041504,691600,0.0,0.0,0.0
2024-03-12,20.471333886833484,20.5631733694636,20.4162280951844,20.48051643371582,497700,0.0,0.0,0.0
2024-03-13,20.61827918235651,20.774408755404753,20.61827918235651,20.76522445678711,1070000,0.0,0.0,0.0
2024-03-14,20.77440950782887,20.875433292830213,20.746856610978007,20.829513549804688,1168500,0.0,0.0,0.0
2024-03-15,20.801960988134187,20.939721971156413,20.783592389937642,20.902986526489258,1043100,0.0,0.0,0.0
2024-03-18,21.040745952059865,21.123402886100063,20.97645761485656,21.095849990844727,1384300,0.0,0.0,0.0
2024-03-19,21.077483560304486,21.114219002975002,21.040746365908127,21.086666107177734,1889600,0.0,0.0,0.0
2024-03-20,20.939721567688586,21.040747104097093,20.857064629122704,21.03156280517578,1247400,0.0,0.0,0.0
2024-03-21,21.03156229854915,21.03156229854915,20.875432724099678,21.004011154174805,813800,0.0,0.0,0.0
2024-03-22,20.96727503915628,20.96727503915628,20.83869835418552,20.857065200805664,1443900,0.0,0.0,0.0
2024-03-25,20.939721567688586,21.114219743741668,20.930539020493182,21.03156280517578,1370900,0.0,0.0,0.0
2024-03-26,21.03156296284374,21.03156296284374,20.84788223821825,20.866249084472656,742000,0.0,0.0,0.0
2024-03-27,20.765224381604995,20.866248162581613,20.746855784436214,20.847881317138672,2497800,0.0,0.0,0.0
2024-03-28,20.930537874490145,21.105034289263173,20.9213535760717,21.095849990844727,3686300,0.0,0.0,0.0
2024-04-01,21.178507928171843,21.251980567274206,21.09585099021595,21.196876525878906,2345900,0.0,0.0,0.0
2024-04-02,21.34382040632265,21.417293040613444,21.288716368535997,21.389741897583008,1852700,0.0,0.0,0.0
2024-04-03,21.555055126755523,21.665264959759696,21.536688281026386,21.646896362304688,1771500,0.0,0.0,0.0
2024-04-04,21.619346382108272,21.821395709816645,21.564240586775657,21.702001571655273,1261200,0.0,0.0,0.0
2024-04-05,21.803025784344708,21.940786760839586,21.757106042755034,21.812210083007812,1313700,0.0,0.0,0.0
2024-04-08,21.86731453948036,21.8856831371562,21.665265220223816,21.80302619934082,1263500,0.0,0.0,0.0
2024-04-09,21.84894767984853,21.85813022695481,21.64689660899262,21.68363380432129,769400,0.0,0.0,0.0
2024-04-10,21.71118537628384,21.812210913699587,21.59179299256826,21.793842315673828,1349900,0.0,0.0,0.0
2024-04-11,21.766289171826823,21.766289171826823,21.600975308225614,21.757104873657227,933800,0.0,0.0,0.0
2024-04-12,22.005074430693394,22.12446855795775,21.747921082848574,21.784656524658203,1579300,0.0,0.0,0.0
2024-04-15,21.747921744091926,21.839762978997133,21.555054975618415,21.812210083007812,1660100,0.0,0.0,0.0
2024-04-16,21.729552899923174,21.81220983522631,21.610160522110778,21.77547264099121,1263700,0.0,0.0,0.0
2024-04-17,21.656079215487537,21.766289041135195,21.408108421574617,21.43566131591797,2084600,0.0,0.0,0.0
2024-04-18,21.46321462541938,21.5183186634462,21.38055769251626,21.426477432250977,1734500,0.0,0.0,0.0
2024-04-19,21.481582473679666,21.61934520277027,21.44484703052114,21.527503967285156,1968800,0.0,0.0,0.0
2024-04-22,21.362190093757125,21.527503967285156,21.316268600151634,21.527503967285156,941800,0.0,0.0,0.0
2024-04-23,21.334636712599462,21.628527258090198,21.325452414087145,21.61934471130371,1524700,0.0,0.0,0.0
2024-04-24,21.573422556493345,21.674448085301744,21.545869661802204,21.5917911529541,1670400,0.0,0.0,0.0
2024-04-25,21.573422577833217,21.720367846213097,21.50913424188274,21.711183547973633,1088600,0.0,0.0,0.0
2024-04-26,21.839763055272574,21.839763055272574,21.683633480906202,21.72955322265625,707700,0.0,0.0,0.0
2024-04-29,21.812209076881963,21.830577673360892,21.70199924973417,21.711183547973633,875800,0.0,0.0,0.0
2024-04-30,21.53668684345118,21.545869389839876,21.334635788384762,21.43566131591797,1875400,0.0,0.0,0.0
2024-05-01,21.325452865565317,21.435662698320495,21.095850653074073,21.123403549194336,1463900,0.0,0.0,0.0
2024-05-02,21.14177248448361,21.242796268420673,21.049931247674184,21.196876525878906,1004400,0.0,0.0,0.0
2024-05-03,21.251981229922276,21.28871842648189,21.187692887668902,21.224430084228516,503400,0.0,0.0,0.0
2024-05-06,21.307085304943246,21.51831891293328,21.307085304943246,21.463214874267578,1293800,0.0,0.0,0.0
2024-05-07,21.362190169875056,21.499951147730663,21.362190169875056,21.444847106933594,486300,0.0,0.0,0.0
2024-05-08,21.22442860966218,21.37137388223972,21.215244311160358,21.334636688232422,415800,0.0,0.0,0.0
2024-05-09,21.343820912550584,21.43566214552379,21.325452315610775,21.417293548583984,347200,0.0,0.0,0.0
2024-05-10,21.45403256353459,21.490768008806576,21.353007023516184,21.38055992126465,747700,0.0,0.0,0.0
2024-05-13,21.41729454746333,21.545871228587007,21.41729454746333,21.518320083618164,531400,0.0,0.0,0.0
2024-05-14,21.38974199080836,21.472397171985694,21.343820499347856,21.426477432250977,443700,0.0,0.0,0.0
2024-05-15,21.426477773155543,21.509134707373775,21.30708539691022,21.499950408935547,512100,0.0,0.0,0.0
2024-05-16,21.5550537109375,21.582606605310232,21.481581077669304,21.5550537109375,519200,0.0,0.0,0.0
2024-05-17,21.66526456173759,21.81220983522631,21.637711666061264,21.77547264099121,2083900,0.0,0.0,0.0
2024-05-20,21.812210344352177,21.98670851759024,21.80302604557903,21.968339920043945,1314900,0.0,0.0,0.0
2024-05-21,21.876497268676758,21.99589139327727,21.793840336792023,21.876497268676758,514000,0.0,0.0,0.0
2024-05-22,21.70199856036892,21.729551454212096,21.545868998709043,21.564237594604492,889400,0.0,0.0,0.0
2024-05-23,21.738737239557206,21.793841279288134,21.408109497719945,21.454030990600586,1255100,0.0,0.0,0.0
2024-05-24,21.52750430477497,21.61934554169989,21.499951408179722,21.600976943969727,1375300,0.0,0.0,0.0
2024-05-28,21.904052653444715,21.986709594726562,21.830580011385955,21.986709594726562,1845700,0.0,0.0,0.0
2024-05-29,21.876497246410455,21.894865842749645,21.757104873657227,21.757104873657227,940900,0.0,0.0,0.0
2024-05-30,21.610161490765435,21.702000977018123,21.47239875793457,21.47239875793457,1041600,0.0,0.0,0.0
2024-05-31,21.582607743064816,21.61934493749844,21.307085791716027,21.371374130249023,873400,0.0,0.0,0.0
2024-06-03,21.353004577054595,21.362188875251817,21.04074544525208,21.06829833984375,1790900,0.0,0.0,0.0
2024-06-04,20.884618098324808,20.930539594190044,20.774410011700144,20.857065200805664,1087200,0.0,0.0,0.0
2024-06-05,20.875432386181828,20.930538177490234,20.78359115239365,20.930538177490234,966900,0.0,0.0,0.0
2024-06-06,21.031562238197022,21.224429006893327,21.031562238197022,21.2060604095459,1049000,0.0,0.0,0.0
2024-06-07,21.01319461221666,21.049931808609756,20.902986526489258,20.902986526489258,747000,0.0,0.0,0.0
2024-06-10,21.04074653687074,21.215244708219615,21.004011093901735,21.2060604095459,457100,0.0,0.0,0.0
2024-06-11,21.196877356972188,21.261165699741653,21.12340471498909,21.178508758544922,572500,0.0,0.0,0.0
2024-06-12,21.435662295109076,21.463215190711058,21.233612982538702,21.25197982788086,761000,0.0,0.0,0.0
2024-06-13,21.3530045270706,21.398924266223453,21.251978998863397,21.270347595214844,553000,0.0,0.0,0.0
2024-06-14,21.343822222329628,21.389743717497147,21.187692642211914,21.187692642211914,914700,0.0,0.0,0.0
2024-06-17,21.160139933096847,21.279532308257416,21.150955634742065,21.26116371154785,1114300,0.0,0.0,0.0
2024-06-18,21.242794558966004,21.43566131591797,21.242794558966004,21.43566131591797,832400,0.0,0.0,0.0
2024-06-20,21.50913553798024,21.5734238778046,21.444847198155873,21.481582641601562,910700,0.0,0.0,0.0
2024-06-21,21.45403030631091,21.481581449434692,21.288716440665066,21.307085037231445,723100,0.0,0.0,0.0
2024-06-24,21.35300596195284,21.481582641601562,21.334637364367055,21.481582641601562,610400,0.0,0.0,0.0
2024-06-25,21.40811006625922,21.417294365079258,21.261164788590392,21.27953338623047,726400,0.0,0.0,0.0
2024-06-26,21.34382181747632,21.417294456624784,21.25198058060927,21.316268920898438,1212400,0.0,0.0,0.0
2024-06-27,21.490765768569897,21.490765768569897,21.343820499347856,21.426477432250977,675400,0.0,0.0,0.0
2024-06-28,21.536687751820903,21.536687751820903,21.307085544452775,21.334636688232422,855300,0.0,0.0,0.0
2024-07-01,21.47239809903324,21.628527673288104,21.389742914287353,21.61016082763672,1233600,0.0,0.0,0.0
2024-07-02,21.69281827205977,21.711185118141227,21.573424138037844,21.637712478637695,844800,0.0,0.0,0.0
2024-07-03,21.67444794185662,21.784656016440252,21.665263643687027,21.757104873657227,707500,0.0,0.0,0.0
2024-07-05,21.84894794029907,21.94997172520539,21.793842146649176,21.839763641357422,860600,0.0,0.0,0.0
2024-07-08,21.637712974032734,21.674450170488548,21.527504888117175,21.54587173461914,769100,0.0,0.0,0.0
2024-07-09,21.52750229427842,21.555053436574713,21.371372731605074,21.398923873901367,621500,0.0,0.0,0.0
2024-07-10,21.353004135590393,21.46321395995276,21.307084397279414,21.398923873901367,678200,0.0,0.0,0.0
2024-07-11,21.38055927168188,21.509135953816376,21.353006374770523,21.47239875793457,1759500,0.0,0.0,0.0
2024-07-12,21.3989244441093,21.43566163711759,21.362189002826792,21.389741897583008,1263200,0.0,0.0,0.0
2024-07-15,21.297900395767513,21.343820134717756,21.233612060546875,21.233612060546875,863300,0.0,0.0,0.0
2024-07-16,21.059116372219624,21.20606165618582,21.04993207300599,21.178508758544922,1485400,0.0,0.0,0.0
2024-07-17,21.224430254613083,21.261165699741653,21.150957612629988,21.178508758544922,1296400,0.0,0.0,0.0
2024-07-18,21.17850850280327,21.17850850280327,21.02237892150879,21.02237892150879,1410300,0.0,0.0,0.0
2024-07-19,20.948906431494432,21.049931970627078,20.719304207448207,20.737672805786133,1803800,0.0,0.0,0.0
2024-07-22,20.664199427458406,20.792776107788086,20.618279684976635,20.792776107788086,1959900,0.0,0.0,0.0
2024-07-23,20.664199075152766,20.71011881685165,20.563173541344188,20.599910736083984,981700,0.0,0.0,0.0
2024-07-24,20.618277839126286,20.756038805964454,20.59072494506836,20.59072494506836,991900,0.0,0.0,0.0
2024-07-25,20.471334148866248,20.68256776438065,20.407044057786074,20.636646270751953,676400,0.0,0.0,0.0
2024-07-26,20.544807266207794,20.56317411236186,20.379493388739842,20.425413131713867,584200,0.0,0.0,0.0
2024-07-29,20.471333203142613,20.517252942924067,20.26009784566088,20.33357048034668,709100,0.0,0.0,0.0
2024-07-30,20.18662445742736,20.2692813873291,20.15907331527726,20.2692813873291,1183600,0.0,0.0,0.0
2024-07-31,20.54480777841576,20.737672805786133,20.48970198340198,20.737672805786133,1495200,0.0,0.0,0.0
2024-08-01,20.719302522760064,20.746855418026627,20.407043383308935,20.489700317382812,2002300,0.0,0.0,0.0
2024-08-02,20.260096812168708,20.2784654078346,20.01212777758196,20.11315155029297,2740400,0.0,0.0,0.0
2024-08-05,19.76415877536881,20.08560222163564,19.754974476706803,20.076417922973633,2372700,0.0,0.0,0.0
2024-08-06,19.837631564140302,20.048865179798913,19.837631564140302,19.911104202270508,1634200,0.0,0.0,0.0
2024-08-07,20.030497348450556,20.19581122849782,19.99376190384335,20.094785690307617,1050600,0.0,0.0,0.0
2024-08-08,20.140706202274043,20.324386919793003,20.140706202274043,20.278467178344727,568700,0.0,0.0,0.0
2024-08-09,20.42541246929064,20.42541246929064,20.324386935953083,20.397859573364258,465100,0.0,0.0,0.0
2024-08-12,20.53562232146867,20.746855935267824,20.48970082821286,20.682567596435547,550900,0.0,0.0,0.0
2024-08-13,20.59991014672325,20.609094445145438,20.47133347226425,20.489700317382812,374900,0.0,0.0,0.0
2024-08-14,20.49888501425523,20.553989054133634,20.33357114289416,20.36112403869629,510000,0.0,0.0,0.0
2024-08-15,20.48970056526622,20.627461539814036,20.48051626673292,20.526437759399414,556600,0.0,0.0,0.0
2024-08-16,20.407043872006387,20.4437810665749,20.315204389036808,20.397859573364258,570100,0.0,0.0,0.0
2024-08-19,20.416227736817643,20.480516074220606,20.250913868223847,20.28765106201172,557600,0.0,0.0,0.0
2024-08-20,20.34275517541722,20.388676667820125,20.177441306218416,20.204994201660156,539300,0.0,0.0,0.0
2024-08-21,20.269283450605933,20.30602064617996,20.030496934552456,20.10396957397461,545400,0.0,0.0,0.0
2024-08-22,20.085603713989258,20.195811802670057,20.03968221726727,20.085603713989258,473500,0.0,0.0,0.0
2024-08-23,20.29683562542965,20.45296519761472,20.29683562542965,20.44378089904785,727700,0.0,0.0,0.0
2024-08-26,20.682566933155815,20.737670971569774,20.62746114301606,20.655014038085938,417200,0.0,0.0,0.0
2024-08-27,20.618279501719705,20.636646347513633,20.53562256460646,20.55398941040039,556000,0.0,0.0,0.0
2024-08-28,20.34275426990701,20.44377979697066,20.28765023320218,20.306018829345703,500700,0.0,0.0,0.0
2024-08-29,20.416229412530697,20.53562355041504,20.416229412530697,20.53562355041504,458700,0.0,0.0,0.0
2024-08-30,20.388675760265826,20.41622690275537,20.278465935130413,20.306018829345703,388900,0.0,0.0,0.0
2024-09-03,19.975392958266035,19.975392958266035,19.846816276788104,19.901920318603516,540700,0.0,0.0,0.0
2024-09-04,19.810078405169623,19.95702367948085,19.745790066624192,19.754974365234375,456400,0.0,0.0,0.0
2024-09-05,19.89273501644721,19.984576249325087,19.73660544607257,19.800893783569336,593800,0.0,0.0,0.0
2024-09-06,19.85600080160698,19.920289143077333,19.433531804946785,19.534557342529297,1176000,0.0,0.0,0.0
2024-09-09,19.525372305490837,19.653948983571663,19.433531070407735,19.58966064453125,2390300,0.0,0.0,0.0
2024-09-10,19.57129218553409,19.589660783025742,19.194744695584543,19.304954528808594,957600,0.0,0.0,0.0
2024-09-11,19.461083380746917,19.543740314661466,19.22229687740775,19.479450225830078,1107600,0.0,0.0,0.0
2024-09-12,19.672316532542652,19.883550135768473,19.617212495119777,19.855998992919922,1058600,0.0,0.0,0.0
2024-09-13,19.938656178786946,20.021313119098462,19.81926379374028,19.892736434936523,939100,0.0,0.0,0.0
2024-09-16,20.021311883859756,20.085601973700214,19.957023545745134,20.03968048095703,586200,0.0,0.0,0.0
2024-09-17,20.01212853126871,20.204993537847066,20.01212853126871,20.177440643310547,889900,0.0,0.0,0.0
2024-09-18,20.131521298125456,20.296835165128325,20.048864364624023,20.048864364624023,1002000,0.0,0.0,0.0
2024-09-19,20.296837276066498,20.452966860948777,20.250915779497603,20.407045364379883,726700,0.0,0.0,0.0
2024-09-20,20.35194132022319,20.43459826232122,20.296837276066498,20.407045364379883,617700,0.0,0.0,0.0
2024-09-23,20.44378214542727,20.581543128877367,20.26928396546998,20.416229248046875,658200,0.0,0.0,0.0
2024-09-24,20.756038665771484,20.76522296372876,20.645828842009905,20.756038665771484,775400,0.0,0.0,0.0
2024-09-25,20.664199908522164,20.71011965207295,20.498886028977836,20.58154296875,813700,0.0,0.0,0.0
2024-09-26,20.4437810665749,20.57235774411299,20.35193983187947,20.397859573364258,887700,0.0,0.0,0.0
2024-09-27,20.370307529192303,20.526437095758887,20.31520349149991,20.498884201049805,649900,0.0,0.0,0.0
2024-09-30,20.42541188757317,20.553988561449383,20.379492147396178,20.452964782714844,1042600,0.0,0.0,0.0
2024-10-01,20.370308058672858,20.985642042697066,20.370308058672858,20.81114387512207,1154100,0.0,0.0,0.0
2024-10-02,21.04993172855831,21.14177296746584,20.811145208089105,20.98564338684082,1089900,0.0,0.0,0.0
2024-10-03,21.013193565847004,21.325452712735345,20.976458123009124,21.28871726989746,1126800,0.0,0.0,0.0
2024-10-04,21.343822479248047,21.463216616394835,21.288718436109654,21.343822479248047,1060700,0.0,0.0,0.0
2024-10-07,21.426478859030784,21.67444967425241,21.408110261223424,21.637712478637695,1330600,0.0,0.0,0.0
2024-10-08,21.279532705831677,21.279532705831677,20.9397206672591,21.132587432861328,1115900,0.0,0.0,0.0
2024-10-09,20.811143069136218,20.96727263371437,20.700934995155027,20.948904037475586,872400,0.0,0.0,0.0
2024-10-10,21.06829969230787,21.380558844155637,21.040746795947467,21.36219024658203,961200,0.0,0.0,0.0
2024-10-11,21.334638425017207,21.45403256353459,21.31626982651823,21.38055992126465,726700,0.0,0.0,0.0
2024-10-14,21.06830107864069,21.19687776666475,21.004012734628663,21.0499324798584,842500,0.0,0.0,0.0
2024-10-15,20.599910413439275,20.673383050042247,20.489700582671905,20.645830154418945,1113700,0.0,0.0,0.0
2024-10-16,20.59072494506836,20.65501327947779,20.47133257426881,20.59072494506836,683800,0.0,0.0,0.0
2024-10-17,20.498884377045975,20.61827850341797,20.434596040565268,20.61827850341797,620600,0.0,0.0,0.0
2024-10-18,20.544807187684967,20.563174033768835,20.388677609753735,20.50806999206543,538400,0.0,0.0,0.0
2024-10-21,20.645831727283355,20.7193043694837,20.508070742123447,20.572359085083008,640000,0.0,0.0,0.0
2024-10-22,20.74685570991388,20.985642217072805,20.74685570991388,20.930538177490234,897300,0.0,0.0,0.0
2024-10-23,20.83869677054733,20.90298510814711,20.737671239047202,20.81114387512207,692400,0.0,0.0,0.0
2024-10-24,20.930538420944423,20.96727386385148,20.65501471637513,20.801959991455078,912500,0.0,0.0,0.0
2024-10-25,20.866247106126817,20.96727263371437,20.838695963494395,20.948904037475586,739800,0.0,0.0,0.0
2024-10-28,20.361124700348416,20.4345973398158,20.30602065867936,20.3886775970459,1002200,0.0,0.0,0.0
2024-10-29,20.351940155029297,20.41622849481912,20.232547774237613,20.351940155029297,569300,0.0,0.0,0.0
2024-10-30,20.434596451702642,20.609094619750977,20.407043556202645,20.609094619750977,807900,0.0,0.0,0.0
2024-10-31,20.599909515305207,20.774407676526515,20.508068285624216,20.746854782104492,1172500,0.0,0.0,0.0
2024-11-01,20.82032830556164,20.857063747969004,20.526437759399414,20.526437759399414,672100,0.0,0.0,0.0
2024-11-04,20.792776030598592,20.884617266947085,20.756040587094727,20.87543296813965,616600,0.0,0.0,0.0
2024-11-05,20.994826855474734,21.059115194649365,20.893801321499822,21.004011154174805,509300,0.0,0.0,0.0
2024-11-06,20.535621836342465,20.88461641821282,20.50806894103988,20.7744083404541,818600,0.0,0.0,0.0
2024-11-07,20.829513806215797,21.031563130431618,20.756041165434958,20.98564338684082,1471800,0.0,0.0,0.0
2024-11-08,20.7835922129103,20.811145109970433,20.599911487687173,20.664199829101562,453300,0.0,0.0,0.0
2024-11-11,20.407043115032476,20.407043115032476,20.26928214396233,20.33357048034668,1303700,0.0,0.0,0.0
2024-11-12,20.40704460056543,20.42541319850547,20.214179577372754,20.223363876342773,612000,0.0,0.0,0.0
2024-11-13,20.14989048469776,20.2600985647753,20.002945210110468,20.159074783325195,652100,0.0,0.0,0.0
2024-11-14,20.315203269777392,20.315203269777392,20.10396791609809,20.140705108642578,625800,0.0,0.0,0.0
2024-11-15,20.186625754283554,20.278466988044087,20.021311883859756,20.03968048095703,458000,0.0,0.0,0.0
2024-11-18,20.22336226086208,20.53562139399525,20.22336226086208,20.498884201049805,651400,0.0,0.0,0.0
2024-11-19,20.553988995492876,20.60909478693991,20.44378091605049,20.563173294067383,794800,0.0,0.0,0.0
2024-11-20,20.62746204875373,20.655014945033436,20.508069668326755,20.55398941040039,521500,0.0,0.0,0.0
2024-11-21,20.728488416779697,20.728488416779697,20.572358835035892,20.700937271118164,619800,0.0,0.0,0.0
2024-11-22,20.581542154177498,20.7835914702206,20.5631735567938,20.719303131103516,534800,0.0,0.0,0.0
2024-11-25,20.55398981342187,20.62746245321586,20.379493388739842,20.425413131713867,609800,0.0,0.0,0.0
2024-11-26,20.535622967267805,20.65501535003582,20.31520504788584,20.425413131713867,1010500,0.0,0.0,0.0
2024-11-27,20.351940063622287,20.462149896856907,20.24173198211354,20.315204620361328,560700,0.0,0.0,0.0
2024-11-29,20.407043115032476,20.462148904841165,20.306019337168124,20.33357048034668,419000,0.0,0.0,0.0
2024-12-02,20.269283372322597,20.28765197003867,20.14070669176189,20.186626434326172,563000,0.0,0.0,0.0
2024-12-03,20.361125205012026,20.47133504280767,20.296836862850377,20.416229248046875,482300,0.0,0.0,0.0
2024-12-04,20.45296409504242,20.462148393114184,20.241730494569104,20.306018829345703,875600,0.0,0.0,0.0
2024-12-05,20.306020074249204,20.361124114332306,20.22336313826162,20.278467178344727,407000,0.0,0.0,0.0
2024-12-06,20.149890236852,20.195809977698516,20.076417600462076,20.122337341308594,437900,0.0,0.0,0.0
2024-12-09,20.351940063622287,20.4529655981102,20.315204620361328,20.315204620361328,698400,0.0,0.0,0.0
2024-12-10,20.324386844293453,20.44378097437682,20.324386844293453,20.36112403869629,864200,0.0,0.0,0.0
2024-12-11,20.498884377045975,20.655013944953033,20.489700078730763,20.61827850341797,539800,0.0,0.0,0.0
2024-12-12,20.480517755210283,20.57235899549225,20.379493967453485,20.53562355041504,360700,0.0,0.0,0.0
2024-12-13,20.526437759399414,20.590726097406673,20.498884863799518,20.526437759399414,1165700,0.0,0.0,0.0
2024-12-16,20.50807048758892,20.517254786715718,20.416229248046875,20.416229248046875,832900,0.0,0.0,0.0
2024-12-17,20.25091428244025,20.29683577561438,20.140706202274043,20.278467178344727,386300,0.0,0.0,0.0
2024-12-18,20.296836766688028,20.37949370671166,20.08560314295027,20.094785690307617,1348900,0.0,0.0,0.0
2024-12-19,20.22336412574768,20.250915271271598,20.076418843866982,20.094785690307617,2166500,0.0,0.0,0.0
2024-12-20,20.0856028952443,20.269283619466957,20.03049710142418,20.223363876342773,1507300,0.0,0.0,0.0
2024-12-23,20.190470755439566,20.238842010498047,20.10340102013822,20.238842010498047,1414200,1.116,0.0,0.0
2024-12-24,20.33558545312984,20.412980564896714,20.31623621387687,20.354934692382812,549500,0.0,0.0,0.0
2024-12-26,20.364606934462063,20.412980031330093,20.28721182471819,20.296886444091797,1139700,0.0,0.0,0.0
2024-12-27,20.44200223351633,20.47102609190593,20.354934348837496,20.393630981445312,1418400,0.0,0.0,0.0
2024-12-30,20.65484109781938,20.722561591854827,20.548422124195067,20.57744598388672,938700,0.0,0.0,0.0
2024-12-31,20.577445559970286,20.693537305855138,20.577445559970286,20.683862686157227,778400,0.0,0.0,0.0
2025-01-02,20.84832735466469,21.003117578035436,20.84832735466469,20.887025833129883,1027300,0.0,0.0,0.0
2025-01-03,20.84832771675598,20.84832771675598,20.76125798394209,20.780607223510742,760000,0.0,0.0,0.0
2025-01-06,20.916049771206303,21.01279227724571,20.79028156096304,20.819305419921875,678700,0.0,0.0,0.0
2025-01-07,20.925722731769362,20.993445069942435,20.906375337536378,20.91604995727539,787100,0.0,0.0,0.0
2025-01-08,20.954746874578735,20.97409611431862,20.799956647149784,20.877351760864258,425600,0.0,0.0,0.0
2025-01-10,21.525536760271926,21.573908014893604,21.26432755672666,21.438467025756836,1089400,0.0,0.0,0.0
2025-01-13,21.525535506081468,21.651301867917077,21.496511647852493,21.5932559967041,1281800,0.0,0.0,0.0
2025-01-14,21.50618681244422,21.583581924438477,21.486837573134398,21.583581924438477,476300,0.0,0.0,0.0
2025-01-15,21.699676530592406,21.951211117656765,21.690001910484728,21.931861877441406,936700,0.0,0.0,0.0
2025-01-16,21.82544272006064,21.854466580142397,21.66097787008754,21.83511734008789,743300,0.0,0.0,0.0
2025-01-17,21.69000154824891,21.83511715695038,21.64163029376345,21.738372802734375,699600,0.0,0.0,0.0
2025-01-21,21.564235604750536,21.660978115629515,21.525537124202852,21.631956100463867,661300,0.0,0.0,0.0
2025-01-22,21.612606048583984,21.67065192198063,21.573907569489524,21.612606048583984,686100,0.0,0.0,0.0
2025-01-23,21.612606678309284,21.728698428485135,21.486838462832832,21.53521156311035,920300,0.0,0.0,0.0
2025-01-24,21.58358226936901,21.612606128797577,21.44814128252581,21.544885635375977,532200,0.0,0.0,0.0
2025-01-27,21.37074595919339,21.390095198622205,21.080514748741283,21.21595573425293,957900,0.0,0.0,0.0
2025-01-28,21.24497856097226,21.26432780114137,21.13856143053238,21.235305786132812,414700,0.0,0.0,0.0
2025-01-29,21.215956200877237,21.351397189367773,21.206281580950044,21.274002075195312,1188300,0.0,0.0,0.0
2025-01-30,21.28367560029703,21.409441962390993,21.264326361437966,21.293350219726562,862300,0.0,0.0,0.0
2025-01-31,21.20628077077255,21.29335050154574,21.099861800884206,21.25465202331543,1622200,0.0,0.0,0.0
2025-02-03,21.351396481875646,21.46749007191004,21.274001370267722,21.419116973876953,1027100,0.0,0.0,0.0
2025-02-04,21.138560908550286,21.554560335688148,21.119211668858977,21.47716522216797,1188200,0.0,0.0,0.0
2025-02-05,21.312700473977017,21.399770207746055,21.264327374524736,21.34172248840332,629800,0.0,0.0,0.0
2025-02-06,21.361071180311264,21.390095039238222,21.23530481545115,21.351396560668945,1111400,0.0,0.0,0.0
2025-02-07,21.457814981633675,21.47716422042249,21.341721394145754,21.36107063293457,562700,0.0,0.0,0.0
2025-02-10,21.535211400263698,21.680327009508712,21.535211400263698,21.670652389526367,1099800,0.0,0.0,0.0
2025-02-11,21.806095325251228,21.883490440224154,21.786746085196725,21.83511734008789,693700,0.0,0.0,0.0
2025-02-12,21.719024203784688,21.767395455588,21.5932559967041,21.5932559967041,801600,0.0,0.0,0.0
2025-02-13,21.544886282559908,21.70935113377201,21.544886282559908,21.699676513671875,717100,0.0,0.0,0.0
2025-02-14,21.82544233371935,21.87381543299934,21.699675966081504,21.7093505859375,1174400,0.0,0.0,0.0
2025-02-18,21.84479043029146,22.047953746145737,21.825441191592013,22.02860450744629,877300,0.0,0.0,0.0
2025-02-19,22.212418212368277,22.26079131232475,22.086651842971623,22.20274543762207,787400,0.0,0.0,0.0
2025-02-20,22.222093034339714,22.289815374894317,22.193071019347133,22.231767654418945,666700,0.0,0.0,0.0
2025-02-21,22.15437123027715,22.15437123027715,21.92218589782715,21.92218589782715,809600,0.0,0.0,0.0
2025-02-24,21.844791412353516,21.873815271707493,21.777070919105945,21.844791412353516,1058100,0.0,0.0,0.0
2025-02-25,21.815768080996907,21.815768080996907,21.49651300135654,21.60293197631836,1015600,0.0,0.0,0.0
2025-02-26,21.477164691516656,21.506186705091494,21.361071101482263,21.419116973876953,1308500,0.0,0.0,0.0
2025-02-27,21.496512351408914,21.5448854500404,21.41911723884357,21.44814109802246,1174400,0.0,0.0,0.0
2025-02-28,21.322374626173932,21.322374626173932,21.20628103527997,21.283676147460938,1814800,0.0,0.0,0.0
2025-03-03,21.370746039578165,21.380420659328966,21.080514828034374,21.148235321044922,3041000,0.0,0.0,0.0
2025-03-04,21.157909861211515,21.25465236786553,21.022467030454834,21.21595573425293,3014800,0.0,0.0,0.0
2025-03-05,20.993444552292768,21.157909393310547,20.90637482203365,21.157909393310547,2521500,0.0,0.0,0.0
2025-03-06,21.080514642688616,21.148235135103747,21.003117685362724,21.051490783691406,1985800,0.0,0.0,0.0
2025-03-07,21.186932685710044,21.33204829648814,21.099862950194165,21.235305786132812,1133900,0.0,0.0,0.0
2025-03-10,21.30302638463738,21.341723019917875,21.080515657350475,21.099863052368164,1741300,0.0,0.0,0.0
2025-03-11,21.28367622700875,21.332047480335756,21.186931875109703,21.21595573425293,2474400,0.0,0.0,0.0
2025-03-12,21.235304973681746,21.28367622700875,21.167582635680887,21.21595573425293,1231800,0.0,0.0,0.0
2025-03-13,21.157910488782036,21.332048113071423,21.138561248779297,21.138561248779297,1719400,0.0,0.0,0.0
2025-03-14,21.167582292542242,21.274001262430584,21.11921103999936,21.25465202331543,1467800,0.0,0.0,0.0
2025-03-17,21.361072256175984,21.448141992097163,21.341723015916806,21.399770736694336,1707800,0.0,0.0,0.0
2025-03-18,21.535210643382975,21.544885263025296,21.351396560668945,21.351396560668945,1660100,0.0,0.0,0.0
2025-03-19,21.399769501434715,21.52553586536952,21.380420262292436,21.48683738708496,1297400,0.0,0.0,0.0
2025-03-20,21.409441995407647,21.535210202940547,21.361070743430368,21.525535583496094,1301700,0.0,0.0,0.0
2025-03-21,21.438467371967576,21.448141992097163,21.380421496435158,21.399770736694336,1352900,0.0,0.0,0.0
2025-03-24,21.448141362631002,21.515861856305527,21.39977010864779,21.47716522216797,1766200,0.0,0.0,0.0
2025-03-25,21.535211298775103,21.573907933277034,21.39977031015072,21.506187438964844,1124200,0.0,0.0,0.0
2025-03-26,21.554560335688148,21.593256969825706,21.467490602322314,21.47716522216797,1089100,0.0,0.0,0.0
2025-03-27,21.42879258774491,21.564235423276866,21.380421332712487,21.53521156311035,875200,0.0,0.0,0.0
2025-03-28,21.515862405119385,21.515862405119385,21.36107217413073,21.467491149902344,2163300,0.0,0.0,0.0
2025-03-31,21.63195593647995,21.815768181952688,21.544886201152824,21.767396926879883,3256000,0.0,0.0,0.0
2025-04-01,21.815767633181324,21.844791492641978,21.72869790004442,21.777070999145508,3490500,0.0,0.0,0.0
2025-04-02,21.728697740814503,21.922186445310846,21.728697740814503,21.912511825561523,1848300,0.0,0.0,0.0
2025-04-03,20.993446003727932,21.119212375439062,20.983771383558597,21.032142639160156,3423800,0.0,0.0,0.0
2025-04-04,20.190471018394952,20.383957886393897,19.938936429275714,20.267866134643555,5190200,0.0,0.0,0.0
2025-04-07,20.026005419149477,20.567771212692882,19.900237206655884,19.948610305786133,5327500,0.0,0.0,0.0
2025-04-08,20.132423272169707,20.180796373042963,19.43586722680088,19.50358772277832,3650800,0.0,0.0,0.0
2025-04-09,19.358471629825175,20.267865605958665,19.194006781431302,20.20981788635254,3430100,0.0,0.0,0.0
2025-04-10,19.909911218295523,20.006655568355725,19.76479561582772,19.958282470703125,2439800,0.0,0.0,0.0
2025-04-11,19.958283024529333,20.287212716714553,19.958283024529333,20.248516082763672,1307900,0.0,0.0,0.0
2025-04-14,20.335585266084294,20.345259885621793,20.1324219462868,20.258190155029297,1178200,0.0,0.0,0.0
2025-04-15,20.20981788635254,20.277538380647943,20.122748152188425,20.20981788635254,816600,0.0,0.0,0.0
2025-04-16,20.31623579374698,20.500049872359,20.31623579374698,20.46135139465332,888200,0.0,0.0,0.0
2025-04-17,20.558096926687572,20.77093303058152,20.538747686721283,20.674190521240234,1411100,0.0,0.0,0.0
2025-04-21,20.567770080875174,20.59679393875618,20.412979862666393,20.500049591064453,1429400,0.0,0.0,0.0
2025-04-22,20.59679412841797,20.741909728669356,20.558095650886948,20.59679412841797,793700,0.0,0.0,0.0
2025-04-23,20.538747604320307,20.63549195851854,20.30656226139159,20.44200325012207,1443100,0.0,0.0,0.0
2025-04-24,20.558095854111087,20.635490964693236,20.432329491381967,20.625816345214844,1256400,0.0,0.0,0.0
2025-04-25,20.519397640165472,20.664515088963203,20.509724865807637,20.65484046936035,903200,0.0,0.0,0.0
2025-04-28,20.596795507659216,20.606468282444727,20.451678052445235,20.538747787475586,1274000,0.0,0.0,0.0
2025-04-29,20.393631893063482,20.451677767192415,20.277538299560547,20.277538299560547,1139000,0.0,0.0,0.0
2025-04-30,20.142096076588647,20.200141947158755,19.880886891155722,19.900236129760742,2553900,0.0,0.0,0.0
2025-05-01,19.900236318416958,20.08405039641733,19.822841208508112,19.996980667114258,3638200,0.0,0.0,0.0
2025-05-02,20.142097005449067,20.161446244946383,19.967957540463274,20.08405113220215,1948100,0.0,0.0,0.0
2025-05-05,20.055028186777673,20.093726667535634,19.909912574425565,19.967958450317383,1284200,0.0,0.0,0.0
2025-05-06,20.29688814995858,20.383957886393897,20.238842274083407,20.267866134643555,1388200,0.0,0.0,0.0
2025-05-07,20.219492198790697,20.219492198790697,19.98730685963247,20.01633071899414,1300700,0.0,0.0,0.0
2025-05-08,20.13242269161568,20.277538299560547,20.13242269161568,20.277538299560547,520000,0.0,0.0,0.0
2025-05-09,20.36460684254687,20.461351190601302,20.35493406846189,20.432329177856445,656600,0.0,0.0,0.0
2025-05-12,20.74191138391744,20.76125877898194,20.548422671311474,20.567771911621094,1209900,0.0,0.0,0.0
2025-05-13,20.69353713129394,20.91604969197878,20.65484049807376,20.887025833129883,445300,0.0,0.0,0.0
2025-05-14,20.80963108286372,20.867676956324633,20.76125798394209,20.780607223510742,449600,0.0,0.0,0.0
2025-05-15,20.5677713639895,20.616142618230516,20.442003150570756,20.57744598388672,490900,0.0,0.0,0.0
2025-05-16,20.509724210358122,20.55809546158151,20.46135111388978,20.500049591064453,626800,0.0,0.0,0.0
2025-05-19,20.49037661440607,20.587120969853423,20.42265611916645,20.471027374267578,683700,0.0,0.0,0.0
2025-05-20,20.558095497731653,20.732234954833984,20.52907163979961,20.732234954833984,680000,0.0,0.0,0.0
2025-05-21,20.838655573878174,20.848328348710655,20.693538117959527,20.70321273803711,921900,0.0,0.0,0.0
2025-05-22,20.558095650886948,20.645165380086773,20.51939717335593,20.59679412841797,634000,0.0,0.0,0.0
2025-05-23,20.59679506293232,20.732236049946156,20.55809658364548,20.712886810302734,444100,0.0,0.0,0.0
2025-05-27,20.58711952420062,20.58711952420062,20.451676697987246,20.529071807861328,624700,0.0,0.0,0.0
2025-05-28,20.61614161498608,20.64516547326534,20.46135139465332,20.46135139465332,590600,0.0,0.0,0.0
2025-05-29,20.412980564896714,20.4226551845232,20.31623621387687,20.354934692382812,358800,0.0,0.0,0.0
2025-05-30,20.287211635041697,20.287211635041697,20.103399404396665,20.20014190673828,419100,0.0,0.0,0.0
2025-06-02,20.674189442606806,20.6935368363186,20.51939737619752,20.625816345214844,1477700,0.0,0.0,0.0
2025-06-03,20.62581619043969,20.79028102984824,20.587119558061488,20.76125717163086,566700,0.0,0.0,0.0
2025-06-04,20.79995627728711,20.819305516682928,20.577445559970286,20.683862686157227,871500,0.0,0.0,0.0
2025-06-05,20.8386549422167,20.90637543546194,20.77093260372642,20.780607223510742,460200,0.0,0.0,0.0
2025-06-06,20.790281947239244,20.964421413737657,20.790281947239244,20.945072174072266,1122800,0.0,0.0,0.0
2025-06-09,20.93539646062157,21.003116950667817,20.848326731920686,20.964420318603516,737900,0.0,0.0,0.0
2025-06-10,20.983770450203423,21.05149094313146,20.877351478319348,20.91604995727539,463600,0.0,0.0,0.0
2025-06-11,21.041815928783752,21.312699740660893,21.041815928783752,21.25465202331543,829400,0.0,0.0,0.0
2025-06-12,21.225630009887702,21.303025121103314,21.167582292542242,21.25465202331543,796900,0.0,0.0,0.0
2025-06-13,21.738372360563822,22.028605417308338,21.719024966310222,21.912511825561523,1622600,0.0,0.0,0.0
2025-06-16,21.8641414642334,21.931861959996965,21.51586252002636,21.8641414642334,2231300,0.0,0.0,0.0
2025-06-17,22.12534881419561,22.367208761750135,22.01892984679323,22.328510284423828,1641600,0.0,0.0,0.0
2025-06-18,22.4349297230401,22.512324834073326,22.173720531336095,22.38655662536621,1790200,0.0,0.0,0.0
2025-06-20,22.44460534005627,22.56069708914295,22.41558148016206,22.50265121459961,989900,0.0,0.0,0.0
2025-06-23,22.492976635574895,22.522000495521933,21.670652389526367,21.670652389526367,3334200,0.0,0.0,0.0
2025-06-24,21.186931954803075,21.264327067564423,21.061165588532777,21.148235321044922,1732000,0.0,0.0,0.0
2025-06-25,21.080514563626622,21.235304787207824,21.051490704738267,21.119211196899414,1541900,0.0,0.0,0.0
2025-06-26,21.148234430900075,21.303024649907535,21.128885192212902,21.196605682373047,1288300,0.0,0.0,0.0
2025-06-27,21.157909409308306,21.196606042094402,21.022466581444498,21.090187072753906,873200,0.0,0.0,0.0
2025-06-30,21.099863052368164,21.157910773156576,21.051491796956267,21.099863052368164,1184000,0.0,0.0,0.0
2025-07-01,21.128886002068292,21.225630353967336,21.070840129026877,21.21595573425293,585700,0.0,0.0,0.0
2025-07-02,21.312699213368397,21.602930411935144,21.25465149745908,21.564233779907227,325600,0.0,0.0,0.0
2025-07-03,21.602930960215396,21.64162943847044,21.506186609822798,21.5545597076416,202000,0.0,0.0,0.0
2025-07-07,21.419117967689402,21.583582818142773,21.39009595276799,21.53521156311035,413100,0.0,0.0,0.0
2025-07-08,21.53521148143178,21.69967633126137,21.50618762137535,21.60293197631836,557200,0.0,0.0,0.0
2025-07-09,21.51586068331613,21.622279650571585,21.47716405128821,21.564233779907227,577300,0.0,0.0,0.0
2025-07-10,21.448140207971434,21.51586069800023,21.41911634999697,21.496511459350586,347400,0.0,0.0,0.0
2025-07-11,21.593256913051476,21.777070999145508,21.593256913051476,21.777070999145508,329700,0.0,0.0,0.0
2025-07-14,21.786744694407318,21.786744694407318,21.583581377294443,21.5932559967041,562500,0.0,0.0,0.0
2025-07-15,21.573907101524117,21.680326071480476,21.53521046851408,21.5545597076416,494700,0.0,0.0,0.0
2025-07-16,21.4674901790696,21.612605783403207,21.399769686730252,21.583581924438477,313600,0.0,0.0,0.0
2025-07-17,21.554559474360456,21.757720947265625,21.554559474360456,21.757720947265625,203300,0.0,0.0,0.0
2025-07-18,21.980231375290526,22.06730110405282,21.78674452434262,21.796419143676758,762500,0.0,0.0,0.0
2025-07-21,21.738372255297527,21.815767367672276,21.680326382327724,21.748046875,500600,0.0,0.0,0.0
2025-07-22,21.651302866801515,21.738372600260433,21.622280852478582,21.7093505859375,334000,0.0,0.0,0.0
2025-07-23,21.641629563271948,21.68032619650514,21.58358184555464,21.651302337646484,438200,0.0,0.0,0.0
2025-07-24,21.651303149561677,21.699676249473406,21.535211400263698,21.670652389526367,347300,0.0,0.0,0.0
2025-07-25,21.61260594287945,21.631955182332046,21.44814109802246,21.44814109802246,381900,0.0,0.0,0.0
2025-07-28,21.63195575484207,21.670652389526367,21.544886020246043,21.670652389526367,373300,0.0,0.0,0.0
2025-07-29,21.66097696896442,21.989906655226743,21.651302349339645,21.951210021972656,480300,0.0,0.0,0.0
2025-07-30,21.854466498585246,22.009256727953442,21.709350889208196,21.9028377532959,1038500,0.0,0.0,0.0
2025-07-31,21.719024658203125,21.78674515024265,21.63195492693945,21.719024658203125,656700,0.0,0.0,0.0
2025-08-01,21.71902555193511,21.71902555193511,21.341722752518272,21.370746612548828,505900,0.0,0.0,0.0
2025-08-04,21.225629728964815,21.39976918820644,21.196605870676215,21.293350219726562,558300,0.0,0.0,0.0
2025-08-05,21.225630717952466,21.244978112468026,21.10953712463379,21.10953712463379,225300,0.0,0.0,0.0
2025-08-06,21.322374044407766,21.39976915447706,21.012791758885612,21.06116485595703,530000,0.0,0.0,0.0
2025-08-07,21.17725652081418,21.24497701122096,21.11921064978622,21.12888526916504,332800,0.0,0.0,0.0
2025-08-08,21.196605759571824,21.28367548873625,21.051490159379433,21.12888526916504,536700,0.0,0.0,0.0
2025-08-11,21.128885534809175,21.19660602606738,21.080514282551885,21.157909393310547,220800,0.0,0.0,0.0
2025-08-12,21.109537470481456,21.11921209052027,21.051491595493655,21.07084083557129,201100,0.0,0.0,0.0
2025-08-13,21.099862585685234,21.109537205602653,20.91605034298946,21.04181671142578,527100,0.0,0.0,0.0
2025-08-14,21.0805140175159,21.13855988854386,21.022466301242968,21.12888526916504,394300,0.0,0.0,0.0
2025-08-15,21.00311713947133,21.119210727197757,21.00311713947133,21.06116485595703,192700,0.0,0.0,0.0
2025-08-18,20.94507207605804,21.148235401103825,20.906375442153397,21.080514907836914,658700,0.0,0.0,0.0
2025-08-19,20.993445069942435,21.003117844436407,20.88702609805836,20.91604995727539,379700,0.0,0.0,0.0
2025-08-20,21.061165588532777,21.157909940795722,21.04181634903118,21.148235321044922,443800,0.0,0.0,0.0
2025-08-21,21.14823570663197,21.303025934976887,21.11921184685039,21.274002075195312,546000,0.0,0.0,0.0
2025-08-22,21.254651664841056,21.399769110512203,21.254651664841056,21.36107063293457,252200,0.0,0.0,0.0
2025-08-25,21.409443429347768,21.535211645304244,21.390096034408018,21.467491149902344,162400,0.0,0.0,0.0
2025-08-26,21.332048214237478,21.39977055456823,21.27400233919907,21.30302619934082,236300,0.0,0.0,0.0
2025-08-27,21.28367586567143,21.380420215928027,21.26432662657111,21.32237434387207,565600,0.0,0.0,0.0
2025-08-28,21.341721581779485,21.525535661399356,21.274001090668214,21.457815170288086,147000,0.0,0.0,0.0
2025-08-29,21.50618662622724,21.50618662622724,21.42879151490313,21.48683738708496,447500,0.0,0.0,0.0
2025-09-02,21.68032711014204,21.854466580142397,21.61260661519637,21.83511734008789,630100,0.0,0.0,0.0
2025-09-03,21.767396540835378,21.78674578061938,21.612606313053487,21.641630172729492,820100,0.0,0.0,0.0
2025-09-04,21.477164612758827,21.52553586536952,21.41911689533199,21.48683738708496,414400,0.0,0.0,0.0
2025-09-05,21.419117398900863,21.419117398900863,21.25465255281489,21.312700271606445,419100,0.0,0.0,0.0
2025-09-08,21.477164409247017,21.486837183481494,21.361070820738416,21.457815170288086,316400,0.0,0.0,0.0
2025-09-09,21.593256623509372,21.651302496407293,21.506186891539976,21.51586151123047,252700,0.0,0.0,0.0
2025-09-10,21.554559287276145,21.690000268037355,21.544884667901062,21.66097640991211,282100,0.0,0.0,0.0
2025-09-11,21.457814827296257,21.554559175299516,21.42879096932179,21.496511459350586,251100,0.0,0.0,0.0
2025-09-12,21.66097675371917,21.728697245174647,21.60293088179233,21.62228012084961,300700,0.0,0.0,0.0
2025-09-15,21.76739603511687,21.835116527542475,21.748046795782404,21.815767288208008,267000,0.0,0.0,0.0
2025-09-16,21.95121075278381,22.047955107007418,21.93186151289007,22.038280487060547,195800,0.0,0.0,0.0
2025-09-17,21.970558126495828,21.999581986308772,21.76739664354042,21.806095123291016,448000,0.0,0.0,0.0
2025-09-18,21.81576771386335,21.844791573431348,21.66097748665751,21.7093505859375,190700,0.0,0.0,0.0
2025-09-19,21.62228129836479,21.680327173452714,21.52553694305485,21.53521156311035,205000,0.0,0.0,0.0
2025-09-22,21.448141827855917,21.544886183165858,21.43846720780041,21.53521156311035,325700,0.0,0.0,0.0
2025-09-23,21.61260534586979,21.76739556672468,21.61260534586979,21.757720947265625,318500,0.0,0.0,0.0
2025-09-24,21.8254426386118,21.922186993278196,21.786746003892294,21.9028377532959,309300,0.0,0.0,0.0
2025-09-25,21.91251112314518,22.057626724243164,21.844790632315785,22.057626724243164,1415100,0.0,0.0,0.0
2025-09-26,22.038280688995965,22.222092933935496,22.01893144892493,22.067302703857422,407600,0.0,0.0,0.0
2025-09-29,21.93186086181796,21.960884720796958,21.85446574978565,21.88348960876465,192200,0.0,0.0,0.0
2025-09-30,21.76739528567434,21.844790395102493,21.73837142767192,21.796419143676758,377300,0.0,0.0,0.0
2025-10-01,21.61260534586979,21.786744805642787,21.57390686803358,21.757720947265625,565700,0.0,0.0,0.0
2025-10-02,21.719025020848704,21.786745514018968,21.55456017518734,21.612606048583984,303300,0.0,0.0,0.0
2025-10-03,21.680326461791992,21.757721574450414,21.660977222316127,21.680326461791992,356900,0.0,0.0,0.0
2025-10-06,21.815768018620652,21.922186993278196,21.815768018620652,21.9028377532959,179600,0.0,0.0,0.0
2025-10-07,21.883489187318318,21.989906311035156,21.835116089951587,21.989906311035156,241800,0.0,0.0,0.0
2025-10-08,22.018930435180664,22.09632554665646,21.989906576410363,22.018930435180664,292500,0.0,0.0,0.0
2025-10-09,22.106000342489914,22.106000342489914,21.786745274451334,21.815767288208008,168400,0.0,0.0,0.0
2025-10-10,21.631954994561152,21.68032624752773,21.322374546987007,21.351396560668945,464200,0.0,0.0,0.0
2025-10-13,21.573907023206413,21.65130213419053,21.506186531750934,21.62228012084961,282700,0.0,0.0,0.0
2025-10-14,21.34172220576513,21.477165037192716,21.30302557196085,21.380420684814453,205300,0.0,0.0,0.0
2025-10-15,21.486837183481494,21.506186422440425,21.380420059697347,21.457815170288086,164500,0.0,0.0,0.0
2025-10-16,21.496512085484877,21.593256436306035,21.37074572108888,21.419116973876953,279200,0.0,0.0,0.0
2025-10-17,21.40944351157881,21.438467371967576,21.322375620902744,21.399770736694336,1650600,0.0,0.0,0.0
2025-10-20,21.438466583149005,21.612606048583984,21.438466583149005,21.612606048583984,185200,0.0,0.0,0.0
2025-10-21,21.44814062892329,21.486837261737097,21.26432654863396,21.390094757080078,534200,0.0,0.0,0.0
2025-10-22,21.5448845913813,21.786744539164445,21.515860733359137,21.728696823120117,397200,0.0,0.0,0.0
2025-10-23,22.04795366931919,22.21241666195653,22.04795366931919,22.096324920654297,472300,0.0,0.0,0.0
2025-10-24,22.1156755201799,22.21241802880318,22.09632628035721,22.106000900268555,268900,0.0,0.0,0.0
2025-10-27,22.105999821439145,22.14469645395095,22.03827933060975,22.057626724243164,294900,0.0,0.0,0.0
2025-10-28,21.893162117543266,21.96088445433924,21.84479086507686,21.85446548461914,181200,0.0,0.0,0.0
2025-10-29,21.980232786459172,22.10600100063256,21.95121077183845,21.970558166503906,191000,0.0,0.0,0.0
2025-10-30,21.89316250658676,22.047954576768934,21.815767394118186,21.98023223876953,183000,0.0,0.0,0.0
2025-10-31,22.086651862311687,22.15437235706496,22.018931367558412,22.13502311706543,611000,0.0,0.0,0.0
2025-11-03,22.21241833247957,22.318837307714173,22.096326582446455,22.299488067626953,786100,0.0,0.0,0.0
2025-11-04,22.086651316013274,22.22209230216978,22.02860544269549,22.144697189331055,480200,0.0,0.0,0.0
2025-11-05,22.13502264965083,22.241441622155968,22.057627536532106,22.076976776123047,375600,0.0,0.0,0.0
2025-11-06,22.09632628035721,22.13502291475751,21.989907306577514,22.106000900268555,556000,0.0,0.0,0.0
2025-11-07,22.183395120160835,22.19306973968222,22.067301531149216,22.15437126159668,305600,0.0,0.0,0.0
2025-11-10,22.280140854003108,22.40590722510277,22.20274573826983,22.39623260498047,254400,0.0,0.0,0.0
2025-11-11,22.444604995987937,22.560696743294965,22.444604995987937,22.54134750366211,268300,0.0,0.0,0.0
2025-11-12,22.357534486479555,22.376881880195484,22.25111551743949,22.289813995361328,808900,0.0,0.0,0.0
2025-11-13,22.338186160879005,22.38655741501411,22.173721313476562,22.173721313476562,291100,0.0,0.0,0.0
2025-11-14,22.202744281074995,22.34785988289513,22.13502194466361,22.222091674804688,787700,0.0,0.0,0.0
2025-11-17,22.202744077406408,22.299486580902403,22.173720219210626,22.193069458007812,353400,0.0,0.0,0.0
2025-11-18,22.22209232724845,22.396231792643363,22.14469721432238,22.376882553100586,352200,0.0,0.0,0.0
2025-11-19,22.19306973968222,22.222091753001376,22.05762691162783,22.15437126159668,965000,0.0,0.0,0.0
2025-11-20,22.241441784576555,22.241441784576555,21.93186132984091,21.94153594970703,287000,0.0,0.0,0.0
2025-11-21,21.777069905008478,21.864139633770773,21.680325556912045,21.796419143676758,528600,0.0,0.0,0.0
2025-11-24,21.719025509199344,21.922186993278196,21.670652409243605,21.9028377532959,516300,0.0,0.0,0.0
2025-11-25,21.73837197352578,21.825441704474407,21.64162946824509,21.786745071411133,224600,0.0,0.0,0.0
2025-11-26,21.835116353458776,22.047954293950966,21.835116353458776,22.018930435180664,983400,0.0,0.0,0.0
2025-11-28,22.193070392709974,22.338185999310756,22.173721153097855,22.309162139892578,236100,0.0,0.0,0.0
2025-12-01,22.357535768148527,22.40590702307877,22.318837288008258,22.367210388183594,679600,0.0,0.0,0.0
2025-12-02,22.318837105364477,22.36721020514396,22.231767371006494,22.270465850830078,525000,0.0,0.0,0.0
2025-12-03,22.396231792643363,22.44460489150031,22.318836679717297,22.376882553100586,140800,0.0,0.0,0.0
2025-12-04,22.36721030663812,22.463952816145902,22.29948796663955,22.4349308013916,195700,0.0,0.0,0.0
2025-12-05,22.541347768017953,22.676790601791307,22.541347768017953,22.570371627807617,502700,0.0,0.0,0.0
2025-12-08,22.41558035811732,22.434929597078238,22.289813995361328,22.289813995361328,784600,0.0,0.0,0.0
2025-12-09,22.28014020604833,22.28981482588927,22.20274509256587,22.24144172668457,294700,0.0,0.0,0.0
2025-12-10,22.23176694701984,22.405906412414755,22.183395693407938,22.376882553100586,387200,0.0,0.0,0.0
2025-12-11,22.202744187911367,22.36720902801608,22.202744187911367,22.357534408569336,534800,0.0,0.0,0.0
2025-12-12,22.36721002050711,22.36721002050711,22.115675439465424,22.173721313476562,425800,0.0,0.0,0.0
2025-12-15,22.135023198860942,22.154372438931976,21.989907588818383,22.067302703857422,252700,0.0,0.0,0.0
2025-12-16,21.912511905601086,21.941535764955063,21.825442172784197,21.844791412353516,392500,0.0,0.0,0.0
2025-12-17,21.999581926488855,22.1156755201799,21.970558066754826,22.106000900268555,504000,0.0,0.0,0.0
2025-12-18,22.0479543729754,22.096325625854266,21.931860782723103,21.951210021972656,211500,0.0,0.0,0.0
2025-12-19,22.028605786222883,22.13502291475751,21.98023268666617,22.106000900268555,282700,0.0,0.0,0.0
2025-12-22,22.3799991607666,22.40999984741211,22.34000015258789,22.389999389648438,511600,0.744,0.0,0.0
2025-12-23,22.479999542236328,22.649999618530273,22.420000076293945,22.639999389648438,642400,0.0,0.0,0.0
2025-12-24,22.670000076293945,22.670000076293945,22.559999465942383,22.6299991607666,362800,0.0,0.0,0.0
2025-12-26,22.709999084472656,22.760000228881836,22.6299991607666,22.700000762939453,686500,0.0,0.0,0.0
2025-12-29,22.59000015258789,22.610000610351562,22.469999313354492,22.489999771118164,539300,0.0,0.0,0.0
2025-12-30,22.719999313354492,22.729999542236328,22.6200008392334,22.639999389648438,597600,0.0,0.0,0.0
2025-12-31,22.520000457763672,22.559999465942383,22.350000381469727,22.360000610351562,931400,0.0,0.0,0.0
2026-01-02,22.389999389648438,22.420000076293945,22.290000915527344,22.389999389648438,825300,0.0,0.0,0.0
2026-01-05,22.6299991607666,22.81999969482422,22.6299991607666,22.809999465942383,860000,0.0,0.0,0.0
2026-01-06,22.940000534057617,22.979999542236328,22.780000686645508,22.799999237060547,581700,0.0,0.0,0.0
2026-01-07,22.709999084472656,22.709999084472656,22.510000228881836,22.59000015258789,660000,0.0,0.0,0.0
2026-01-08,22.610000610351562,22.899999618530273,22.600000381469727,22.8799991607666,776600,0.0,0.0,0.0
2026-01-09,22.969999313354492,23.059999465942383,22.889999389648438,22.899999618530273,220500,0.0,0.0,0.0
2026-01-12,23.059999465942383,23.25,23.059999465942383,23.190000534057617,320900,0.0,0.0,0.0
2026-01-13,23.350000381469727,23.469999313354492,23.299999237060547,23.3700008392334,826200,0.0,0.0,0.0
2026-01-14,23.56999969482422,23.649999618530273,23.260000228881836,23.389999389648438,1316500,0.0,0.0,0.0
2026-01-15,23.18000030517578,23.309999465942383,23.1200008392334,23.200000762939453,490100,0.0,0.0,0.0
2026-01-16,23.200000762939453,23.239999771118164,23.09000015258789,23.15999984741211,506600,0.0,0.0,0.0
2026-01-20,23.510000228881836,23.59000015258789,23.450000762939453,23.479999542236328,427900,0.0,0.0,0.0
2026-01-21,23.780000686645508,23.790000915527344,23.649999618530273,23.75,693400,0.0,0.0,0.0
2026-01-22,23.719999313354492,23.760000228881836,23.649999618530273,23.739999771118164,409300,0.0,0.0,0.0
2026-01-23,24.049999237060547,24.200000762939453,24.049999237060547,24.18000030517578,890600,0.0,0.0,0.0
2026-01-26,24.350000381469727,24.5,24.190000534057617,24.290000915527344,749000,0.0,0.0,0.0
2026-01-27,24.299999237060547,24.6299991607666,24.229999542236328,24.6200008392334,928600,0.0,0.0,0.0
2026-01-28,24.770000457763672,24.969999313354492,24.709999084472656,24.940000534057617,557400,0.0,0.0,0.0
2026-01-29,25.670000076293945,25.690000534057617,24.770000457763672,25.299999237060547,1001600,0.0,0.0,0.0
2026-01-30,24.790000915527344,24.860000610351562,23.950000762939453,24.43000030517578,2266600,0.0,0.0,0.0
2026-02-02,23.65999984741211,23.760000228881836,23.389999389648438,23.540000915527344,3064300,0.0,0.0,0.0
2026-02-03,23.969999313354492,24.170000076293945,23.8700008392334,24.149999618530273,1165100,0.0,0.0,0.0
2026-02-04,24.18000030517578,24.270000457763672,23.93000030517578,24.190000534057617,1310400,0.0,0.0,0.0
2026-02-05,23.860000610351562,24.010000228881836,23.639999389648438,23.760000228881836,916100,0.0,0.0,0.0
2026-02-06,23.84000015258789,24.149999618530273,23.829999923706055,24.010000228881836,913000,0.0,0.0,0.0
2026-02-09,23.979999542236328,24.290000915527344,23.969999313354492,24.25,630400,0.0,0.0,0.0
2026-02-10,24.229999542236328,24.229999542236328,24.030000686645508,24.139999389648438,383500,0.0,0.0,0.0
2026-02-11,24.43000030517578,24.43000030517578,24.25,24.3700008392334,1026000,0.0,0.0,0.0
2026-02-12,24.280000686645508,24.299999237060547,23.770000457763672,23.799999237060547,1756500,0.0,0.0,0.0
2026-02-13,23.850000381469727,23.950000762939453,23.739999771118164,23.8799991607666,250700,0.0,0.0,0.0
2026-02-17,23.65999984741211,23.690000534057617,23.520000457763672,23.59000015258789,387600,0.0,0.0,0.0
2026-02-18,23.969999313354492,24.239999771118164,23.969999313354492,24.209999084472656,408500,0.0,0.0,0.0
2026-02-19,24.290000915527344,24.43000030517578,24.209999084472656,24.43000030517578,278800,0.0,0.0,0.0
2026-02-20,24.450000762939453,24.639999389648438,24.40999984741211,24.600000381469727,350500,0.0,0.0,0.0
2026-02-23,24.739999771118164,24.850000381469727,24.639999389648438,24.75,747300,0.0,0.0,0.0
2026-02-24,24.690000534057617,24.75,24.6200008392334,24.719999313354492,778600,0.0,0.0,0.0
2026-02-25,24.760000228881836,24.93000030517578,24.68000030517578,24.75,785400,0.0,0.0,0.0
2026-02-26,24.59000015258789,24.8700008392334,24.510000228881836,24.760000228881836,386400,0.0,0.0,0.0
2026-02-27,25.100000381469727,25.110000610351562,24.940000534057617,25.100000381469727,467900,0.0,0.0,0.0
2026-03-02,25.889999389648438,25.950000762939453,25.510000228881836,25.809999465942383,1707300,0.0,0.0,0.0
2026-03-03,26.3700008392334,26.389999389648438,25.579999923706055,25.90999984741211,1299200,0.0,0.0,0.0
2026-03-04,26.040000915527344,26.190000534057617,25.920000076293945,26.139999389648438,539700,0.0,0.0,0.0
2026-03-05,26.350000381469727,26.739999771118164,26.31999969482422,26.520000457763672,1300900,0.0,0.0,0.0
2026-03-06,27.309999465942383,27.65999984741211,27.25,27.510000228881836,4462900,0.0,0.0,0.0
2026-03-09,28.3799991607666,28.610000610351562,26.690000534057617,27.139999389648438,5116100,0.0,0.0,0.0
2026-03-10,27.56999969482422,27.639999389648438,26.600000381469727,27.600000381469727,2497600,0.0,0.0,0.0
2026-03-11,27.670000076293945,28.149999618530273,27.350000381469727,28.1299991607666,1225700,0.0,0.0,0.0
2026-03-12,28.719999313354492,28.93000030517578,28.489999771118164,28.860000610351562,1770100,0.0,0.0,0.0
2026-03-13,28.520000457763672,28.790000915527344,28.219999313354492,28.709999084472656,1135600,0.0,0.0,0.0
2026-03-16,28.6200008392334,28.700000762939453,28.200000762939453,28.309999465942383,1232000,0.0,0.0,0.0
2026-03-17,28.690000534057617,28.770000457763672,28.540000915527344,28.760000228881836,449800,0.0,0.0,0.0
2026-03-18,28.969999313354492,29.299999237060547,28.889999389648438,29.270000457763672,873400,0.0,0.0,0.0
2026-03-19,29.049999237060547,29.25,28.540000915527344,28.84000015258789,1052100,0.0,0.0,0.0
2026-03-20,28.920000076293945,29.139999389648438,28.739999771118164,28.940000534057617,1959900,0.0,0.0,0.0
2026-03-23,28.110000610351562,28.1299991607666,27.40999984741211,27.75,2131000,0.0,0.0,0.0
2026-03-24,28.18000030517578,28.399999618530273,28.059999465942383,28.239999771118164,1491900,0.0,0.0,0.0
2026-03-25,27.780000686645508,28.239999771118164,27.780000686645508,28.170000076293945,910100,0.0,0.0,0.0
2026-03-26,28.440000534057617,28.65999984741211,28.399999618530273,28.440000534057617,569700,0.0,0.0,0.0
2026-03-27,28.850000381469727,29.219999313354492,28.799999237060547,29.100000381469727,595300,0.0,0.0,0.0
2026-03-30,29.389999389648438,29.440000534057617,29.139999389648438,29.260000228881836,1067800,0.0,0.0,0.0
2026-03-31,29.280000686645508,29.3799991607666,28.829999923706055,28.950000762939453,6393700,0.0,0.0,0.0
2026-04-01,28.719999313354492,28.799999237060547,28.510000228881836,28.68000030517578,7866900,0.0,0.0,0.0
2026-04-02,29.469999313354492,29.479999542236328,29.030000686645508,29.329999923706055,1765000,0.0,0.0,0.0
2026-04-06,29.389999389648438,29.610000610351562,29.270000457763672,29.479999542236328,1310900,0.0,0.0,0.0
2026-04-07,29.610000610351562,29.760000228881836,29.110000610351562,29.3700008392334,2210100,0.0,0.0,0.0
2026-04-08,28.030000686645508,28.639999389648438,28.0,28.559999465942383,3558100,0.0,0.0,0.0
2026-04-09,28.799999237060547,28.950000762939453,28.450000762939453,28.709999084472656,948000,0.0,0.0,0.0
2026-04-10,28.6299991607666,28.780000686645508,28.469999313354492,28.5,496600,0.0,0.0,0.0
2026-04-13,29.209999084472656,29.34000015258789,28.8799991607666,28.959999084472656,1206800,0.0,0.0,0.0
2026-04-14,29.040000915527344,29.06999969482422,28.729999542236328,28.84000015258789,958000,0.0,0.0,0.0
2026-04-15,28.84000015258789,29.040000915527344,28.799999237060547,28.889999389648438,770300,0.0,0.0,0.0
2026-04-16,29.049999237060547,29.270000457763672,29.049999237060547,29.110000610351562,556700,0.0,0.0,0.0
2026-04-17,28.079999923706055,28.350000381469727,27.84000015258789,28.290000915527344,4703400,0.0,0.0,0.0
2026-04-20,28.540000915527344,28.81999969482422,28.520000457763672,28.670000076293945,1226200,0.0,0.0,0.0
2026-04-21,28.770000457763672,29.280000686645508,28.729999542236328,29.209999084472656,804300,0.0,0.0,0.0
2026-04-22,29.329999923706055,29.579999923706055,29.329999923706055,29.510000228881836,1232600,0.0,0.0,0.0
2026-04-23,29.520000457763672,30.040000915527344,29.5,29.889999389648438,1074300,0.0,0.0,0.0
2026-04-24,29.739999771118164,29.899999618530273,29.579999923706055,29.860000610351562,974000,0.0,0.0,0.0
2026-04-27,30.0,30.25,29.969999313354492,30.09000015258789,1478500,0.0,0.0,0.0
2026-04-28,30.190000534057617,30.350000381469727,30.110000610351562,30.34000015258789,1564500,0.0,0.0,0.0
2026-04-29,30.829999923706055,31.110000610351562,30.829999923706055,31.079999923706055,1886200,0.0,0.0,0.0
2026-04-30,30.790000915527344,31.110000610351562,30.790000915527344,31.100000381469727,2145400,0.0,0.0,0.0
2026-05-01,30.8799991607666,30.90999984741211,30.59000015258789,30.809999465942383,1626300,0.0,0.0,0.0
2026-05-04,30.889999389648438,31.459999084472656,30.8700008392334,31.329999923706055,2479300,0.0,0.0,0.0
2026-05-05,31.190000534057617,31.270000457763672,31.059999465942383,31.200000762939453,699700,0.0,0.0,0.0
2026-05-06,30.3700008392334,30.43000030517578,30.1200008392334,30.209999084472656,1739900,0.0,0.0,0.0
2026-05-07,29.739999771118164,30.3700008392334,29.56999969482422,30.25,5368300,0.0,0.0,0.0
2026-05-08,30.1299991607666,30.420000076293945,30.1299991607666,30.299999237060547,1309900,0.0,0.0,0.0
2026-05-11,30.739999771118164,31.170000076293945,30.739999771118164,31.059999465942383,3213600,0.0,0.0,0.0
2026-05-12,31.479999542236328,31.700000762939453,31.3700008392334,31.690000534057617,1301900,0.0,0.0,0.0
2026-05-13,31.600000381469727,31.719999313354492,31.309999465942383,31.3700008392334,777700,0.0,0.0,0.0
2026-05-14,31.049999237060547,31.190000534057617,30.959999084472656,31.149999618530273,679000,0.0,0.0,0.0
2026-05-15,31.030000686645508,31.239999771118164,30.989999771118164,31.190000534057617,832200,0.0,0.0,0.0
2026-05-18,31.239999771118164,31.790000915527344,31.190000534057617,31.3799991607666,1514300,0.0,0.0,0.0
2026-05-19,31.6200008392334,31.690000534057617,31.40999984741211,31.610000610351562,960000,0.0,0.0,0.0
2026-05-20,31.360000610351562,31.40999984741211,30.670000076293945,30.8799991607666,1344200,0.0,0.0,0.0
2026-05-21,31.290000915527344,31.290000915527344,30.43000030517578,30.700000762939453,751900,0.0,0.0,0.0
2026-05-22,30.600000381469727,30.780000686645508,30.31999969482422,30.540000915527344,863100,0.0,0.0,0.0
2026-05-26,30.1299991607666,30.309999465942383,29.989999771118164,30.030000686645508,1488800,0.0,0.0,0.0
2026-05-27,29.420000076293945,29.68000030517578,29.399999618530273,29.489999771118164,936800,0.0,0.0,0.0
2026-05-28,29.68000030517578,29.729999542236328,29.270000457763672,29.719999313354492,918700,0.0,0.0,0.0
2026-05-29,29.530000686645508,29.59000015258789,29.290000915527344,29.479999542236328,1035300,0.0,0.0,0.0
2026-06-01,30.040000915527344,30.309999465942383,29.84000015258789,29.989999771118164,1643000,0.0,0.0,0.0
2026-06-02,30.0,30.149999618530273,29.950000762939453,30.1200008392334,715900,0.0,0.0,0.0
2026-06-03,30.299999237060547,30.3700008392334,30.170000076293945,30.290000915527344,507500,0.0,0.0,0.0
2026-06-04,29.959999084472656,29.969999313354492,29.75,29.8799991607666,781200,0.0,0.0,0.0
2026-06-05,29.610000610351562,29.6200008392334,29.200000762939453,29.229999542236328,1126100,0.0,0.0,0.0
2026-06-08,29.479999542236328,29.579999923706055,29.40999984741211,29.469999313354492,654200,0.0,0.0,0.0
2026-06-09,29.270000457763672,29.329999923706055,28.81999969482422,29.06999969482422,2689200,0.0,0.0,0.0
2026-06-10,29.1200008392334,29.389999389648438,29.1200008392334,29.170000076293945,930800,0.0,0.0,0.0
2026-06-11,29.170000076293945,29.31999969482422,28.770000457763672,28.850000381469727,1377400,0.0,0.0,0.0
2026-06-12,28.6299991607666,28.8799991607666,28.510000228881836,28.549999237060547,1080700,0.0,0.0,0.0
2026-06-15,28.18000030517578,28.25,28.100000381469727,28.219999313354492,1070000,0.0,0.0,0.0
2026-06-16,27.899999618530273,28.040000915527344,27.760000228881836,27.899999618530273,463800,0.0,0.0,0.0
2026-06-17,27.969999313354492,28.350000381469727,27.68000030517578,27.709999084472656,1454800,0.0,0.0,0.0
2026-06-18,27.530000686645508,27.700000762939453,27.280000686645508,27.6299991607666,1121200,0.0,0.0,0.0
2026-06-22,27.510000228881836,27.540000915527344,27.31999969482422,27.40999984741211,585400,0.0,0.0,0.0
2026-06-23,27.09000015258789,27.18000030517578,27.030000686645508,27.1200008392334,572900,0.0,0.0,0.0
2026-06-24,26.530000686645508,26.65999984741211,26.40999984741211,26.450000762939453,1050800,0.0,0.0,0.0
2026-06-25,26.549999237060547,27.0,26.530000686645508,26.93000030517578,529600,0.0,0.0,0.0
2026-06-26,26.610000610351562,26.639999389648438,26.489999771118164,26.56999969482422,522300,0.0,0.0,0.0
2026-06-29,26.6200008392334,26.649999618530273,26.5,26.559999465942383,728700,0.0,0.0,0.0
2026-06-30,26.760000228881836,26.790000915527344,26.56999969482422,26.65999984741211,1480300,0.0,0.0,0.0
2026-07-01,26.579999923706055,26.709999084472656,26.440000534057617,26.450000762939453,1940200,0.0,0.0,0.0
2026-07-02,26.469999313354492,26.600000381469727,26.43000030517578,26.56999969482422,830200,0.0,0.0,0.0
2026-07-06,26.75,27.020000457763672,26.75,27.0,774900,0.0,0.0,0.0
2026-07-07,27.09000015258789,27.389999389648438,27.059999465942383,27.350000381469727,781000,0.0,0.0,0.0
2026-07-08,27.670000076293945,27.959999084472656,27.559999465942383,27.799999237060547,1394400,0.0,0.0,0.0
2026-07-09,27.75,27.760000228881836,27.510000228881836,27.579999923706055,448800,0.0,0.0,0.0
2026-07-10,27.5,27.670000076293945,27.420000076293945,27.520000457763672,509700,0.0,0.0,0.0
2026-07-13,27.850000381469727,28.389999389648438,27.790000915527344,28.329999923706055,770500,0.0,0.0,0.0
2026-07-14,28.65999984741211,28.719999313354492,28.399999618530273,28.6299991607666,867800,0.0,0.0,0.0
2026-07-15,28.75,28.81999969482422,28.469999313354492,28.790000915527344,609200,0.0,0.0,0.0
2026-07-16,28.719999313354492,28.729999542236328,28.420000076293945,28.459999084472656,521700,0.0,0.0,0.0
2026-07-17,28.739999771118164,29.020000457763672,28.719999313354492,28.979999542236328,4318800,0.0,0.0,0.0
2026-07-20,28.989999771118164,29.219999313354492,28.93000030517578,29.139999389648438,809000,0.0,0.0,0.0
2026-07-21,29.450000762939453,29.600000381469727,29.43000030517578,29.56999969482422,924700,0.0,0.0,0.0
2026-07-22,29.860000610351562,29.959999084472656,29.790000915527344,29.860000610351562,1198400,0.0,0.0,0.0
2026-07-23,30.280000686645508,30.56999969482422,30.280000686645508,30.309999465942383,1268000,0.0,0.0,0.0
2026-07-24,30.079999923706055,30.149999618530273,29.8700008392334,30.100000381469727,817400,0.0,0.0,0.0
2026-07-27,29.43000030517578,29.43000030517578,29.010000228881836,29.010000228881836,820900,0.0,0.0,0.0
2026-07-28,28.8799991607666,28.920000076293945,28.459999084472656,28.600000381469727,533000,0.0,0.0,0.0
2026-07-29,29.25,29.5,29.219999313354492,29.420000076293945,1143500,0.0,0.0,0.0
2026-07-30,29.299999237060547,29.399999618530273,29.239999771118164,29.31999969482422,640900,0.0,0.0,0.0
2026-07-31,29.540000915527344,29.559999465942383,29.290000915527344,29.450000762939453,1294100,0.0,0.0,0.0
2026-08-03,29.350000381469727,29.350000381469727,28.600000381469727,28.8799991607666,1391100,0.0,0.0,0.0
2026-08-04,28.43000030517578,28.479999542236328,28.200000762939453,28.309999465942383,1680600,0.0,0.0,0.0
2026-08-05,28.489999771118164,28.559999465942383,28.31999969482422,28.479999542236328,632200,0.0,0.0,0.0
2026-08-06,28.649999618530273,28.93000030517578,28.610000610351562,28.860000610351562,788800,0.0,0.0,0.0
2026-08-07,28.8700008392334,29.149999618530273,28.8700008392334,28.90999984741211,1114500,0.0,0.0,0.0
2026-08-10,29.489999771118164,29.969999313354492,29.40999984741211,29.93000030517578,1199800,0.0,0.0,0.0
2026-08-11,29.709999084472656,30.0,29.709999084472656,29.969999313354492,314800,0.0,0.0,0.0
2026-08-12,29.959999084472656,30.1299991607666,29.93000030517578,30.110000610351562,1078900,0.0,0.0,0.0
2026-08-13,29.860000610351562,29.969999313354492,29.639999389648438,29.780000686645508,317800,0.0,0.0,0.0
2026-08-14,29.809999465942383,30.030000686645508,29.739999771118164,30.0,166400,0.0,0.0,0.0
2026-08-17,30.139999389648438,30.600000381469727,30.139999389648438,30.559999465942383,660400,0.0,0.0,0.0
2026-08-18,30.56999969482422,30.639999389648438,30.479999542236328,30.479999542236328,535500,0.0,0.0,0.0
2026-08-19,30.649999618530273,30.90999984741211,30.649999618530273,30.760000228881836,352900,0.0,0.0,0.0
2026-08-20,31.0,31.1299991607666,30.950000762939453,31.110000610351562,408600,0.0,0.0,0.0
2026-08-21,31.31999969482422,31.3700008392334,31.190000534057617,31.260000228881836,466900,0.0,0.0,0.0
2026-08-24,31.18000030517578,31.229999542236328,30.889999389648438,30.940000534057617,2852600,0.0,0.0,0.0
2026-08-25,30.420000076293945,30.649999618530273,30.420000076293945,30.43000030517578,540000,0.0,0.0,0.0
2026-08-26,30.329999923706055,30.719999313354492,30.270000457763672,30.5,918100,0.0,0.0,0.0
2026-08-27,30.59000015258789,30.950000762939453,30.540000915527344,30.860000610351562,307600,0.0,0.0,0.0
2026-08-28,30.940000534057617,30.940000534057617,30.690000534057617,30.790000915527344,939800,0.0,0.0,0.0
2026-08-31,31.149999618530273,31.31999969482422,31.040000915527344,31.299999237060547,579600,0.0,0.0,0.0
2026-09-01,31.56999969482422,31.969999313354492,31.450000762939453,31.93000030517578,2540300,0.0,0.0,0.0
2026-09-02,31.770000457763672,32.0099983215332,31.729999542236328,31.93000030517578,1090400,0.0,0.0,0.0
2026-09-03,31.799999237060547,32.130001068115234,31.799999237060547,31.959999084472656,396400,0.0,0.0,0.0
2026-09-04,31.739999771118164,31.959999084472656,31.5,31.899999618530273,835000,0.0,0.0,0.0
2026-09-08,32.27000045776367,32.41999816894531,32.13999938964844,32.400001525878906,700400,0.0,0.0,0.0
2026-09-09,32.810001373291016,32.880001068115234,32.68000030517578,32.849998474121094,578700,0.0,0.0,0.0
2026-09-10,33.189998626708984,33.630001068115234,33.060001373291016,33.619998931884766,1023100,0.0,0.0,0.0
2026-09-11,33.11000061035156,33.22999954223633,32.9900016784668,33.15999984741211,577000,0.0,0.0,0.0
2026-09-14,33.4900016784668,33.599998474121094,33.02000045776367,33.150001525878906,1308800,0.0,0.0,0.0
2026-09-15,33.36000061035156,33.779998779296875,33.36000061035156,33.68000030517578,826800,0.0,0.0,0.0
2026-09-16,33.650001525878906,33.650001525878906,33.09000015258789,33.15999984741211,994900,0.0,0.0,0.0
2026-09-17,32.95000076293945,33.220001220703125,32.95000076293945,33.04999923706055,556700,0.0,0.0,0.0
