Date,Open,High,Low,Close,Volume,Dividends,Stock Splits
2020-09-03,84.17501205081606,84.19878788185247,79.62778233912816,80.70751190185547,63726000,0.0,0.0
2020-09-04,79.6916755663375,80.9789260003323,76.17365356452073,78.31527709960938,55850000,0.0,0.0
2020-09-08,75.53126920055102,77.04436739202738,75.11027221808052,75.46192932128906,54032000,0.0,0.0
2020-09-09,76.71500276034612,77.20137193178421,75.53968617083565,76.63229370117188,39242000,0.0,0.0
2020-09-10,76.77840721698225,77.9413371691377,75.28362830526697,75.5832748413086,33024000,0.0,0.0
2020-09-11,75.68729884245194,76.20982310154143,73.94735503103085,75.07363891601562,30706000,0.0,0.0
2020-09-14,75.86062859048022,77.11618292545499,74.54614102868774,74.73038482666016,42660000,0.0,0.0
2020-09-15,75.67440508578143,76.81851683021489,75.38763651665754,76.0324935913086,23042000,0.0,0.0
2020-09-16,76.39703128180564,76.9859252393696,74.8670874705173,74.89185333251953,22128000,0.0,0.0
2020-09-17,73.5902403439566,74.22668600240169,72.43374934092598,73.65116119384766,40008000,0.0,0.0
2020-09-18,73.71358052155679,74.0553298321723,70.90629358164918,71.87061309814453,63056000,0.0,0.0
2020-09-21,70.90627729054565,71.32429660778882,69.47291813290063,70.83297729492188,56908000,0.0,0.0
2020-09-22,71.83247257343257,72.50854213889622,70.80128453974875,72.30299377441406,33950000,0.0,0.0
2020-09-23,71.92012967764403,71.9691626068808,69.47291945647498,69.80525207519531,37726000,0.0,0.0
2020-09-24,69.47292020222153,71.22177395957205,69.44666551695688,70.47240447998047,34552000,0.0,0.0
2020-09-25,70.58087508582601,71.61552428977885,69.7205618241158,71.27477264404297,30326000,0.0,0.0
2020-09-28,72.9057505874798,72.95527475090996,71.63236818722949,72.24552917480469,30784000,0.0,0.0
2020-09-29,72.505572058924,72.90625457931591,72.01473634931796,72.61007690429688,31816000,0.0,0.0
2020-09-30,72.35845086835646,73.60954622399498,72.10189711806734,72.5892562866211,40924000,0.0,0.0
2020-10-01,73.483741176294,74.04886678202264,73.1439720362864,73.69374084472656,32884000,0.0,0.0
2020-10-02,72.29357949447781,73.25443754193107,71.68536859355801,72.09397888183594,31222000,0.0,0.0
2020-10-05,72.44315041789427,73.53525912459374,72.31635858239636,73.44264221191406,21602000,0.0,0.0
2020-10-06,73.0795878999186,73.52633314283509,71.56946004827292,71.86712646484375,26096000,0.0,0.0
2020-10-07,72.27772903034848,72.75617797816042,70.98601965298509,72.2693099975586,36108000,0.0,0.0
2020-10-08,72.58183818176148,73.70019413862819,72.58183818176148,73.47236633300781,26076000,0.0,0.0
2020-10-09,73.9394044750553,74.87995540940231,73.64916705142821,74.81061553955078,32966000,0.0,0.0
2020-10-12,76.17512972135019,78.67236249973703,75.74422496235202,77.49209594726562,55344000,0.0,0.0
2020-10-13,78.10725371718881,78.51091381347847,77.19691752122968,77.61493682861328,39072000,0.0,0.0
2020-10-14,77.98789668241234,78.44603112515772,76.56641781072753,77.43515014648438,33174000,0.0,0.0
2020-10-15,76.49706022466728,77.82938319540656,76.3301533156256,77.04039001464844,31210000,0.0,0.0
2020-10-16,77.35539721644541,78.1419115844437,77.14886643795133,77.64613342285156,34194000,0.0,0.0
2020-10-19,78.05376915654217,78.45000028741373,75.42825518046858,75.77643585205078,29734000,0.0,0.0
2020-10-20,75.4376663929067,77.95025657100902,75.30839568992401,76.82298278808594,41670000,0.0,0.0
2020-10-21,77.75262483298744,79.99578295320819,77.61840399961719,78.55201721191406,60322000,0.0,0.0
2020-10-22,78.5029984594574,79.91060191617186,78.13054313708805,79.57579040527344,30512000,0.0,0.0
2020-10-23,79.99132249101037,80.93583357024468,79.83579712634676,80.8793716430664,30548000,0.0,0.0
2020-10-26,79.98885284156889,80.71097762065797,77.65010749864534,78.46782684326172,35826000,0.0,0.0
2020-10-27,78.69763681929496,79.34497273080397,78.1062640439102,79.19044494628906,25902000,0.0,0.0
2020-10-28,76.7699878111158,76.95819174187838,74.71306085293473,74.82796478271484,45174000,0.0,0.0
2020-10-29,75.13602694613932,78.6882238840547,75.11274990801195,77.11024475097656,55406000,0.0,0.0
2020-10-30,82.58612891076312,83.27358743993122,79.32367098650236,80.04381561279297,99878000,0.0,0.0
2020-11-02,80.41183612953665,82.1304828078754,79.95121524040219,80.45046997070312,44228000,0.0,0.0
2020-11-03,80.76942769311421,82.16811321292346,79.84571468441665,81.50740051269531,31432000,0.0,0.0
2020-11-04,84.47516357940994,87.66729207687226,84.34738170376455,86.46968841552734,71342000,0.0,0.0
2020-11-05,87.68807900889995,88.74651153606514,86.23094410614924,87.29432678222656,39758000,0.0,0.0
2020-11-06,86.74158701698033,87.59150112571243,86.0154946471551,87.15713500976562,28622000,0.0,0.0
2020-11-09,88.95255328835346,89.98819248364472,87.04916430356796,87.24083709716797,53440000,0.0,0.0
2020-11-10,85.67327952116092,87.13982390465877,84.99720990624036,86.06703186035156,43022000,0.0,0.0
2020-11-11,86.59597572878391,87.31414035453767,86.331494168355,86.53803253173828,31838000,0.0,0.0
2020-11-12,86.27900432342662,87.41717604271611,86.07940369874598,86.31961822509766,26474000,0.0,0.0
2020-11-13,86.57617665118782,88.01894502668213,85.98084368097635,87.77774047851562,29744000,0.0,0.0
2020-11-16,87.37555656318342,88.8713253340202,87.23637802204422,87.86539459228516,25468000,0.0,0.0
2020-11-17,87.55981450637249,88.01944536449176,87.14526402032533,87.25273895263672,21314000,0.0,0.0
2020-11-18,87.00409397679279,87.41815317224925,86.10910700587331,86.21163177490234,20108000,0.0,0.0
2020-11-19,85.84463758912733,87.34337670687037,85.68565086709356,87.09969329833984,20106000,0.0,0.0
2020-11-20,87.26956435847775,87.58456766371387,85.932291024066,86.00064086914062,27694000,0.0,0.0
2020-11-23,86.1908412115801,86.47661977260348,84.70300005992536,85.56380462646484,22530000,0.0,0.0
2020-11-24,85.56083351103102,87.49145985432511,85.22552322797475,87.36367797851562,27984000,0.0,0.0
2020-11-25,87.55732468549407,87.68460774765728,86.59398794592515,87.37505340576172,19600000,0.0,0.0
2020-11-27,87.39537563730384,89.00357723053922,87.39537563730384,88.50878143310547,14790000,0.0,0.0
2020-11-30,87.94564290023665,88.17792961578647,86.56824676445946,86.89315795898438,32418000,0.0,0.0
2020-12-01,87.50036570518094,90.22741405733548,87.32057327500323,88.92183685302734,37350000,0.0,0.0
2020-12-02,88.92184549114057,90.77323158063015,88.41714942363055,90.38838958740234,29424000,0.0,0.0
2020-12-03,90.16897819276261,91.32249899387762,89.99364466340876,90.23336791992188,24728000,0.0,0.0
2020-12-04,90.15314239898743,90.61276570513371,89.82476230336675,90.32847595214844,20544000,0.0,0.0
2020-12-07,89.92183251709534,90.60236094268264,89.30223249741923,89.9951400756836,22288000,0.0,0.0
2020-12-08,89.57365096270438,89.94263737562288,88.7197766206352,89.71282196044922,19936000,0.0,0.0
2020-12-09,89.66477459900621,90.55679149923866,87.26956740577334,88.05509185791016,31728000,0.0,0.0
2020-12-10,87.29928560071609,87.91294541969803,85.85948741239226,87.54940795898438,28688000,0.0,0.0
2020-12-11,87.1705112975482,88.02785447821572,86.81093396626306,87.90353393554688,18628000,0.0,0.0
2020-12-14,87.70146673560802,88.64646917503514,86.63213618937668,86.78716278076172,33050000,0.0,0.0
2020-12-15,87.1635770419372,87.36862659206206,86.26265739646938,87.22400665283203,21352000,0.0,0.0
2020-12-16,87.62171669560271,87.62171669560271,86.62867139429869,87.03133392333984,24676000,0.0,0.0
2020-12-17,87.36516761745172,87.50285735113397,85.74161679590512,86.2052001953125,34880000,0.0,0.0
2020-12-18,86.48553930809959,86.5940042678722,84.94172742665378,85.4974365234375,85256000,0.0,0.0
2020-12-21,84.65097756458779,86.03134359423083,83.90160815092943,85.91049194335938,33974000,0.0,0.0
2020-12-22,85.65147587790912,85.81393148347979,84.48507697592916,85.20027160644531,20370000,0.0,0.0
2020-12-23,85.38401507930502,86.38349935541012,85.2487966486839,85.59698486328125,22974000,0.0,0.0
2020-12-24,85.6351071455955,86.29928861138039,85.40480053701683,85.89067840576172,9312000,0.0,0.0
2020-12-28,86.42311521018222,88.50777783386496,86.27007625611239,87.86192321777344,27650000,0.0,0.0
2020-12-29,88.51919197774836,88.58060406595271,86.92832717450035,87.05957794189453,19726000,0.0,0.0
2020-12-30,87.41815947937056,87.554859181272,85.58559900744636,85.99420928955078,21026000,0.0,0.0
2020-12-31,86.04473467107165,87.0466978810566,85.98628511672274,86.80599212646484,21070000,0.0,0.0
2021-01-04,87.17051481537992,87.29383777569227,84.55242988583664,85.49298095703125,37324000,0.0,0.0
2021-01-05,85.44146836602938,86.51822033346573,85.03582818283809,86.18241882324219,20360000,0.0,0.0
2021-01-06,84.21166484451052,86.37656533006327,84.0056252787186,85.33200073242188,46588000,0.0,0.0
2021-01-07,85.52417916422668,88.05311608596125,85.52417916422668,87.8807601928711,41936000,0.0,0.0
2021-01-08,88.02042296709797,89.11996067150037,87.23093086255197,89.04418182373047,35484000,0.0,0.0
2021-01-11,88.01349202621859,88.37802708213147,86.78122221235388,86.98676300048828,34796000,0.0,0.0
2021-01-12,86.44540502976464,87.56178078053122,85.01006585841895,86.05264282226562,29528000,0.0,0.0
2021-01-13,85.55190413352405,86.99170972857497,85.55190413352405,86.53901672363281,23432000,0.0,0.0
2021-01-14,86.61925625813795,87.54445807823365,85.49000247726248,85.73021697998047,29212000,0.0,0.0
2021-01-15,85.63610470551805,86.557338778318,84.77876912148749,85.56676483154297,31444000,0.0,0.0
2021-01-19,86.32853507921479,89.34186133630915,85.82482899141068,88.38249206542969,41660000,0.0,0.0
2021-01-20,90.45773511852914,94.09066885245596,90.11797347187921,93.117431640625,64152000,0.0,0.0
2021-01-21,93.7900171797552,95.69339854365393,93.08472299183488,93.31948852539062,58634000,0.0,0.0
2021-01-22,93.6815563337508,94.32196208500488,92.9406058668475,93.73603820800781,32744000,0.0,0.0
2021-01-25,94.73553199201658,95.18525497123451,92.08178325038038,93.82122802734375,50586000,0.0,0.0
2021-01-26,93.41062600288265,94.8845989856594,92.92227680298997,94.49827575683594,31462000,0.0,0.0
2021-01-27,92.86185848412948,93.13723794973245,89.01694505852133,90.08973693847656,82512000,0.0,0.0
2021-01-28,90.68704529227291,93.50968065582508,90.68704529227291,91.78658294677734,55278000,0.0,0.0
2021-01-29,90.83663627462968,91.50626687676487,89.22894090346985,90.50677490234375,44530000,0.0,0.0
2021-02-01,91.36015906744994,94.87422149538286,91.36015906744994,93.76131439208984,40252000,0.0,0.0
2021-02-02,94.75485247351087,96.54976922322557,94.42003341193407,95.05152893066406,66332000,0.0,0.0
2021-02-03,102.30697827129922,104.33814919011594,99.72850978697359,101.97364807128906,97882000,0.0,0.0
2021-02-04,102.05983128209827,102.48973853749719,100.79585785059689,101.71363067626953,48596000,0.0,0.0
2021-02-05,102.00731772509081,103.80917192273347,101.53382653647111,103.45702362060547,29866000,0.0,0.0
2021-02-08,104.01028247338613,104.75321306248173,102.19505872598738,103.24357604980469,28828000,0.0,0.0
2021-02-09,102.76214943056925,103.93647605054652,102.52441377558988,102.79137420654297,21892000,0.0,0.0
2021-02-10,103.17521915125829,103.95480346885013,101.64478405598078,103.34064483642578,25102000,0.0,0.0
2021-02-11,103.56451419165847,103.71309424491231,102.46794654227034,103.45307159423828,20480000,0.0,0.0
2021-02-12,103.00830594107755,103.98550319284138,102.70122286478392,103.76411437988281,18990000,0.0,0.0
2021-02-16,103.6016588245308,106.24599833126774,103.6016588245308,104.54022979736328,31004000,0.0,0.0
2021-02-17,103.71210570094998,105.12169662718253,103.43326492153011,104.9324951171875,20294000,0.0,0.0
2021-02-18,104.25791193608758,105.09940707577803,103.67990832770771,104.29802703857422,22546000,0.0,0.0
2021-02-19,104.39610690674289,104.93051900498949,103.18958542078308,103.45604705810547,37938000,0.0,0.0
2021-02-22,101.71213354235819,103.03603768287125,101.4347740454075,101.74481964111328,29466000,0.0,0.0
2021-02-23,99.7503100025293,102.64823328322915,98.57350455481658,102.03506469726562,34658000,0.0,0.0
2021-02-24,100.54524673581074,103.43178098580059,100.42093374260209,103.20840454101562,22608000,0.0,0.0
2021-02-25,101.82753952667834,103.1682817745652,99.37884052135821,99.84738159179688,41548000,0.0,0.0
2021-02-26,100.54078166491652,101.85675806887475,99.10742248436003,100.14257049560547,40042000,0.0,0.0
2021-03-01,101.43479166204774,102.83298606868925,100.76219098638894,102.50758361816406,26060000,0.0,0.0
2021-03-02,102.26883517462322,103.74974598869453,101.86419259805125,102.25100708007812,25564000,0.0,0.0
2021-03-03,101.63042982902466,102.82109578568205,98.7602347243502,99.6225357055664,33892000,0.0,0.0
2021-03-04,99.79388752346941,102.75174142926133,99.32633649330769,100.73790740966797,49216000,0.0,0.0
2021-03-05,102.08607442092764,104.31733703532676,100.43329905522936,103.86514282226562,53100000,0.0,0.0
2021-03-08,103.22078363369144,104.69078901545105,99.31445083979884,99.42886352539062,36868000,0.0,0.0
2021-03-09,101.5214456731911,102.22326341242301,100.8206104062423,101.05636596679688,33920000,0.0,0.0
2021-03-10,102.09844703824696,102.09844703824696,100.01477456933839,100.8498306274414,27100000,0.0,0.0
2021-03-11,101.94095838451403,104.56845214725212,101.85329162298359,104.0370101928711,27702000,0.0,0.0
2021-03-12,102.84189255369952,102.90132457610481,100.66312398359679,101.5338363647461,33818000,0.0,0.0
2021-03-15,101.28521253215582,101.78099082249379,100.43381698824165,101.75375366210938,26168000,0.0,0.0
2021-03-16,102.32579625344081,104.6878185156379,101.99395487739476,103.21236419677734,31900000,0.0,0.0
2021-03-17,102.44864185723206,103.96075015758315,101.24261908360523,103.1296615600586,26382000,0.0,0.0
2021-03-18,101.44369503142143,102.46250383292768,100.0073656743991,100.11434936523438,31700000,0.0,0.0
2021-03-19,100.52988341440378,100.89193201423502,99.20251043547509,100.39268493652344,46072000,0.0,0.0
2021-03-22,100.42588064974929,101.45161962831861,99.7508011876039,100.57743835449219,33536000,0.0,0.0
2021-03-23,101.03608129628527,102.23269501355865,100.4442171900026,101.10443115234375,28510000,0.0,0.0
2021-03-24,101.6210105719403,102.40554505722855,100.49373679196368,100.6685791015625,25218000,0.0,0.0
2021-03-25,100.49620554213062,101.31788496109286,98.86373703240163,100.66510009765625,35616000,0.0,0.0
2021-03-26,100.63191893272102,101.00833433627938,99.24808389518084,100.2822494506836,27978000,0.0,0.0
2021-03-29,100.15494340256764,101.49469545341373,99.32731634381594,101.32530212402344,26492000,0.0,0.0
2021-03-30,101.6814411368699,102.16137137817783,100.84787371079375,101.3590087890625,27312000,0.0,0.0
2021-03-31,101.75175938566446,103.32974601700813,101.3852442961508,102.1539306640625,42570000,0.0,0.0
2021-04-01,103.6264145450046,105.78090823071435,103.5858006525775,105.48522186279297,39880000,0.0,0.0
2021-04-05,106.34554307628875,110.39897459955093,106.24945728036417,109.9021987915039,48510000,0.0,0.0
2021-04-06,109.50398600807345,110.349940034583,109.05179177903032,109.42176818847656,35240000,0.0,0.0
2021-04-07,109.61195995099271,111.16716076045078,109.61195995099271,110.896240234375,24134000,0.0,0.0
2021-04-08,112.1329629398662,112.5187949217881,111.0933561110182,111.46086120605469,28664000,0.0,0.0
2021-04-09,111.21371142698207,112.62676346470478,110.80856254697589,112.46331787109375,26146000,0.0,0.0
2021-04-12,111.64364741357375,111.78083836129504,110.34104003466982,111.17312622070312,25024000,0.0,0.0
2021-04-13,111.4886131187785,112.10673186768861,111.09535207856177,111.65898895263672,25682000,0.0,0.0
2021-04-14,112.30285272236088,112.30285272236088,110.74716068665896,111.03887939453125,21002000,0.0,0.0
2021-04-15,112.03143574519012,113.71788721230173,111.49751495985066,113.1854476928711,29174000,0.0,0.0
2021-04-16,113.38308782309667,113.63073134194633,112.47572160727253,113.0616455078125,26282000,0.0,0.0
2021-04-19,112.43906809584607,114.11858197870201,112.43906809584607,113.4088363647461,30290000,0.0,0.0
2021-04-20,113.79168250896858,113.86647132508118,111.79221529986594,112.87639617919922,22288000,0.0,0.0
2021-04-21,112.5316938553797,112.92544614886954,111.18302366604111,112.8437271118164,23204000,0.0,0.0
2021-04-22,112.69760601862724,113.36525649353501,110.96014131648565,111.56439208984375,24146000,0.0,0.0
2021-04-23,112.28156447737894,114.21912854433809,111.99677595604035,113.91254425048828,29066000,0.0,0.0
2021-04-26,114.1398788335531,115.13095163734104,113.78327158531432,114.40782928466797,32038000,0.0,0.0
2021-04-27,114.7892053762967,114.82981927452529,113.23053555894302,113.46926879882812,44386000,0.0,0.0
2021-04-28,118.49741391689179,120.42309000119249,116.5519296780215,116.8401870727539,81106000,0.0,0.0
2021-04-29,118.33546493326537,119.07492659360635,117.57370870602772,118.51029968261719,41234000,0.0,0.0
2021-04-30,117.28495822738344,117.96993800153318,116.22207421400664,116.56580352783203,44856000,0.0,0.0
2021-05-03,117.13091635921127,117.95507465112739,115.67428013665503,116.0497055053711,28242000,0.0,0.0
2021-05-04,114.58711912501094,115.1537260493612,111.77042377433652,114.25428771972656,44818000,0.0,0.0
2021-05-05,115.33402106487281,115.64951562210264,114.32611019629827,114.64755249023438,26636000,0.0,0.0
2021-05-06,114.22952453420945,115.76590728759766,113.57129071075337,115.76590728759766,25190000,0.0,0.0
2021-05-07,117.08039218520796,117.44491963692083,116.20224333213277,116.48802185058594,28898000,0.0,0.0
2021-05-10,115.30973835851137,115.45139575242439,113.1502868665926,113.50739288330078,30914000,0.0,0.0
2021-05-11,111.0963461132312,112.9393056208691,110.64315426944027,112.43312072753906,34186000,0.0,0.0
2021-05-12,110.26029638420344,111.3395271618132,108.64714477876392,108.97551727294922,46376000,0.0,0.0
2021-05-13,110.2568312457659,110.91655390355615,109.2959732405026,110.40145874023438,33204000,0.0,0.0
2021-05-14,111.86254580663034,113.1592052262054,111.4395687974577,112.8451919555664,31996000,0.0,0.0
2021-05-17,112.11167134920787,113.40981960138417,111.71247016753203,113.36722564697266,21598000,0.0,0.0
2021-05-18,114.03239767436695,114.2963879915566,112.04332196648303,112.05718994140625,22204000,0.0,0.0
2021-05-19,110.37124334606443,112.67729498890604,110.22315452655346,112.50444030761719,23684000,0.0,0.0
2021-05-20,113.47025527402623,114.51035344458924,113.09978005208858,114.26023864746094,32352000,0.0,0.0
2021-05-21,114.77829654764197,114.85160409793224,113.3860425755212,113.6252670288086,40632000,0.0,0.0
2021-05-24,114.65349484020088,117.1626160124388,114.50837610780434,116.93924713134766,31832000,0.0,0.0
2021-05-25,117.48207094364784,118.0764138121948,116.64008458341634,117.02987670898438,22440000,0.0,0.0
2021-05-26,117.21066184954667,118.32357639324336,117.20769175980286,117.89366912841797,21572000,0.0,0.0
2021-05-27,118.3265381983706,118.3265381983706,116.70249626315695,117.02046966552734,35224000,0.0,0.0
2021-05-28,117.60192576559648,117.683644787833,116.53359295302124,116.73170471191406,21482000,0.0,0.0
2021-06-01,117.60292325646189,118.16111114569608,116.60442148804488,117.9367446899414,23354000,0.0,0.0
2021-06-02,118.33149323213362,118.5538796399955,116.509331890451,117.41224670410156,21158000,0.0,0.0
2021-06-03,116.18094849891196,116.74012639520443,115.37808723881285,116.27257537841797,18696000,0.0,0.0
2021-06-04,117.34687118314812,118.82084435735165,117.00710198292333,118.5504150390625,24458000,0.0,0.0
2021-06-07,118.34587403770159,119.0922735281037,117.92785465176635,118.9828109741211,24120000,0.0,0.0
2021-06-08,119.4637277374824,119.83568424252671,118.61034462609612,118.79161834716797,24240000,0.0,0.0
2021-06-09,119.43499304217214,119.50680421418785,118.71533959615813,119.26213836669922,17942000,0.0,0.0
2021-06-10,119.21162899521303,120.6519260666567,119.05611116199863,120.60883331298828,25904000,0.0,0.0
2021-06-11,120.8500260476855,120.93521395927317,119.8079402818054,120.3646469116211,21958000,0.0,0.0
2021-06-14,120.46667136672363,121.29181966635244,119.76039466436602,121.29132843017578,22098000,0.0,0.0
2021-06-15,121.2957827685943,121.61821508792153,119.91492539953478,120.2750015258789,21562000,0.0,0.0
2021-06-16,120.42606532585692,120.73710853572372,118.34388130175334,119.63410186767578,26472000,0.0,0.0
2021-06-17,119.55980920462216,121.36760375769067,119.36416872070753,120.595947265625,25842000,0.0,0.0
2021-06-18,120.22298605345948,120.45676156741861,118.88373266538906,118.97882843017578,46116000,0.0,0.0
2021-06-21,119.36466184351545,120.85002400068946,118.76833135754313,120.66429138183594,27414000,0.0,0.0
2021-06-22,120.60238036078476,121.2462549501822,119.92284958263916,121.17740631103516,22390000,0.0,0.0
2021-06-23,120.94264518399315,121.93519924591817,120.68609141467088,120.975830078125,19148000,0.0,0.0
2021-06-24,121.54342580129659,121.8955741299516,121.14720225046123,121.3453140258789,21362000,0.0,0.0
2021-06-25,120.85003083307085,121.47706739414184,120.41913355136293,121.3537368774414,34594000,0.0,0.0
2021-06-28,121.52214013803166,121.6276425658312,120.26114428645126,121.38098907470703,28526000,0.0,0.0
2021-06-29,121.51421567121058,121.86141387084696,120.5439485707923,121.11996459960938,23108000,0.0,0.0
2021-06-30,120.84456919524074,121.10459938350833,120.21060249157534,120.93867492675781,24474000,0.0,0.0
2021-07-01,120.57760580235949,121.4314800157812,120.3859330185954,121.29032897949219,18110000,0.0,0.0
2021-07-02,121.98919501918171,124.22194673760366,121.89954818912742,124.07682800292969,25982000,0.0,0.0
2021-07-06,124.46414196993973,125.23629728290413,123.40818815923684,125.00054168701172,26404000,0.0,0.0
2021-07-07,125.96337879875401,126.084222906747,124.96388693069338,125.2818603515625,24060000,0.0,0.0
2021-07-08,122.8569238983545,124.4116258812366,122.85296377916633,123.86532592773438,23790000,0.0,0.0
2021-07-09,123.84651726271859,124.54932511010205,123.37747738496,124.33536529541016,18632000,0.0,0.0
2021-07-12,124.98864973435082,125.87174882862907,124.42699293647514,125.77863311767578,17668000,0.0,0.0
2021-07-13,125.84103662468263,126.85042877825639,125.48046925037704,126.14118194580078,19240000,0.0,0.0
2021-07-14,126.75186691075336,128.10747473295962,126.70877416099604,127.02823638916016,23742000,0.0,0.0
2021-07-15,127.4363544747392,127.48686866927758,125.33732493861099,125.80784606933594,24218000,0.0,0.0
2021-07-16,126.45964664733984,126.60674543075577,124.96437663114637,125.77317810058594,20424000,0.0,0.0
2021-07-19,124.9009747197147,125.01538740172474,122.34083319735542,123.40372467041016,27968000,0.0,0.0
2021-07-20,124.34428103708474,125.84549891921584,123.17838099734327,125.01985931396484,26312000,0.0,0.0
2021-07-21,124.94456356694099,126.39327953934199,124.83559982340273,126.34672546386719,20746000,0.0,0.0
2021-07-22,126.63893499506774,127.27191167455243,126.2971857807367,127.21098327636719,14302000,0.0,0.0
2021-07-23,129.20105830531395,132.14158302724823,128.5770069637434,131.76119995117188,41506000,0.0,0.0
2021-07-26,132.07175342893328,132.97168302546814,131.05442593897925,132.77159118652344,30572000,0.0,0.0
2021-07-27,132.98504602981706,133.13214480421553,128.87763168036102,130.6566925048828,54710000,0.0,0.0
2021-07-28,135.02711991535966,136.99340991482225,134.00237098890494,134.81117248535156,95130000,0.0,0.0
2021-07-29,134.86663652248504,135.37282138017332,134.26536345852853,134.49765014648438,31716000,0.0,0.0
2021-07-30,133.76215245736805,134.02911285341315,132.98950601160692,133.45655822753906,25576000,0.0,0.0
2021-08-02,133.84342726247922,134.06085601608348,132.53289944513455,133.58340454101562,21634000,0.0,0.0
2021-08-03,133.8612180697714,134.4525908952914,132.0628400817748,134.3515625,20762000,0.0,0.0
2021-08-04,134.07369424279747,134.37086945712394,133.21932116971857,133.851806640625,19676000,0.0,0.0
2021-08-05,134.40154628599478,135.06474524730226,133.57490929636685,134.9671630859375,17870000,0.0,0.0
2021-08-06,134.75968182925016,135.18612020781896,133.93552349692666,134.4590301513672,20488000,0.0,0.0
2021-08-09,134.6611252700337,135.89092386932936,134.06379711294062,135.62246704101562,17760000,0.0,0.0
2021-08-10,136.04740162628875,136.47385507476878,135.0791222485657,135.5174560546875,19414000,0.0,0.0
2021-08-11,135.88841987989014,136.38468931368453,134.98699398238975,134.9944305419922,15352000,0.0,0.0
2021-08-12,134.69379757446927,136.00582150263867,134.14899393327093,135.90081787109375,16506000,0.0,0.0
2021-08-13,135.95626786691807,136.55705722549686,135.7413180463397,136.42926025390625,15948000,0.0,0.0
2021-08-16,136.2286928614047,137.0583077135838,134.02367703834207,137.00579833984375,22384000,0.0,0.0
2021-08-17,136.45154686984998,136.96219058797556,134.7992704252851,135.37330627441406,21716000,0.0,0.0
2021-08-18,135.21334461594546,135.8121539467732,134.04595587229625,134.17225646972656,19258000,0.0,0.0
2021-08-19,133.16831623238994,135.06723891095177,132.98456366136284,134.4010772705078,21782000,0.0,0.0
2021-08-20,134.71806434850964,136.25741719492962,133.9751338465877,136.13409423828125,31194000,0.0,0.0
2021-08-23,136.66900570061048,139.5466221404914,136.31041837397385,138.7214813232422,28454000,0.0,0.0
2021-08-24,139.28608004454338,140.74074364271735,139.0156583234822,139.92996215820312,19268000,0.0,0.0
2021-08-25,140.29004594584057,140.84922389330168,140.04340002756325,140.73976135253906,15848000,0.0,0.0
2021-08-26,140.41386126677486,141.075065164361,140.02456037327326,140.10728454589844,20610000,0.0,0.0
2021-08-27,140.31728540087127,143.15032775638406,140.1632488403668,142.64662170410156,28780000,0.0,0.0
2021-08-30,143.03890505074344,144.59461255690007,142.8041394545751,143.2276153564453,24434000,0.0,0.0
2021-08-31,143.77885928119906,143.80311879352865,142.921024787272,143.33358764648438,22448000,0.0,0.0
2021-09-01,143.63322637559537,144.87540396369636,143.51782366106966,143.84669494628906,21936000,0.0,0.0
2021-09-02,143.84720429279963,144.1478408560357,141.83534259782863,141.93638610839844,32342000,0.0,0.0
2021-09-03,141.73182815855947,142.79619338912647,141.05822998053367,142.38461303710938,19850000,0.0,0.0
2021-09-07,142.4787218019784,143.20233539694476,142.26525322192012,142.92051696777344,20124000,0.0,0.0
2021-09-08,142.74171960601453,143.03887971437993,141.65208215880904,142.33656311035156,18344000,0.0,0.0
2021-09-09,142.48466472180607,142.9502357286335,141.8279196972411,142.18798828125,15314000,0.0,0.0
2021-09-10,142.85316370039908,143.35440605337484,139.41142650897547,139.54812622070312,36840000,0.0,0.0
2021-09-13,140.61147464793981,141.60254742162573,139.9185746785746,140.99087524414062,22094000,0.0,0.0
2021-09-14,141.6476195524205,142.01166334811575,140.4138609963223,141.20086669921875,19674000,0.0,0.0
2021-09-15,141.42575387169356,143.08892868043932,140.0151803025875,143.06813049316406,27408000,0.0,0.0
2021-09-16,142.5936227227182,142.9398308741866,141.05922759081184,142.25633239746094,26190000,0.0,0.0
2021-09-17,141.68229870784387,142.09783918596045,139.14593285849304,139.4728240966797,53384000,0.0,0.0
2021-09-20,136.8592025107944,137.68979986076525,135.03704858862534,137.4119415283203,46518000,0.0,0.0
2021-09-21,138.4322111594274,138.69175012045008,136.97458497311416,137.72247314453125,25332000,0.0,0.0
2021-09-22,137.99093729311895,139.5590087402755,137.24552785356187,138.96119689941406,25056000,0.0,0.0
2021-09-23,139.65854119567996,140.36085773026602,139.07806633946038,139.8848876953125,20952000,0.0,0.0
2021-09-24,139.21380050073685,140.98891672018726,138.91910409206673,140.87449645996094,22984000,0.0,0.0
2021-09-27,139.47726820093547,140.60058167299186,138.7472157143195,139.74224853515625,21882000,0.0,0.0
2021-09-28,137.3480670194837,137.78540336027757,134.0841267842114,134.54969787597656,45772000,0.0,0.0
2021-09-29,135.68880432196028,135.85819765307792,132.6031763940865,133.08706665039062,30848000,0.0,0.0
2021-09-30,132.99596110436238,134.26487713453415,132.2971058010185,132.4159698486328,37996000,0.0,0.0
2021-10-01,133.18019830322703,135.61999474858516,132.80923183052033,135.25595092773438,35360000,0.0,0.0
2021-10-04,134.67893341555128,134.67893341555128,129.8147276953452,132.39962768554688,51202000,0.0,0.0
2021-10-05,132.77751730640625,135.93101151293692,132.77751730640625,134.74082946777344,32404000,0.0,0.0
2021-10-06,133.47985735059552,136.45157959216723,133.28174555748294,136.26832580566406,24364000,0.0,0.0
2021-10-07,137.58280506274824,138.72197425447405,137.34407938421361,137.9126739501953,25110000,0.0,0.0
2021-10-08,138.26134957359187,139.00824022807984,137.90524110595646,138.4678955078125,26526000,0.0,0.0
2021-10-11,137.9790418985693,139.3856551740966,137.55010956888324,137.60459899902344,17954000,0.0,0.0
2021-10-12,138.16527798869242,138.19203147139953,134.4803409473928,135.16285705566406,36332000,0.0,0.0
2021-10-13,136.1073438593819,136.69921546698336,135.23217255462345,136.28515625,19654000,0.0,0.0
2021-10-14,138.1593163407756,140.00524590088978,137.51643176271415,139.8205108642578,31894000,0.0,0.0
2021-10-15,140.27964359990548,140.38216837162227,139.4282481493286,140.03546142578125,30274000,0.0,0.0
2021-10-18,139.7467055598483,141.44999507439888,139.73976779407545,141.43215942382812,20396000,0.0,0.0
2021-10-19,142.03590438610263,142.30832126285318,141.25583655099084,141.88682556152344,20164000,0.0,0.0
2021-10-20,141.98687359411255,142.19292069612473,140.04386090950544,140.4326629638672,23288000,0.0,0.0
2021-10-21,140.4326824733916,140.81604319627527,139.1756468498999,140.548583984375,26292000,0.0,0.0
2021-10-22,137.83836064745896,139.25785180366452,134.77353061581803,136.26979064941406,50588000,0.0,0.0
2021-10-25,136.25345419885457,136.69920946760487,134.14748690052696,136.15142822265625,34412000,0.0,0.0
2021-10-26,137.95081782575454,138.76258192048442,137.000857642727,137.99539184570312,49236000,0.0,0.0
2021-10-27,138.09097801545303,147.24883052188773,138.09097801545303,144.83926391601562,85782000,0.0,0.0
2021-10-28,145.7476333234458,145.77091036411727,143.2637614743381,144.4742431640625,36206000,0.0,0.0
2021-10-29,143.71050193740845,146.84467961742357,143.28604362604932,146.65052795410156,43320000,0.0,0.0
2021-11-01,146.6505105104067,146.6505105104067,141.87543820787974,142.14437866210938,46924000,0.0,0.0
2021-11-02,143.2167042160869,145.22706960553992,142.97500087453776,144.06166076660156,33482000,0.0,0.0
2021-11-03,144.5252514271149,145.28651643687795,143.22810059076318,145.2161865234375,27494000,0.0,0.0
2021-11-04,145.73768752512296,148.32210355915961,144.92888610521643,146.8699188232422,38412000,0.0,0.0
2021-11-05,147.76341051453076,148.91049982568654,146.80008886811825,147.44891357421875,38354000,0.0,0.0
2021-11-08,148.41275821148804,149.1953201974763,147.03140193421632,147.62625122070312,23052000,0.0,0.0
2021-11-09,147.82632017760048,148.42215184426283,145.8570526859016,147.51478576660156,19530000,0.0,0.0
2021-11-10,146.10967406442404,146.67430853463378,143.17510445335165,144.518310546875,29970000,0.0,0.0
2021-11-11,145.10869397753137,146.144839595857,144.22806618195017,144.3925018310547,16518000,0.0,0.0
2021-11-12,145.23349148333662,147.4469412284045,144.04034683138687,147.27655029296875,22360000,0.0,0.0
2021-11-15,147.49697791828982,148.13986257214947,146.1839714501009,147.05270385742188,23508000,0.0,0.0
2021-11-16,146.75302192957213,147.36023509685174,145.92390607867836,146.4821014404297,18904000,0.0,0.0
2021-11-17,146.63220285506807,147.15918597482235,145.8521348261738,146.65151977539062,19594000,0.0,0.0
2021-11-18,146.84418530798982,149.16114250750712,146.49055568916586,148.42613220214844,35608000,0.0,0.0
2021-11-19,148.56184386065286,149.54351527153173,147.49549843490428,147.52273559570312,33682000,0.0,0.0
2021-11-22,147.92486400995486,148.4171732561343,144.76988892249895,144.9229278564453,30594000,0.0,0.0
2021-11-23,144.7753725898354,145.2775973941184,142.75658818830502,144.40786743164062,27218000,0.0,0.0
2021-11-24,144.1022548274951,144.870941178912,143.0121337594424,144.74266052246094,18040000,0.0,0.0
2021-11-26,142.9878581645666,143.19488775564477,140.50548313123517,140.8427734375,30470000,0.0,0.0
2021-11-29,142.6426160266326,144.9184597584613,142.53711363737474,144.15869140625,32596000,0.0,0.0
2021-11-30,143.6416193626728,144.6237741272416,140.26673673924543,140.55995178222656,42068000,0.0,0.0
2021-12-01,142.64263235493135,144.57474710533424,139.58374288929951,139.721923828125,34020000,0.0,0.0
2021-12-02,139.91856472972714,142.50842215106744,138.89281831208532,141.61839294433594,29194000,0.0,0.0
2021-12-03,142.32666783141497,143.03888475918794,138.97852275278916,140.66299438476562,41230000,0.0,0.0
2021-12-06,141.69221087618186,142.4965535356968,138.82895354878866,141.80563354492188,30618000,0.0,0.0
2021-12-07,144.2241282234858,146.14040313816378,143.8586030912752,145.88136291503906,32240000,0.0,0.0
2021-12-08,146.20525307367103,146.9942539766536,145.0259839079488,146.78968811035156,24270000,0.0,0.0
2021-12-09,146.19978856816275,147.69456716893538,145.72827747091617,146.24684143066406,23270000,0.0,0.0
2021-12-10,147.29836288030972,147.57324356030594,145.32117483729272,146.6064453125,24458000,0.0,0.0
2021-12-13,146.3885244478636,146.57525468402127,144.145872243766,144.45196533203125,27070000,0.0,0.0
2021-12-14,142.6109361906856,143.11810346460078,139.88388049756273,142.55050659179688,38446000,0.0,0.0
2021-12-15,142.05720547693662,145.33798264479324,140.342519317884,145.0606231689453,36370000,0.0,0.0
2021-12-16,145.78326939220364,146.2849953541412,142.25335200656264,143.08346557617188,33650000,0.0,0.0
2021-12-17,141.1568032286509,142.47872745262327,139.9681173823491,140.3891143798828,50416000,0.0,0.0
2021-12-20,138.6803545036419,140.43813355928052,138.0077539378615,140.27220153808594,27192000,0.0,0.0
2021-12-21,140.71448653862208,142.51287937524026,139.1781115016759,142.1201171875,28756000,0.0,0.0
2021-12-22,141.71896161480515,145.1191022977237,141.71896161480515,145.03489685058594,26322000,0.0,0.0
2021-12-23,145.11909928211776,146.84616490784407,145.07154761613486,145.53167724609375,26384000,0.0,0.0
2021-12-27,145.8679480552697,146.9456899272966,145.7822613566382,146.51231384277344,15976000,0.0,0.0
2021-12-28,146.83871638730724,146.90112605445645,144.67779110911528,145.3043212890625,18200000,0.0,0.0
2021-12-29,145.26224494958964,146.02747009567088,144.27464849276222,145.27264404296875,17788000,0.0,0.0
2021-12-30,145.31123563175535,145.91152614550924,144.6183357770026,144.8223876953125,15688000,0.0,0.0
2021-12-31,144.67336981529198,145.31575575463418,143.48666381835938,143.48666381835938,18136000,0.0,0.0
2022-01-03,143.6877255099792,144.47622772983613,142.35837972175685,143.6248321533203,28646000,0.0,0.0
2022-01-04,144.025488639684,145.10422816379875,142.3618304239217,143.03839111328125,28400000,0.0,0.0
2022-01-05,143.0587024090049,143.13745135306127,136.3901632285162,136.47633361816406,54618000,0.0,0.0
2022-01-06,135.7071485529665,138.62091962175828,135.27129360084805,136.44908142089844,37348000,0.0,0.0
2022-01-07,136.8433516114243,137.1435045219938,134.48677792389836,135.72549438476562,29760000,0.0,0.0
2022-01-10,133.8047579348391,137.51099140949978,131.90929663777965,137.36239624023438,44408000,0.0,0.0
2022-01-11,136.7061624010073,138.89434020648147,135.40405384594243,138.41885375976562,28730000,0.0,0.0
2022-01-12,139.8195080404844,141.26377260922706,139.36831139738393,140.0973663330078,26108000,0.0,0.0
2022-01-13,140.20583825361632,141.50350289892143,137.10435430356105,137.2806854248047,31436000,0.0,0.0
2022-01-14,135.7869032841477,139.41538580331004,135.70717186275306,138.165771484375,29662000,0.0,0.0
2022-01-18,134.89139796047724,135.83887907326817,134.1618443053591,134.716064453125,34872000,0.0,0.0
2022-01-19,135.2366308573954,136.659099745999,133.74284958736126,133.8428955078125,28648000,0.0,0.0
2022-01-20,134.96570256305773,136.3287393505402,131.71116467084525,132.05093383789062,29908000,0.0,0.0
2022-01-21,131.34367390126937,133.59424596274727,128.86030124010927,129.122802734375,55652000,0.0,0.0
2022-01-24,124.79053071235748,129.96628601137778,123.32646545512321,129.571044921875,76622000,0.0,0.0
2022-01-25,127.52650408806734,128.17928897797395,125.30811164753264,125.73851013183594,46960000,0.0,0.0
2022-01-26,129.88307087009878,131.7463372318321,125.94355325697116,128.0148468017578,49130000,0.0,0.0
2022-01-27,130.0663348258986,131.4021194471858,127.71718280263595,127.78900909423828,31950000,0.0,0.0
2022-01-28,128.43685397990885,132.09951167722036,127.27392388510259,132.09405517578125,34362000,0.0,0.0
2022-01-31,132.8973869656009,134.19603402997248,130.96329190158724,134.0281219482422,39986000,0.0,0.0
2022-02-01,136.29752469047622,136.49415519096547,133.1019351922104,136.3465576171875,68644000,0.0,0.0
2022-02-02,149.82433100004454,150.11802980876558,144.15082455441086,146.60496520996094,123200000,0.0,0.0
2022-02-03,144.33208137122566,148.26416246033293,141.32072802834824,141.74122619628906,71518000,0.0,0.0
2022-02-04,142.0923982148257,143.50941059648488,139.19050728126922,141.94232177734375,57998000,0.0,0.0
2022-02-07,142.89030508807886,142.89030508807886,137.5907279348419,137.88890075683594,54974000,0.0,0.0
2022-02-08,137.71602037168682,138.6803395444201,135.7224935137273,138.0850067138672,54284000,0.0,0.0
2022-02-09,139.6347846354997,141.18107530667282,138.8655994195183,140.25735473632812,40144000,0.0,0.0
2022-02-10,138.38668335599533,140.15088662140656,136.65663990500875,137.31338500976562,39330000,0.0,0.0
2022-02-11,137.29356222530336,137.8448048052889,132.1425653416151,133.01675415039062,39958000,0.0,0.0
2022-02-14,132.0004567063391,135.0152721926865,132.0004567063391,134.24856567382812,34302000,0.0,0.0
2022-02-15,136.27376928506482,136.80670770122907,134.54126220495533,135.3208465576172,26680000,0.0,0.0
2022-02-16,135.3584787799004,136.78440905997775,133.65221132320895,136.439697265625,25022000,0.0,0.0
2022-02-17,134.95873761606103,135.8210307477364,131.22972679175865,131.28965759277344,38950000,0.0,0.0
2022-02-18,132.20894242873914,132.80627055380495,128.96927736418834,129.173828125,45620000,0.0,0.0
2022-02-22,128.61414903757367,130.93456750573523,127.01486532309565,128.5898895263672,44990000,0.0,0.0
2022-02-23,130.40757990733792,130.80628231511255,126.32542227304695,126.3853530883789,32786000,0.0,0.0
2022-02-24,123.77569929866215,131.746354920063,123.77569929866215,131.4402618408203,54456000,0.0,0.0
2022-02-25,132.29314574757424,133.9964355070235,130.50961066397696,133.1920928955078,36406000,0.0,0.0
2022-02-28,131.79588020023658,134.47190837481307,131.34268834077528,133.78396606445312,38864000,0.0,0.0
2022-03-01,133.6071366345848,134.9711560163724,131.9627951950794,132.79783630371094,26496000,0.0,0.0
2022-03-02,133.35902551510424,133.98753587900154,131.81719355199346,133.3030548095703,23520000,0.0,0.0
2022-03-03,134.7279858951449,135.15344184945275,131.77162022031976,132.63739013671875,24604000,0.0,0.0
2022-03-04,131.67451892195976,132.5898052248612,129.10892100654087,130.6631317138672,30430000,0.0,0.0
2022-03-07,130.2486062137015,130.4932720771041,125.10454686818073,125.18726348876953,45112000,0.0,0.0
2022-03-08,125.05996493303867,130.01283483137684,124.48988912406125,125.90641021728516,40428000,0.0,0.0
2022-03-09,130.01284022199468,132.47491606181063,128.67605804169412,132.16238403320312,37026000,0.0,0.0
2022-03-10,130.02868267785485,132.01577069786407,129.6785144341432,131.18121337890625,27102000,0.0,0.0
2022-03-11,132.23024024414997,132.53435325187561,128.4096014176675,128.64634704589844,31526000,0.0,0.0
2022-03-14,129.02226764588673,129.17976553119664,124.09416334902737,124.76378631591797,38812000,0.0,0.0
2022-03-15,125.77910826853733,128.63048464416707,124.53544196299677,127.98016357421875,30920000,0.0,0.0
2022-03-16,129.50071256727477,132.07619590093205,127.52104583130303,132.02420043945312,35576000,0.0,0.0
2022-03-17,131.89392469445764,132.81664753613904,130.93900699221336,132.57742309570312,28264000,0.0,0.0
2022-03-18,132.16683250009095,134.9597594793248,131.01182292044092,134.84237670898438,44566000,0.0,0.0
2022-03-21,134.8800155945873,135.75816449036662,132.82853776609664,134.818603515625,26832000,0.0,0.0
2022-03-22,134.81862924241636,139.72048699983432,134.81862924241636,138.54962158203125,35496000,0.0,0.0
2022-03-23,137.39506864290857,138.27271864480082,136.53575308435217,136.9720916748047,25154000,0.0,0.0
2022-03-24,137.88789810464644,140.28410290416335,136.45206761789734,140.237548828125,26396000,0.0,0.0
2022-03-25,140.5783217372553,140.69620332619124,138.42035860706088,140.33761596679688,24126000,0.0,0.0
2022-03-28,139.57233977557286,140.6639570499915,138.49360044410443,140.1221160888672,35050000,0.0,0.0
2022-03-29,141.30293691846396,142.43813105872172,140.6996685369401,141.16226196289062,34318000,0.0,0.0
2022-03-30,141.11718519835287,141.37522780253792,140.26529091446844,140.60060119628906,19884000,0.0,0.0
2022-03-31,140.71400046777697,140.7684898968639,137.71405887609035,137.75665283203125,37524000,0.0,0.0
2022-04-01,138.18507141556094,139.1469118661108,137.0038070973183,138.82943725585938,25942000,0.0,0.0
2022-04-04,139.03547918185924,142.35736929122916,138.98792752091472,141.62384033203125,25942000,0.0,0.0
2022-04-05,141.5223358074646,141.64268113011158,139.05927727293317,139.26580810546875,21418000,0.0,0.0
2022-04-06,137.44214998977517,138.04689956099944,134.2396223803811,135.2609100341797,32468000,0.0,0.0
2022-04-07,134.72796554964043,135.87159364235194,132.96226616904812,134.6076202392578,26234000,0.0,0.0
2022-04-08,134.30547574358152,134.39116244363444,131.71215695928404,132.0311279296875,25142000,0.0,0.0
2022-04-11,130.5809134435322,130.84737502794047,127.45565415702946,127.60919189453125,36884000,0.0,0.0
2022-04-12,130.35953900322713,130.35953900322713,125.59388309325452,126.51065826416016,32710000,0.0,0.0
2022-04-13,126.7934873559408,129.1054869891877,126.53692599863578,128.6696319580078,27928000,0.0,0.0
2022-04-14,129.24961528064816,129.24961528064816,125.40766436187617,125.53545379638672,31598000,0.0,0.0
2022-04-18,125.80290070747127,127.00396566233613,124.99261037205467,126.4730224609375,20808000,0.0,0.0
2022-04-19,126.48789370567695,129.1044900573134,125.80241508106144,128.78355407714844,26490000,0.0,0.0
2022-04-20,129.65820601853372,130.16043076840108,126.29818081475312,126.83308410644531,31696000,0.0,0.0
2022-04-21,128.03169266207186,128.87219024780205,123.35271317406067,123.63800048828125,36446000,0.0,0.0
2022-04-22,123.82174859752627,124.21995976423477,117.8040146386784,118.5078125,56884000,0.0,0.0
2022-04-25,117.9783448116081,122.1154753014406,117.39390981440351,121.91389465332031,46128000,0.0,0.0
2022-04-26,121.14175631057378,121.35522489023224,117.39391885369488,117.53160858154297,73054000,0.0,0.0
2022-04-27,113.39051664375937,116.13688235648152,111.67385763846296,113.21717071533203,91820000,0.0,0.0
2022-04-28,115.31767859411205,118.52168744721978,113.03935526290716,117.40531158447266,48884000,0.0,0.0
2022-04-29,115.63415406821377,116.80848059659873,112.7416798928777,113.03389739990234,42676000,0.0,0.0
2022-05-02,112.33603962239242,115.64505184129835,111.53862727592032,115.48408508300781,35534000,0.0,0.0
2022-05-03,115.33303263982113,117.32557749707244,114.94076917028259,116.22801971435547,24968000,0.0,0.0
2022-05-04,115.92835986523224,121.69647018478724,114.03091100326057,121.10856628417969,49916000,0.0,0.0
2022-05-05,119.07096543975983,119.8980938644429,113.92146466993306,115.4073257446289,45840000,0.0,0.0
2022-05-06,114.09877271953016,116.46327388916288,112.94079298131821,114.65547180175781,39710000,0.0,0.0
2022-05-09,112.1824948860931,113.99227685907525,110.94477629686784,111.4504623413086,40802000,0.0,0.0
2022-05-10,114.41872804342833,115.15422955384565,111.83629934235512,113.31671142578125,39900000,0.0,0.0
2022-05-11,112.16913744806907,115.26765131886637,112.16913744806907,112.53168487548828,37534000,0.0,0.0
2022-05-12,110.32766589353677,113.21766151040819,108.78930297233798,111.78034210205078,53836000,0.0,0.0
2022-05-13,113.45340618375492,116.76390724826179,112.53415970229025,114.95660400390625,35038000,0.0,0.0
2022-05-16,113.87191988539708,115.07497235412629,112.81597375263632,113.3662338256836,25990000,0.0,0.0
2022-05-17,115.73916596158637,115.79810674936266,113.78724265802168,115.37512969970703,23054000,0.0,0.0
2022-05-18,113.91600305749868,114.31223414484674,110.50396737393191,110.8447265625,35126000,0.0,0.0
2022-05-19,110.38114026738668,111.94476004054836,108.96313044588939,109.34351348876953,34144000,0.0,0.0
2022-05-20,110.89574757041693,111.12606177172583,104.79926453382097,107.88143157958984,48962000,0.0,0.0
2022-05-23,108.55452759041016,111.09039456188339,107.71600254425863,110.4371109008789,37184000,0.0,0.0
2022-05-24,104.77499103421867,105.4550205953626,100.92413026723496,104.97112274169922,76780000,0.0,0.0
2022-05-25,103.99590668358864,105.49613450260898,102.87755077701198,104.80768585205078,40258000,0.0,0.0
2022-05-26,104.6808904254116,107.62536770750384,104.23314753165975,106.77645111083984,37948000,0.0,0.0
2022-05-27,108.45101725108991,111.25929369416936,108.1097592407956,111.25780487060547,37914000,0.0,0.0
2022-05-31,111.68374363227105,114.64407635149765,111.02204096124585,112.6896743774414,50012000,0.0,0.0
2022-06-01,113.77237869617002,115.99770128554901,112.18250412043044,112.81845092773438,36606000,0.0,0.0
2022-06-02,112.92543446799303,116.78817573341432,111.88186743338352,116.51378631591797,37992000,0.0,0.0
2022-06-03,114.96849990205233,115.2250612395035,112.4484808055199,113.46134185791016,26136000,0.0,0.0
2022-06-06,115.60444124136708,118.22203484000119,115.06903914035705,115.71935272216797,33542000,0.0,0.0
2022-06-07,114.39198315815538,116.58164964382146,113.96752484797211,116.04524993896484,31590000,0.0,0.0
2022-06-08,115.66091419510431,117.45286840813779,115.50093744683771,116.08934020996094,26108000,0.0,0.0
2022-06-09,115.23099254159975,117.18391328926909,113.69411860375493,113.75305938720703,25798000,0.0,0.0
2022-06-10,111.38510337775645,112.21124180702164,109.32569748430883,110.11370086669922,41452000,0.0,0.0
2022-06-13,105.77993182097117,107.76603001416353,105.11872789354983,105.3896484375,47252000,0.0,0.0
2022-06-14,105.53080749276522,106.90720599069174,104.8027349790205,105.70960235595703,33706000,0.0,0.0
2022-06-15,107.52184819954677,110.37321720506895,106.6546047522059,108.7298583984375,39698000,0.0,0.0
2022-06-16,106.21034141935115,107.62438376681095,104.14697548134566,105.0340347290039,51684000,0.0,0.0
2022-06-17,105.03403005332456,107.67490072923101,104.05583519453621,106.1335678100586,51376000,0.0,0.0
2022-06-21,107.90272658856365,111.42917514346335,107.57633415067775,110.49258422851562,47416000,0.0,0.0
2022-06-22,109.51440602670822,112.27810104636315,109.34204257046585,110.43663024902344,30774000,0.0,0.0
2022-06-23,111.17359901614837,111.67978387662868,109.45892028477276,111.18399810791016,28362000,0.0,0.0
2022-06-24,111.92992136699813,116.96599964840753,111.88781864312742,116.86297607421875,41164000,0.0,0.0
2022-06-27,117.15815754971578,117.46176417834405,114.0938111747087,114.74165344238281,36420000,0.0,0.0
2022-06-28,114.71093996164035,116.20373868185764,110.79371689299163,110.95171356201172,35792000,0.0,0.0
2022-06-29,110.50051652384064,112.0938524988512,109.82741711494367,110.64860534667969,24716000,0.0,0.0
2022-06-30,108.96312546745911,109.84275554582051,105.74376039682963,107.93589782714844,43170000,0.0,0.0
2022-07-01,106.91562613688178,108.22021347289117,105.72446146275112,107.7125473022461,35476000,0.0,0.0
2022-07-05,106.09097773944877,112.3083126633725,104.7348786039733,112.19538879394531,39342000,0.0,0.0
2022-07-06,112.23402443600865,114.49996109393334,110.42523220637499,113.49205017089844,37432000,0.0,0.0
2022-07-07,113.99525457205867,118.06601541008106,113.75107996208602,117.66334533691406,40936000,0.0,0.0
2022-07-08,116.14480464976064,118.55684998677997,115.7995865179468,118.22847747802734,38238000,0.0,0.0
2022-07-11,116.88574836577106,116.88574836577106,114.24338897628644,114.58612823486328,31196000,0.0,0.0
2022-07-12,115.1195582947248,115.87140665042774,112.61836489266997,112.94574737548828,29960000,0.0,0.0
2022-07-13,110.64809930840663,113.11958408095617,110.15331111772146,110.30387878417969,43722000,0.0,0.0
2022-07-14,109.17166113070019,110.04584240505243,107.35147984912258,109.32717895507812,37004000,0.0,0.0
2022-07-15,110.94479736923233,112.07405123227751,109.85466858314359,110.72389221191406,46770000,0.0,0.0
2022-07-18,111.57825390635203,112.60845176541036,107.34850628382924,108.00228118896484,43164600,0.0,20.0
2022-07-19,109.80513015974967,112.94524803380152,108.52728874896475,112.73722839355469,36530900,0.0,0.0
2022-07-20,112.10325553773596,114.31223883911534,111.41976463040918,112.82637786865234,35600400,0.0,0.0
2022-07-21,113.20279027118345,113.47024947099275,110.06267265031975,113.26222229003906,32676200,0.0,0.0
2022-07-22,109.95371241453788,111.28107792780779,105.49612947881336,106.8829345703125,48901200,0.0,0.0
2022-07-25,107.38813835101456,108.83437558355239,105.29802646271146,106.49662017822266,34690900,0.0,0.0
2022-07-26,105.5951837606774,106.18952663157644,103.08903282410867,104.03007507324219,47991000,0.0,0.0
2022-07-27,108.23011657455983,112.83628715279444,106.99189908350105,111.99429321289062,59858500,0.0,0.0
2022-07-28,111.31080355662644,113.26222799633648,110.40937758534383,113.14336395263672,32816600,0.0,0.0
2022-07-29,112.01410659400565,115.60988739252207,111.99429088237237,115.22356414794922,37223400,0.0,0.0
2022-08-01,114.21318346288767,115.61979670741562,113.26222578696031,113.77732849121094,26034300,0.0,0.0
2022-08-02,112.92543862061498,115.25328606314042,112.64807910337518,114.04478454589844,20236000,0.0,0.0
2022-08-03,114.61930939856126,117.5018831842093,114.39148162513001,116.96697235107422,28499000,0.0,0.0
2022-08-04,116.37262877941384,117.66037035567156,115.78818623003248,117.07593536376953,21602900,0.0,0.0
2022-08-05,115.13442225860744,116.996698705037,114.90658690755124,116.36273193359375,19159500,0.0,0.0
2022-08-08,117.27405799513392,119.01747039195752,115.77828910409572,116.1943359375,19138300,0.0,0.0
2022-08-09,116.03583449031639,116.21413810759837,114.6193134078761,115.5306396484375,19086500,0.0,0.0
2022-08-10,117.66037481224664,119.78020250101322,117.29386728055461,118.57170104980469,30930400,0.0,0.0
2022-08-11,120.1368212493172,120.34484089581902,117.44245858656527,117.71981811523438,24293700,0.0,0.0
2022-08-12,119.1264296615191,120.53304290771484,118.33396744979994,120.53304290771484,19096300,0.0,0.0
2022-08-15,119.98822567992796,121.14720300149365,119.47313052616087,120.92927551269531,19494800,0.0,0.0
2022-08-16,120.37453758136715,121.27596346229039,119.50283526586922,120.55284118652344,19041200,0.0,0.0
2022-08-17,118.98776077131538,120.14673062684432,118.25473051343378,118.42313385009766,22847000,0.0,0.0
2022-08-18,118.30425456881134,119.68115184104835,117.60094792710956,119.03727722167969,17987700,0.0,0.0
2022-08-19,117.93773149063666,118.02688707558907,115.65941595128955,116.10517120361328,21809500,0.0,0.0
2022-08-22,114.11411997895853,114.54006709454625,112.77684661152537,113.16316986083984,21456600,0.0,0.0
2022-08-23,112.4103430162746,113.92592005634819,112.36081129232605,112.78675842285156,15870400,0.0,0.0
2022-08-24,112.43015094510808,113.6980844778473,111.80609203500424,112.61836242675781,17734600,0.0,0.0
2022-08-25,113.1631738023058,115.61980069445303,113.03440190054245,115.55046081542969,16956800,0.0,0.0
2022-08-26,113.63866138956425,114.03489253906723,109.15136194833346,109.29994201660156,37245700,0.0,0.0
2022-08-29,108.95323774657922,109.90418792858209,107.77445976504953,108.38861083984375,21191200,0.0,0.0
2022-08-30,109.13153347611065,109.4584247030461,106.78387798216265,107.91313171386719,27513300,0.0,0.0
2022-08-31,109.60700800205056,109.80511976711223,107.11075744038901,107.19991302490234,28627000,0.0,0.0
2022-09-01,107.25935215267644,109.40889593174482,106.34802588101795,108.7055892944336,28360900,0.0,0.0
2022-09-02,109.54756736557177,109.69615496666863,106.24896192011391,106.8333969116211,24160700,0.0,0.0
2022-09-06,106.28858643846911,107.01170118012315,104.78290982238947,105.8031997680664,25068300,0.0,0.0
2022-09-07,106.05084848113617,108.94333026280533,105.89236057332785,108.41831970214844,23167000,0.0,0.0
2022-09-08,107.02162214412529,108.56691525636909,106.14991969368934,107.35841369628906,24238300,0.0,0.0
2022-09-09,108.0419087418049,109.94380905842759,107.99237701749992,109.60701751708984,23197700,0.0,0.0
2022-09-12,109.94380485678408,110.56787130626519,108.89379884747014,109.81503295898438,22966800,0.0,0.0
2022-09-13,106.78387833563288,107.2791653268789,103.10884221000528,103.33667755126953,38172900,0.0,0.0
2022-09-14,103.58432204615924,104.28762867361574,102.68290364328506,104.01026916503906,26395100,0.0,0.0
2022-09-15,103.04941765722538,104.27772736843421,101.38525294374102,101.93997955322266,34188300,0.0,0.0
2022-09-16,101.10787899994078,102.15788492935164,99.9885331989175,101.83100128173828,42797200,0.0,0.0
2022-09-19,100.79090754857049,102.3560163297047,100.59279576557026,102.09846496582031,23036800,0.0,0.0
2022-09-20,101.11777970924969,101.40504703062285,99.57247937505342,100.18663787841797,26517100,0.0,0.0
2022-09-21,100.71166392865516,101.91025764699961,98.33428464808382,98.34419250488281,31487300,0.0,0.0
2022-09-22,97.88851811864318,100.28570528054816,97.85880210913288,99.19607543945312,34298600,0.0,0.0
2022-09-23,98.69089070275186,98.72061427278281,96.55125466682168,97.80928039550781,31625400,0.0,0.0
2022-09-26,97.17530428990605,98.93852473541365,96.87813663539869,97.24464416503906,27072700,0.0,0.0
2022-09-27,98.49277900056019,99.05740591195914,95.95691182760773,96.58097076416016,30072800,0.0,0.0
2022-09-28,96.7295618837587,99.75080833888019,96.19465096558585,99.10694122314453,32466300,0.0,0.0
2022-09-29,97.71021809479579,97.71021809479579,95.05547949044494,96.50171661376953,31047200,0.0,0.0
2022-09-30,96.13521832147143,97.96777887388245,94.65925748807376,94.7484130859375,32941500,0.0,0.0
2022-10-03,95.84793642347994,98.35408727916217,95.61019323680982,97.71021270751953,27982000,0.0,0.0
2022-10-04,99.49326750352496,100.88006523212398,99.43382791695585,100.68195343017578,28850800,0.0,0.0
2022-10-05,98.88899830659031,100.96920207041116,97.86870835694118,100.47391510009766,22176900,0.0,0.0
2022-10-06,99.73099708399155,101.95978872839768,99.64184148832554,100.46401977539062,22324000,0.0,0.0
2022-10-07,98.90881723510454,99.58240789041014,97.37343199435752,97.74984741210938,27502800,0.0,0.0
2022-10-10,98.06683009651893,98.1658859891608,96.09558987026921,96.93757629394531,18225100,0.0,0.0
2022-10-11,96.51162818804231,98.31447262301143,95.40218255210743,96.26398468017578,26507100,0.0,0.0
2022-10-12,96.3828523219572,97.81918158553775,95.82812574805676,96.64039611816406,21876400,0.0,0.0
2022-10-13,94.25311840728581,98.83947334531618,93.49037218865715,98.12625885009766,34574500,0.0,0.0
2022-10-14,99.04748737926585,99.74089368039773,95.46161450854994,95.64981842041016,25410700,0.0,0.0
2022-10-17,97.92816438328333,99.97865264078459,97.89844836697597,99.02770233154297,28419200,0.0,0.0
2022-10-18,102.15789223033175,102.49469131471892,99.0276823713602,99.82013702392578,24060700,0.0,0.0
2022-10-19,99.06731807618648,100.06779247801303,97.98758837490868,98.6908950805664,23811100,0.0,0.0
2022-10-20,99.05741834785033,101.3555501512212,98.45316749132994,99.02770233154297,25323200,0.0,0.0
2022-10-21,96.92766853336371,100.35505381302936,96.79889662854987,100.17675018310547,32458700,0.0,0.0
2022-10-24,100.84043534742486,101.78147761626212,99.0375909853776,101.55364227294922,27176400,0.0,0.0
2022-10-25,101.93006943778678,103.83196976605646,101.751765809669,103.49517822265625,40611400,0.0,0.0
2022-10-26,95.5210399646223,97.38331614639972,93.79744352204752,94.0351791381836,88114100,0.0,0.0
2022-10-27,93.62905426662633,94.53048026417704,90.93469924535803,91.35073852539062,60710900,0.0,0.0
2022-10-28,91.40026565107432,95.63992899750288,91.26158588657455,95.38237762451172,43697300,0.0,0.0
2022-10-31,94.52056663945436,95.12481736726046,93.09414525818127,93.61914825439453,31675000,0.0,0.0
2022-11-01,94.55028769007764,95.12482243853582,89.5181773853351,89.61723327636719,47161400,0.0,0.0
2022-11-02,90.08280280353895,90.32053844962222,86.06106718761413,86.15022277832031,57038300,0.0,0.0
2022-11-03,85.50634332478795,85.70445509240571,82.55442961941449,82.64358520507812,61288000,0.0,0.0
2022-11-04,84.5950155815513,85.8233251451628,82.92094321259124,85.7638931274414,51124900,0.0,0.0
2022-11-07,86.45729025652912,88.06202272257539,86.03134316996938,87.6558837890625,34078900,0.0,0.0
2022-11-08,88.06201934814453,89.46863244242654,86.76436242766391,88.06201934814453,30429000,0.0,0.0
2022-11-09,87.616271304768,88.59694505123552,86.4573014852848,86.4969253540039,31769100,0.0,0.0
2022-11-10,91.38045474487578,93.50028257555145,90.74648796696232,93.05452728271484,51620100,0.0,0.0
2022-11-11,93.79747007754925,96.01635409047036,93.03472373851064,95.50125885009766,33090500,0.0,0.0
2022-11-14,94.19367711771467,95.87765743584981,93.61914994697848,94.79792785644531,30179500,0.0,0.0
2022-11-15,97.33381184067372,99.19608840231544,95.79841898384171,97.51211547851562,41640800,0.0,0.0
2022-11-16,96.97719352688098,98.7007901248497,96.71964217765083,97.9182357788086,29105200,0.0,0.0
2022-11-17,96.0559715648573,98.34419531457297,95.87766792478331,97.43286895751953,26052600,0.0,0.0
2022-11-18,97.83898502388834,97.96776447326395,95.4616136066945,96.5116195678711,28342300,0.0,0.0
2022-11-21,96.37294795051915,97.47248572459458,94.4611397769671,94.6988754272461,21647400,0.0,0.0
2022-11-22,95.0455707019559,96.30360389329707,93.16348617912884,96.13520812988281,23438500,0.0,0.0
2022-11-23,96.17483219901126,97.82909662876517,96.17483219901126,97.53192138671875,18868100,0.0,0.0
2022-11-25,97.31398252976868,97.71021362044154,96.48190404108719,96.54133605957031,9701400,0.0,0.0
2022-11-28,96.12529652150104,96.66020735865297,94.70877547797265,95.1446304321289,26237500,0.0,0.0
2022-11-29,94.82765072592701,95.21397397473142,93.22291815263816,94.29273986816406,20061700,0.0,0.0
2022-11-30,93.92622347217593,100.08759477077614,93.52999237293703,100.0380630493164,43647500,0.0,0.0
2022-12-01,100.06777905920039,101.28618836680111,99.30504042808617,100.0380630493164,28687100,0.0,0.0
2022-12-02,98.11634330339832,99.82012398472041,97.96775571373941,99.49324035644531,21480700,0.0,0.0
2022-12-05,98.46305725876209,100.42438954950684,98.0668261466735,98.54230499267578,24405100,0.0,0.0
2022-12-06,98.36399581432345,98.83946707599033,95.51113801440432,96.06586456298828,24910700,0.0,0.0
2022-12-07,95.50125782560606,95.966821329755,93.8271850867615,94.04511260986328,31045400,0.0,0.0
2022-12-08,94.48093971104322,94.67905903360328,92.56913170384522,92.8266830444336,32213300,0.0,0.0
2022-12-09,92.8861287032563,93.37151544670037,91.8757464609982,91.95499420166016,28225400,0.0,0.0
2022-12-12,91.83611517682478,92.67810157031386,90.74648528186952,92.43045806884766,29420000,0.0,0.0
2022-12-13,96.83851164366295,98.59182421305074,94.13424142996912,94.72858428955078,40593700,0.0,0.0
2022-12-14,94.30263052652263,95.95689465285044,92.71771382710223,94.17385864257812,28733600,0.0,0.0
2022-12-15,92.25215497887433,92.75734984088065,89.16156889949431,90.00355529785156,40107000,0.0,0.0
2022-12-16,89.904497198702,90.46912406913405,88.67618001312934,89.40921020507812,58011800,0.0,0.0
2022-12-19,89.40920565184058,89.70637329839354,87.37852605840477,87.60636138916016,29493000,0.0,0.0
2022-12-20,87.27947454659835,88.33938840975075,86.61579178950325,88.18089294433594,23453800,0.0,0.0
2022-12-21,88.24033160326711,89.36958533140333,87.48749326534973,88.7356185913086,24745600,0.0,0.0
2022-12-22,87.32901618522953,87.70543162211254,85.50635591339253,86.93278503417969,27658300,0.0,0.0
2022-12-23,86.28891143781672,88.70591468772304,86.24928756646801,88.38893127441406,23003000,0.0,0.0
2022-12-27,87.96296650718489,88.101646250422,86.18983829581997,86.56625366210938,20097300,0.0,0.0
2022-12-28,86.16011740434456,87.21012327433716,85.12991968620067,85.20915985107422,19523200,0.0,0.0
2022-12-29,85.80351972764441,88.01249544149027,85.79361187188182,87.61626434326172,23333500,0.0,0.0
2022-12-30,86.16012846707217,87.46768582385727,85.75398950597845,87.39834594726562,23986300,0.0,0.0
2023-01-03,88.74550874076952,90.19175323104062,87.68559500987139,88.27994537353516,28131200,0.0,0.0
2023-01-04,89.49835541423235,89.7955306240279,86.4473858159188,87.249755859375,34854800,0.0,0.0
2023-01-05,86.64550724695111,86.74456313346334,85.09030640052188,85.3874740600586,27194400,0.0,0.0
2023-01-06,85.97192008580211,86.8634382151229,84.06011192527862,86.51673126220703,41381500,0.0,0.0
2023-01-09,87.52711431751243,89.20118670166892,87.03182734539318,87.19031524658203,29003900,0.0,0.0
2023-01-10,85.1695525248776,87.8341913419079,85.02096491917445,87.5865478515625,30467800,0.0,0.0
2023-01-11,88.33938629940864,90.73657347544317,88.17099053953802,90.6573257446289,26862000,0.0,0.0
2023-01-12,90.61771066077036,91.00403390685888,88.9040143567913,90.27100372314453,30258100,0.0,0.0
2023-01-13,89.99363774602796,91.32101070844415,89.28042332532422,91.25167083740234,26329200,0.0,0.0
2023-01-17,91.19221999354029,91.38043143059795,89.20117213220912,90.42948150634766,32602400,0.0,0.0
2023-01-18,91.27149829926222,91.92528084237877,89.78563712761265,90.26111602783203,29116700,0.0,0.0
2023-01-19,89.86487339203985,92.72763161249016,89.77571780323882,92.17291259765625,37000400,0.0,0.0
2023-01-20,94.20360219834174,97.37344408163676,94.1243544508261,97.09607696533203,63191100,0.0,0.0
2023-01-23,97.02672040094633,99.09702399348039,96.58096512336888,98.84938049316406,40005100,0.0,0.0
2023-01-24,97.17530672932803,98.6710755675798,96.28378862846672,96.7790756225586,33078500,0.0,0.0
2023-01-25,94.669163401654,95.25360603181933,92.87622675649058,94.32246398925781,42330000,0.0,0.0
2023-01-26,95.59038693126605,96.65030076385241,94.48094137779603,96.60076904296875,30114000,0.0,0.0
2023-01-27,96.39275438266596,99.37438426539468,96.39275438266596,98.43334197998047,33879800,0.0,0.0
2023-01-30,96.56114830739395,97.36351075805584,95.49132666819197,96.02623748779297,27226200,0.0,0.0
2023-01-31,95.95690834730202,97.94795669253232,95.9073766231504,97.90833282470703,29870700,0.0,0.0
2023-02-01,97.77956407707593,100.23619105914219,96.66021811544799,99.48335266113281,35531100,0.0,0.0
2023-02-02,104.80273309148161,106.83340527382167,104.61452161152837,106.72444152832031,69883800,0.0,0.0
2023-02-03,101.9597827400415,106.79378116863643,101.61308334943693,103.79234313964844,65309300,0.0,0.0
2023-02-06,101.43478954816082,103.37631388102743,100.91968678297297,101.9300765991211,31999600,0.0,0.0
2023-02-07,102.2470463384407,107.1602923201408,102.14799045298909,106.62538146972656,49010200,0.0,0.0
2023-02-08,101.08808062599397,102.16780266804861,97.11587673441662,98.43334197998047,94743500,0.0,0.0
2023-02-09,99.05738716249405,99.08710316944618,92.7474288795508,94.11442565917969,119455000,0.0,0.0
2023-02-10,94.55028362184048,95.83803282228948,93.36159786564117,93.67858123779297,54980700,0.0,0.0
2023-02-13,93.84697257457299,94.30263567820646,92.95545452073385,93.71820068359375,50076100,0.0,0.0
2023-02-14,93.5399083660003,93.95594765552765,91.3903644792954,93.78755187988281,54726100,0.0,0.0
2023-02-15,93.59932686789149,96.20454109432663,93.26253536526079,96.02623748779297,50169000,0.0,0.0
2023-02-16,94.47103857692892,96.7592619405205,93.84697216323715,94.6097183227539,42462600,0.0,0.0
2023-02-17,93.95594221146911,94.65924884324633,92.33140145912851,93.46065521240234,34284100,0.0,0.0
2023-02-21,92.1233753458433,92.22243122719243,90.85544192662408,90.9247817993164,33629300,0.0,0.0
2023-02-22,90.83561882343186,91.24175772863377,89.75589695688203,90.78609466552734,30884000,0.0,0.0
2023-02-23,91.05356181773953,91.07337753026592,88.9139258711701,90.03327178955078,41206400,0.0,0.0
2023-02-24,88.59693902936208,89.04269429656404,87.7450448035044,88.28985595703125,36585100,0.0,0.0
2023-02-27,89.02288818359375,89.31015555075885,88.49787761482176,89.02288818359375,27502300,0.0,0.0
2023-02-28,88.48798288330664,90.37007511496472,88.47807502657972,89.21109771728516,30142000,0.0,0.0
2023-03-01,89.13186244897841,90.17196073822713,88.82477933335956,89.5082778930664,31111200,0.0,0.0
2023-03-02,88.81486541779114,91.41016437188449,88.74551798499179,91.13280487060547,32204400,0.0,0.0
2023-03-03,91.60828037666724,92.8464977892345,91.578556810483,92.76725006103516,35160100,0.0,0.0
2023-03-06,93.13375400124997,95.06537762515192,93.1139458487006,94.23329162597656,32639300,0.0,0.0
2023-03-07,94.08472641631292,94.76821737043342,92.64838951204187,92.97528076171875,27835500,0.0,0.0
2023-03-08,93.23282326049596,95.05547570805707,93.11395166533696,93.3615951538086,34103300,0.0,0.0
2023-03-09,93.16348729195221,94.62953257298054,91.0337516903099,91.44979095458984,28813500,0.0,0.0
2023-03-10,91.3011957932537,91.91535434031455,89.54788329165427,89.77571105957031,35941000,0.0,0.0
2023-03-13,89.24080055798404,91.6974271975187,88.57711784736642,90.25119018554688,37335600,0.0,0.0
2023-03-14,91.68753826494398,93.47057470658375,91.56867420715518,93.0842514038086,36050200,0.0,0.0
2023-03-15,92.3413126902805,96.01634145078066,91.76677793656864,95.20407104492188,50622100,0.0,0.0
2023-03-16,95.29320715808248,100.23617641239431,94.59980844378984,99.37437438964844,65492000,0.0,0.0
2023-03-17,99.31494349581332,101.87061846985974,99.15644804076712,100.66212463378906,61028500,0.0,0.0
2023-03-20,99.17627733608008,100.79091032876192,98.9286338217588,100.26590728759766,32960400,0.0,0.0
2023-03-21,100.29561786462173,104.10932626699038,100.26590185371047,103.93102264404297,42110300,0.0,0.0
2023-03-22,103.28714806980601,105.5852794567427,102.35601364515021,102.39563751220703,43427400,0.0,0.0
2023-03-23,104.06969579353225,105.29801292140883,103.47535294059679,104.60460662841797,40797800,0.0,0.0
2023-03-24,104.00036599422383,104.49565301256042,102.86120434055363,104.44612884521484,30393300,0.0,0.0
2023-03-27,103.63384492804329,103.77252467050126,100.96919869835409,101.49420166015625,31120900,0.0,0.0
2023-03-28,101.474403093689,101.48430339231476,98.79984875616225,100.07769012451172,32057900,0.0,0.0
2023-03-29,101.31590589564402,101.52392552543023,99.70127302207695,100.43429565429688,28779600,0.0,0.0
2023-03-30,99.95882633237822,100.20646983328197,98.83947287150617,99.93901062011719,33086200,0.0,0.0
2023-03-31,100.34514795022433,102.91073095009241,100.08759659739673,102.75224304199219,36863400,0.0,0.0
2023-04-03,101.42487261118261,103.54470039492068,100.96920947198919,103.37630462646484,25035400,0.0,0.0
2023-04-04,103.34658690208836,104.5848043981141,103.05931953611281,103.73291015625,24420100,0.0,0.0
2023-04-05,104.78290171879074,105.09988505174357,102.6828899720327,103.4852523803711,28290500,0.0,0.0
2023-04-06,104.26783058433419,108.14097133723756,103.34659638050103,107.39804077148438,48711500,0.0,0.0
2023-04-10,105.97160978014296,106.57585296689001,104.12914153667725,105.43669891357422,27067400,0.0,0.0
2023-04-11,105.54566510200387,105.72396872832205,103.69328895955833,104.35697174072266,26311800,0.0,0.0
2023-04-12,105.57537185911791,105.74376761435744,103.35648080221837,103.65365600585938,24370300,0.0,0.0
2023-04-13,104.84234942454029,106.47679804994421,104.84234942454029,106.41736602783203,24843600,0.0,0.0
2023-04-14,105.8824559006008,107.9131356551454,105.83292417683923,107.84379577636719,26578000,0.0,0.0
2023-04-17,103.67347328496217,105.15933421068411,103.53478597901366,104.97112274169922,37571200,0.0,0.0
2023-04-18,105.48622429630001,105.53575601983307,103.08903700390688,103.51498413085938,26596400,0.0,0.0
2023-04-19,102.60366275289918,103.9904679457502,102.09846786716825,103.19800567626953,20905700,0.0,0.0
2023-04-20,102.93054933979316,105.24848890310409,102.89092547236734,104.29753875732422,27820800,0.0,0.0
2023-04-21,104.47584437704927,105.00084740487684,103.79234587649182,104.41641235351562,25800100,0.0,0.0
2023-04-24,104.49564392017723,105.62489761912755,103.71308959239947,104.97112274169922,23542800,0.0,0.0
2023-04-25,104.83245664076307,105.68435095367855,102.86120878129468,102.8711166381836,46664100,0.0,0.0
2023-04-26,103.93102314766244,105.3475442819754,101.66260776152602,102.73242950439453,53347600,0.0,0.0
2023-04-27,103.46545713822148,107.34851318187737,102.56403867704657,106.57585906982422,50089200,0.0,0.0
2023-04-28,106.03102604338643,106.33810151916654,104.09940249716382,106.32819366455078,36139800,0.0,0.0
2023-05-01,105.83291457177599,106.9720760975855,105.81310641855707,106.18952178955078,26681700,0.0,0.0
2023-05-02,106.13009965906194,106.18953168173442,102.7324304758186,104.32725524902344,30997200,0.0,0.0
2023-05-03,104.53527640058293,106.47680059664341,103.97064950457289,104.41641235351562,21795400,0.0,0.0
2023-05-04,104.49564832384382,104.6046120675871,102.98997918095117,103.70319366455078,23419500,0.0,0.0
2023-05-05,103.83196725980174,104.88197329032847,103.1286606207244,104.57489776611328,26639300,0.0,0.0
2023-05-08,104.18857495479786,106.94236950082018,104.16876679983567,106.75415802001953,26511400,0.0,0.0
2023-05-09,107.36832509756348,109.11173761347172,106.17963921159183,106.33812713623047,36360100,0.0,0.0
2023-05-10,106.95227165556445,111.87542544527842,106.91264779027239,110.69664001464844,63153400,0.0,0.0
2023-05-11,114.31224449393545,116.80848772250684,113.33157832101242,115.4712142944336,78900000,0.0,0.0
2023-05-12,115.58017315602966,116.91744652756881,115.01554628549181,116.40235137939453,41102300,0.0,0.0
2023-05-15,115.01554258790955,117.3632055833455,114.91648670384667,115.41177368164062,36266800,0.0,0.0
2023-05-16,115.39195403994484,119.61180106311025,115.33252202302734,118.38349151611328,45035600,0.0,0.0
2023-05-17,118.48255646699654,120.52313648382196,117.76934197947081,119.70095825195312,33323600,0.0,0.0
2023-05-18,119.80991915569436,122.14767433938904,119.69105511557814,121.67220306396484,35234200,0.0,0.0
2023-05-19,122.38542149832001,124.78260877971135,120.99861637803845,121.60286712646484,41353400,0.0,0.0
2023-05-22,121.78116519300131,125.23826620106013,121.5830458662985,123.87127685546875,35253000,0.0,0.0
2023-05-23,122.98967918409565,123.45524264502252,121.05805522841555,121.40475463867188,34046300,0.0,0.0
2023-05-24,119.97832635531356,120.76088072713313,118.73020099136893,119.7603988647461,34182600,0.0,0.0
2023-05-25,123.34626847305567,124.1387306788188,120.81040150658113,122.31607818603516,42317000,0.0,0.0
2023-05-26,122.00898830748302,124.07929173687269,121.29577387357804,123.43541717529297,35635900,0.0,0.0
2023-05-30,124.45571200504449,124.47552771647686,120.85002338726862,122.50428009033203,35076700,0.0,0.0
2023-05-31,121.59296616037301,122.89061576373155,121.34532264477143,121.71183776855469,37325800,0.0,0.0
2023-06-01,121.66229205446838,123.2472088605985,121.46418028775692,122.5538101196289,30772700,0.0,0.0
2023-06-02,122.8212671711218,124.96091062176546,122.59343938511499,123.49485778808594,26980100,0.0,0.0
2023-06-05,122.84107954751497,126.22884069489605,122.67267622973692,124.82222747802734,32305500,0.0,0.0
2023-06-06,124.82223601376286,127.08073604231397,124.17836138082025,126.10997772216797,26638300,0.0,0.0
2023-06-07,125.7731809795302,127.82366128329055,120.9688986295934,121.3453140258789,52539000,0.0,0.0
2023-06-08,121.07786408652909,122.06843809259337,120.0971903791399,120.98870849609375,29389200,0.0,0.0
2023-06-09,121.09766612502108,122.59343491472501,120.76087460756005,121.0778579711914,23778300,0.0,0.0
2023-06-12,121.63258482252455,122.88071020381717,120.51323890061894,122.47457122802734,28306400,0.0,0.0
2023-06-13,123.80195007836575,123.9802537125225,122.01891373679837,122.66278839111328,22278300,0.0,0.0
2023-06-14,121.9396532341825,122.88070303275143,120.30520468507189,122.50428009033203,30592300,0.0,0.0
2023-06-15,121.97928005124778,124.27741139684176,121.2462574175831,123.91089630126953,35246300,0.0,0.0
2023-06-16,124.742979611465,124.92128322731656,122.11795709489255,122.3656005859375,45535600,0.0,0.0
2023-06-20,121.77126335074871,123.39580412253898,120.98870897595658,121.93965911865234,26097500,0.0,0.0
2023-06-21,121.24625664021467,121.50380799105953,118.96793346366026,119.4136962890625,30306300,0.0,0.0
2023-06-22,118.86887211406463,122.07832954505015,117.70990242474754,121.98918151855469,26952200,0.0,0.0
2023-06-23,120.23587840892145,121.63259148117145,119.91889500746818,121.18682861328125,34913600,0.0,0.0
2023-06-26,119.62172031459276,120.85002997860882,117.1551855728241,117.22452545166016,33969900,0.0,0.0
2023-06-27,115.97640500533596,117.95755299289218,115.00563916614229,117.2146224975586,39535900,0.0,0.0
2023-06-28,115.98630267450676,119.25519980286133,115.74856703748377,119.04718017578125,27091400,0.0,0.0
2023-06-29,118.11604334382326,118.9283137332142,117.18490890950874,117.97736358642578,24090900,0.0,0.0
2023-06-30,119.03727202436663,119.93869796362138,118.5618007515014,118.57170104980469,29532200,0.0,0.0
2023-07-03,118.11604630300786,119.05709617461561,117.7000070203923,118.76982879638672,14467900,0.0,0.0
2023-07-05,118.11603610569972,121.45427304986976,118.10613580754944,120.60237884521484,27584800,0.0,0.0
2023-07-06,118.67076110569717,119.16604807599226,117.28395607737501,118.97783660888672,24745200,0.0,0.0
2023-07-07,118.96793368564964,119.90898350271272,118.27453492148081,118.3537826538086,21709500,0.0,0.0
2023-07-10,117.1849086668048,117.19480896554128,115.04526517285233,115.35234069824219,35315200,0.0,0.0
2023-07-11,115.19384889567219,116.60046213170129,114.2627069372542,116.03583526611328,23078800,0.0,0.0
2023-07-12,117.6802033104753,119.1957804383142,117.2938800252411,117.80897521972656,30404400,0.0,0.0
2023-07-13,119.7901086563636,123.65334859158274,119.31462983276822,123.36608123779297,44297900,0.0,0.0
2023-07-14,123.62362672387462,125.58495882924838,122.32596976549266,124.23777770996094,33283100,0.0,0.0
2023-07-17,124.7528855515559,125.90194740247068,123.02928143896453,123.47504425048828,25716200,0.0,0.0
2023-07-18,123.4255157057774,123.50476343752902,121.80097499226719,122.59343719482422,26193600,0.0,0.0
2023-07-19,123.4255126020401,124.00004730657234,120.65191007779664,120.8797378540039,37224000,0.0,0.0
2023-07-20,120.27549147201748,122.92032219876853,117.10565774229482,118.076416015625,37906800,0.0,0.0
2023-07-21,119.48303757466915,119.84954511473477,117.61085333534434,118.88868713378906,72937900,0.0,0.0
2023-07-24,120.51323227212808,121.84059775832779,119.83964167327879,120.38445281982422,29686100,0.0,0.0
2023-07-25,120.21605049101268,121.98917869930011,119.87925143125057,121.05803680419922,52509600,0.0,0.0
2023-07-26,128.84397594722074,129.7453868594028,127.11047133269726,128.051513671875,61682100,0.0,0.0
2023-07-27,130.4288745072281,131.98408291547318,127.57601659985137,128.18026733398438,44952100,0.0,0.0
2023-07-28,129.54727072583006,132.47937651181306,129.3392586434395,131.33030700683594,36591200,0.0,0.0
2023-07-31,131.47889444011693,132.27135673334078,130.53785207970907,131.468994140625,28055500,0.0,0.0
2023-08-01,129.54728177411607,131.3798499360139,129.4482183164605,130.31002807617188,23166800,0.0,0.0
2023-08-02,128.22982072659042,128.86378757815055,126.35763618722048,127.16991424560547,26273300,0.0,0.0
2023-08-03,126.76374840615887,128.17036158821978,126.21892971575811,127.23921966552734,20089500,0.0,0.0
2023-08-04,128.0614204630477,130.27039650877546,126.70433876138416,126.90245056152344,26147200,0.0,0.0
2023-08-07,127.94255118761124,130.36945464899543,127.80387142167389,130.2902069091797,22746300,0.0,0.0
2023-08-08,129.38879135617893,130.27040174998604,128.3189694544306,130.16143798828125,23535200,0.0,0.0
2023-08-09,130.4189683106613,130.79537612894666,127.78403800787017,128.4378204345703,24912900,0.0,0.0
2023-08-10,130.08220046399103,130.80531533812552,128.22981658468657,128.46755981445312,20857800,0.0,0.0
2023-08-11,127.44724985423152,128.70526790592254,126.96186317041614,128.33876037597656,19591100,0.0,0.0
2023-08-14,128.170370790581,130.13170310188443,127.7444312206599,130.0920867919922,24695600,0.0,0.0
2023-08-15,129.86425127440808,130.18122707956528,128.06139942490483,128.5566864013672,19770700,0.0,0.0
2023-08-16,127.48686218261719,129.05197081090222,126.66469156172764,127.48686218261719,25216100,0.0,0.0
2023-08-17,128.57652473546727,130.74588449246144,128.0713222570123,128.6953887939453,33446300,0.0,0.0
2023-08-18,127.2986660305744,128.03169627072486,125.18874601968783,126.2585678100586,30504800,0.0,0.0
2023-08-21,125.98119528293358,127.51658037118519,125.36703671314525,127.15997314453125,25248700,0.0,0.0
2023-08-22,127.29863927424309,129.0519592106305,127.11044294041298,127.86327362060547,22054900,0.0,0.0
2023-08-23,128.95293932464511,132.15250480453622,128.64586374765005,131.12229919433594,27819700,0.0,0.0
2023-08-24,132.68737797126798,132.9845531801372,128.34867433563005,128.5566864013672,28500700,0.0,0.0
2023-08-25,128.3189398374532,129.5274412374435,126.05053219547979,128.65574645996094,26762900,0.0,0.0
2023-08-28,130.0722453582157,131.29064691968574,128.91327580731146,129.7750701904297,20543300,0.0,0.0
2023-08-29,130.99352005839108,135.28270758219568,130.99352005839108,133.3015594482422,43075600,0.0,0.0
2023-08-30,133.50955996250931,134.9954209341487,132.8062609003106,134.5991973876953,28315800,0.0,0.0
2023-08-31,134.72796388348397,136.69921157879557,134.5100363949587,134.88645935058594,30053800,0.0,0.0
2023-09-01,136.16430757063117,136.16430757063117,133.57890884729767,134.3812713623047,21543700,0.0,0.0
2023-09-05,134.16332792396915,135.13408608838068,133.3114337876609,134.49021911621094,19403100,0.0,0.0
2023-09-06,134.73787413439317,135.24306141209425,132.41001928477638,133.1925811767578,18684500,0.0,0.0
2023-09-07,132.33077439469866,134.30202205679186,131.69680765193374,133.9850311279297,18844300,0.0,0.0
2023-09-08,133.63833748155875,135.3718419233677,133.57890546194733,135.094482421875,23558300,0.0,0.0
2023-09-11,135.2529563461856,136.18409824910339,134.51002590640553,135.62937927246094,20763400,0.0,0.0
2023-09-12,134.9755962074752,135.57984690018307,133.91568997827457,134.06427001953125,18405500,0.0,0.0
2023-09-13,133.81663138154605,135.60956781404116,132.88548944943147,135.42137145996094,20749500,0.0,0.0
2023-09-14,136.3029917964192,137.39261415422715,134.95581051870604,136.79827880859375,24751000,0.0,0.0
2023-09-15,136.67939311891212,137.21431153088753,135.19353215336167,136.1048583984375,38919600,0.0,0.0
2023-09-18,135.32230226270676,137.84826875270798,135.32230226270676,136.9072265625,21861300,0.0,0.0
2023-09-19,136.1246795130563,137.10535323062862,135.3322172769841,136.73883056640625,20353700,0.0,0.0
2023-09-20,136.77845758196287,136.77845758196287,132.36049096088513,132.4793701171875,29927500,0.0,0.0
2023-09-21,130.20105377280416,130.98360061103773,128.84397217961927,129.21047973632812,31503900,0.0,0.0
2023-09-22,129.52743454969303,130.78546760406437,128.37838034120864,129.02224731445312,26397300,0.0,0.0
2023-09-25,128.60622722629518,129.9335927895909,127.74443266302943,129.87416076660156,20094600,0.0,0.0
2023-09-26,128.5467943169791,129.13122935895814,126.02082755262765,127.35810852050781,25718700,0.0,0.0
2023-09-27,127.35810764338333,129.6661317841142,127.35810764338333,129.3095245361328,22746500,0.0,0.0
2023-09-28,128.616101876369,132.04349396320777,128.56657016210218,131.0628204345703,22513100,0.0,0.0
2023-09-29,132.0237133602647,132.78645964091183,129.13123883445297,129.62652587890625,30859800,0.0,0.0
2023-10-02,129.97321355178073,133.15294744052358,129.9335821297325,132.90530395507812,22288000,0.0,0.0
2023-10-03,132.6774780064036,132.99445381235702,130.5972666540528,131.18170166015625,22989400,0.0,0.0
2023-10-04,131.53832195471514,134.29213173006787,131.2807781421106,133.96524047851562,26752300,0.0,0.0
2023-10-05,133.79684448242188,134.21288377054,132.19210423972567,133.79684448242188,19832600,0.0,0.0
2023-10-06,132.74680131267544,136.8576920175681,132.74680131267544,136.2831573486328,27597600,0.0,0.0
2023-10-09,135.64921945907278,137.63036765595723,134.33175409434926,137.11526489257812,19278100,0.0,0.0
2023-10-10,137.19452204378916,138.40302373597115,136.03555208291868,136.7586669921875,27786600,0.0,0.0
2023-10-11,137.27375707281203,139.77990827237048,137.27375707281203,139.22518920898438,25884300,0.0,0.0
2023-10-12,139.72046035185502,139.88885611158636,136.95675053372017,137.66006469726562,24765500,0.0,0.0
2023-10-13,138.06617934752117,138.68033025902506,135.33218602027108,136.06521606445312,23420500,0.0,0.0
2023-10-16,136.86762235774896,138.31386720251632,136.68932627392138,137.7888641357422,28501900,0.0,0.0
2023-10-17,137.3232929900395,138.58131122040757,135.88694844605996,138.40301513671875,23515800,0.0,0.0
2023-10-18,138.13553721785942,139.39357039308052,136.08505695789236,136.6595916748047,23375000,0.0,0.0
2023-10-19,137.194514445947,138.34358404290452,136.0850762778288,136.4515838623047,26066000,0.0,0.0
2023-10-20,136.0355425938075,136.57044595575792,133.8067508749185,134.3218536376953,26335700,0.0,0.0
2023-10-23,133.76711882160117,136.36243322253188,132.68739668819748,135.21336364746094,26317900,0.0,0.0
2023-10-24,136.53082853876074,138.04640568615673,136.12468953456676,137.5015869140625,44814300,0.0,0.0
2023-10-25,126.95196926111923,127.10054931723444,123.8910916279868,124.4260025024414,84366200,0.0,0.0
2023-10-26,122.10805414835848,123.15806773168971,120.12690614034925,121.12738800048828,57061100,0.0,0.0
2023-10-27,121.721739301728,122.14768645517988,119.0769083420869,121.0184326171875,44566500,0.0,0.0
2023-10-30,122.04862481392111,124.21798434885228,121.59296166894325,123.2868423461914,28940100,0.0,0.0
2023-10-31,123.88117387337412,124.18825693226216,121.53351848457729,122.91041564941406,26292300,0.0,0.0
2023-11-01,122.9005236105588,125.29771102759383,122.55382420024057,125.25808715820312,30082400,0.0,0.0
2023-11-02,127.20951847627134,127.76423752931852,125.73356524871063,126.28828430175781,27124600,0.0,0.0
2023-11-03,126.81329587313871,128.30905726801154,126.65480039534856,127.88311767578125,26393100,0.0,0.0
2023-11-06,127.83356168656297,129.11139533567936,127.45713877699725,129.02224731445312,19052700,0.0,0.0
2023-11-07,129.4779146143479,130.6666002116343,128.6557365048608,129.73545837402344,29757300,0.0,0.0
2023-11-08,129.73549538032546,130.96381274636772,129.54728387670204,130.5972900390625,26425800,0.0,0.0
2023-11-09,130.71614806102886,131.30058307721072,128.84396385761158,129.01235961914062,23747800,0.0,0.0
2023-11-10,128.87367527216182,131.54822187953658,128.19017683711922,131.34019470214844,26913300,0.0,0.0
2023-11-13,130.53784938427754,131.34021196042556,130.01284633778656,130.8449249267578,18324800,0.0,0.0
2023-11-14,132.92512330907195,134.42088456077047,132.06332879289005,132.36048889160156,32395200,0.0,0.0
2023-11-15,133.59871773207556,133.75721320819443,132.31098355475115,133.35107421875,23861500,0.0,0.0
2023-11-16,133.91570831098554,135.92657242438622,133.0539137238025,135.63929748535156,28013200,0.0,0.0
2023-11-17,134.71807494996435,134.77750697640147,132.39021981477103,134.03457641601562,37240600,0.0,0.0
2023-11-20,132.42981642243376,135.37182187721336,132.3604689998501,134.96568298339844,27815500,0.0,0.0
2023-11-21,135.005326368002,135.88693664011163,134.67845024297165,135.67892456054688,22635300,0.0,0.0
2023-11-22,136.1741959558059,138.10581204793675,136.1741959558059,137.18458557128906,17813900,0.0,0.0
2023-11-24,136.72891570592253,136.82797914299124,134.70815157836293,135.40155029296875,12514300,0.0,0.0
2023-11-27,134.74779879250332,137.1152703778928,134.71808277755815,135.1242218017578,23436500,0.0,0.0
2023-11-28,134.7973154661077,135.95628526440245,134.14353298041522,135.90675354003906,18730000,0.0,0.0
2023-11-29,136.27325752745637,136.98645682367243,133.56897992052205,133.7175750732422,23967200,0.0,0.0
2023-11-30,133.7770433521116,134.2723304321898,130.04257453613266,131.28079223632812,38988300,0.0,0.0
2023-12-01,130.61709594726562,130.8647394618695,129.43831039935748,130.61709594726562,31442300,0.0,0.0
2023-12-04,128.65576445639306,128.80434452022507,126.69442448152655,128.051513671875,36669900,0.0,0.0
2023-12-05,127.73451535832072,130.8944488634641,127.04111657544283,129.7552947998047,27384800,0.0,0.0
2023-12-06,130.20104683681856,130.59727038431748,128.65575384062942,128.79443359375,23576200,0.0,0.0
2023-12-07,133.76711313442814,137.25393802452018,133.43032158483481,135.63929748535156,56767100,0.0,0.0
2023-12-08,132.93501323447373,135.1142727730799,132.76661748669068,133.7175750732422,32260100,0.0,0.0
2023-12-11,131.1321890142382,132.08313157577382,130.12179931701706,132.03359985351562,31138000,0.0,0.0
2023-12-12,130.56755981511444,131.7463453232423,130.02274107837968,131.2708740234375,29032800,0.0,0.0
2023-12-13,132.12278193624368,132.2416459947321,130.32984518422208,131.32041931152344,30104800,0.0,0.0
2023-12-14,132.12277923014844,132.45957079894205,128.46755835687756,130.69635009765625,38722400,0.0,0.0
2023-12-15,130.3793395531458,132.2515237297127,129.9434845931054,131.35011291503906,50847100,0.0,0.0
2023-12-18,131.379825680854,135.85720897900194,131.18169880212074,134.5199432373047,32258000,0.0,0.0
2023-12-19,135.55016524528196,136.17423180663806,134.79733432052262,135.36195373535156,25476800,0.0,0.0
2023-12-20,137.66007723180817,140.3643401618969,136.76856663088765,137.0360107421875,49107200,0.0,0.0
2023-12-21,138.17517842630895,139.36386425256705,137.8680877770193,139.09640502929688,27488300,0.0,0.0
2023-12-22,139.44309659514806,140.65159800099755,139.3836645776405,140.15631103515625,26532200,0.0,0.0
2023-12-26,140.25536747570143,141.33508949612715,139.85914392608302,140.18603515625,16780300,0.0,0.0
2023-12-27,140.2553919454143,140.74077872609564,138.57141889330177,139.04689025878906,19628600,0.0,0.0
2023-12-28,139.4530219081467,139.80962919211896,138.4327317846908,138.908203125,16045700,0.0,0.0
2023-12-29,138.3138589912108,139.03697381318452,137.4718650054482,138.373291015625,18733000,0.0,0.0
2024-01-02,137.24400712056772,138.13551752126708,135.19351203801926,136.86758422851562,23711200,0.0,0.0
2024-01-03,135.95627794501937,138.31384884016077,135.78788218321773,137.61053466796875,24212100,0.0,0.0
2024-01-04,137.11524935880684,137.84827954999523,135.06476906710992,135.10438537597656,27137700,0.0,0.0
2024-01-05,135.4609662839547,135.8671051669477,133.87604216810493,134.45057678222656,22513900,0.0,0.0
2024-01-08,135.00532895706218,137.69969154899283,134.9756129451259,137.5312957763672,21404000,0.0,0.0
2024-01-09,137.19449570702432,140.15631733731945,136.84778876936215,139.62139892578125,24759600,0.0,0.0
2024-01-10,139.67093972821166,141.6520878094629,139.58179169214583,140.93887329101562,21320200,0.0,0.0
2024-01-11,142.13746611601331,143.8511548726539,139.31432422138022,140.74075317382812,24008700,0.0,0.0
2024-01-12,141.32517459664027,141.85017754737586,140.48319586195018,141.30535888671875,18785500,0.0,0.0
2024-01-16,140.66149444889152,142.9893491706135,140.11667577838654,141.14688110351562,22670500,0.0,0.0
2024-01-17,140.01762583777685,140.50299737183,137.59070770767883,140.13648986816406,20968600,0.0,0.0
2024-01-18,140.71103470348461,142.85067809474862,140.65160268399825,142.12754821777344,25746400,0.0,0.0
2024-01-19,143.37568810486664,145.06956120297735,143.01908085553387,145.00022888183594,34271900,0.0,0.0
2024-01-22,145.71342925416275,146.99126295666431,144.46529644501962,144.6138916015625,32200400,0.0,0.0
2024-01-23,144.5148528050676,145.79268672545237,144.12852951611768,145.6540069580078,21636100,0.0,0.0
2024-01-24,147.13984438792403,148.4375089281707,146.70400455684052,147.29833984375,25233500,0.0,0.0
2024-01-25,148.6554553594219,151.60736180458775,148.13043720567228,150.4384765625,29149100,0.0,0.0
2024-01-26,149.67572544188013,151.10213919091456,149.5865623016617,150.7554473876953,26115500,0.0,0.0
2024-01-29,150.62665920276396,152.3304474564719,150.0025928322321,152.06298828125,27784300,0.0,0.0
2024-01-30,151.3596988063133,152.1719615652673,149.7648741820085,150.03233337402344,36331800,0.0,0.0
2024-01-31,142.26621278729934,142.6426356904912,138.5515608161928,138.77940368652344,71910000,0.0,0.0
2024-02-01,140.78036452188786,141.71150645053427,139.46289935847955,139.8294219970703,40466500,0.0,0.0
2024-02-02,137.947317214583,141.2756461555597,135.21333866537148,141.0379180908203,62499600,0.0,0.0
2024-02-05,141.4737740182903,144.09878885119113,141.43414259725117,142.32565307617188,38505400,0.0,0.0
2024-02-06,143.2865333836356,143.98984762492026,141.8403037037534,142.74172973632812,29128200,0.0,0.0
2024-02-07,143.39550524527087,144.24739959945848,142.5733269057092,144.16815185546875,25208900,0.0,0.0
2024-02-08,144.45540497795193,144.95069196678878,143.73229020643873,144.53465270996094,22563800,0.0,0.0
2024-02-09,145.29741121987317,148.0314055879619,144.8021241375339,147.59555053710938,26829500,0.0,0.0
2024-02-12,147.02098399107322,147.93231021218233,145.98087831954948,146.13937377929688,21564100,0.0,0.0
2024-02-13,143.553984129069,145.28748865156425,142.3355823254468,143.77191162109375,27837700,0.0,0.0
2024-02-14,144.7030413176847,145.13889626470424,142.73179375819484,144.56436157226562,22704200,0.0,0.0
2024-02-15,141.79074761897706,142.1671705382351,139.13601681883227,141.4242401123047,37590700,0.0,0.0
2024-02-16,141.6421685918449,141.8402803505169,138.81902690715387,139.19544982910156,31468900,0.0,0.0
2024-02-20,138.34353517669396,140.74072186604138,138.17513945101177,139.78976440429688,25144700,0.0,0.0
2024-02-21,140.11667673843814,141.3449938299057,139.35393059450502,141.20631408691406,23223300,0.0,0.0
2024-02-22,143.56387475177468,143.63322218318132,141.4539625247731,142.73179626464844,27191900,0.0,0.0
2024-02-23,142.31578290034557,143.31625732644238,142.0780396686664,142.60305786132812,19493800,0.0,0.0
2024-02-26,140.8002006468063,141.09737589700708,136.0949737160045,136.27328491210938,53641800,0.0,0.0
2024-02-27,136.71901343712278,137.93741509771866,135.79777185353214,137.57090759277344,33099200,0.0,0.0
2024-02-28,136.60014396856127,136.70910770950192,134.13362446493272,135.094482421875,37328600,0.0,0.0
2024-02-29,135.98599158018274,137.5511002457204,135.11428166141263,137.15487670898438,42133000,0.0,0.0
2024-03-01,137.12512358776934,137.56097847723728,135.6293625943285,135.8472900390625,31151100,0.0,0.0
2024-03-04,134.38128712569457,134.38128712569457,130.66663422050593,132.0930633544922,55999400,0.0,0.0
2024-03-05,130.63688688658692,131.98406795515044,129.43828585262474,131.41943359375,40194800,0.0,0.0
2024-03-06,131.8652267449587,132.32089750707752,129.61663429471935,130.16143798828125,35318600,0.0,0.0
2024-03-07,131.53830302016095,133.66804599825636,130.3694330601028,133.1133270263672,37738200,0.0,0.0
2024-03-08,132.94493550750806,136.788352127219,132.73690832894798,134.1336212158203,39370400,0.0,0.0
2024-03-11,134.84683721432617,137.78884306732874,134.84683721432617,136.372314453125,32437800,0.0,0.0
2024-03-12,135.73837384104138,138.0662291271054,135.73837384104138,137.19451904296875,27563400,0.0,0.0
2024-03-13,137.68977381646687,139.7600696656856,137.67987351872839,138.47232055664062,23347200,0.0,0.0
2024-03-14,139.85915951055284,142.2365313030922,139.13604465019097,141.75115966796875,42753400,0.0,0.0
2024-03-15,141.15679282026272,141.83037587468064,138.7100738688481,139.84922790527344,49475400,0.0,0.0
2024-03-18,147.20919020973375,150.7158152205623,145.78276135280063,146.28794860839844,69273700,0.0,0.0
2024-03-19,146.76347291355683,147.38752436358277,144.70307682252857,145.6441192626953,24070400,0.0,0.0
2024-03-20,146.60496715934067,147.45686149202717,145.35684923166747,147.33799743652344,21311500,0.0,0.0
2024-03-21,148.06107802272328,148.9525884625378,145.5152959136547,146.20870971679688,24755600,0.0,0.0
2024-03-22,147.71439026412665,150.1512089583533,147.57571050851763,149.34884643554688,29211800,0.0,0.0
2024-03-25,148.52666183272117,148.9625167930801,146.42664987640165,148.6554412841797,19229300,0.0,0.0
2024-03-26,148.80401587594451,150.82478002765382,148.56627269311343,149.24977111816406,22149100,0.0,0.0
2024-03-27,149.75498204030305,150.210652767324,147.49647434889332,149.44790649414062,22879200,0.0,0.0
2024-03-28,149.4281068518604,150.00262652031626,148.7545086139037,149.50733947753906,24485400,0.0,0.0
2024-04-01,149.26960970551775,154.27201180475902,149.19036196576207,154.0243682861328,31730800,0.0,0.0
2024-04-02,152.0531280024452,153.2418139280062,150.71584688933808,153.10313415527344,24586000,0.0,0.0
2024-04-03,152.15216702325534,153.61821225881653,151.29035739579777,153.459716796875,24705000,0.0,0.0
2024-04-04,152.0531051580242,153.3111383384258,149.0318515113713,149.11109924316406,34724700,0.0,0.0
2024-04-05,148.6158266126285,151.97387210758342,148.18988701742387,151.0625457763672,23459200,0.0,0.0
2024-04-08,151.33985543603794,153.80638950058366,151.17145971331155,153.39035034179688,20702000,0.0,0.0
2024-04-09,154.6186837219778,157.06540257966853,153.7271732158785,155.12388610839844,31079500,0.0,0.0
2024-04-10,154.73757558656484,155.13379915183737,153.22198341774504,154.66822814941406,22838600,0.0,0.0
2024-04-11,155.43095957476544,158.17483848852615,154.98520432756263,157.9073944091797,27166400,0.0,0.0
2024-04-12,156.47109855129364,158.70979067698514,155.6588204974377,156.24325561523438,25353700,0.0,0.0
2024-04-15,157.36259530028232,157.73901827873132,153.13283984468552,153.40029907226562,27136500,0.0,0.0
2024-04-16,152.7365985322643,154.1828280231779,151.98375266278597,152.94461059570312,20779500,0.0,0.0
2024-04-17,154.15314245258116,155.59938734402337,153.1229520000867,154.0045623779297,21763100,0.0,0.0
2024-04-18,153.87577639819307,155.4607009972949,153.16256184009333,154.53945922851562,19883000,0.0,0.0
2024-04-19,154.7276389835674,154.88613443395536,150.86440684884911,152.6375274658203,32615600,0.0,0.0
2024-04-22,152.85546807916526,156.15408123867272,152.60782458474242,154.80690002441406,26446200,0.0,0.0
2024-04-23,155.4805001575941,157.4715484365775,154.80690198445652,156.7682342529297,21151600,0.0,0.0
2024-04-24,156.00550985016204,158.0659056519581,155.68851890451947,157.6300506591797,22779100,0.0,0.0
2024-04-25,149.90356233876008,155.01492770763642,149.44789165697802,154.529541015625,57109700,0.0,0.0
2024-04-26,172.72638033694088,173.06318697805824,168.05086993453432,170.32919311523438,64665300,0.0,0.0
2024-04-29,167.46643624163954,167.95182293786596,163.65273545115042,164.5838623046875,45610000,0.0,0.0
2024-04-30,164.04897776984578,166.51551272721193,161.067355161794,161.2456512451172,33562900,0.0,0.0
2024-05-01,162.75133049386898,165.544741644849,161.55272916136406,162.3154754638672,33493200,0.0,0.0
2024-05-02,163.23667111385808,165.1583869545648,162.3451606237168,165.04942321777344,24294500,0.0,0.0
2024-05-03,165.98054998734318,166.3767885917812,161.51306741637478,165.66357421875,34662400,0.0,0.0
2024-05-06,165.88153614579352,166.5551192408857,164.46500740235146,166.5155029296875,21871300,0.0,0.0
2024-05-07,166.91172463075958,170.14099053831322,166.8027608824853,169.63580322265625,28039700,0.0,0.0
2024-05-08,167.40700904320605,168.54616311793023,167.14946523990977,167.78343200683594,19569100,0.0,0.0
2024-05-09,167.79330631584043,169.08105536278006,166.59470528912274,168.35794067382812,15346700,0.0,0.0
2024-05-10,166.44613647493796,168.24898828516856,164.62348406885067,167.06028747558594,29799900,0.0,0.0
2024-05-13,162.71167888481415,167.6843645690759,162.45413508764602,167.54568481445312,31327600,0.0,0.0
2024-05-14,168.16977087590587,169.63581632642092,167.2089127800717,168.73439025878906,25127100,0.0,0.0
2024-05-15,169.02165742888434,171.02260615600562,168.90277826299467,170.88392639160156,26948400,0.0,0.0
2024-05-16,171.65656720711078,173.46931949790743,171.0622318573979,172.53817749023438,27867900,0.0,0.0
2024-05-17,172.53818284579418,174.60849412252608,172.05281122904015,174.4004669189453,24479300,0.0,0.0
2024-05-20,174.5292502632364,177.08493321353035,174.4202865094074,175.2523651123047,22554400,0.0,0.0
2024-05-21,175.23251145765337,176.47072879445125,174.15278956755546,176.17356872558594,16989400,0.0,0.0
2024-05-22,174.97498152917515,175.4801688011517,173.55846803904691,174.71743774414062,17880000,0.0,0.0
2024-05-23,175.4009483043823,176.56981838832198,171.31977307945,171.91412353515625,21024900,0.0,0.0
2024-05-24,173.33059972512171,174.11316149345376,172.01313475403336,173.34051513671875,16579400,0.0,0.0
2024-05-28,172.8056425085786,175.5990686253191,172.7263947696327,174.7372589111328,20572200,0.0,0.0
2024-05-29,173.77635719810408,175.17306990554968,173.07305825347444,174.24192810058594,23388700,0.0,0.0
2024-05-30,173.54855608932272,173.56837180086202,170.17069523243458,170.48768615722656,22931500,0.0,0.0
2024-05-31,170.24005665079406,171.42874248649764,167.84286926621976,170.8740234375,37638900,0.0,0.0
2024-06-03,170.91363798660555,172.884885765003,169.54665609137342,171.53770446777344,27459100,0.0,0.0
2024-06-04,171.6466681505934,172.21130260761575,170.26977084192941,172.15185546875,26879600,0.0,0.0
2024-06-05,173.54854936238468,174.98487853664636,172.2905162401881,173.75657653808594,22068500,0.0,0.0
2024-06-06,174.24196967239757,175.48018723719562,174.093389610606,175.06414794921875,23251000,0.0,0.0
2024-06-07,175.38110389481355,176.1933665954135,172.65702579598548,172.81552124023438,19661400,0.0,0.0
2024-06-10,173.5196643924882,175.59233662545498,171.32797655674506,173.559326171875,23726700,0.2,0.0
2024-06-11,174.75929703239595,175.37415295165962,172.32960833962332,175.15597534179688,21540600,0.0,0.0
2024-06-12,176.77249317585628,178.91459265759573,174.65023215199673,176.31629943847656,27864700,0.0,0.0
2024-06-13,174.6502064308114,175.2749891373828,173.43040626625967,173.7080841064453,20913300,0.0,0.0
2024-06-14,172.77588046564773,175.59233589189165,172.70645343662588,175.32456970214844,18063600,0.0,0.0
2024-06-17,174.00558422755435,176.8815395045709,173.36096312594307,175.7708282470703,19618500,0.0,0.0
2024-06-18,175.67168241067895,175.91961015570547,172.65688768937264,173.638671875,21869900,0.0,0.0
2024-06-20,173.91633928082513,175.82042243225433,173.53949942101505,174.83863830566406,20160100,0.0,0.0
2024-06-21,175.53281739605538,179.35091015505034,175.1460507765767,178.14102172851562,57759000,0.0,0.0
2024-06-24,178.66661606311132,179.39056068860404,177.18896156728684,177.73440551757812,18298000,0.0,0.0
2024-06-25,178.13109862440768,182.76238649336386,177.93275948021235,182.50454711914062,23130200,0.0,0.0
2024-06-26,181.1161658230566,182.98057201802297,180.96740010923583,182.35580444335938,19839000,0.0,0.0
2024-06-27,182.6532926987184,184.50780223360667,182.49463046708553,183.87310791015625,18848900,0.0,0.0
2024-06-28,182.792147275446,183.59543062581383,180.4517091135773,180.64012145996094,29156600,0.0,0.0
2024-07-01,181.5128520869906,182.3558124386787,179.79719639831535,181.4731903076172,16006100,0.0,0.0
2024-07-02,180.54095368507097,184.0317799288088,180.05500994673656,183.7045135498047,17372500,0.0,0.0
2024-07-03,183.31776335097922,184.54747516508317,182.47480304485995,184.27972412109375,10242100,0.0,0.0
2024-07-05,184.3193957840595,189.27795048057212,184.25989554887065,189.02011108398438,20967500,0.0,0.0
2024-07-08,188.32588786123958,188.59365403276064,186.22346566251395,187.46310424804688,21035900,0.0,0.0
2024-07-09,188.73249043692135,189.77378986137018,187.1556738088654,187.41351318359375,15121400,0.0,0.0
2024-07-10,187.58211913060845,190.16057363966272,187.46311865958714,189.5952911376953,15952500,0.0,0.0
2024-07-11,188.2763207656611,189.27794332888038,183.54585552687806,184.03179931640625,25625800,0.0,0.0
2024-07-12,183.54587662834743,185.5590487799267,182.9607707607535,183.5359649658203,22898400,0.0,0.0
2024-07-15,183.38718571924736,186.67967331271745,183.38718571924736,184.9838409423828,16474000,0.0,0.0
2024-07-16,185.80696540628884,187.1160160000062,181.85003324241117,182.39547729492188,18290700,0.0,0.0
2024-07-17,181.45333384653057,182.02852795037177,178.40877430017733,179.51950073242188,20734100,0.0,0.0
2024-07-18,180.4219619618105,180.98724445457364,175.00722876619346,176.2171173095703,25315700,0.0,0.0
2024-07-19,177.39723581965455,178.79553657132692,175.661741889588,176.18734741210938,18881900,0.0,0.0
2024-07-22,179.09305874265243,181.18556924112812,178.73604223141416,180.1641082763672,24100300,0.0,0.0
2024-07-23,180.54098136257284,182.08804802244904,180.03519909370766,180.2831268310547,36352700,0.0,0.0
2024-07-24,172.16099630525835,174.72952357646327,170.39575233929236,171.19903564453125,49585200,0.0,0.0
2024-07-25,171.08995705046257,171.98249074674055,165.8041364976538,165.8933868408203,44852000,0.0,0.0
2024-07-26,165.7644579679493,166.69666856249324,162.70007515743842,165.61570739746094,41336900,0.0,0.0
2024-07-29,167.43056122200738,169.01728965994647,166.59752765716627,168.124755859375,20293800,0.0,0.0
2024-07-30,168.82887504541765,169.81065918652655,167.04379233570876,168.87844848632812,18959700,0.0,0.0
2024-07-31,171.80400847021264,172.80563107068153,168.60077124290896,170.1180877685547,25729100,0.0,0.0
2024-08-01,168.83876114552442,172.60726515496935,167.48012221241805,169.3445281982422,24531400,0.0,0.0
2024-08-02,165.06035633790583,167.1131899291379,163.3050238959055,165.27853393554688,29130100,0.0,0.0
2024-08-05,154.21104625180902,163.06701740006122,153.64576377052947,157.92996215820312,53630700,0.0,0.0
2024-08-06,158.0092776822436,159.2390044759747,155.11348407020466,156.97789001464844,49004600,0.0,0.0
2024-08-07,159.91336228381462,161.62901768553496,157.1564075430874,157.6225128173828,25138600,0.0,0.0
2024-08-08,159.17951532110402,162.33316393530674,158.88201414908212,160.68692016601562,25578800,0.0,0.0
2024-08-09,158.68367330409217,162.43233971229074,157.74155087080686,162.31333923339844,28602300,0.0,0.0
2024-08-12,162.98768499629125,163.53311386044192,160.4984810667238,160.9447479248047,15895300,0.0,0.0
2024-08-13,162.05545705089867,163.3645073701746,161.61910190037165,162.7992401123047,18551700,0.0,0.0
2024-08-14,161.0538055902285,161.8670155972527,156.40269529270378,159.04063415527344,40591100,0.0,0.0
2024-08-15,159.16961037680883,160.30016027512747,158.28698822051015,159.96298217773438,31524300,0.0,0.0
2024-08-16,160.1315525357236,163.69179086382167,159.79437447768626,161.6092071533203,24208600,0.0,0.0
2024-08-19,163.90997461723012,165.30829060327488,162.89842527282462,165.2884521484375,22416200,0.0,0.0
2024-08-20,165.5165421310091,167.24212453394256,165.43721857593138,165.79421997070312,18341500,0.0,0.0
2024-08-21,163.7810405444825,165.46696109244462,163.30502357434244,164.47525024414062,22902000,0.0,0.0
2024-08-22,165.87357224182125,166.2008386794699,161.95631691677434,162.4422607421875,22493300,0.0,0.0
2024-08-23,163.3546280676757,164.80251757325382,162.4720059319359,164.24716186523438,13955700,0.0,0.0
2024-08-26,165.00087721050534,166.16117723782313,163.09679395037034,164.78269958496094,14190400,0.0,0.0
2024-08-27,164.46531429923328,165.0603468280275,163.0967636946959,163.31492614746094,11821900,0.0,0.0
2024-08-28,163.6719716397299,164.22734249342142,160.19107158671994,161.50013732910156,16407400,0.0,0.0
2024-08-29,162.94802283987033,164.59426663919365,158.92167882710484,160.43899536132812,19699800,0.0,0.0
2024-08-30,161.27204675026073,162.30343472045743,160.34976273360022,162.0257568359375,22123800,0.0,0.0
2024-09-03,160.3794938325781,160.50842109663853,155.18292307861995,156.05563354492188,38945300,0.0,0.0
2024-09-04,155.36144895169474,157.6820490608359,154.6672542778887,155.15318298339844,19353800,0.0,0.0
2024-09-05,155.00440439703507,158.12828743123546,154.68704967070923,155.93661499023438,18688700,0.0,0.0
2024-09-06,155.9961266954501,156.52173225882967,149.30207815911396,149.66900634765625,37912100,0.0,0.0
2024-09-09,151.44652470733544,152.33031802848637,146.1934191551348,147.67303466796875,39260500,0.2,0.0
2024-09-10,149.4008786095233,150.21516785637962,147.30559146131813,147.6233673095703,31118800,0.0,0.0
2024-09-11,148.87456789416893,150.44355197063078,146.49130976548943,150.10592651367188,29607700,0.0,0.0
2024-09-12,152.72751965051293,153.74041119456226,151.58552977811232,153.61131286621094,29621500,0.0,0.0
2024-09-13,154.3461412588433,157.2755823080463,154.1276893129349,156.36199951171875,29591200,0.0,0.0
2024-09-16,156.21305455425028,157.14650223678444,155.50801396162132,156.95782470703125,18379800,0.0,0.0
2024-09-17,157.911134323935,159.4304641960374,157.2755977444437,158.20904541015625,20715600,0.0,0.0
2024-09-18,158.74527204850892,159.38080862321627,157.49406367866266,158.69561767578125,23677300,0.0,0.0
2024-09-19,162.5684282858201,162.64785709776754,160.214944405528,161.00936889648438,26587700,0.0,0.0
2024-09-20,162.3598804928704,162.5882724123634,160.9299194880009,162.44924926757812,40896400,0.0,0.0
2024-09-23,163.20395671072333,164.33600662936618,160.5426370715715,160.7213897705078,24150900,0.0,0.0
2024-09-24,161.89315521075918,162.08183272389985,159.5694761752488,161.15830993652344,23332100,0.0,0.0
2024-09-25,160.34405733815197,161.67470976901416,160.17524458071915,160.36392211914062,18869200,0.0,0.0
2024-09-26,162.498918721295,162.93585297471674,161.14840155271324,161.5952606201172,20319300,0.0,0.0
2024-09-27,161.6746974446782,164.54454440704646,161.4959598865702,162.80674743652344,21101300,0.0,0.0
2024-09-30,162.18112514937891,164.99137732832068,162.1215308203926,164.6934814453125,20413900,0.0,0.0
2024-10-01,166.52067729796633,167.98042800067057,163.4323631439142,165.8255615234375,28338100,0.0,0.0
2024-10-02,165.25953808497383,166.35187375711521,163.58132016704218,164.7034454345703,17760200,0.0,0.0
2024-10-03,163.26355943212087,165.4780052194021,162.77697078682365,164.7034454345703,15073100,0.0,0.0
2024-10-04,166.8880921706125,167.05690491903522,164.32608104579808,165.8950653076172,19047400,0.0,0.0
2024-10-07,166.55045841132394,167.30515333490106,161.6151139348849,161.843505859375,22463100,0.0,0.0
2024-10-08,162.7968151755234,163.58129967642142,161.73426923186602,163.23374938964844,23072700,0.0,0.0
2024-10-09,162.31021685596906,163.69052341195479,158.62609615330425,160.73130798339844,31181800,0.0,0.0
2024-10-10,159.74824453659568,161.93291600237342,159.28152064639673,160.94981384277344,14144100,0.0,0.0
2024-10-11,160.999454633151,162.7571013199183,160.1156613065499,162.10171508789062,15344300,0.0,0.0
2024-10-14,162.49892012877203,165.07085614450466,162.2605882196447,163.80972290039062,19016100,0.0,0.0
2024-10-15,164.63391416283739,166.51073429604153,163.4820145370709,164.3062286376953,20247200,0.0,0.0
2024-10-16,163.3827194845321,164.64386792755846,162.59823487734482,164.00833129882812,16406000,0.0,0.0
2024-10-17,164.5743474287461,165.20988405229943,161.6250562602158,161.7938690185547,21453400,0.0,0.0
2024-10-18,162.0520493579974,163.5614543687219,161.94281580158204,162.2804412841797,19757700,0.0,0.0
2024-10-21,161.81370307597712,163.35289754226278,161.48600243587356,162.9259033203125,20946500,0.0,0.0
2024-10-22,161.8434924612248,164.61404552751452,161.8434924612248,163.98843383789062,16568100,0.0,0.0
2024-10-23,163.6111016800633,164.66372289048581,160.80083381909756,161.64491271972656,18280500,0.0,0.0
2024-10-24,161.69454543683605,162.19105880543688,159.88722950198394,161.58531188964844,22412500,0.0,0.0
2024-10-25,162.52870467092262,164.43531442750802,162.28044795544452,164.1175537109375,19828900,0.0,0.0
2024-10-28,167.57326188738554,167.57326188738554,162.80673051877835,165.5574188232422,32138600,0.0,0.0
2024-10-29,166.56039624660548,169.19192660016526,165.92485964222502,168.49679565429688,42169000,0.0,0.0
2024-10-30,179.42006644238907,180.75073380709983,172.84623418689728,173.2434539794922,68890800,0.0,0.0
2024-10-31,171.92272737485058,175.5869985344097,169.80757553261074,169.91680908203125,44769000,0.0,0.0
2024-11-01,168.8840869554026,171.11839741159756,167.7023825564108,170.09556579589844,31796500,0.0,0.0
2024-11-04,168.74505131099085,169.53947584954412,166.8384415098956,168.05987548828125,21492700,0.0,0.0
2024-11-05,168.2485301772737,169.34086576189884,167.66264797842342,168.55638122558594,18242100,0.0,0.0
2024-11-06,172.5880503091246,175.70615366421993,172.29013925687767,175.27914428710938,33695500,0.0,0.0
2024-11-07,176.172887641411,179.81729416706102,175.95442053394322,179.48959350585938,25352900,0.0,0.0
2024-11-08,179.39028805337082,179.63854475709948,176.83821701828134,177.10633850097656,22006200,0.0,0.0
2024-11-11,177.33473026430633,179.29099430009822,177.22549670866968,179.09239196777344,17450400,0.0,0.0
2024-11-12,178.56607957571185,181.21745921136755,178.13907018890748,180.353515625,25134900,0.0,0.0
2024-11-13,179.2016134734521,179.69812684707063,177.29498878465753,177.63262939453125,23184000,0.0,0.0
2024-11-14,177.0368367475182,177.5730797656032,173.10445865937317,174.3556671142578,31007500,0.0,0.0
2024-11-15,172.51855985039145,172.9257045177489,170.02606777532782,171.28721618652344,32504600,0.0,0.0
2024-11-18,172.2106958182379,174.21661408019878,171.69431766961333,174.0775909423828,20135300,0.0,0.0
2024-11-19,172.50863268758198,177.6227151144133,172.34974474847573,176.87794494628906,23434900,0.0,0.0
2024-11-20,176.10338583496625,176.4410113425249,172.56821251491007,174.75286865234375,18997100,0.0,0.0
2024-11-21,172.6873414876996,172.91574854426113,162.55847191900318,166.46107482910156,59734400,0.0,0.0
2024-11-22,164.6935100313798,165.29925701927786,162.75709554141247,163.61109924316406,38604600,0.0,0.0
2024-11-25,164.93182234405353,167.4541189743164,164.45517370894052,166.48094177246094,33135300,0.0,0.0
2024-11-26,166.4611039634079,168.63583529706082,166.41144958796977,167.94070434570312,20486700,0.0,0.0
2024-11-27,167.8215500668716,168.2981987474697,166.84838792453718,168.04994201660156,19266500,0.0,0.0
2024-11-29,167.32502205728218,168.24852974267216,165.9943697320939,167.77188110351562,14257200,0.0,0.0
2024-12-02,167.59315505838524,170.88007169070767,167.39455270779308,170.294189453125,23789100,0.0,0.0
2024-12-03,170.29419628751035,171.47588562429394,169.65865964867677,170.14523315429688,22248700,0.0,0.0
2024-12-04,169.95655062872484,173.69034153077098,169.86718184284945,173.1540985107422,31615100,0.0,0.0
2024-12-05,174.13719150933292,174.83230728378396,171.12832132304757,171.4361572265625,21356200,0.0,0.0
2024-12-06,170.83040986678466,173.85914482652376,170.66159711852214,173.49172973632812,21462400,0.0,0.0
2024-12-09,172.94491881984126,175.23148577080642,172.63671498294693,174.3466796875,25389600,0.2,0.0
2024-12-10,181.78303836763482,185.27255132802884,179.99353870727217,184.08949279785156,54813000,0.0,0.0
2024-12-11,184.22870587804087,194.46860797595772,183.7713984925761,194.25982666015625,67894100,0.0,0.0
2024-12-12,193.86215946833025,194.04110187251197,190.59136355506865,190.83990478515625,34817500,0.0,0.0
2024-12-13,189.89543056387427,191.60539539173107,188.53342951612586,188.71238708496094,25143500,0.0,0.0
2024-12-16,191.74458805351563,197.83882401959605,191.4960468173101,195.51248168945312,44934900,0.0,0.0
2024-12-17,196.09903250515634,200.2446984442106,193.84227386580446,194.2797088623047,43504000,0.0,0.0
2024-12-18,194.0808868210915,195.8504992556076,186.64453708673446,187.30067443847656,34166100,0.0,0.0
2024-12-19,190.5118237091531,191.90364849444197,187.28078779996244,187.41001892089844,32265200,0.0,0.0
2024-12-20,184.6959380592945,191.76445049852148,184.139208190229,190.2930908203125,63462900,0.0,0.0
2024-12-23,191.49602742629256,193.9615671620114,189.04043904765626,193.4943084716797,25675000,0.0,0.0
2024-12-24,193.70308928801546,194.96568298339844,192.64927690043314,194.96568298339844,10403300,0.0,0.0
2024-12-26,194.01127759173056,195.6019475277096,193.24578152744004,194.4586639404297,12046600,0.0,0.0
2024-12-27,193.8124315456521,194.1802828500262,189.53751972128225,191.6352081298828,18891400,0.0,0.0
2024-12-30,188.69249985736334,191.42645331502607,188.01645984137915,190.1240997314453,14264700,0.0,0.0
2024-12-31,189.96501622432825,190.83988612300436,187.4100053473998,188.19540405273438,17466900,0.0,0.0
2025-01-02,189.53752836365504,190.87965701997763,186.4059150585719,188.32464599609375,20370800,0.0,0.0
2025-01-03,190.2533357330172,192.08261071335764,188.87144710211905,190.67088317871094,18596200,0.0,0.0
2025-01-06,192.8481012552134,197.06336585299624,192.71887013485082,195.7212371826172,29563600,0.0,0.0
2025-01-07,195.95983111785762,199.82713171693257,193.46448284459254,194.3492889404297,26487200,0.0,0.0
2025-01-08,191.44634580773328,195.14462535167834,191.2574520458894,192.8182830810547,24864800,0.0,0.0
2025-01-10,193.16624068951896,195.37328795351274,189.19951732698908,190.91941833496094,26665200,0.0,0.0
2025-01-13,188.96094444164697,190.064453003047,186.2667506795452,189.89544677734375,21823700,0.0,0.0
2025-01-14,190.1241119208904,190.85978428074978,187.21120070733548,188.55332946777344,17174900,0.0,0.0
2025-01-15,191.963298457138,195.21422195403466,190.7404798677513,194.40895080566406,21776000,0.0,0.0
2025-01-16,193.00718142531574,194.33935880818177,191.6849402307685,191.78436279296875,17815400,0.0,0.0
2025-01-17,195.3832294332928,196.07914183949293,192.61945218456034,194.8563232421875,27735100,0.0,0.0
2025-01-21,197.90841585876197,201.10961291187695,196.71540583129996,196.8943634033203,29971300,0.0,0.0
2025-01-22,197.89845481899934,199.31016710135967,196.37738379513036,197.2124786376953,26200600,0.0,0.0
2025-01-23,196.9838533666416,199.1312534169042,194.06100582652098,196.8247833251953,26951400,0.0,0.0
2025-01-24,196.94405964079763,199.7277090395957,196.8446370895185,199.041748046875,23877500,0.0,0.0
2025-01-27,191.28727038356462,195.73118866143682,189.61706547784135,190.69076538085938,41728900,0.0,0.0
2025-01-28,191.62527696108057,194.3393427841272,189.56734841729389,194.160400390625,24157900,0.0,0.0
2025-01-29,194.4188940643566,195.6417126982154,192.3013178788486,194.269775390625,18218300,0.0,0.0
2025-01-30,196.84467301356952,200.22482799741599,196.5165967381764,199.6979217529297,24354700,0.0,0.0
2025-01-31,200.82132655430865,204.2810164474162,200.622496591671,202.8295440673828,32001100,0.0,0.0
2025-02-03,199.51897423058907,202.56111667222356,198.93242052734664,200.05581665039062,27838300,0.0,0.0
2025-02-04,202.20320734762427,205.84185468330165,201.62658985975028,205.17576599121094,43856400,0.0,0.0
2025-02-05,189.9550846125892,191.62527427419866,186.93281498241248,190.21356201171875,70373900,0.0,0.0
2025-02-06,188.39424233982533,190.97907706252056,187.61879495696715,190.48199462890625,29297400,0.0,0.0
2025-02-07,189.9352025187049,190.06443363710238,182.17077726737304,184.25851440429688,49315000,0.0,0.0
2025-02-10,186.2567974441607,187.10182849533746,184.77548630303588,185.38192749023438,23105600,0.0,0.0
2025-02-11,183.95031590853927,185.84917436040885,183.2046922916037,184.23863220214844,21239500,0.0,0.0
2025-02-12,182.1508962864482,184.02986736226762,180.76900766634557,182.5386199951172,22072600,0.0,0.0
2025-02-13,183.24450631094155,185.19306128212108,182.07138368278873,185.0538787841797,21402500,0.0,0.0
2025-02-14,183.98017894508905,185.31235645121285,183.24450652785137,184.14918518066406,20448400,0.0,0.0
2025-02-18,184.51701650776232,184.87491648825042,180.679539282988,182.69769287109375,29916700,0.0,0.0
2025-02-19,182.99593948623902,184.3778280833638,182.51872941446393,184.18893432617188,19549400,0.0,0.0
2025-02-20,183.72166776984332,184.22868638349084,181.65380305634184,183.48306274414062,20441500,0.0,0.0
2025-02-21,184.06963495987821,184.25852872808807,178.03506158410121,178.61167907714844,35199200,0.0,0.0
2025-02-24,180.9280885264688,182.0514846282233,177.84617104858543,178.20407104492188,29854200,0.0,0.0
2025-02-25,177.0011153116827,177.6970428900285,173.67067193850428,174.3964080810547,41913400,0.0,0.0
2025-02-26,174.04844897153603,175.05255001700533,170.57880815600546,171.7220916748047,35431300,0.0,0.0
2025-02-27,172.9747396421381,173.5414056919283,166.96003954631527,167.5167694091797,39991000,0.0,0.0
2025-02-28,167.6957223580091,169.61446843814767,165.79687899247813,169.28639221191406,48130600,0.0,0.0
2025-03-03,170.92676623691273,172.35836613901347,164.96177675799476,166.0354766845703,40770500,0.0,0.0
2025-03-04,165.2699838540156,172.27883449293637,164.8325488565178,169.92266845703125,45388000,0.0,0.0
2025-03-05,169.52497933227934,172.76595099277537,168.073492106195,172.01039123535156,30954900,0.0,0.0
2025-03-06,169.5349574978289,173.78998251590772,169.50513376118735,171.34434509277344,28302000,0.0,0.0
2025-03-07,170.26068506359857,173.94904372851937,169.27647146487496,172.84552001953125,27385800,0.0,0.0
2025-03-10,167.47083096485238,167.66990508590422,162.9222728186128,165.092041015625,43604000,0.2,0.0
2025-03-11,164.1365751658598,165.96794191446463,160.61316927344419,163.27064514160156,39587400,0.0,0.0
2025-03-12,165.79871989426576,166.85374592604674,162.76302175465403,166.32623291015625,28372400,0.0,0.0
2025-03-13,165.261242942738,165.3508323726828,161.34968247166375,161.9966278076172,31756200,0.0,0.0
2025-03-14,162.50423247849787,165.70913119386128,161.68807116679397,164.7138214111328,31995900,0.0,0.0
2025-03-17,164.2559897412009,165.52003755245735,162.90236768488202,163.5194549560547,31184300,0.0,0.0
2025-03-18,162.9123202600298,163.47965420375513,155.98497172829607,159.91644287109375,42074800,0.0,0.0
2025-03-19,161.0013229568774,165.0920472279654,160.24489290497496,163.121337890625,34275600,0.0,0.0
2025-03-20,160.81222633390425,164.11664727374668,160.20508669307458,162.0364532470703,28138500,0.0,0.0
2025-03-21,160.45392574948156,163.4697137211131,160.1354192715889,163.22088623046875,36625800,0.0,0.0
2025-03-24,166.2864302357092,167.53056759539257,164.36547425500177,166.8935546875,30879100,0.0,0.0
2025-03-25,168.1874640642974,169.82973452544573,167.53057106706197,169.7600555419922,24174400,0.0,0.0
2025-03-26,168.20738179291607,168.81452147078184,164.06688875000268,164.28585815429688,28901600,0.0,0.0
2025-03-27,163.85787020298363,164.6441583248392,161.24020036188836,161.4790802001953,24508300,0.0,0.0
2025-03-28,159.73728296251087,161.06104688273138,152.90945679818688,153.60617065429688,48669300,0.0,0.0
2025-03-31,152.3918806247014,154.8104760939089,149.9533747075238,153.91470336914062,54603500,0.0,0.0
2025-04-01,152.89949705290155,157.35849619606978,152.89949705290155,156.3333282470703,30672900,0.0,0.0
2025-04-02,154.42233161172652,157.66705174636402,153.97444517473392,156.303466796875,25041700,0.0,0.0
2025-04-03,150.40127754802887,152.06344323592336,149.68465321481136,150.0131072998047,46883400,0.0,0.0
2025-04-04,147.31581486644404,150.36147595978116,144.69816012059908,144.91712951660156,62259500,0.0,0.0
2025-04-07,140.8861135726325,152.13311801627722,139.87089326407514,146.0617218017578,76794100,0.0,0.0
2025-04-08,150.5107721866655,151.5259925903324,142.35918124819136,144.02134704589844,52200200,0.0,0.0
2025-04-09,143.74266444963052,158.8017091980402,143.23506183090237,157.9656524658203,70406200,0.0,0.0
2025-04-10,155.80579483834862,156.98026834062628,149.2267962236283,152.10325622558594,48022000,0.0,0.0
2025-04-11,152.18288035899425,156.9305129193936,152.10326893032627,156.4029998779297,33636200,0.0,0.0
2025-04-14,159.24957495636372,160.96150910212248,156.8210165083235,158.32394409179688,30333000,0.0,0.0
2025-04-15,158.38367026397722,158.90122048049952,154.48205725338974,155.57688903808594,27551500,0.0,0.0
2025-04-16,152.38193809849218,155.15884578806632,150.7993839571337,152.61085510253906,28187400,0.0,0.0
2025-04-17,153.56634392432957,153.9545141427958,147.8035068059891,150.45103454589844,33046600,0.0,0.0
2025-04-21,148.1817487017602,148.25141250019158,145.41478828401154,146.9774169921875,26049100,0.0,0.0
2025-04-22,148.191681312594,151.47620681854735,147.84331679407512,150.75958251953125,26971800,0.0,0.0
2025-04-23,154.88018931651595,156.79118268922488,153.08862828359344,154.6214141845703,31128800,0.0,0.0
2025-04-24,155.41763415068155,158.84150262211006,155.0593219807129,158.532958984375,45894000,0.0,0.0
2025-04-25,164.29580798857202,165.32097594255075,160.2846952290497,161.2003936767578,56034000,0.0,0.0
2025-04-28,161.66814518629803,162.38476937598995,157.85612244944707,159.856689453125,29745800,0.0,0.0
2025-04-29,159.56809722983294,159.98612558310694,156.7812263541152,159.40884399414062,26809000,0.0,0.0
2025-04-30,157.23906011670073,158.5230184445377,154.67115864825115,158.0552215576172,34981100,0.0,0.0
2025-05-01,159.69748324974734,161.19044821971175,158.1647125629629,160.5435028076172,30203200,0.0,0.0
2025-05-02,162.64359387625743,164.19627488526416,161.11080813038504,163.26068115234375,25715000,0.0,0.0
2025-05-05,162.2355030126838,164.61429290949133,161.95681747402023,163.43983459472656,21341800,0.0,0.0
2025-05-06,161.40939053220953,164.02706019999394,160.43399116800987,162.46441650390625,21277200,0.0,0.0
2025-05-07,163.3104457768094,164.22612903746054,147.14660797263102,150.67001342773438,127490100,0.0,0.0
2025-05-08,154.27303609354425,155.19866702023802,152.1828792070647,153.55641174316406,57498700,0.0,0.0
2025-05-09,153.44693820644628,154.32281585111178,151.4861763255997,152.03359985351562,32435300,0.0,0.0
2025-05-12,156.75134515840134,158.3537945366218,155.5171555445994,157.716796875,44138800,0.0,0.0
2025-05-13,158.0452492784777,159.81691483841985,155.42759461947415,158.7817840576172,42382100,0.0,0.0
2025-05-14,159.209775932056,166.21675084206151,158.86141139731794,164.59439086914062,48755900,0.0,0.0
2025-05-15,165.06219714400765,165.43047214987737,161.6084704301294,163.19102478027344,33146700,0.0,0.0
2025-05-16,166.9433081258995,168.5557203255822,164.84320384513654,165.41053771972656,42846900,0.0,0.0
2025-05-19,163.73841809182645,165.85843293399518,163.44978491746534,165.75889587402344,30426100,0.0,0.0
2025-05-20,165.6494131078347,167.70971181285083,162.13597050857302,163.21090698242188,46607700,0.0,0.0
2025-05-21,162.92230000658228,172.32797668139273,162.79290484375014,167.7694549560547,73416000,0.0,0.0
2025-05-22,171.0440028391721,175.94092545127197,169.90935022401754,170.06858825683594,74864400,0.0,0.0
2025-05-23,168.26709983843824,169.16288791706646,167.10258900472385,167.67987060546875,35211400,0.0,0.0
2025-05-27,169.36194132235366,172.35781874405163,169.20268808863054,172.08908081054688,37995700,0.0,0.0
2025-05-28,172.34785613681433,174.4479605139837,171.10371883250124,171.55160522460938,34784000,0.0,0.0
2025-05-29,173.1839175950813,173.60194591853366,169.82972818892713,171.053955078125,29317300,0.0,0.0
2025-05-30,170.5463542897915,171.4023213954702,166.65468900773928,170.9345245361328,52639900,0.0,0.0
2025-06-02,167.0528072022302,169.07328505076367,166.6049207920985,168.2372283935547,38612300,0.0,0.0
2025-06-03,166.70445769264217,167.68980475652552,164.50481616986866,165.4005889892578,45084900,0.0,0.0
2025-06-04,165.95797207058334,167.4310264158141,165.57974946262576,167.26182556152344,26900800,0.0,0.0
2025-06-05,169.54106580736408,170.12829493792012,166.80396388771035,167.4210662841797,36379100,0.0,0.0
2025-06-06,170.0287933558417,173.68157889465496,170.0287933558417,172.86541748046875,35731800,0.0,0.0
2025-06-09,173.93168685751374,175.85496833236684,173.76228116584014,175.47628784179688,28935900,0.21,0.0
2025-06-10,175.5859246650274,180.47881653819462,174.30042711746592,177.97756958007812,61766100,0.0,0.0
2025-06-11,179.14345156248174,179.7413512580689,176.13397291618807,176.7318878173828,31646800,0.0,0.0
2025-06-12,175.56596932852466,176.10409583310096,174.14096047000893,175.087646484375,20941900,0.0,0.0
2025-06-13,171.8390248989685,176.51268202547473,171.78919611484426,174.06124877929688,27663100,0.0,0.0
2025-06-16,174.12103189678987,176.32333636040028,174.04130888575864,176.1539306640625,27389200,0.0,0.0
2025-06-17,175.0876480323832,176.74186625647056,173.9715563176299,175.33677673339844,24973000,0.0,0.0
2025-06-18,175.39656976170295,175.94465595934807,172.596365522182,172.71595764160156,28707500,0.0,0.0
2025-06-20,173.3437557670882,173.7323959518227,164.88335439041927,166.05923461914062,75659900,0.0,0.0
2025-06-23,165.6905108199857,166.75677368964836,161.43538860354417,164.61427307128906,57671000,0.0,0.0
2025-06-24,166.3382528798913,167.63372519441324,165.55101285806253,166.18878173828125,40524300,0.0,0.0
2025-06-25,167.04578597314622,171.75929686583365,166.96606296199934,170.08514404296875,35479000,0.0,0.0
2025-06-26,171.8290485705118,173.08466701517526,169.34773632150527,172.9351806640625,31796700,0.0,0.0
2025-06-27,172.93517666884486,178.057262279745,171.13148726193396,177.9077911376953,108140200,0.0,0.0
2025-06-30,180.14994433141436,180.59837295030215,173.9715556124037,175.6157989501953,63378900,0.0,0.0
2025-07-01,175.12751523681553,175.47628629108172,172.92521085330227,175.22715759277344,35904500,0.0,0.0
2025-07-02,174.92820819435067,178.2366447594077,174.45986020905642,178.0174102783203,29128900,0.0,0.0
2025-07-03,177.8779030413717,179.0438236063814,176.43295953117723,178.90431213378906,21689700,0.0,0.0
2025-07-07,178.43593621915562,178.67510524325024,175.0677113564662,176.17384338378906,34175600,0.0,0.0
2025-07-08,177.2301614259221,177.3298037815242,172.20771837081963,173.7523193359375,40442500,0.0,0.0
2025-07-09,174.63923502855474,178.81463486384698,172.16788235105685,176.00445556640625,43025600,0.0,0.0
2025-07-10,175.0179065004666,177.80813589252995,173.77226294843484,177.00096130371094,29252400,0.0,0.0
2025-07-11,176.17385213436023,180.797680390592,175.86493496639972,179.56201171875,34282900,0.0,0.0
2025-07-14,180.37912942255304,183.0298623068854,179.05376298038684,180.92721557617188,32536600,0.0,0.0
2025-07-15,182.17286668727073,183.5779561932956,180.9670923041272,181.36569213867188,33448300,0.0,0.0
2025-07-16,182.60136914957832,183.68756658300003,181.39557960576295,182.33230590820312,33104200,0.0,0.0
2025-07-17,181.5052018275631,183.418508384776,179.8509836397114,182.940185546875,31992600,0.0,0.0
2025-07-18,184.7538504683164,185.77029989137577,183.06975311389598,184.4150390625,34014500,0.0,0.0
2025-07-21,185.6008814217948,189.62679452163042,185.50122385959315,189.43746948242188,45803100,0.0,0.0
2025-07-22,190.8325874995953,190.98205863993607,186.80667432845317,190.6731414794922,44660200,0.0,0.0
2025-07-23,190.83261008559217,191.85901925237124,188.52068813729787,189.56703186035156,58681900,0.0,0.0
2025-07-24,196.34329095248222,197.26008265567518,190.33430850259245,191.50022888183594,74881700,0.0,0.0
2025-07-25,191.31091436137532,193.65273031316045,190.59342246149265,192.50672912597656,39785900,0.0,0.0
2025-07-28,192.97509170180885,193.37370675914636,190.17488744855515,191.90882873535156,38139500,0.0,0.0
2025-07-29,191.7593429801203,195.23718523880464,191.41057191018163,195.06777954101562,41389200,0.0,0.0
2025-07-30,194.91831074404357,196.91134044406198,194.0114785811888,195.84506225585938,32445400,0.0,0.0
2025-07-31,195.0279201110307,195.30694304131825,190.42401135006776,191.23118591308594,51329200,0.0,0.0
2025-08-01,188.3712133978127,190.16494328814227,187.16543886432095,188.4708709716797,34832200,0.0,0.0
2025-08-04,189.62679933287328,194.5894541087341,189.45739363731957,194.36024475097656,31547400,0.0,0.0
2025-08-05,194.0313852166864,197.1704004603002,193.2142358585653,193.99151611328125,31602300,0.0,0.0
2025-08-06,193.82214592784317,195.94472750739845,192.9950367452259,195.40660095214844,21562900,0.0,0.0
2025-08-07,196.37320958328212,196.85153244317704,193.65272836026733,195.83509826660156,26321800,0.0,0.0
2025-08-08,196.53264334375206,201.90385732363322,196.48281456433622,200.71800231933594,39161800,0.0,0.0
2025-08-11,200.2396805407711,200.77779182670545,198.3762027845806,200.29946899414062,25832400,0.0,0.0
2025-08-12,200.66818175308578,203.7872779637538,199.8909014203329,202.63131713867188,30397900,0.0,0.0
2025-08-13,203.41856930663727,203.81716914109546,196.82163104540848,201.25613403320312,28342900,0.0,0.0
2025-08-14,200.79772807656252,203.72748396129663,200.52866482851726,202.2327117919922,25230400,0.0,0.0
2025-08-15,203.13954799676898,205.7205176785909,200.57849766290207,203.18936157226562,34931400,0.0,0.0
2025-08-18,203.4883135252893,204.5545916306713,201.7842817792717,202.79075622558594,18526600,0.0,0.0
2025-08-19,202.32241111724275,202.73098585981091,199.26311839930437,200.8675079345703,24240200,0.0,0.0
2025-08-20,200.03040999419306,200.57849617106174,195.9148142419443,198.62533569335938,28955500,0.0,0.0
2025-08-21,199.0538330078125,201.77431417758274,198.73494097038414,199.0538330078125,19774600,0.0,0.0
2025-08-22,202.02344423178036,207.81319287530533,200.59843534470966,205.37173461914062,42827000,0.0,0.0
2025-08-25,205.71054863967242,209.78630584234324,204.56456266974786,207.7633819580078,29928900,0.0,0.0
2025-08-26,206.78679645866202,207.12562307278867,204.98310696587825,206.4180908203125,28464100,0.0,0.0
2025-08-27,204.9830866269172,208.18190575216585,204.93325784693593,206.7568817138672,23022900,0.0,0.0
2025-08-28,206.5276902069273,211.4803699291827,206.17890394821848,210.9023895263672,32339300,0.0,0.0
2025-08-29,209.77630903075314,213.90187937901428,209.4673918992759,212.16795349121094,39728400,0.0,0.0
2025-09-02,207.7135567307211,210.94225509702446,205.48135800383685,210.61341857910156,47523000,0.0,0.0
2025-09-03,225.42162175778444,230.50383816310156,224.0065573472935,229.85610961914062,103336100,0.0,0.0
2025-09-04,228.84962875122605,231.5601503541196,225.32197287992437,231.4904022216797,51684200,0.0,0.0
2025-09-05,231.39072486155447,234.9383149839264,231.09176739161794,234.18096923828125,46588900,0.0,0.0
2025-09-08,234.85922103336074,237.51232497352402,233.06388696786647,233.43292236328125,32474700,0.21,0.0
2025-09-09,233.56257898038902,239.8462403027557,232.62501483391662,239.0084228515625,38061000,0.0,0.0
2025-09-10,238.28030242478394,241.0331528996711,237.23303823372945,238.5496063232422,35141100,0.0,0.0
2025-09-11,239.25778647565335,241.62163412512044,235.63719736660352,239.7465057373047,30599300,0.0,0.0
2025-09-12,239.7464919977143,241.4520630725996,237.38264448371655,240.17538452148438,26771600,0.0,0.0
2025-09-15,244.02536743382055,251.75526430827645,244.02536743382055,250.95733642578125,58383800,0.0,0.0
2025-09-16,251.42612617048883,252.38362748338088,248.82289569604956,250.50851440429688,34109700,0.0,0.0
2025-09-17,250.56835490468708,250.94737408261642,245.6411664684413,248.8827362060547,34108000,0.0,0.0
2025-09-18,251.0271682452624,253.33118919660149,249.15205506430715,251.3762664794922,31239500,0.0,0.0
2025-09-19,252.59310739678662,255.3359743083016,251.15684010622883,254.05929565429688,55571400,0.0,0.0
2025-09-22,253.7700350469374,255.11653941381564,249.65075806779814,251.87496948242188,32290500,0.0,0.0
2025-09-23,252.38362744671002,253.7002107757565,249.8302703204236,251.00721740722656,26628000,0.0,0.0
2025-09-24,251.00722705371746,251.69543970951247,245.80076590550527,246.4989471435547,28201000,0.0,0.0
2025-09-25,243.76602627878,245.8506164364007,240.1155317960277,245.1524200439453,31020400,0.0,0.0
2025-09-26,246.42913668030897,248.7730319241888,245.33198386371188,245.90049743652344,18503200,0.0,0.0
2025-09-29,247.20709239615746,250.4985201433971,242.1402679011131,243.4169464111328,32505800,0.0,0.0
2025-09-30,242.18018034462705,242.6589310263489,238.6294169517045,242.4694366455078,34724300,0.0,0.0
2025-10-01,240.12551089529904,245.66111761710096,237.9910625183314,244.26473999023438,31658200,0.0,0.0
2025-10-02,244.51409604788847,246.16979380429245,241.67149783253905,245.05270385742188,25483300,0.0,0.0
2025-10-03,243.85582267520638,245.66112527970623,241.0331615881319,244.71359252929688,30249600,0.0,0.0
2025-10-06,244.14505728413704,250.66810152305118,243.94557911341744,249.7803955078125,28894700,0.0,0.0
2025-10-07,247.62601181924765,249.7903811872092,244.88314509840285,245.1225128173828,23181300,0.0,0.0
2025-10-08,244.3246032710778,245.37186749350337,243.18756093367097,243.9854736328125,21307100,0.0,0.0
2025-10-09,243.83586445575082,244.12510552114733,238.52965682972516,240.9034881591797,27892100,0.0,0.0
2025-10-10,240.80373872383117,243.45684250665406,235.22824247873842,235.95635986328125,33180300,0.0,0.0
2025-10-13,239.58694087972822,243.865806618421,239.08823779870895,243.51670837402344,24995000,0.0,0.0
2025-10-14,240.60426901896764,246.47899033376285,239.88613541009548,244.81332397460938,22111600,0.0,0.0
2025-10-15,246.6086665065597,251.45606092411225,245.35194025727193,250.3788604736328,27007700,0.0,0.0
2025-10-16,251.1169327071502,256.29345747170413,249.45126638195018,250.8077392578125,27997200,0.0,0.0
2025-10-17,250.10953966399788,253.56057134926166,247.16719481275433,252.64295959472656,29671600,0.0,0.0
2025-10-20,254.0293759063695,256.6625123260812,253.5705623788801,255.88453674316406,22350200,0.0,0.0
2025-10-21,254.07923005269296,254.2188662949897,243.51668810909678,249.81033325195312,47312100,0.0,0.0
2025-10-22,253.710180894347,255.69500926260113,248.64335615777878,251.03713989257812,35029400,0.0,0.0
2025-10-23,252.3237915100895,254.3784456458486,251.19673296350098,252.4235382080078,19901400,0.0,0.0
2025-10-24,255.91448590080523,261.00126393641233,254.65777470591715,259.245849609375,28655100,0.0,0.0
2025-10-27,264.13306424820985,269.43927147389144,263.5944564854066,268.5715026855469,35235200,0.0,0.0
2025-10-28,268.99045739081123,270.0277682724026,265.80872945123696,266.7762145996094,29738600,0.0,0.0
2025-10-29,267.0555012387311,274.6258103943446,266.97572213826885,273.8578186035156,43580300,0.0,0.0
2025-10-30,290.8336705300809,290.8336705300809,279.3335782487789,280.7499084472656,74876000,0.0,0.0
2025-10-31,282.47538175038454,285.25815337777135,276.3114191679317,280.46063232421875,39267900,0.0,0.0
2025-11-03,281.4480558536455,284.7893724933962,279.0742243823285,282.98406982421875,29786000,0.0,0.0
2025-11-04,276.032169962035,280.54043509536257,275.5434506570495,276.82012939453125,30078400,0.0,0.0
2025-11-05,278.1466184544242,285.677052345188,276.62058842555,283.572509765625,31010300,0.0,0.0
2025-11-06,284.5898957734926,287.60208195818814,280.41079182644177,284.01141357421875,37173600,0.0,0.0
2025-11-07,282.47533241266484,283.0438611130793,274.4761475995039,278.106689453125,34479600,0.0,0.0
2025-11-10,283.6822445549795,290.0456696400176,282.12626310035637,289.3475036621094,29557300,0.0,0.0
2025-11-11,287.0035887304013,291.1627853205446,286.5747114373448,290.5543518066406,19842100,0.0,0.0
2025-11-12,290.9233873275988,291.2525483673142,282.9541227840324,285.9662780761719,24829900,0.0,0.0
2025-11-13,281.60762197974475,282.1063250073575,276.5208450104115,277.847412109375,29494000,0.0,0.0
2025-11-14,270.7059931829425,277.8374407083971,269.99784337488455,275.6930236816406,31647200,0.0,0.0
2025-11-17,285.038677928695,293.1874981262189,282.8344192497114,284.2806396484375,52670200,0.0,0.0
2025-11-18,287.1731753233953,288.05086711584505,277.4783868942568,283.5426025390625,49158700,0.0,0.0
2025-11-19,286.41513772838755,303.0219431129204,285.88651371587775,292.05047607421875,68198900,0.0,0.0
2025-11-20,303.7500416076266,305.625169818548,287.92121274474346,288.6991882324219,62025200,0.0,0.0
2025-11-21,295.6511046778972,303.1316497984607,293.0877639113642,298.8826904296875,74137700,0.0,0.0
2025-11-24,310.3229443803346,318.651290855991,308.79691436510495,317.75360107421875,85165100,0.0,0.0
2025-11-25,325.3638169665917,327.9770159307299,316.82602366827604,322.60101318359375,88632100,0.0,0.0
2025-11-26,319.8482042131112,323.658303098724,315.9683100285969,319.1201171875,51373400,0.0,0.0
2025-11-28,322.5312152935296,326.0021995827445,315.9682963529555,319.3494873046875,26018600,0.0,0.0
2025-12-01,316.8759202886677,319.02033724928003,313.07580560094704,314.0732116699219,41183000,0.0,0.0
2025-12-02,315.91839456558273,317.554155160306,313.09574872951146,314.9908142089844,35854700,0.0,0.0
2025-12-03,315.07061440214585,320.74582687116515,313.2852490348319,318.8009033203125,41838300,0.0,0.0
2025-12-04,321.3942008459266,321.5238380796439,313.8837336096964,316.796142578125,31240900,0.0,0.0
2025-12-05,318.6612335259534,322.32172694260385,318.34208673882245,320.4366149902344,28851700,0.0,0.0
2025-12-08,319.42862865409404,319.81788611091974,310.61578500656543,313.1109313964844,33909400,0.21,0.0
2025-12-09,311.7635388280278,317.3726229056239,311.2944500995635,316.4643859863281,30194000,0.0,0.0
2025-12-10,315.2168165746965,320.6861883612462,314.069055340672,319.58831787109375,33428900,0.0,0.0
2025-12-11,319.45853583973854,320.4965251579071,308.0008443067889,311.8233947753906,42353700,0.0,0.0
2025-12-12,313.0909556884665,314.25866704717134,304.96674508462553,308.68951416015625,35940200,0.0,0.0
2025-12-15,310.7155693717638,310.81538131016634,304.288070405232,307.62158203125,29151900,0.0,0.0
2025-12-16,304.3579426322819,310.16661977978157,302.00250880457793,305.97479248046875,30585000,0.0,0.0
2025-12-17,307.4120099511304,307.4918412298865,295.54507970361715,296.1439208984375,43930400,0.0,0.0
2025-12-18,301.1342186567393,303.3698600006946,298.6490626821344,301.8727722167969,33518000,0.0,0.0
2025-12-19,301.1442091965169,306.65348128006514,300.3856749721532,306.56365966796875,59943200,0.0,0.0
2025-12-22,309.2783702904479,309.52788491338026,304.70724534166345,309.1785583496094,26429900,0.0,0.0
2025-12-23,309.02884787804055,314.328535898872,308.7194521900694,313.73968505859375,25478700,0.0,0.0
2025-12-24,314.15886656933606,314.4682622711062,311.3144241794057,313.4801940917969,10097400,0.0,0.0
2025-12-26,313.8694546536391,314.4782557314601,311.67371372407564,312.9013366699219,10899000,0.0,0.0
2025-12-29,310.76548227407176,313.41033130955566,310.0169383701615,312.95123291015625,19621800,0.0,0.0
2025-12-30,311.8932765746258,316.3346490163796,311.85334570689247,313.24066162109375,17380900,0.0,0.0
2025-12-31,312.2426007868329,313.9692224596297,310.83533467851674,312.3923034667969,16377700,0.0,0.0
2026-01-02,316.28474944088583,321.8738834308866,309.72749743587605,314.53814697265625,32009400,0.0,0.0
2026-01-05,317.0432968268774,318.4006418955826,314.01918050346546,315.92547607421875,30195600,0.0,0.0
2026-01-06,315.7857038876524,320.3168980142969,311.17467848252585,313.7297058105469,31212100,0.0,0.0
2026-01-07,313.74965751082357,325.51677583182123,313.58000462136766,321.3548889160156,35104400,0.0,0.0
2026-01-08,328.3313118537803,329.67869694461876,320.8758135066914,324.80816650390625,31896100,0.0,0.0
2026-01-09,326.45496079982934,330.1876899539591,325.16745676828174,327.9320983886719,26214200,0.0,0.0
2026-01-12,325.16743586064183,333.3914583276215,324.3690012716118,331.2156677246094,33923900,0.0,0.0
2026-01-13,334.29970979162056,339.828932001794,332.9722749179122,335.3177185058594,33517600,0.0,0.0
2026-01-14,334.40947336413166,335.8666302231012,329.83837890700147,335.1879577636719,28525600,0.0,0.0
2026-01-15,336.9944202593897,337.03435112462023,330.0978329050398,332.1338806152344,28442400,0.0,0.0
2026-01-16,333.7607557246461,334.00028002450074,327.0637915356931,329.35931396484375,40341600,0.0,0.0
2026-01-20,320.2470363972373,327.0937337673917,319.80788820634325,321.3748474121094,35361000,0.0,0.0
2026-01-21,320.2969541162656,331.83450818795274,318.729994927537,327.7424621582031,35386600,0.0,0.0
2026-01-22,333.8006975362521,334.49932025317224,328.1117515615861,329.8982849121094,26253600,0.0,0.0
2026-01-23,331.8444485977197,333.0421309365838,326.8142558744754,327.2933044433594,27280000,0.0,0.0
2026-01-26,327.1735452193246,335.1879535299186,326.3651202937951,332.61297607421875,26042100,0.0,0.0
2026-01-27,334.71886692218493,337.2539439848537,332.8325522369338,333.90045166015625,21636200,0.0,0.0
2026-01-28,335.40755676022206,336.88469439192147,331.2955603721992,335.357666015625,27434400,0.0,0.0
2026-01-29,339.63926930341205,341.62542627766146,325.90600610893915,337.59326171875,39785600,0.0,0.0
2026-01-30,339.33989756206086,339.33989756206086,331.64487488391205,337.3437805175781,31024000,0.0,0.0
2026-02-02,335.56723722383623,344.160506471566,334.9783863513143,343.0227355957031,32006100,0.0,0.0
2026-02-03,346.66563680855586,348.322417578686,336.81480425638233,339.0504455566406,36506700,0.0,0.0
2026-02-04,342.2941250868659,342.6434516437907,327.8821583120744,332.3934020996094,70618400,0.0,0.0
2026-02-05,311.61382084171163,332.04407921106184,305.8649942318392,330.60687255859375,88205800,0.0,0.0
2026-02-06,326.54477434837446,329.7385737476322,319.2988903139048,322.233154296875,56380500,0.0,0.0
2026-02-09,320.30690521957837,327.0637807183464,316.6440476026885,323.6903381347656,39640100,0.0,0.0
2026-02-10,320.3468306795893,321.0454837970353,313.9991629255859,317.9614562988281,39170000,0.0,0.0
2026-02-11,318.3507205277581,320.43665913490463,309.0587983421378,310.35626220703125,45406400,0.0,0.0
2026-02-12,311.4840518259579,315.6259882196205,306.603561940612,308.4000549316406,47761300,0.0,0.0
2026-02-13,307.1325415821482,308.03078810659247,303.1203270701956,305.1264343261719,38499700,0.0,0.0
2026-02-17,299.45745756709624,303.84890853372514,295.674807618098,301.43359375,39247600,0.0,0.0
2026-02-18,301.5035060024616,304.7871271852118,300.66514046909924,302.7410888671875,28482100,0.0,0.0
2026-02-19,301.23402488534225,304.87693233204385,299.4574819671566,302.26202392578125,25834400,0.0,0.0
2026-02-20,303.72916224594877,315.885507154404,303.30996428502766,314.36846923828125,53210800,0.0,0.0
2026-02-23,318.43054299285177,318.8996316925602,309.2683735389658,310.8852233886719,31423000,0.0,0.0
2026-02-24,309.91711960911005,311.6637220131571,305.33603467292323,310.29638671875,25615600,0.0,0.0
2026-02-25,311.45411503231185,313.03106442763067,308.83920678711326,312.29248046875,29963600,0.0,0.0
2026-02-26,312.0330312197015,312.5320604811519,301.7630004907203,306.7832336425781,36431200,0.0,0.0
2026-02-27,303.5495233120643,311.7635251790807,303.21015662264614,311.15472412109375,44640600,0.0,0.0
2026-03-02,302.6413055358027,307.89107280501906,300.7150293830805,305.9248962402344,34790200,0.0,0.0
2026-03-03,298.01026816236094,303.34988694776314,296.1339134078651,302.9905700683594,35497000,0.0,0.0
2026-03-04,302.30197959238774,304.8769573413998,300.1661195993462,302.54150390625,29536200,0.0,0.0
2026-03-05,302.4516473530844,302.711121843687,297.4114338033223,300.29583740234375,35752300,0.0,0.0
2026-03-06,295.5151547022239,299.94653713519574,294.60691775969326,297.9404296875,25576900,0.0,0.0
2026-03-09,293.99527562141907,306.4198649966507,293.71562375842984,305.98040771484375,29312100,0.21,0.0
2026-03-10,305.79068968096857,309.1265479913924,305.1914269440574,306.65960693359375,23239700,0.0,0.0
2026-03-11,306.3699695674413,311.0341973481569,305.54101125974313,308.31756591796875,24125700,0.0,0.0
2026-03-12,306.43985713507476,308.5572255769297,300.65702241451555,303.17388916015625,24928300,0.0,0.0
2026-03-13,306.6296377698095,307.3087879643589,300.0677703977713,301.9054870605469,23693100,0.0,0.0
2026-03-16,303.97293465389924,306.11026747244654,302.64456537566065,305.1814270019531,23519700,0.0,0.0
2026-03-17,305.48103123176395,311.03417054952814,305.1214918945171,310.5347900390625,21955200,0.0,0.0
2026-03-18,308.88680583632095,312.08285325242963,306.5497087361953,307.30877685546875,20009800,0.0,0.0
2026-03-19,303.63335165234247,307.67832164750223,301.9754046785898,306.7494812011719,25075800,0.0,0.0
2026-03-20,305.0815409313132,305.62088043111504,297.9004465638477,300.6270751953125,44364100,0.0,0.0
2026-03-23,301.7357168812967,305.60094814101865,300.5571860375472,301.685791015625,29326900,0.0,0.0
2026-03-24,298.82932646685043,299.5484356615691,289.97029010977093,290.0801696777344,36864300,0.0,0.0
2026-03-25,293.07644958925243,295.6332754793409,288.8816409209488,290.5695495605469,29460700,0.0,0.0
2026-03-26,287.55329025783345,287.5932492331535,278.15494535852446,280.57196044921875,39080600,0.0,0.0
2026-03-27,276.9364822022131,279.02388928595167,273.6106210828978,274.0001220703125,35890600,0.0,0.0
2026-03-30,276.07755917965534,276.74671205405957,271.772870758184,273.1611633300781,35141200,0.0,0.0
2026-03-31,277.6955407888773,287.72308014338427,276.74670556560056,287.2037353515625,43875400,0.0,0.0
2026-04-01,290.47967248402244,300.14767254424095,290.05021252939383,297.0215759277344,37684500,0.0,0.0
2026-04-02,290.3298713924274,297.71070019384774,289.0914173614996,295.403564453125,21666500,0.0,0.0
2026-04-06,295.50342601468935,300.2475409865838,294.8142784540748,299.6183166503906,16945500,0.0,0.0
2026-04-07,302.3549447988444,305.2513457589993,297.3511421656273,305.08154296875,23205400,0.0,0.0
2026-04-08,320.0530070056894,321.68096199730417,314.6297110626625,316.9268798828125,33547100,0.0,0.0
2026-04-09,315.51860784412145,319.1441153425082,310.6746106421415,318.09539794921875,23739200,0.0,0.0
2026-04-10,319.62350892085055,321.4312640320202,315.9281112234418,316.8469543457031,19152600,0.0,0.0
2026-04-13,316.74710955552524,321.2315371363443,315.0791651091577,320.91192626953125,18866400,0.0,0.0
2026-04-14,324.38762340838895,332.8770926852431,323.3489033390031,332.49755859375,27721400,0.0,0.0
2026-04-15,332.4775916674409,337.0619013824557,330.49003638532656,336.70233154296875,24918800,0.0,0.0
2026-04-16,338.33029678032364,339.458901613874,334.105526677332,335.6036682128906,20541500,0.0,0.0
2026-04-17,337.2316773591919,341.89590508018404,335.8234205588037,341.2566833496094,25581900,0.0,0.0
2026-04-20,340.3378420577138,340.97703331198585,336.1929591105031,337.0019836425781,18784200,0.0,0.0
2026-04-21,337.2716301294484,338.9195798085849,330.9394885663705,331.8783264160156,23123800,0.0,0.0
2026-04-22,336.60245884112476,339.3990082413208,334.7547751685775,338.8996276855469,20293000,0.0,0.0
2026-04-23,340.7572947145818,341.53632713037314,335.7634893621326,338.47015380859375,18650300,0.0,0.0
2026-04-24,338.3103390739037,344.8422143498026,334.97448084779876,343.9732971191406,26426100,0.0,0.0
2026-04-27,345.55136124882,352.74242256668157,342.3053878156813,349.90594482421875,28576900,0.0,0.0
2026-04-28,348.11816206941427,351.9833930501032,345.69117996136276,349.3466491699219,27824100,0.0,0.0
2026-04-29,347.1394107424554,355.3492283904879,343.78355752060145,349.5064697265625,35376300,0.0,0.0
2026-04-30,373.6065555628184,385.3619622201579,365.3667768501622,384.3232421875,72040000,0.0,0.0
2026-05-01,381.1572209075714,386.2808704617397,378.5804000830116,385.2121887207031,30105200,0.0,0.0
2026-05-04,385.15223320621686,386.90006506467324,379.31947226185457,382.7751770019531,26298600,0.0,0.0
2026-05-05,385.7515048868787,392.33333678038815,383.5442209432822,387.9487609863281,23878600,0.0,0.0
2026-05-06,393.7615619135972,399.3546301445318,392.2734176347804,397.546875,31308500,0.0,0.0
2026-05-07,399.42454979908837,399.6043194807176,392.1934987581594,397.4969177246094,24433500,0.0,0.0
2026-05-08,396.5081562950806,401.5019617899809,395.86893456144384,400.3034362792969,21461800,0.0,0.0
2026-05-11,393.16228042470647,396.94759333072534,387.9887055115338,388.15850830078125,30753700,0.0,0.0
2026-05-12,386.8601198229993,388.0386506028281,382.2957742925754,386.8701171875,26017500,0.0,0.0
2026-05-13,385.1222825184223,403.1998643489371,384.5230197682841,402.1211853027344,28144600,0.0,0.0
2026-05-14,396.7878070287349,402.43080112559403,395.349588612008,400.5731201171875,21136700,0.0,0.0
2026-05-15,395.82900006662373,399.0450119758119,392.69287563304505,396.2884216308594,20309700,0.0,0.0
2026-05-18,395.1997907850553,408.10376741205215,394.04122422601415,396.4482421875,26837200,0.0,0.0
2026-05-19,396.4681837278221,396.65795076850566,385.63162007935824,387.1797180175781,39545700,0.0,0.0
2026-05-20,387.2196997137571,393.37204141137994,382.42562803382646,388.4281921386719,31744400,0.0,0.0
2026-05-21,385.22215486500835,392.01371791338363,382.5454520468608,387.1797180175781,24852800,0.0,0.0
2026-05-22,386.87012298265273,388.258385079403,381.29701890681014,382.49554443359375,20442100,0.0,0.0
2026-05-26,384.0336125447445,388.7777274266938,382.12597532411496,388.398193359375,27747400,0.0,0.0
2026-05-27,386.1909390913781,393.39199754996946,385.421873594791,388.3482360839844,23087300,0.0,0.0
2026-05-28,387.5193014898567,391.38450201712897,384.68282366229704,389.64666748046875,24357500,0.0,0.0
2026-05-29,384.7626974671623,384.7626974671623,377.9910987617443,379.8687744140625,44415800,0.0,0.0
2026-06-01,376.05352511273605,378.09100632744554,373.05724175924524,375.9037170410156,28672100,0.0,0.0
2026-06-02,366.13582064636165,373.07722234401785,357.99592394061045,361.4017028808594,50412300,0.0,0.0
2026-06-03,361.5814692403301,365.9960065843375,357.6363508187865,358.54522705078125,55441600,0.0,0.0
2026-06-04,358.4553682250688,372.7875967270043,357.76622059782807,371.7289123535156,44055500,0.0,0.0
2026-06-05,365.88613605551615,371.6190149899659,363.6688852043904,368.07342529296875,37471200,0.0,0.0
2026-06-08,364.9454235864071,365.9647879200631,360.2984165590168,363.0766296386719,27942500,0.22,0.0
2026-06-09,366.85420025674074,371.84098522768176,357.0704802123837,364.0260314941406,29535100,0.0,0.0
2026-06-10,362.95671584537644,368.3232616719084,354.97185779418805,356.1510925292969,32357100,0.0,0.0
2026-06-11,355.70134679025995,358.5694982511428,346.13748714351743,357.5401611328125,35538200,0.0,0.0
2026-06-12,362.3870579560934,366.33453278338226,354.7119986974298,359.4489440917969,24704600,0.0,0.0
2026-06-15,367.69366113705985,372.7504085202595,366.3145426692825,369.1127624511719,27727500,0.0,0.0
2026-06-16,369.3626044753487,375.7584875251172,366.8242274297617,373.01025390625,24876100,0.0,0.0
2026-06-17,368.8929017493238,372.0908279957741,361.78745285393074,363.55633544921875,24543600,0.0,0.0
2026-06-18,365.51504497617543,369.2426598317581,358.4396065335441,367.7935791015625,44470100,0.0,0.0
2026-06-22,357.72009076397745,358.68946892539066,341.50050477393233,349.45538330078125,52814800,0.0,0.0
2026-06-23,340.47114598010614,349.0656275102868,339.98147051143604,345.90765380859375,34007700,0.0,0.0
2026-06-24,348.8157979233392,353.25294826847323,341.7103492701006,345.0682067871094,44997300,0.0,0.0
2026-06-25,336.51370015420923,345.34801779729577,335.6242572392167,343.48919677734375,44491400,0.0,0.0
2026-06-26,342.32993723999033,346.1374872957393,329.98789515004995,337.17327880859375,114706300,0.0,0.0
2026-06-29,341.6104064955248,354.122383587675,340.4511784786947,353.4228210449219,34213900,0.0,0.0
2026-06-30,353.64269008629407,358.3896389689017,350.1749177879227,357.14044189453125,35237200,0.0,0.0
2026-07-01,358.1397942573561,362.7368455226467,356.20103798676814,360.97796630859375,26736400,0.0,0.0
2026-07-02,359.2490860357571,363.97602803095486,353.19298133516355,359.6788024902344,25974800,0.0,0.0
2026-07-06,361.31772936423556,367.693635754559,357.15042523629825,366.2245788574219,26915800,0.0,0.0
2026-07-07,368.8329180211536,372.9202869594668,365.26520405735874,366.7942199707031,24045600,0.0,0.0
2026-07-08,364.525702555654,367.6037106679975,357.79001132287857,361.6875305175781,22094800,0.0,0.0
2026-07-09,354.08240970637695,359.41897594546776,350.8544734886641,358.65948486328125,24729100,0.0,0.0
2026-07-10,357.30034280387986,357.5901650645865,352.52341441108456,356.9505615234375,18146100,0.0,0.0
2026-07-13,355.96119810970276,357.8999543595846,351.52404777471276,352.2835693359375,15901700,0.0,0.0
2026-07-14,350.97442351070157,359.92865963343,350.86447830880365,359.2790832519531,18259400,0.0,0.0
2026-07-15,357.74006858863044,373.40998963278184,357.5302120160503,370.6817626953125,28284600,0.0,0.0
2026-07-16,372.8203579699616,375.02892981037553,352.07368364698067,354.2322998046875,41158500,0.0,0.0
2026-07-17,345.77774679993126,348.2961170979314,341.1407126662452,346.5472412109375,29959300,0.0,0.0
2026-07-20,350.6546131580819,359.4489481797366,350.2948285491913,351.7638854980469,24736600,0.0,0.0
2026-07-21,351.09433677099497,351.09433677099497,346.77710440528256,346.927001953125,23369800,0.0,0.0
2026-07-22,347.93634723653764,349.7152025525983,341.51048515922605,341.8702392578125,39334100,0.0,0.0
2026-07-23,320.92372412122546,324.2815511558238,314.69771503877246,317.4859313964844,69419700,0.0,0.0
2026-07-24,318.2154780071113,323.97175736278774,317.11617848672984,319.53460693359375,31806600,0.0,0.0
2026-07-27,324.83120713377,330.2077559724587,324.2415898017393,326.3502197265625,28471600,0.0,0.0
2026-07-28,327.68937042492354,335.66425552638333,324.2316014627561,333.4956359863281,29511900,0.0,0.0
2026-07-29,334.455045685483,342.2800028423013,331.40698648547414,336.49371337890625,27501600,0.0,0.0
2026-07-30,333.98534038388266,336.29385412629074,330.12780397797883,333.4456787109375,30168000,0.0,0.0
2026-07-31,340.611054758666,358.3496530632621,339.78160132747564,355.9012451171875,46498000,0.0,0.0
2026-08-03,365.2152604560987,376.4480305309448,363.1166033198653,373.27008056640625,38669700,0.0,0.0
2026-08-04,367.9834743668337,380.2755612380555,367.263935640354,377.40740966796875,35705700,0.0,0.0
2026-08-05,383.0937455186354,384.2330278418686,356.54080629618977,362.1971740722656,46926300,0.0,0.0
2026-08-06,360.5382517887205,363.8961093831237,356.65076635274994,357.52020263671875,25235900,0.0,0.0
2026-08-07,356.49084652154687,358.6694387836589,353.5527327193329,354.0723876953125,19859900,0.0,0.0
2026-08-10,354.951850943437,357.38028276908574,352.4834362714388,357.29034423828125,18991400,0.0,0.0
2026-08-11,355.6613923515014,356.5807842683805,343.1694223006263,343.5791320800781,29081800,0.0,0.0
2026-08-12,346.0875456512855,346.25744987105145,340.66104092628797,343.3193359375,25012000,0.0,0.0
2026-08-13,345.5478948342235,347.7065110877775,343.5392066313974,346.13751220703125,17866100,0.0,0.0
2026-08-14,346.5772111705174,350.22489088982945,344.27870083870846,345.67779541015625,17808600,0.0,0.0
2026-08-17,346.04755304110785,347.0269344906474,341.7103446182459,343.7790222167969,18291300,0.0,0.0
2026-08-18,342.19005363605754,344.6484648943574,339.97147845233087,343.9789123535156,19248800,0.0,0.0
2026-08-19,342.2400076559886,346.5072842825429,340.44117610948047,344.4985656738281,19733800,0.0,0.0
2026-08-20,342.83962071417653,343.6790774504127,338.3525147854226,340.451171875,18570400,0.0,0.0
2026-08-21,342.359928876986,345.97762917305914,340.1813365286692,344.5985107421875,20849800,0.0,0.0
2026-08-24,343.39927531721605,351.3741604480826,342.2699962782288,347.83642578125,26338200,0.0,0.0
2026-08-25,349.41542326154587,349.9350782600912,345.37800981753963,346.73712158203125,20649700,0.0,0.0
2026-08-26,346.3973312516375,346.65717399060424,339.96146577825954,341.7803039550781,20420300,0.0,0.0
2026-08-27,339.45183186724313,341.4705233735174,338.3025461528343,340.4311828613281,23391400,0.0,0.0
2026-08-28,340.49114263603377,348.91575095848634,340.0514228221321,346.36737060546875,25347200,0.0,0.0
2026-08-31,343.60912172254496,344.3686432833908,336.94342338566804,339.13201904296875,33493600,0.0,0.0
2026-09-01,335.7841605001305,336.9834018439635,332.8360433203593,334.8047790527344,23342700,0.0,0.0
2026-09-02,333.84541044728496,339.78159726283246,332.6062167342666,336.9034423828125,22582300,0.0,0.0
2026-09-03,340.34122971001256,344.4585782378343,339.841550898423,342.260009765625,20726900,0.0,0.0
2026-09-04,342.4700012207031,343.5299987792969,337.0899963378906,338.4599914550781,23189300,0.22,0.0
2026-09-08,335.4200134277344,339.67999267578125,333.2200012207031,338.3599853515625,22915800,0.0,0.0
2026-09-09,331.6499938964844,331.8500061035156,327.8999938964844,330.6499938964844,33151600,0.0,0.0
2026-09-10,328.2300109863281,333.2300109863281,327.739990234375,332.6000061035156,23557600,0.0,0.0
2026-09-11,335.0299987792969,342.9800109863281,335.0299987792969,338.5,24708300,0.0,0.0
2026-09-14,343.1199951171875,349.9100036621094,342.1400146484375,349.3900146484375,35905400,0.0,0.0
2026-09-15,346.79998779296875,348.07000732421875,342.70001220703125,344.9800109863281,21928600,0.0,0.0
2026-09-16,347.0799865722656,348.3999938964844,340.6400146484375,342.8699951171875,18928900,0.0,0.0
2026-09-17,348.67999267578125,349.5,343.8900146484375,347.3299865722656,19203100,0.0,0.0
