Date,Open,High,Low,Close,Volume,Dividends,Stock Splits,Capital Gains
2020-09-03,10.9399995803833,11.020000457763672,10.850000381469727,10.979999542236328,559200,0.0,0.0,0.0
2020-09-04,10.949999809265137,10.970000267028809,10.800000190734863,10.829999923706055,297500,0.0,0.0,0.0
2020-09-08,10.479999542236328,10.520000457763672,10.369999885559082,10.470000267028809,752400,0.0,0.0,0.0
2020-09-09,10.479999542236328,10.649999618530273,10.460000038146973,10.609999656677246,349500,0.0,0.0,0.0
2020-09-10,10.569999694824219,10.640000343322754,10.449999809265137,10.470000267028809,599500,0.0,0.0,0.0
2020-09-11,10.5,10.609999656677246,10.5,10.569999694824219,184900,0.0,0.0,0.0
2020-09-14,10.510000228881836,10.569999694824219,10.489999771118164,10.529999732971191,323300,0.0,0.0,0.0
2020-09-15,10.550000190734863,10.649999618530273,10.520000457763672,10.609999656677246,326700,0.0,0.0,0.0
2020-09-16,10.75,10.859999656677246,10.720000267028809,10.84000015258789,604100,0.0,0.0,0.0
2020-09-17,10.770000457763672,10.989999771118164,10.760000228881836,10.979999542236328,325400,0.0,0.0,0.0
2020-09-18,11.0,11.029999732971191,10.949999809265137,11.010000228881836,385300,0.0,0.0,0.0
2020-09-21,10.869999885559082,10.869999885559082,10.630000114440918,10.75,269100,0.0,0.0,0.0
2020-09-22,10.779999732971191,10.800000190734863,10.630000114440918,10.6899995803833,477900,0.0,0.0,0.0
2020-09-23,10.6899995803833,10.800000190734863,10.630000114440918,10.630000114440918,322000,0.0,0.0,0.0
2020-09-24,10.640000343322754,10.739999771118164,10.600000381469727,10.699999809265137,805700,0.0,0.0,0.0
2020-09-25,10.65999984741211,10.739999771118164,10.65999984741211,10.720000267028809,218300,0.0,0.0,0.0
2020-09-28,10.739999771118164,10.8100004196167,10.680000305175781,10.800000190734863,190000,0.0,0.0,0.0
2020-09-29,10.710000038146973,10.710000038146973,10.510000228881836,10.579999923706055,250500,0.0,0.0,0.0
2020-09-30,10.630000114440918,10.800000190734863,10.609999656677246,10.75,655800,0.0,0.0,0.0
2020-10-01,10.630000114440918,10.649999618530273,10.430000305175781,10.550000190734863,1878800,0.0,0.0,0.0
2020-10-02,10.34000015258789,10.479999542236328,10.300000190734863,10.369999885559082,400600,0.0,0.0,0.0
2020-10-05,10.539999961853027,10.75,10.539999961853027,10.720000267028809,402900,0.0,0.0,0.0
2020-10-06,10.850000381469727,10.949999809265137,10.770000457763672,10.789999961853027,756100,0.0,0.0,0.0
2020-10-07,10.8100004196167,10.869999885559082,10.760000228881836,10.859999656677246,155500,0.0,0.0,0.0
2020-10-08,10.949999809265137,11.029999732971191,10.9399995803833,11.0,288300,0.0,0.0,0.0
2020-10-09,11.039999961853027,11.119999885559082,11.010000228881836,11.029999732971191,203600,0.0,0.0,0.0
2020-10-12,11.010000228881836,11.010000228881836,10.84000015258789,10.859999656677246,201100,0.0,0.0,0.0
2020-10-13,10.899999618530273,10.949999809265137,10.859999656677246,10.920000076293945,223800,0.0,0.0,0.0
2020-10-14,10.960000038146973,11.0600004196167,10.960000038146973,11.029999732971191,326800,0.0,0.0,0.0
2020-10-15,10.850000381469727,11.100000381469727,10.850000381469727,11.09000015258789,333000,0.0,0.0,0.0
2020-10-16,11.079999923706055,11.079999923706055,10.979999542236328,11.029999732971191,280300,0.0,0.0,0.0
2020-10-19,11.0600004196167,11.09000015258789,10.979999542236328,10.989999771118164,264800,0.0,0.0,0.0
2020-10-20,10.979999542236328,11.140000343322754,10.970000267028809,11.09000015258789,250900,0.0,0.0,0.0
2020-10-21,11.050000190734863,11.109999656677246,10.9399995803833,10.979999542236328,187900,0.0,0.0,0.0
2020-10-22,10.979999542236328,11.079999923706055,10.979999542236328,11.020000457763672,176100,0.0,0.0,0.0
2020-10-23,11.039999961853027,11.039999961853027,10.890000343322754,10.930000305175781,253300,0.0,0.0,0.0
2020-10-26,10.800000190734863,10.850000381469727,10.699999809265137,10.75,299400,0.0,0.0,0.0
2020-10-27,10.800000190734863,10.920000076293945,10.789999961853027,10.869999885559082,252000,0.0,0.0,0.0
2020-10-28,10.59000015258789,10.600000381469727,10.520000457763672,10.550000190734863,243400,0.0,0.0,0.0
2020-10-29,10.289999961853027,10.4399995803833,10.199999809265137,10.40999984741211,224200,0.0,0.0,0.0
2020-10-30,10.350000381469727,10.390000343322754,10.300000190734863,10.380000114440918,389200,0.0,0.0,0.0
2020-11-02,10.34000015258789,10.5600004196167,10.3100004196167,10.550000190734863,1607400,0.0,0.0,0.0
2020-11-03,10.710000038146973,10.710000038146973,10.600000381469727,10.640000343322754,366500,0.0,0.0,0.0
2020-11-04,10.720000267028809,10.819999694824219,10.619999885559082,10.800000190734863,277900,0.0,0.0,0.0
2020-11-05,10.859999656677246,10.930000305175781,10.770000457763672,10.800000190734863,221600,0.0,0.0,0.0
2020-11-06,10.770000457763672,10.770000457763672,10.609999656677246,10.640000343322754,307200,0.0,0.0,0.0
2020-11-09,11.069999694824219,11.100000381469727,10.920000076293945,10.920000076293945,566700,0.0,0.0,0.0
2020-11-10,11.0600004196167,11.1899995803833,11.039999961853027,11.180000305175781,397400,0.0,0.0,0.0
2020-11-11,11.300000190734863,11.3100004196167,11.149999618530273,11.15999984741211,510600,0.0,0.0,0.0
2020-11-12,11.1899995803833,11.239999771118164,11.0600004196167,11.079999923706055,266300,0.0,0.0,0.0
2020-11-13,11.069999694824219,11.079999923706055,10.979999542236328,11.010000228881836,263400,0.0,0.0,0.0
2020-11-16,11.199999809265137,11.199999809265137,11.109999656677246,11.140000343322754,292400,0.0,0.0,0.0
2020-11-17,11.180000305175781,11.1899995803833,11.079999923706055,11.180000305175781,206100,0.0,0.0,0.0
2020-11-18,11.239999771118164,11.300000190734863,11.199999809265137,11.210000038146973,319500,0.0,0.0,0.0
2020-11-19,11.170000076293945,11.199999809265137,11.109999656677246,11.199999809265137,547900,0.0,0.0,0.0
2020-11-20,11.199999809265137,11.289999961853027,11.199999809265137,11.289999961853027,207900,0.0,0.0,0.0
2020-11-23,11.350000381469727,11.390000343322754,11.319999694824219,11.369999885559082,201500,0.0,0.0,0.0
2020-11-24,11.460000038146973,11.640000343322754,11.460000038146973,11.609999656677246,892600,0.0,0.0,0.0
2020-11-25,11.720000267028809,11.760000228881836,11.630000114440918,11.699999809265137,616800,0.0,0.0,0.0
2020-11-27,11.670000076293945,11.710000038146973,11.649999618530273,11.6899995803833,245700,0.0,0.0,0.0
2020-11-30,11.720000267028809,11.720000267028809,11.579999923706055,11.649999618530273,814100,0.0,0.0,0.0
2020-12-01,11.65999984741211,11.65999984741211,11.529999732971191,11.569999694824219,1716600,0.0,0.0,0.0
2020-12-02,11.550000190734863,11.720000267028809,11.529999732971191,11.649999618530273,285400,0.0,0.0,0.0
2020-12-03,11.640000343322754,11.6899995803833,11.579999923706055,11.65999984741211,373700,0.0,0.0,0.0
2020-12-04,11.670000076293945,11.75,11.65999984741211,11.699999809265137,330100,0.0,0.0,0.0
2020-12-07,11.609999656677246,11.739999771118164,11.59000015258789,11.630000114440918,413700,0.0,0.0,0.0
2020-12-08,11.640000343322754,11.649999618530273,11.569999694824219,11.640000343322754,196000,0.0,0.0,0.0
2020-12-09,11.680000305175781,11.729999542236328,11.59000015258789,11.670000076293945,432300,0.0,0.0,0.0
2020-12-10,11.75,12.0,11.75,11.880000114440918,580000,0.0,0.0,0.0
2020-12-11,11.869999885559082,11.869999885559082,11.770000457763672,11.859999656677246,317300,0.0,0.0,0.0
2020-12-14,11.899999618530273,11.899999618530273,11.739999771118164,11.890000343322754,785100,0.0,0.0,0.0
2020-12-15,11.899999618530273,11.989999771118164,11.899999618530273,11.979999542236328,2297900,0.0,0.0,0.0
2020-12-16,11.979999542236328,12.050000190734863,11.949999809265137,12.039999961853027,270300,0.0,0.0,0.0
2020-12-17,12.140000343322754,12.1899995803833,12.109999656677246,12.1899995803833,535800,0.0,0.0,0.0
2020-12-18,12.210000038146973,12.289999961853027,12.1899995803833,12.260000228881836,413000,0.0,0.0,0.0
2020-12-21,11.979999542236328,12.119999885559082,11.949999809265137,12.09000015258789,504200,0.0,0.0,0.0
2020-12-22,12.029999732971191,12.039999961853027,11.949999809265137,11.970000267028809,296200,0.0,0.0,0.0
2020-12-23,12.0600004196167,12.210000038146973,12.039999961853027,12.130000114440918,366700,0.0,0.0,0.0
2020-12-24,12.15999984741211,12.180000305175781,12.119999885559082,12.180000305175781,195200,0.0,0.0,0.0
2020-12-28,12.199999809265137,12.199999809265137,12.079999923706055,12.109999656677246,270200,0.0,0.0,0.0
2020-12-29,12.149999618530273,12.1899995803833,12.119999885559082,12.140000343322754,1463800,0.0,0.0,0.0
2020-12-30,12.130000114440918,12.270000457763672,12.130000114440918,12.220000267028809,1698000,0.0,0.0,0.0
2020-12-31,12.220000267028809,12.329999923706055,12.1899995803833,12.329999923706055,1557400,0.0,0.0,0.0
2021-01-04,12.4399995803833,12.460000038146973,12.210000038146973,12.239999771118164,1526800,0.0,0.0,0.0
2021-01-05,12.479999542236328,12.6899995803833,12.470000267028809,12.670000076293945,1281300,0.0,0.0,0.0
2021-01-06,12.680000305175781,12.75,12.579999923706055,12.6899995803833,936200,0.0,0.0,0.0
2021-01-07,12.699999809265137,12.75,12.680000305175781,12.710000038146973,808600,0.0,0.0,0.0
2021-01-08,12.819999694824219,12.890000343322754,12.720000267028809,12.890000343322754,1194500,0.0,0.0,0.0
2021-01-11,12.720000267028809,12.800000190734863,12.6899995803833,12.779999732971191,590800,0.0,0.0,0.0
2021-01-12,12.890000343322754,13.069999694824219,12.869999885559082,13.029999732971191,2988000,0.0,0.0,0.0
2021-01-13,13.020000457763672,13.0600004196167,12.960000038146973,12.960000038146973,667400,0.0,0.0,0.0
2021-01-14,12.960000038146973,13.109999656677246,12.960000038146973,13.109999656677246,913500,0.0,0.0,0.0
2021-01-15,13.010000228881836,13.020000457763672,12.859999656677246,12.920000076293945,925100,0.0,0.0,0.0
2021-01-19,12.989999771118164,13.020000457763672,12.930000305175781,12.960000038146973,1496200,0.0,0.0,0.0
2021-01-20,13.0,13.029999732971191,12.960000038146973,12.989999771118164,737600,0.0,0.0,0.0
2021-01-21,12.989999771118164,13.020000457763672,12.9399995803833,12.960000038146973,393400,0.0,0.0,0.0
2021-01-22,12.770000457763672,12.899999618530273,12.75,12.770000457763672,624400,0.0,0.0,0.0
2021-01-25,12.800000190734863,12.949999809265137,12.779999732971191,12.9399995803833,511400,0.0,0.0,0.0
2021-01-26,13.0,13.029999732971191,12.949999809265137,12.989999771118164,506700,0.0,0.0,0.0
2021-01-27,12.989999771118164,13.029999732971191,12.850000381469727,12.949999809265137,784500,0.0,0.0,0.0
2021-01-28,13.079999923706055,13.109999656677246,12.880000114440918,12.880000114440918,339600,0.0,0.0,0.0
2021-01-29,13.039999961853027,13.0600004196167,12.880000114440918,12.90999984741211,1260400,0.0,0.0,0.0
2021-02-01,13.09000015258789,13.140000343322754,12.960000038146973,13.130000114440918,5392300,0.0,0.0,0.0
2021-02-02,13.279999732971191,13.279999732971191,13.199999809265137,13.199999809265137,1129200,0.0,0.0,0.0
2021-02-03,13.279999732971191,13.399999618530273,13.260000228881836,13.329999923706055,1374700,0.0,0.0,0.0
2021-02-04,13.380000114440918,13.430000305175781,13.260000228881836,13.40999984741211,864700,0.0,0.0,0.0
2021-02-05,13.529999732971191,13.569999694824219,13.470000267028809,13.520000457763672,801400,0.0,0.0,0.0
2021-02-08,13.619999885559082,13.739999771118164,13.609999656677246,13.739999771118164,1285600,0.0,0.0,0.0
2021-02-09,13.699999809265137,13.789999961853027,13.640000343322754,13.770000457763672,602700,0.0,0.0,0.0
2021-02-10,13.789999961853027,13.789999961853027,13.6899995803833,13.710000038146973,859900,0.0,0.0,0.0
2021-02-11,13.779999732971191,13.800000190734863,13.6899995803833,13.699999809265137,621100,0.0,0.0,0.0
2021-02-12,13.6899995803833,13.930000305175781,13.6899995803833,13.920000076293945,598900,0.0,0.0,0.0
2021-02-16,14.0,14.09000015258789,13.989999771118164,14.069999694824219,3647100,0.0,0.0,0.0
2021-02-17,14.050000190734863,14.180000305175781,14.0,14.170000076293945,1860400,0.0,0.0,0.0
2021-02-18,14.239999771118164,14.239999771118164,14.050000190734863,14.09000015258789,1380400,0.0,0.0,0.0
2021-02-19,14.15999984741211,14.229999542236328,14.010000228881836,14.039999961853027,829000,0.0,0.0,0.0
2021-02-22,14.199999809265137,14.40999984741211,14.1899995803833,14.350000381469727,1545600,0.0,0.0,0.0
2021-02-23,14.350000381469727,14.470000267028809,14.239999771118164,14.4399995803833,2092100,0.0,0.0,0.0
2021-02-24,14.510000228881836,14.680000305175781,14.479999542236328,14.640000343322754,1670200,0.0,0.0,0.0
2021-02-25,14.600000381469727,14.65999984741211,14.520000457763672,14.539999961853027,1755000,0.0,0.0,0.0
2021-02-26,14.460000038146973,14.460000038146973,14.220000267028809,14.239999771118164,1755200,0.0,0.0,0.0
2021-03-01,14.289999961853027,14.319999694824219,14.029999732971191,14.100000381469727,3773700,0.0,0.0,0.0
2021-03-02,14.1899995803833,14.260000228881836,14.079999923706055,14.09000015258789,1145800,0.0,0.0,0.0
2021-03-03,14.15999984741211,14.270000457763672,14.100000381469727,14.170000076293945,1902800,0.0,0.0,0.0
2021-03-04,14.229999542236328,14.5600004196167,14.180000305175781,14.420000076293945,2237400,0.0,0.0,0.0
2021-03-05,14.65999984741211,14.75,14.59000015258789,14.75,2077700,0.0,0.0,0.0
2021-03-08,14.649999618530273,14.649999618530273,14.5,14.510000228881836,1945800,0.0,0.0,0.0
2021-03-09,14.539999961853027,14.579999923706055,14.430000305175781,14.449999809265137,888400,0.0,0.0,0.0
2021-03-10,14.479999542236328,14.550000190734863,14.380000114440918,14.520000457763672,1103100,0.0,0.0,0.0
2021-03-11,14.630000114440918,14.760000228881836,14.569999694824219,14.760000228881836,1066600,0.0,0.0,0.0
2021-03-12,14.670000076293945,14.760000228881836,14.640000343322754,14.680000305175781,997700,0.0,0.0,0.0
2021-03-15,14.609999656677246,14.699999809265137,14.539999961853027,14.65999984741211,2044600,0.0,0.0,0.0
2021-03-16,14.569999694824219,14.640000343322754,14.489999771118164,14.579999923706055,1098500,0.0,0.0,0.0
2021-03-17,14.569999694824219,14.609999656677246,14.460000038146973,14.59000015258789,898300,0.0,0.0,0.0
2021-03-18,14.40999984741211,14.40999984741211,13.739999771118164,13.859999656677246,3208100,0.0,0.0,0.0
2021-03-19,13.960000038146973,14.220000267028809,13.850000381469727,14.199999809265137,1301400,0.0,0.0,0.0
2021-03-22,14.1899995803833,14.239999771118164,14.130000114440918,14.140000343322754,1107700,0.0,0.0,0.0
2021-03-23,13.859999656677246,14.0,13.670000076293945,13.680000305175781,1706200,0.0,0.0,0.0
2021-03-24,13.960000038146973,14.140000343322754,13.90999984741211,14.0600004196167,761900,0.0,0.0,0.0
2021-03-25,13.869999885559082,13.90999984741211,13.649999618530273,13.779999732971191,1332700,0.0,0.0,0.0
2021-03-26,14.050000190734863,14.170000076293945,14.050000190734863,14.140000343322754,1183000,0.0,0.0,0.0
2021-03-29,14.039999961853027,14.170000076293945,13.960000038146973,14.170000076293945,1218000,0.0,0.0,0.0
2021-03-30,14.010000228881836,14.0600004196167,13.930000305175781,13.9399995803833,1448500,0.0,0.0,0.0
2021-03-31,13.930000305175781,14.149999618530273,13.899999618530273,13.970000267028809,1679000,0.0,0.0,0.0
2021-04-01,14.109999656677246,14.1899995803833,13.899999618530273,14.140000343322754,2216400,0.0,0.0,0.0
2021-04-05,14.039999961853027,14.069999694824219,13.770000457763672,13.890000343322754,911200,0.0,0.0,0.0
2021-04-06,14.0600004196167,14.15999984741211,13.9399995803833,13.970000267028809,581900,0.0,0.0,0.0
2021-04-07,13.949999809265137,14.050000190734863,13.829999923706055,14.020000457763672,977700,0.0,0.0,0.0
2021-04-08,14.010000228881836,14.130000114440918,13.979999542236328,14.130000114440918,1161500,0.0,0.0,0.0
2021-04-09,14.109999656677246,14.109999656677246,14.039999961853027,14.069999694824219,887100,0.0,0.0,0.0
2021-04-12,14.109999656677246,14.15999984741211,13.989999771118164,14.010000228881836,735200,0.0,0.0,0.0
2021-04-13,14.130000114440918,14.170000076293945,14.100000381469727,14.170000076293945,1001900,0.0,0.0,0.0
2021-04-14,14.300000190734863,14.569999694824219,14.279999732971191,14.489999771118164,3427100,0.0,0.0,0.0
2021-04-15,14.569999694824219,14.619999885559082,14.5,14.609999656677246,578000,0.0,0.0,0.0
2021-04-16,14.640000343322754,14.640000343322754,14.550000190734863,14.579999923706055,1212300,0.0,0.0,0.0
2021-04-19,14.609999656677246,14.65999984741211,14.5600004196167,14.609999656677246,701400,0.0,0.0,0.0
2021-04-20,14.6899995803833,14.720000267028809,14.470000267028809,14.59000015258789,1155200,0.0,0.0,0.0
2021-04-21,14.449999809265137,14.609999656677246,14.420000076293945,14.5,846700,0.0,0.0,0.0
2021-04-22,14.600000381469727,14.640000343322754,14.5,14.630000114440918,814000,0.0,0.0,0.0
2021-04-23,14.630000114440918,14.75,14.609999656677246,14.739999771118164,1185000,0.0,0.0,0.0
2021-04-26,14.6899995803833,14.869999885559082,14.680000305175781,14.869999885559082,1054800,0.0,0.0,0.0
2021-04-27,14.949999809265137,15.010000228881836,14.850000381469727,14.979999542236328,1516300,0.0,0.0,0.0
2021-04-28,15.0,15.180000305175781,14.989999771118164,15.039999961853027,1910700,0.0,0.0,0.0
2021-04-29,15.229999542236328,15.229999542236328,15.050000190734863,15.170000076293945,1359400,0.0,0.0,0.0
2021-04-30,15.020000457763672,15.109999656677246,14.949999809265137,15.100000381469727,1246700,0.0,0.0,0.0
2021-05-03,15.220000267028809,15.270000457763672,15.15999984741211,15.1899995803833,2168100,0.0,0.0,0.0
2021-05-04,15.390000343322754,15.420000076293945,15.300000190734863,15.40999984741211,2635800,0.0,0.0,0.0
2021-05-05,15.5,15.510000228881836,15.380000114440918,15.430000305175781,1947200,0.0,0.0,0.0
2021-05-06,15.489999771118164,15.5,15.380000114440918,15.5,2561600,0.0,0.0,0.0
2021-05-07,15.479999542236328,15.609999656677246,15.430000305175781,15.5600004196167,1533300,0.0,0.0,0.0
2021-05-10,15.670000076293945,15.680000305175781,15.40999984741211,15.510000228881836,1944900,0.0,0.0,0.0
2021-05-11,15.40999984741211,15.65999984741211,15.40999984741211,15.630000114440918,1923500,0.0,0.0,0.0
2021-05-12,15.670000076293945,15.789999961853027,15.619999885559082,15.630000114440918,2620000,0.0,0.0,0.0
2021-05-13,15.359999656677246,15.420000076293945,15.130000114440918,15.220000267028809,2360000,0.0,0.0,0.0
2021-05-14,15.369999885559082,15.399999618530273,15.270000457763672,15.3100004196167,1108800,0.0,0.0,0.0
2021-05-17,15.40999984741211,15.520000457763672,15.40999984741211,15.520000457763672,2025900,0.0,0.0,0.0
2021-05-18,15.529999732971191,15.59000015258789,15.289999961853027,15.430000305175781,3079300,0.0,0.0,0.0
2021-05-19,15.15999984741211,15.15999984741211,14.90999984741211,15.100000381469727,3458000,0.0,0.0,0.0
2021-05-20,15.0600004196167,15.109999656677246,14.880000114440918,14.90999984741211,1628600,0.0,0.0,0.0
2021-05-21,15.050000190734863,15.109999656677246,15.039999961853027,15.069999694824219,2648600,0.0,0.0,0.0
2021-05-24,15.130000114440918,15.319999694824219,15.109999656677246,15.319999694824219,1394400,0.0,0.0,0.0
2021-05-25,15.289999961853027,15.350000381469727,15.210000038146973,15.229999542236328,1119900,0.0,0.0,0.0
2021-05-26,15.199999809265137,15.300000190734863,15.119999885559082,15.260000228881836,1036000,0.0,0.0,0.0
2021-05-27,15.300000190734863,15.520000457763672,15.300000190734863,15.5,711600,0.0,0.0,0.0
2021-05-28,15.5,15.550000190734863,15.420000076293945,15.460000038146973,1067300,0.0,0.0,0.0
2021-06-01,15.75,15.869999885559082,15.630000114440918,15.710000038146973,5903500,0.0,0.0,0.0
2021-06-02,15.789999961853027,15.800000190734863,15.699999809265137,15.779999732971191,1967300,0.0,0.0,0.0
2021-06-03,15.800000190734863,15.800000190734863,15.600000381469727,15.670000076293945,1386300,0.0,0.0,0.0
2021-06-04,15.829999923706055,15.890000343322754,15.770000457763672,15.829999923706055,1200600,0.0,0.0,0.0
2021-06-07,15.859999656677246,15.890000343322754,15.779999732971191,15.779999732971191,794000,0.0,0.0,0.0
2021-06-08,15.760000228881836,15.9399995803833,15.739999771118164,15.9399995803833,777200,0.0,0.0,0.0
2021-06-09,15.949999809265137,15.970000267028809,15.829999923706055,15.890000343322754,1128400,0.0,0.0,0.0
2021-06-10,15.979999542236328,16.0,15.739999771118164,15.930000305175781,1283500,0.0,0.0,0.0
2021-06-11,15.960000038146973,16.0,15.890000343322754,15.979999542236328,916300,0.0,0.0,0.0
2021-06-14,15.890000343322754,15.979999542236328,15.869999885559082,15.920000076293945,1702800,0.0,0.0,0.0
2021-06-15,15.880000114440918,15.930000305175781,15.829999923706055,15.930000305175781,1019500,0.0,0.0,0.0
2021-06-16,15.899999618530273,16.020000457763672,15.8100004196167,15.819999694824219,1975200,0.0,0.0,0.0
2021-06-17,15.729999542236328,15.760000228881836,15.350000381469727,15.420000076293945,2579700,0.0,0.0,0.0
2021-06-18,15.5,15.649999618530273,15.460000038146973,15.569999694824219,4015800,0.0,0.0,0.0
2021-06-21,15.520000457763672,15.789999961853027,15.489999771118164,15.789999961853027,1437600,0.0,0.0,0.0
2021-06-22,15.779999732971191,15.850000381469727,15.729999542236328,15.75,1881600,0.0,0.0,0.0
2021-06-23,15.90999984741211,15.989999771118164,15.829999923706055,15.829999923706055,1229900,0.0,0.0,0.0
2021-06-24,15.720000267028809,15.869999885559082,15.699999809265137,15.869999885559082,915400,0.0,0.0,0.0
2021-06-25,15.899999618530273,15.920000076293945,15.729999542236328,15.890000343322754,911100,0.0,0.0,0.0
2021-06-28,15.899999618530273,15.920000076293945,15.84000015258789,15.859999656677246,1319700,0.0,0.0,0.0
2021-06-29,15.949999809265137,16.030000686645508,15.869999885559082,15.930000305175781,796500,0.0,0.0,0.0
2021-06-30,15.920000076293945,16.149999618530273,15.84000015258789,16.09000015258789,1863600,0.0,0.0,0.0
2021-07-01,16.40999984741211,16.43000030517578,16.149999618530273,16.209999084472656,5369200,0.0,0.0,0.0
2021-07-02,16.219999313354492,16.290000915527344,16.1299991607666,16.260000228881836,1496700,0.0,0.0,0.0
2021-07-06,16.219999313354492,16.219999313354492,15.779999732971191,15.90999984741211,1604900,0.0,0.0,0.0
2021-07-07,15.930000305175781,15.9399995803833,15.569999694824219,15.6899995803833,1520700,0.0,0.0,0.0
2021-07-08,15.65999984741211,15.800000190734863,15.569999694824219,15.779999732971191,2039300,0.0,0.0,0.0
2021-07-09,15.899999618530273,16.020000457763672,15.890000343322754,16.0,733000,0.0,0.0,0.0
2021-07-12,15.899999618530273,16.040000915527344,15.829999923706055,16.020000457763672,917200,0.0,0.0,0.0
2021-07-13,16.030000686645508,16.209999084472656,16.0,16.15999984741211,1218000,0.0,0.0,0.0
2021-07-14,16.219999313354492,16.25,15.899999618530273,15.970000267028809,1821600,0.0,0.0,0.0
2021-07-15,15.890000343322754,16.010000228881836,15.859999656677246,15.859999656677246,940900,0.0,0.0,0.0
2021-07-16,15.989999771118164,16.0,15.800000190734863,15.899999618530273,1497600,0.0,0.0,0.0
2021-07-19,15.649999618530273,15.649999618530273,15.170000076293945,15.279999732971191,2556800,0.0,0.0,0.0
2021-07-20,15.300000190734863,15.5,15.199999809265137,15.5,1541400,0.0,0.0,0.0
2021-07-21,15.649999618530273,15.869999885559082,15.649999618530273,15.819999694824219,779600,0.0,0.0,0.0
2021-07-22,15.880000114440918,16.049999237060547,15.819999694824219,16.0,781100,0.0,0.0,0.0
2021-07-23,16.06999969482422,16.079999923706055,16.0,16.049999237060547,910100,0.0,0.0,0.0
2021-07-26,16.040000915527344,16.18000030517578,16.020000457763672,16.18000030517578,1181300,0.0,0.0,0.0
2021-07-27,16.18000030517578,16.219999313354492,16.030000686645508,16.079999923706055,734400,0.0,0.0,0.0
2021-07-28,16.1299991607666,16.18000030517578,16.100000381469727,16.1200008392334,487100,0.0,0.0,0.0
2021-07-29,16.25,16.399999618530273,16.190000534057617,16.360000610351562,418100,0.0,0.0,0.0
2021-07-30,16.360000610351562,16.360000610351562,16.239999771118164,16.299999237060547,779600,0.0,0.0,0.0
2021-08-02,16.260000228881836,16.31999969482422,16.0,16.110000610351562,2105100,0.0,0.0,0.0
2021-08-03,15.869999885559082,16.020000457763672,15.829999923706055,16.020000457763672,995100,0.0,0.0,0.0
2021-08-04,15.819999694824219,15.899999618530273,15.699999809265137,15.710000038146973,916700,0.0,0.0,0.0
2021-08-05,15.760000228881836,15.90999984741211,15.760000228881836,15.869999885559082,699600,0.0,0.0,0.0
2021-08-06,15.90999984741211,15.930000305175781,15.710000038146973,15.729999542236328,846600,0.0,0.0,0.0
2021-08-09,15.5,15.520000457763672,15.369999885559082,15.489999771118164,1031400,0.0,0.0,0.0
2021-08-10,15.579999923706055,15.8100004196167,15.579999923706055,15.770000457763672,778400,0.0,0.0,0.0
2021-08-11,15.670000076293945,15.899999618530273,15.619999885559082,15.859999656677246,648200,0.0,0.0,0.0
2021-08-12,15.859999656677246,15.979999542236328,15.739999771118164,15.880000114440918,733600,0.0,0.0,0.0
2021-08-13,15.930000305175781,15.970000267028809,15.779999732971191,15.779999732971191,631800,0.0,0.0,0.0
2021-08-16,15.670000076293945,15.800000190734863,15.569999694824219,15.739999771118164,969400,0.0,0.0,0.0
2021-08-17,15.670000076293945,15.739999771118164,15.539999961853027,15.579999923706055,827300,0.0,0.0,0.0
2021-08-18,15.609999656677246,15.630000114440918,15.350000381469727,15.380000114440918,1460700,0.0,0.0,0.0
2021-08-19,15.119999885559082,15.199999809265137,15.0,15.180000305175781,3140400,0.0,0.0,0.0
2021-08-20,15.020000457763672,15.109999656677246,14.890000343322754,14.890000343322754,1347100,0.0,0.0,0.0
2021-08-23,15.130000114440918,15.460000038146973,15.130000114440918,15.420000076293945,1422200,0.0,0.0,0.0
2021-08-24,15.59000015258789,15.739999771118164,15.5600004196167,15.739999771118164,1765500,0.0,0.0,0.0
2021-08-25,15.739999771118164,15.880000114440918,15.6899995803833,15.84000015258789,554900,0.0,0.0,0.0
2021-08-26,15.739999771118164,15.880000114440918,15.710000038146973,15.789999961853027,678700,0.0,0.0,0.0
2021-08-27,15.90999984741211,16.010000228881836,15.90999984741211,16.010000228881836,413000,0.0,0.0,0.0
2021-08-30,16.0,16.040000915527344,15.920000076293945,16.030000686645508,1174400,0.0,0.0,0.0
2021-08-31,15.960000038146973,15.979999542236328,15.859999656677246,15.90999984741211,1658900,0.0,0.0,0.0
2021-09-01,15.789999961853027,15.90999984741211,15.729999542236328,15.84000015258789,5644200,0.0,0.0,0.0
2021-09-02,16.059999465942383,16.15999984741211,16.040000915527344,16.049999237060547,1065700,0.0,0.0,0.0
2021-09-03,16.110000610351562,16.15999984741211,16.040000915527344,16.059999465942383,414500,0.0,0.0,0.0
2021-09-07,15.9399995803833,15.979999542236328,15.8100004196167,15.84000015258789,889500,0.0,0.0,0.0
2021-09-08,16.040000915527344,16.079999923706055,15.9399995803833,16.0,986400,0.0,0.0,0.0
2021-09-09,15.869999885559082,16.049999237060547,15.789999961853027,15.829999923706055,645400,0.0,0.0,0.0
2021-09-10,16.079999923706055,16.100000381469727,16.020000457763672,16.040000915527344,840000,0.0,0.0,0.0
2021-09-13,16.149999618530273,16.170000076293945,16.06999969482422,16.139999389648438,489100,0.0,0.0,0.0
2021-09-14,16.229999542236328,16.239999771118164,16.100000381469727,16.170000076293945,934200,0.0,0.0,0.0
2021-09-15,16.450000762939453,16.579999923706055,16.440000534057617,16.510000228881836,1084700,0.0,0.0,0.0
2021-09-16,16.43000030517578,16.450000762939453,16.270000457763672,16.43000030517578,567100,0.0,0.0,0.0
2021-09-17,16.350000381469727,16.350000381469727,16.25,16.290000915527344,924300,0.0,0.0,0.0
2021-09-20,16.100000381469727,16.15999984741211,15.960000038146973,16.09000015258789,1448200,0.0,0.0,0.0
2021-09-21,16.049999237060547,16.079999923706055,15.869999885559082,16.040000915527344,842400,0.0,0.0,0.0
2021-09-22,16.229999542236328,16.360000610351562,16.190000534057617,16.280000686645508,635200,0.0,0.0,0.0
2021-09-23,16.350000381469727,16.549999237060547,16.350000381469727,16.540000915527344,627100,0.0,0.0,0.0
2021-09-24,16.510000228881836,16.65999984741211,16.489999771118164,16.6299991607666,451700,0.0,0.0,0.0
2021-09-27,16.8700008392334,16.940000534057617,16.860000610351562,16.93000030517578,3680100,0.0,0.0,0.0
2021-09-28,17.040000915527344,17.06999969482422,16.780000686645508,16.799999237060547,1898100,0.0,0.0,0.0
2021-09-29,16.809999465942383,16.889999389648438,16.739999771118164,16.739999771118164,880600,0.0,0.0,0.0
2021-09-30,16.65999984741211,16.969999313354492,16.6200008392334,16.860000610351562,2639300,0.0,0.0,0.0
2021-10-01,16.8700008392334,17.049999237060547,16.809999465942383,17.030000686645508,7975800,0.0,0.0,0.0
2021-10-04,17.239999771118164,17.440000534057617,17.239999771118164,17.31999969482422,2131400,0.0,0.0,0.0
2021-10-05,17.459999084472656,17.600000381469727,17.43000030517578,17.540000915527344,1582500,0.0,0.0,0.0
2021-10-06,17.3700008392334,17.3700008392334,17.18000030517578,17.209999084472656,2853300,0.0,0.0,0.0
2021-10-07,17.219999313354492,17.469999313354492,17.1299991607666,17.459999084472656,1482800,0.0,0.0,0.0
2021-10-08,17.559999465942383,17.6200008392334,17.43000030517578,17.510000228881836,1414700,0.0,0.0,0.0
2021-10-11,17.700000762939453,17.729999542236328,17.59000015258789,17.59000015258789,2248100,0.0,0.0,0.0
2021-10-12,17.670000076293945,17.719999313354492,17.530000686645508,17.56999969482422,1512600,0.0,0.0,0.0
2021-10-13,17.530000686645508,17.6299991607666,17.440000534057617,17.610000610351562,1163200,0.0,0.0,0.0
2021-10-14,17.799999237060547,17.829999923706055,17.68000030517578,17.809999465942383,1076500,0.0,0.0,0.0
2021-10-15,17.969999313354492,18.020000457763672,17.889999389648438,17.93000030517578,1383500,0.0,0.0,0.0
2021-10-18,18.030000686645508,18.049999237060547,17.81999969482422,17.81999969482422,2900600,0.0,0.0,0.0
2021-10-19,17.770000457763672,17.950000762939453,17.75,17.889999389648438,788500,0.0,0.0,0.0
2021-10-20,17.809999465942383,18.110000610351562,17.790000915527344,18.100000381469727,964400,0.0,0.0,0.0
2021-10-21,17.889999389648438,17.90999984741211,17.6200008392334,17.829999923706055,1240600,0.0,0.0,0.0
2021-10-22,17.920000076293945,17.979999542236328,17.770000457763672,17.969999313354492,876000,0.0,0.0,0.0
2021-10-25,18.170000076293945,18.209999084472656,18.059999465942383,18.079999923706055,1520000,0.0,0.0,0.0
2021-10-26,18.040000915527344,18.170000076293945,17.979999542236328,18.1200008392334,1205300,0.0,0.0,0.0
2021-10-27,17.93000030517578,18.059999465942383,17.809999465942383,17.809999465942383,1808400,0.0,0.0,0.0
2021-10-28,17.829999923706055,17.920000076293945,17.729999542236328,17.920000076293945,1317600,0.0,0.0,0.0
2021-10-29,17.75,17.889999389648438,17.649999618530273,17.850000381469727,1541300,0.0,0.0,0.0
2021-11-01,18.010000228881836,18.049999237060547,17.93000030517578,17.979999542236328,4560300,0.0,0.0,0.0
2021-11-02,17.940000534057617,18.0,17.8799991607666,17.969999313354492,1697000,0.0,0.0,0.0
2021-11-03,17.719999313354492,17.799999237060547,17.549999237060547,17.56999969482422,1276000,0.0,0.0,0.0
2021-11-04,17.8799991607666,17.979999542236328,17.34000015258789,17.399999618530273,2202800,0.0,0.0,0.0
2021-11-05,17.479999542236328,17.670000076293945,17.389999389648438,17.6299991607666,1628100,0.0,0.0,0.0
2021-11-08,17.65999984741211,17.75,17.6299991607666,17.739999771118164,848600,0.0,0.0,0.0
2021-11-09,17.729999542236328,17.8700008392334,17.639999389648438,17.860000610351562,1335200,0.0,0.0,0.0
2021-11-10,17.829999923706055,17.899999618530273,17.530000686645508,17.6200008392334,1221100,0.0,0.0,0.0
2021-11-11,17.68000030517578,17.790000915527344,17.6200008392334,17.690000534057617,813800,0.0,0.0,0.0
2021-11-12,17.6299991607666,17.739999771118164,17.600000381469727,17.639999389648438,1034600,0.0,0.0,0.0
2021-11-15,17.530000686645508,17.690000534057617,17.459999084472656,17.68000030517578,1512500,0.0,0.0,0.0
2021-11-16,17.670000076293945,17.760000228881836,17.600000381469727,17.68000030517578,422800,0.0,0.0,0.0
2021-11-17,17.610000610351562,17.65999984741211,17.360000610351562,17.450000762939453,725100,0.0,0.0,0.0
2021-11-18,17.530000686645508,17.559999465942383,17.40999984741211,17.510000228881836,525800,0.0,0.0,0.0
2021-11-19,17.420000076293945,17.43000030517578,17.170000076293945,17.239999771118164,902200,0.0,0.0,0.0
2021-11-22,17.229999542236328,17.43000030517578,17.229999542236328,17.350000381469727,2045800,0.0,0.0,0.0
2021-11-23,17.520000457763672,17.729999542236328,17.520000457763672,17.729999542236328,891000,0.0,0.0,0.0
2021-11-24,17.68000030517578,17.760000228881836,17.65999984741211,17.65999984741211,1479900,0.0,0.0,0.0
2021-11-26,16.969999313354492,16.969999313354492,16.309999465942383,16.510000228881836,3048000,0.0,0.0,0.0
2021-11-29,16.860000610351562,16.90999984741211,16.3700008392334,16.469999313354492,1859400,0.0,0.0,0.0
2021-11-30,16.1299991607666,16.209999084472656,15.6899995803833,15.960000038146973,2794600,0.0,0.0,0.0
2021-12-01,16.149999618530273,16.219999313354492,15.710000038146973,15.75,5550700,0.0,0.0,0.0
2021-12-02,15.710000038146973,16.06999969482422,15.649999618530273,16.010000228881836,1743200,0.0,0.0,0.0
2021-12-03,16.270000457763672,16.34000015258789,15.899999618530273,15.960000038146973,1516600,0.0,0.0,0.0
2021-12-06,16.06999969482422,16.3700008392334,16.010000228881836,16.34000015258789,1390400,0.0,0.0,0.0
2021-12-07,16.5,16.690000534057617,16.469999313354492,16.530000686645508,1091200,0.0,0.0,0.0
2021-12-08,16.59000015258789,16.729999542236328,16.56999969482422,16.719999313354492,1472200,0.0,0.0,0.0
2021-12-09,16.549999237060547,16.59000015258789,16.40999984741211,16.420000076293945,2020700,0.0,0.0,0.0
2021-12-10,16.549999237060547,16.6299991607666,16.489999771118164,16.6200008392334,1163600,0.0,0.0,0.0
2021-12-13,16.56999969482422,16.649999618530273,16.489999771118164,16.520000457763672,1435600,0.0,0.0,0.0
2021-12-14,16.3700008392334,16.440000534057617,16.280000686645508,16.389999389648438,1352500,0.0,0.0,0.0
2021-12-15,16.34000015258789,16.479999542236328,16.219999313354492,16.479999542236328,1494500,0.0,0.0,0.0
2021-12-16,16.520000457763672,16.700000762939453,16.469999313354492,16.59000015258789,1130600,0.0,0.0,0.0
2021-12-17,16.520000457763672,16.540000915527344,16.360000610351562,16.40999984741211,1078000,0.0,0.0,0.0
2021-12-20,16.100000381469727,16.25,15.90999984741211,16.219999313354492,1486500,0.0,0.0,0.0
2021-12-21,16.440000534057617,16.639999389648438,16.399999618530273,16.639999389648438,1102800,0.0,0.0,0.0
2021-12-22,16.700000762939453,16.920000076293945,16.68000030517578,16.920000076293945,1945000,0.0,0.0,0.0
2021-12-23,16.8700008392334,17.049999237060547,16.860000610351562,17.040000915527344,533300,0.0,0.0,0.0
2021-12-27,17.0,17.31999969482422,16.989999771118164,17.290000915527344,1264200,0.0,0.0,0.0
2021-12-28,17.34000015258789,17.3700008392334,17.239999771118164,17.25,731100,0.0,0.0,0.0
2021-12-29,17.219999313354492,17.450000762939453,17.200000762939453,17.31999969482422,1486500,0.0,0.0,0.0
2021-12-30,17.350000381469727,17.420000076293945,17.229999542236328,17.239999771118164,1693400,0.0,0.0,0.0
2021-12-31,17.260000228881836,17.280000686645508,17.06999969482422,17.110000610351562,1494300,0.0,0.0,0.0
2022-01-03,17.059999465942383,17.219999313354492,17.0,17.18000030517578,5418600,0.0,0.0,0.0
2022-01-04,17.270000457763672,17.440000534057617,17.270000457763672,17.3700008392334,7461500,0.0,0.0,0.0
2022-01-05,17.5,17.600000381469727,17.389999389648438,17.389999389648438,2849400,0.0,0.0,0.0
2022-01-06,17.639999389648438,17.68000030517578,17.549999237060547,17.600000381469727,950700,0.0,0.0,0.0
2022-01-07,17.639999389648438,17.649999618530273,17.549999237060547,17.649999618530273,690600,0.0,0.0,0.0
2022-01-10,17.610000610351562,17.639999389648438,17.469999313354492,17.559999465942383,1039700,0.0,0.0,0.0
2022-01-11,17.700000762939453,17.989999771118164,17.600000381469727,17.989999771118164,1437400,0.0,0.0,0.0
2022-01-12,18.079999923706055,18.239999771118164,18.059999465942383,18.190000534057617,1834200,0.0,0.0,0.0
2022-01-13,18.170000076293945,18.170000076293945,17.950000762939453,17.969999313354492,1527200,0.0,0.0,0.0
2022-01-14,18.100000381469727,18.31999969482422,18.09000015258789,18.31999969482422,867400,0.0,0.0,0.0
2022-01-18,18.399999618530273,18.540000915527344,18.360000610351562,18.530000686645508,2269000,0.0,0.0,0.0
2022-01-19,18.649999618530273,18.780000686645508,18.610000610351562,18.6200008392334,3753700,0.0,0.0,0.0
2022-01-20,18.690000534057617,18.84000015258789,18.549999237060547,18.559999465942383,1462700,0.0,0.0,0.0
2022-01-21,18.610000610351562,18.670000076293945,18.479999542236328,18.56999969482422,1852300,0.0,0.0,0.0
2022-01-24,18.40999984741211,18.489999771118164,18.190000534057617,18.469999313354492,2197000,0.0,0.0,0.0
2022-01-25,18.450000762939453,18.719999313354492,18.440000534057617,18.670000076293945,1738000,0.0,0.0,0.0
2022-01-26,18.829999923706055,19.010000228881836,18.780000686645508,18.81999969482422,1467600,0.0,0.0,0.0
2022-01-27,19.030000686645508,19.030000686645508,18.799999237060547,18.920000076293945,5542700,0.0,0.0,0.0
2022-01-28,19.110000610351562,19.190000534057617,18.920000076293945,19.020000457763672,3414800,0.0,0.0,0.0
2022-01-31,19.139999389648438,19.139999389648438,18.8700008392334,19.1200008392334,2980200,0.0,0.0,0.0
2022-02-01,19.059999465942383,19.260000228881836,19.020000457763672,19.260000228881836,10843800,0.0,0.0,0.0
2022-02-02,19.360000610351562,19.3799991607666,19.15999984741211,19.31999969482422,3594600,0.0,0.0,0.0
2022-02-03,19.1299991607666,19.459999084472656,19.06999969482422,19.399999618530273,2527600,0.0,0.0,0.0
2022-02-04,19.649999618530273,19.770000457763672,19.610000610351562,19.670000076293945,1980400,0.0,0.0,0.0
2022-02-07,19.6200008392334,19.690000534057617,19.559999465942383,19.6299991607666,1731700,0.0,0.0,0.0
2022-02-08,19.440000534057617,19.459999084472656,19.260000228881836,19.40999984741211,2274500,0.0,0.0,0.0
2022-02-09,19.459999084472656,19.6299991607666,19.440000534057617,19.6299991607666,2420700,0.0,0.0,0.0
2022-02-10,19.579999923706055,19.84000015258789,19.459999084472656,19.5,3135300,0.0,0.0,0.0
2022-02-11,19.59000015258789,20.020000457763672,19.56999969482422,19.93000030517578,2826600,0.0,0.0,0.0
2022-02-14,19.770000457763672,20.149999618530273,19.719999313354492,20.059999465942383,4074000,0.0,0.0,0.0
2022-02-15,19.690000534057617,19.700000762939453,19.520000457763672,19.700000762939453,3845900,0.0,0.0,0.0
2022-02-16,19.8700008392334,20.079999923706055,19.6200008392334,19.6299991607666,3901400,0.0,0.0,0.0
2022-02-17,19.700000762939453,19.84000015258789,19.649999618530273,19.770000457763672,1847500,0.0,0.0,0.0
2022-02-18,19.6299991607666,19.950000762939453,19.56999969482422,19.84000015258789,2295200,0.0,0.0,0.0
2022-02-22,20.329999923706055,20.360000610351562,20.079999923706055,20.170000076293945,5461900,0.0,0.0,0.0
2022-02-23,20.200000762939453,20.479999542236328,20.190000534057617,20.280000686645508,3075200,0.0,0.0,0.0
2022-02-24,21.389999389648438,21.43000030517578,20.309999465942383,20.579999923706055,8074600,0.0,0.0,0.0
2022-02-25,20.25,20.350000381469727,19.950000762939453,20.229999542236328,4850700,0.0,0.0,0.0
2022-02-28,20.700000762939453,20.889999389648438,20.600000381469727,20.809999465942383,4746300,0.0,0.0,0.0
2022-03-01,21.65999984741211,22.239999771118164,21.579999923706055,22.06999969482422,8994000,0.0,0.0,0.0
2022-03-02,22.899999618530273,23.34000015258789,22.40999984741211,23.190000534057617,9799200,0.0,0.0,0.0
2022-03-03,23.1200008392334,23.639999389648438,22.989999771118164,23.229999542236328,7273600,0.0,0.0,0.0
2022-03-04,24.0,24.450000762939453,23.520000457763672,24.260000228881836,7995700,0.0,0.0,0.0
2022-03-07,24.59000015258789,25.229999542236328,24.40999984741211,24.90999984741211,11178900,0.0,0.0,0.0
2022-03-08,25.690000534057617,26.079999923706055,24.700000762939453,25.850000381469727,10898400,0.0,0.0,0.0
2022-03-09,24.360000610351562,24.5,22.450000762939453,23.079999923706055,10203700,0.0,0.0,0.0
2022-03-10,23.559999465942383,23.760000228881836,22.520000457763672,22.579999923706055,5531300,0.0,0.0,0.0
2022-03-11,22.559999465942383,23.15999984741211,22.559999465942383,23.0,4773500,0.0,0.0,0.0
2022-03-14,22.43000030517578,22.440000534057617,21.969999313354492,22.100000381469727,6604500,0.0,0.0,0.0
2022-03-15,21.350000381469727,21.739999771118164,21.139999389648438,21.459999084472656,6201600,0.0,0.0,0.0
2022-03-16,21.719999313354492,21.850000381469727,21.149999618530273,21.290000915527344,4506000,0.0,0.0,0.0
2022-03-17,22.280000686645508,22.6299991607666,22.190000534057617,22.5,3156900,0.0,0.0,0.0
2022-03-18,22.579999923706055,22.709999084472656,22.389999389648438,22.700000762939453,2640400,0.0,0.0,0.0
2022-03-21,23.3700008392334,23.81999969482422,23.309999465942383,23.81999969482422,2669900,0.0,0.0,0.0
2022-03-22,23.75,23.829999923706055,23.450000762939453,23.649999618530273,2450800,0.0,0.0,0.0
2022-03-23,24.290000915527344,24.600000381469727,24.270000457763672,24.489999771118164,2060600,0.0,0.0,0.0
2022-03-24,24.559999465942383,24.579999923706055,24.079999923706055,24.190000534057617,5127900,0.0,0.0,0.0
2022-03-25,24.0,24.5,23.90999984741211,24.3799991607666,2045200,0.0,0.0,0.0
2022-03-28,23.459999084472656,23.700000762939453,22.899999618530273,22.969999313354492,3352700,0.0,0.0,0.0
2022-03-29,22.3799991607666,23.100000381469727,22.280000686645508,23.049999237060547,3282100,0.0,0.0,0.0
2022-03-30,23.540000915527344,23.690000534057617,23.350000381469727,23.420000076293945,2666700,0.0,0.0,0.0
2022-03-31,23.020000457763672,23.270000457763672,22.559999465942383,22.649999618530273,3844900,0.0,0.0,0.0
2022-04-01,22.6299991607666,22.829999923706055,22.530000686645508,22.610000610351562,2727000,0.0,0.0,0.0
2022-04-04,23.09000015258789,23.219999313354492,22.850000381469727,23.139999389648438,3271200,0.0,0.0,0.0
2022-04-05,23.290000915527344,23.40999984741211,22.729999542236328,22.770000457763672,2948200,0.0,0.0,0.0
2022-04-06,23.06999969482422,23.15999984741211,22.229999542236328,22.420000076293945,3266000,0.0,0.0,0.0
2022-04-07,22.389999389648438,22.510000228881836,21.959999084472656,22.360000610351562,1867100,0.0,0.0,0.0
2022-04-08,22.329999923706055,22.68000030517578,22.260000228881836,22.6200008392334,1630100,0.0,0.0,0.0
2022-04-11,22.260000228881836,22.40999984741211,22.1200008392334,22.260000228881836,3195100,0.0,0.0,0.0
2022-04-12,22.809999465942383,23.209999084472656,22.809999465942383,23.110000610351562,1998200,0.0,0.0,0.0
2022-04-13,23.350000381469727,23.760000228881836,23.1200008392334,23.760000228881836,2966700,0.0,0.0,0.0
2022-04-14,23.610000610351562,24.200000762939453,23.530000686645508,24.059999465942383,1717600,0.0,0.0,0.0
2022-04-18,24.389999389648438,24.760000228881836,24.34000015258789,24.450000762939453,2037900,0.0,0.0,0.0
2022-04-19,23.860000610351562,23.8700008392334,23.510000228881836,23.639999389648438,1851800,0.0,0.0,0.0
2022-04-20,23.719999313354492,23.780000686645508,23.31999969482422,23.719999313354492,1485300,0.0,0.0,0.0
2022-04-21,23.84000015258789,23.969999313354492,23.56999969482422,23.760000228881836,2196800,0.0,0.0,0.0
2022-04-22,23.56999969482422,23.65999984741211,23.34000015258789,23.350000381469727,2470300,0.0,0.0,0.0
2022-04-25,22.59000015258789,23.1200008392334,22.459999084472656,23.079999923706055,4673400,0.0,0.0,0.0
2022-04-26,23.229999542236328,23.549999237060547,22.969999313354492,23.43000030517578,2132500,0.0,0.0,0.0
2022-04-27,23.25,23.68000030517578,23.209999084472656,23.600000381469727,1570200,0.0,0.0,0.0
2022-04-28,23.59000015258789,23.93000030517578,23.440000534057617,23.889999389648438,2176000,0.0,0.0,0.0
2022-04-29,24.059999465942383,24.209999084472656,23.649999618530273,23.68000030517578,2407600,0.0,0.0,0.0
2022-05-02,23.389999389648438,24.059999465942383,23.209999084472656,24.059999465942383,2385400,0.0,0.0,0.0
2022-05-03,23.799999237060547,24.0,23.479999542236328,23.559999465942383,1929300,0.0,0.0,0.0
2022-05-04,24.219999313354492,24.469999313354492,23.989999771118164,24.43000030517578,2434100,0.0,0.0,0.0
2022-05-05,24.68000030517578,24.700000762939453,24.09000015258789,24.329999923706055,2397300,0.0,0.0,0.0
2022-05-06,24.389999389648438,24.520000457763672,24.09000015258789,24.3700008392334,4399900,0.0,0.0,0.0
2022-05-09,23.799999237060547,23.81999969482422,22.93000030517578,22.969999313354492,5486900,0.0,0.0,0.0
2022-05-10,23.200000762939453,23.309999465942383,22.760000228881836,22.850000381469727,2533200,0.0,0.0,0.0
2022-05-11,23.5,23.729999542236328,23.479999542236328,23.579999923706055,1161800,0.0,0.0,0.0
2022-05-12,23.489999771118164,23.770000457763672,23.3700008392334,23.729999542236328,1679600,0.0,0.0,0.0
2022-05-13,24.0,24.190000534057617,23.829999923706055,24.170000076293945,1039000,0.0,0.0,0.0
2022-05-16,24.280000686645508,24.790000915527344,24.260000228881836,24.75,1701100,0.0,0.0,0.0
2022-05-17,24.780000686645508,24.90999984741211,24.420000076293945,24.459999084472656,1383600,0.0,0.0,0.0
2022-05-18,24.56999969482422,24.56999969482422,23.84000015258789,23.93000030517578,1867300,0.0,0.0,0.0
2022-05-19,23.729999542236328,24.40999984741211,23.700000762939453,24.299999237060547,2520500,0.0,0.0,0.0
2022-05-20,24.360000610351562,24.489999771118164,24.15999984741211,24.420000076293945,1068400,0.0,0.0,0.0
2022-05-23,24.3799991607666,24.6299991607666,24.280000686645508,24.579999923706055,1009000,0.0,0.0,0.0
2022-05-24,24.489999771118164,24.610000610351562,24.329999923706055,24.489999771118164,1093500,0.0,0.0,0.0
2022-05-25,24.549999237060547,24.6299991607666,24.389999389648438,24.6299991607666,935100,0.0,0.0,0.0
2022-05-26,24.670000076293945,25.15999984741211,24.670000076293945,24.989999771118164,2500300,0.0,0.0,0.0
2022-05-27,24.940000534057617,25.270000457763672,24.899999618530273,25.25,1512600,0.0,0.0,0.0
2022-05-31,25.790000915527344,25.809999465942383,24.899999618530273,25.040000915527344,2994300,0.0,0.0,0.0
2022-06-01,25.40999984741211,25.520000457763672,25.18000030517578,25.190000534057617,3184300,0.0,0.0,0.0
2022-06-02,25.40999984741211,25.690000534057617,25.18000030517578,25.68000030517578,2134400,0.0,0.0,0.0
2022-06-03,25.579999923706055,25.959999084472656,25.5,25.920000076293945,1057300,0.0,0.0,0.0
2022-06-06,26.0,26.06999969482422,25.850000381469727,25.940000534057617,985800,0.0,0.0,0.0
2022-06-07,25.860000610351562,26.139999389648438,25.739999771118164,26.1299991607666,1312500,0.0,0.0,0.0
2022-06-08,26.149999618530273,26.489999771118164,26.079999923706055,26.34000015258789,2601400,0.0,0.0,0.0
2022-06-09,26.100000381469727,26.3700008392334,26.049999237060547,26.280000686645508,1755000,0.0,0.0,0.0
2022-06-10,26.1299991607666,26.15999984741211,25.739999771118164,26.0,2071500,0.0,0.0,0.0
2022-06-13,25.829999923706055,26.040000915527344,25.31999969482422,25.770000457763672,3239200,0.0,0.0,0.0
2022-06-14,25.81999969482422,25.899999618530273,25.06999969482422,25.299999237060547,3242100,0.0,0.0,0.0
2022-06-15,25.309999465942383,25.549999237060547,25.079999923706055,25.25,1690800,0.0,0.0,0.0
2022-06-16,25.149999618530273,25.530000686645508,24.940000534057617,25.40999984741211,1944400,0.0,0.0,0.0
2022-06-17,25.15999984741211,25.219999313354492,24.260000228881836,24.5,2101000,0.0,0.0,0.0
2022-06-21,24.690000534057617,24.899999618530273,24.450000762939453,24.479999542236328,1473200,0.0,0.0,0.0
2022-06-22,23.610000610351562,24.260000228881836,23.540000915527344,24.010000228881836,1849400,0.0,0.0,0.0
2022-06-23,24.059999465942383,24.1200008392334,23.43000030517578,23.469999313354492,1941400,0.0,0.0,0.0
2022-06-24,23.6299991607666,23.989999771118164,23.5,23.829999923706055,1154300,0.0,0.0,0.0
2022-06-27,23.829999923706055,24.09000015258789,23.56999969482422,23.940000534057617,2017400,0.0,0.0,0.0
2022-06-28,24.040000915527344,24.270000457763672,23.959999084472656,24.229999542236328,1151100,0.0,0.0,0.0
2022-06-29,24.450000762939453,24.549999237060547,23.790000915527344,23.790000915527344,1472700,0.0,0.0,0.0
2022-06-30,23.600000381469727,23.639999389648438,23.049999237060547,23.100000381469727,2938800,0.0,0.0,0.0
2022-07-01,23.5,23.549999237060547,23.18000030517578,23.3799991607666,3760100,0.0,0.0,0.0
2022-07-05,22.760000228881836,22.780000686645508,21.68000030517578,21.850000381469727,5412200,0.0,0.0,0.0
2022-07-06,21.709999084472656,21.850000381469727,21.25,21.540000915527344,3126900,0.0,0.0,0.0
2022-07-07,22.260000228881836,22.670000076293945,22.25,22.399999618530273,3230600,0.0,0.0,0.0
2022-07-08,22.639999389648438,22.850000381469727,22.3799991607666,22.770000457763672,869400,0.0,0.0,0.0
2022-07-11,22.809999465942383,22.889999389648438,22.530000686645508,22.760000228881836,963000,0.0,0.0,0.0
2022-07-12,22.149999618530273,22.25,21.559999465942383,21.579999923706055,2953700,0.0,0.0,0.0
2022-07-13,21.68000030517578,22.059999465942383,21.579999923706055,21.729999542236328,1269500,0.0,0.0,0.0
2022-07-14,21.309999465942383,21.670000076293945,20.979999542236328,21.6200008392334,1427600,0.0,0.0,0.0
2022-07-15,21.84000015258789,22.0,21.6299991607666,21.889999389648438,1148500,0.0,0.0,0.0
2022-07-18,22.520000457763672,22.68000030517578,22.440000534057617,22.479999542236328,1067100,0.0,0.0,0.0
2022-07-19,22.190000534057617,22.6299991607666,22.170000076293945,22.600000381469727,4419500,0.0,0.0,0.0
2022-07-20,22.5,22.670000076293945,22.360000610351562,22.600000381469727,897600,0.0,0.0,0.0
2022-07-21,21.989999771118164,22.260000228881836,21.940000534057617,22.170000076293945,1069900,0.0,0.0,0.0
2022-07-22,22.09000015258789,22.360000610351562,21.889999389648438,21.920000076293945,506600,0.0,0.0,0.0
2022-07-25,22.190000534057617,22.360000610351562,22.040000915527344,22.309999465942383,927200,0.0,0.0,0.0
2022-07-26,22.739999771118164,22.780000686645508,22.280000686645508,22.329999923706055,848900,0.0,0.0,0.0
2022-07-27,22.579999923706055,22.90999984741211,22.3799991607666,22.860000610351562,1029500,0.0,0.0,0.0
2022-07-28,23.0,23.040000915527344,22.649999618530273,22.790000915527344,801800,0.0,0.0,0.0
2022-07-29,23.059999465942383,23.420000076293945,22.889999389648438,22.93000030517578,1531700,0.0,0.0,0.0
2022-08-01,22.219999313354492,22.360000610351562,22.030000686645508,22.25,1394300,0.0,0.0,0.0
2022-08-02,22.229999542236328,22.440000534057617,22.030000686645508,22.049999237060547,1436000,0.0,0.0,0.0
2022-08-03,22.219999313354492,22.309999465942383,21.68000030517578,21.850000381469727,980200,0.0,0.0,0.0
2022-08-04,21.6200008392334,21.780000686645508,21.420000076293945,21.559999465942383,1822500,0.0,0.0,0.0
2022-08-05,21.280000686645508,21.850000381469727,21.25,21.469999313354492,1522600,0.0,0.0,0.0
2022-08-08,21.43000030517578,21.739999771118164,21.40999984741211,21.690000534057617,3016900,0.0,0.0,0.0
2022-08-09,21.969999313354492,22.09000015258789,21.75,21.889999389648438,1117200,0.0,0.0,0.0
2022-08-10,21.93000030517578,22.329999923706055,21.639999389648438,22.219999313354492,1539300,0.0,0.0,0.0
2022-08-11,22.530000686645508,22.809999465942383,22.389999389648438,22.65999984741211,925600,0.0,0.0,0.0
2022-08-12,22.520000457763672,22.649999618530273,22.350000381469727,22.56999969482422,1438900,0.0,0.0,0.0
2022-08-15,21.770000457763672,22.209999084472656,21.729999542236328,22.1200008392334,1194300,0.0,0.0,0.0
2022-08-16,22.1200008392334,22.329999923706055,21.790000915527344,21.860000610351562,937100,0.0,0.0,0.0
2022-08-17,21.989999771118164,22.170000076293945,21.809999465942383,22.020000457763672,1186500,0.0,0.0,0.0
2022-08-18,22.260000228881836,22.479999542236328,22.15999984741211,22.360000610351562,3032400,0.0,0.0,0.0
2022-08-19,22.34000015258789,22.6200008392334,22.229999542236328,22.3799991607666,940900,0.0,0.0,0.0
2022-08-22,22.309999465942383,22.6299991607666,22.0,22.610000610351562,1128200,0.0,0.0,0.0
2022-08-23,22.84000015258789,23.170000076293945,22.84000015258789,23.030000686645508,1130300,0.0,0.0,0.0
2022-08-24,23.1299991607666,23.290000915527344,22.93000030517578,23.290000915527344,911500,0.0,0.0,0.0
2022-08-25,23.3700008392334,23.399999618530273,22.899999618530273,23.020000457763672,712500,0.0,0.0,0.0
2022-08-26,22.989999771118164,23.170000076293945,22.829999923706055,23.06999969482422,1856700,0.0,0.0,0.0
2022-08-29,23.149999618530273,23.540000915527344,23.079999923706055,23.489999771118164,2121000,0.0,0.0,0.0
2022-08-30,23.040000915527344,23.059999465942383,22.520000457763672,22.760000228881836,1885500,0.0,0.0,0.0
2022-08-31,22.3799991607666,22.6200008392334,22.25,22.25,1916800,0.0,0.0,0.0
2022-09-01,21.90999984741211,22.100000381469727,21.700000762939453,21.729999542236328,2306200,0.0,0.0,0.0
2022-09-02,22.09000015258789,22.149999618530273,21.850000381469727,21.889999389648438,819100,0.0,0.0,0.0
2022-09-06,21.950000762939453,21.979999542236328,21.690000534057617,21.719999313354492,1100500,0.0,0.0,0.0
2022-09-07,21.350000381469727,21.600000381469727,21.110000610351562,21.139999389648438,4155200,0.0,0.0,0.0
2022-09-08,21.31999969482422,21.420000076293945,21.09000015258789,21.260000228881836,708100,0.0,0.0,0.0
2022-09-09,21.6299991607666,21.950000762939453,21.6200008392334,21.8700008392334,601200,0.0,0.0,0.0
2022-09-12,22.139999389648438,22.350000381469727,22.079999923706055,22.209999084472656,1050000,0.0,0.0,0.0
2022-09-13,22.09000015258789,22.25,21.739999771118164,22.059999465942383,1309300,0.0,0.0,0.0
2022-09-14,22.100000381469727,22.299999237060547,22.030000686645508,22.15999984741211,768500,0.0,0.0,0.0
2022-09-15,21.65999984741211,21.690000534057617,21.309999465942383,21.420000076293945,1266800,0.0,0.0,0.0
2022-09-16,21.459999084472656,21.530000686645508,21.290000915527344,21.3799991607666,733200,0.0,0.0,0.0
2022-09-19,20.959999084472656,21.510000228881836,20.93000030517578,21.510000228881836,985800,0.0,0.0,0.0
2022-09-20,21.40999984741211,21.520000457763672,21.239999771118164,21.459999084472656,838600,0.0,0.0,0.0
2022-09-21,21.670000076293945,21.719999313354492,21.219999313354492,21.3799991607666,795500,0.0,0.0,0.0
2022-09-22,21.65999984741211,21.75,21.280000686645508,21.329999923706055,833500,0.0,0.0,0.0
2022-09-23,20.6200008392334,20.6299991607666,20.40999984741211,20.530000686645508,1749600,0.0,0.0,0.0
2022-09-26,20.469999313354492,20.649999618530273,20.0,20.040000915527344,1546400,0.0,0.0,0.0
2022-09-27,20.350000381469727,20.56999969482422,20.229999542236328,20.31999969482422,4164700,0.0,0.0,0.0
2022-09-28,20.489999771118164,20.989999771118164,20.459999084472656,20.979999542236328,673200,0.0,0.0,0.0
2022-09-29,21.0,21.049999237060547,20.739999771118164,20.8799991607666,750900,0.0,0.0,0.0
2022-09-30,20.649999618530273,20.8700008392334,20.489999771118164,20.579999923706055,2325400,0.0,0.0,0.0
2022-10-03,21.139999389648438,21.18000030517578,20.889999389648438,21.1299991607666,2711300,0.0,0.0,0.0
2022-10-04,21.59000015258789,21.790000915527344,21.520000457763672,21.739999771118164,2158800,0.0,0.0,0.0
2022-10-05,21.809999465942383,22.139999389648438,21.6299991607666,22.100000381469727,1261900,0.0,0.0,0.0
2022-10-06,22.030000686645508,22.25,21.989999771118164,22.229999542236328,806000,0.0,0.0,0.0
2022-10-07,22.280000686645508,22.739999771118164,22.260000228881836,22.610000610351562,1078700,0.0,0.0,0.0
2022-10-10,22.709999084472656,22.8799991607666,22.299999237060547,22.309999465942383,1127400,0.0,0.0,0.0
2022-10-11,22.09000015258789,22.219999313354492,21.920000076293945,21.969999313354492,905400,0.0,0.0,0.0
2022-10-12,22.0,22.040000915527344,21.81999969482422,21.8700008392334,586900,0.0,0.0,0.0
2022-10-13,21.799999237060547,22.34000015258789,21.739999771118164,22.280000686645508,1026000,0.0,0.0,0.0
2022-10-14,22.049999237060547,22.100000381469727,21.68000030517578,21.729999542236328,1075100,0.0,0.0,0.0
2022-10-17,21.8799991607666,21.93000030517578,21.6299991607666,21.68000030517578,623500,0.0,0.0,0.0
2022-10-18,21.549999237060547,21.639999389648438,21.219999313354492,21.399999618530273,1055600,0.0,0.0,0.0
2022-10-19,21.280000686645508,21.549999237060547,21.219999313354492,21.43000030517578,866300,0.0,0.0,0.0
2022-10-20,21.670000076293945,21.829999923706055,21.389999389648438,21.459999084472656,753300,0.0,0.0,0.0
2022-10-21,21.3700008392334,21.579999923706055,21.299999237060547,21.579999923706055,965000,0.0,0.0,0.0
2022-10-24,21.559999465942383,21.770000457763672,21.479999542236328,21.59000015258789,850000,0.0,0.0,0.0
2022-10-25,21.56999969482422,21.75,21.530000686645508,21.690000534057617,848400,0.0,0.0,0.0
2022-10-26,21.75,22.18000030517578,21.75,22.170000076293945,874900,0.0,0.0,0.0
2022-10-27,22.229999542236328,22.280000686645508,22.110000610351562,22.170000076293945,522800,0.0,0.0,0.0
2022-10-28,21.90999984741211,22.040000915527344,21.75,21.979999542236328,1010600,0.0,0.0,0.0
2022-10-31,21.84000015258789,22.06999969482422,21.690000534057617,21.850000381469727,2083400,0.0,0.0,0.0
2022-11-01,22.229999542236328,22.239999771118164,21.979999542236328,22.100000381469727,1641800,0.0,0.0,0.0
2022-11-02,22.06999969482422,22.43000030517578,21.979999542236328,22.229999542236328,967500,0.0,0.0,0.0
2022-11-03,22.020000457763672,22.31999969482422,21.979999542236328,22.170000076293945,501900,0.0,0.0,0.0
2022-11-04,22.809999465942383,22.979999542236328,22.68000030517578,22.979999542236328,863700,0.0,0.0,0.0
2022-11-07,22.950000762939453,23.149999618530273,22.770000457763672,22.829999923706055,1393300,0.0,0.0,0.0
2022-11-08,22.760000228881836,22.81999969482422,22.34000015258789,22.440000534057617,796100,0.0,0.0,0.0
2022-11-09,22.139999389648438,22.170000076293945,21.84000015258789,21.84000015258789,965600,0.0,0.0,0.0
2022-11-10,21.90999984741211,22.149999618530273,21.829999923706055,22.020000457763672,1499900,0.0,0.0,0.0
2022-11-11,22.479999542236328,22.6299991607666,22.270000457763672,22.420000076293945,1204800,0.0,0.0,0.0
2022-11-14,22.31999969482422,22.549999237060547,21.979999542236328,21.979999542236328,1334100,0.0,0.0,0.0
2022-11-15,22.0,22.56999969482422,21.8799991607666,22.309999465942383,1045000,0.0,0.0,0.0
2022-11-16,21.969999313354492,22.1200008392334,21.889999389648438,22.06999969482422,776700,0.0,0.0,0.0
2022-11-17,21.84000015258789,21.8700008392334,21.549999237060547,21.6299991607666,1142300,0.0,0.0,0.0
2022-11-18,21.1299991607666,21.459999084472656,21.1299991607666,21.440000534057617,966600,0.0,0.0,0.0
2022-11-21,21.030000686645508,21.5,20.790000915527344,21.399999618530273,1496500,0.0,0.0,0.0
2022-11-22,21.6299991607666,21.809999465942383,21.559999465942383,21.65999984741211,2605100,0.0,0.0,0.0
2022-11-23,21.34000015258789,21.43000030517578,21.15999984741211,21.25,1047000,0.0,0.0,0.0
2022-11-25,21.270000457763672,21.40999984741211,21.0,21.020000457763672,800200,0.0,0.0,0.0
2022-11-28,20.6299991607666,21.049999237060547,20.59000015258789,20.850000381469727,923600,0.0,0.0,0.0
2022-11-29,21.200000762939453,21.31999969482422,20.979999542236328,21.1299991607666,1980700,0.0,0.0,0.0
2022-11-30,21.530000686645508,21.610000610351562,21.3799991607666,21.59000015258789,2255600,0.0,0.0,0.0
2022-12-01,21.81999969482422,21.920000076293945,21.440000534057617,21.469999313354492,2692800,0.0,0.0,0.0
2022-12-02,21.3799991607666,21.479999542236328,21.1299991607666,21.209999084472656,1676500,0.0,0.0,0.0
2022-12-05,21.399999618530273,21.450000762939453,20.520000457763672,20.59000015258789,1481900,0.0,0.0,0.0
2022-12-06,20.479999542236328,20.56999969482422,19.959999084472656,20.100000381469727,982900,0.0,0.0,0.0
2022-12-07,20.18000030517578,20.260000228881836,19.81999969482422,19.940000534057617,1273100,0.0,0.0,0.0
2022-12-08,20.1299991607666,20.170000076293945,19.739999771118164,19.8700008392334,4620300,0.0,0.0,0.0
2022-12-09,19.989999771118164,20.100000381469727,19.690000534057617,19.889999389648438,1740400,0.0,0.0,0.0
2022-12-12,20.059999465942383,20.31999969482422,20.059999465942383,20.219999313354492,1958500,0.0,0.0,0.0
2022-12-13,20.56999969482422,20.84000015258789,20.56999969482422,20.68000030517578,3220000,0.0,0.0,0.0
2022-12-14,20.790000915527344,21.010000228881836,20.700000762939453,20.93000030517578,1884400,0.0,0.0,0.0
2022-12-15,20.889999389648438,20.93000030517578,20.600000381469727,20.739999771118164,2102600,0.0,0.0,0.0
2022-12-16,20.34000015258789,20.579999923706055,20.290000915527344,20.43000030517578,1351800,0.0,0.0,0.0
2022-12-19,20.489999771118164,20.510000228881836,20.260000228881836,20.40999984741211,845400,0.0,0.0,0.0
2022-12-20,20.350000381469727,20.520000457763672,20.190000534057617,20.420000076293945,1705300,0.0,0.0,0.0
2022-12-21,20.739999771118164,20.889999389648438,20.729999542236328,20.8700008392334,1390800,0.0,0.0,0.0
2022-12-22,20.889999389648438,20.93000030517578,20.56999969482422,20.709999084472656,837800,0.0,0.0,0.0
2022-12-23,20.940000534057617,21.1299991607666,20.780000686645508,21.09000015258789,869000,0.0,0.0,0.0
2022-12-27,20.860000610351562,21.420000076293945,20.649999618530273,21.239999771118164,968300,0.0,0.0,0.0
2022-12-28,21.079999923706055,21.100000381469727,20.770000457763672,21.040000915527344,733800,0.0,0.0,0.0
2022-12-29,20.799999237060547,21.010000228881836,20.75,20.989999771118164,709900,0.0,0.0,0.0
2022-12-30,20.979999542236328,21.260000228881836,20.90999984741211,21.229999542236328,676100,0.0,0.0,0.0
2023-01-03,20.920000076293945,21.079999923706055,20.469999313354492,20.579999923706055,2661000,0.0,0.0,0.0
2023-01-04,20.1299991607666,20.149999618530273,19.829999923706055,19.920000076293945,3235600,0.0,0.0,0.0
2023-01-05,19.8799991607666,20.020000457763672,19.770000457763672,19.860000610351562,542500,0.0,0.0,0.0
2023-01-06,20.110000610351562,20.15999984741211,19.889999389648438,19.969999313354492,841700,0.0,0.0,0.0
2023-01-09,20.290000915527344,20.479999542236328,20.149999618530273,20.209999084472656,1065600,0.0,0.0,0.0
2023-01-10,20.239999771118164,20.3700008392334,20.059999465942383,20.209999084472656,439300,0.0,0.0,0.0
2023-01-11,20.549999237060547,20.690000534057617,20.3799991607666,20.68000030517578,727600,0.0,0.0,0.0
2023-01-12,20.8700008392334,21.0,20.75,20.899999618530273,1080100,0.0,0.0,0.0
2023-01-13,20.950000762939453,21.15999984741211,20.90999984741211,21.149999618530273,553700,0.0,0.0,0.0
2023-01-17,21.239999771118164,21.3799991607666,21.100000381469727,21.3700008392334,315300,0.0,0.0,0.0
2023-01-18,21.5,21.579999923706055,21.049999237060547,21.079999923706055,615400,0.0,0.0,0.0
2023-01-19,21.219999313354492,21.389999389648438,21.110000610351562,21.280000686645508,415200,0.0,0.0,0.0
2023-01-20,21.389999389648438,21.520000457763672,21.229999542236328,21.489999771118164,413900,0.0,0.0,0.0
2023-01-23,21.540000915527344,21.670000076293945,21.5,21.600000381469727,653200,0.0,0.0,0.0
2023-01-24,21.600000381469727,21.6200008392334,21.299999237060547,21.3700008392334,663900,0.0,0.0,0.0
2023-01-25,21.360000610351562,21.43000030517578,21.209999084472656,21.31999969482422,377700,0.0,0.0,0.0
2023-01-26,21.540000915527344,21.579999923706055,21.329999923706055,21.479999542236328,367600,0.0,0.0,0.0
2023-01-27,21.549999237060547,21.56999969482422,21.1299991607666,21.200000762939453,574700,0.0,0.0,0.0
2023-01-30,21.06999969482422,21.239999771118164,20.8700008392334,20.8700008392334,458800,0.0,0.0,0.0
2023-01-31,20.860000610351562,21.209999084472656,20.81999969482422,21.209999084472656,700300,0.0,0.0,0.0
2023-02-01,21.059999465942383,21.06999969482422,20.520000457763672,20.690000534057617,2504300,0.0,0.0,0.0
2023-02-02,20.639999389648438,20.709999084472656,20.450000762939453,20.469999313354492,1252400,0.0,0.0,0.0
2023-02-03,20.43000030517578,20.729999542236328,19.989999771118164,19.989999771118164,978700,0.0,0.0,0.0
2023-02-06,20.06999969482422,20.1299991607666,19.719999313354492,20.1299991607666,774000,0.0,0.0,0.0
2023-02-07,20.200000762939453,20.600000381469727,20.18000030517578,20.59000015258789,453200,0.0,0.0,0.0
2023-02-08,20.670000076293945,20.729999542236328,20.479999542236328,20.68000030517578,523400,0.0,0.0,0.0
2023-02-09,20.559999465942383,20.610000610351562,20.3700008392334,20.530000686645508,560600,0.0,0.0,0.0
2023-02-10,20.729999542236328,20.899999618530273,20.700000762939453,20.899999618530273,265700,0.0,0.0,0.0
2023-02-13,20.75,20.979999542236328,20.719999313354492,20.829999923706055,839900,0.0,0.0,0.0
2023-02-14,20.649999618530273,20.950000762939453,20.6200008392334,20.899999618530273,359300,0.0,0.0,0.0
2023-02-15,20.690000534057617,20.729999542236328,20.479999542236328,20.639999389648438,568600,0.0,0.0,0.0
2023-02-16,20.600000381469727,20.719999313354492,20.530000686645508,20.530000686645508,330400,0.0,0.0,0.0
2023-02-17,20.190000534057617,20.350000381469727,20.079999923706055,20.299999237060547,438200,0.0,0.0,0.0
2023-02-21,20.450000762939453,20.559999465942383,20.299999237060547,20.3799991607666,400200,0.0,0.0,0.0
2023-02-22,20.280000686645508,20.34000015258789,20.0,20.0,480600,0.0,0.0,0.0
2023-02-23,20.209999084472656,20.290000915527344,20.049999237060547,20.170000076293945,287300,0.0,0.0,0.0
2023-02-24,19.959999084472656,20.229999542236328,19.860000610351562,20.219999313354492,377300,0.0,0.0,0.0
2023-02-27,20.229999542236328,20.25,20.06999969482422,20.18000030517578,164800,0.0,0.0,0.0
2023-02-28,20.3799991607666,20.389999389648438,20.270000457763672,20.309999465942383,343600,0.0,0.0,0.0
2023-03-01,20.3700008392334,20.610000610351562,20.290000915527344,20.610000610351562,2453900,0.0,0.0,0.0
2023-03-02,20.6299991607666,20.639999389648438,20.440000534057617,20.549999237060547,338100,0.0,0.0,0.0
2023-03-03,20.389999389648438,20.8700008392334,20.389999389648438,20.8700008392334,260200,0.0,0.0,0.0
2023-03-06,20.610000610351562,20.850000381469727,20.579999923706055,20.850000381469727,574300,0.0,0.0,0.0
2023-03-07,20.799999237060547,20.799999237060547,20.299999237060547,20.309999465942383,1018000,0.0,0.0,0.0
2023-03-08,20.190000534057617,20.31999969482422,20.1299991607666,20.200000762939453,287600,0.0,0.0,0.0
2023-03-09,20.299999237060547,20.3799991607666,19.899999618530273,19.920000076293945,595900,0.0,0.0,0.0
2023-03-10,19.93000030517578,20.170000076293945,19.920000076293945,20.1299991607666,298300,0.0,0.0,0.0
2023-03-13,19.729999542236328,20.15999984741211,19.649999618530273,19.90999984741211,591900,0.0,0.0,0.0
2023-03-14,19.719999313354492,19.950000762939453,19.479999542236328,19.559999465942383,1040900,0.0,0.0,0.0
2023-03-15,19.059999465942383,19.200000762939453,18.649999618530273,19.010000228881836,1079200,0.0,0.0,0.0
2023-03-16,18.81999969482422,19.190000534057617,18.670000076293945,19.059999465942383,492000,0.0,0.0,0.0
2023-03-17,19.079999923706055,19.079999923706055,18.700000762939453,18.889999389648438,289500,0.0,0.0,0.0
2023-03-20,18.8799991607666,19.030000686645508,18.770000457763672,19.020000457763672,549600,0.0,0.0,0.0
2023-03-21,19.1200008392334,19.25,19.030000686645508,19.209999084472656,1105900,0.0,0.0,0.0
2023-03-22,19.270000457763672,19.40999984741211,19.1200008392334,19.239999771118164,474000,0.0,0.0,0.0
2023-03-23,19.40999984741211,19.5,19.1299991607666,19.149999618530273,401800,0.0,0.0,0.0
2023-03-24,19.079999923706055,19.280000686645508,19.040000915527344,19.239999771118164,416100,0.0,0.0,0.0
2023-03-27,19.3700008392334,19.760000228881836,19.31999969482422,19.739999771118164,398200,0.0,0.0,0.0
2023-03-28,19.709999084472656,19.899999618530273,19.709999084472656,19.829999923706055,339100,0.0,0.0,0.0
2023-03-29,19.889999389648438,19.959999084472656,19.68000030517578,19.709999084472656,340000,0.0,0.0,0.0
2023-03-30,19.790000915527344,19.8799991607666,19.690000534057617,19.8700008392334,267800,0.0,0.0,0.0
2023-03-31,19.950000762939453,20.1200008392334,19.8799991607666,20.1200008392334,806200,0.0,0.0,0.0
2023-04-03,20.68000030517578,20.829999923706055,20.59000015258789,20.65999984741211,2353600,0.0,0.0,0.0
2023-04-04,20.739999771118164,20.770000457763672,20.459999084472656,20.6299991607666,460000,0.0,0.0,0.0
2023-04-05,20.649999618530273,20.700000762939453,20.549999237060547,20.65999984741211,432800,0.0,0.0,0.0
2023-04-06,20.700000762939453,20.700000762939453,20.540000915527344,20.6200008392334,210000,0.0,0.0,0.0
2023-04-10,20.59000015258789,20.709999084472656,20.56999969482422,20.600000381469727,479700,0.0,0.0,0.0
2023-04-11,20.6200008392334,20.809999465942383,20.610000610351562,20.809999465942383,392300,0.0,0.0,0.0
2023-04-12,20.8799991607666,21.079999923706055,20.860000610351562,21.010000228881836,286200,0.0,0.0,0.0
2023-04-13,21.020000457763672,21.100000381469727,20.889999389648438,20.93000030517578,251800,0.0,0.0,0.0
2023-04-14,20.969999313354492,21.040000915527344,20.809999465942383,20.979999542236328,213600,0.0,0.0,0.0
2023-04-17,20.920000076293945,20.950000762939453,20.760000228881836,20.84000015258789,397100,0.0,0.0,0.0
2023-04-18,20.850000381469727,20.989999771118164,20.729999542236328,20.8799991607666,327600,0.0,0.0,0.0
2023-04-19,20.65999984741211,20.709999084472656,20.5,20.559999465942383,299400,0.0,0.0,0.0
2023-04-20,20.290000915527344,20.34000015258789,20.170000076293945,20.209999084472656,415000,0.0,0.0,0.0
2023-04-21,20.360000610351562,20.360000610351562,20.149999618530273,20.209999084472656,240800,0.0,0.0,0.0
2023-04-24,20.170000076293945,20.43000030517578,20.15999984741211,20.3799991607666,226800,0.0,0.0,0.0
2023-04-25,20.18000030517578,20.200000762939453,19.93000030517578,20.010000228881836,507800,0.0,0.0,0.0
2023-04-26,19.940000534057617,20.0,19.59000015258789,19.600000381469727,328100,0.0,0.0,0.0
2023-04-27,19.6299991607666,19.709999084472656,19.510000228881836,19.6299991607666,772900,0.0,0.0,0.0
2023-04-28,19.6299991607666,19.950000762939453,19.59000015258789,19.90999984741211,593300,0.0,0.0,0.0
2023-05-01,19.780000686645508,19.8700008392334,19.600000381469727,19.760000228881836,394000,0.0,0.0,0.0
2023-05-02,19.559999465942383,19.559999465942383,19.1299991607666,19.15999984741211,331000,0.0,0.0,0.0
2023-05-03,18.8799991607666,18.8799991607666,18.670000076293945,18.690000534057617,2066600,0.0,0.0,0.0
2023-05-04,18.729999542236328,18.989999771118164,18.649999618530273,18.799999237060547,327400,0.0,0.0,0.0
2023-05-05,19.149999618530273,19.309999465942383,19.149999618530273,19.260000228881836,418700,0.0,0.0,0.0
2023-05-08,19.600000381469727,19.6299991607666,19.469999313354492,19.520000457763672,1880800,0.0,0.0,0.0
2023-05-09,19.389999389648438,19.600000381469727,19.219999313354492,19.579999923706055,709600,0.0,0.0,0.0
2023-05-10,19.510000228881836,19.540000915527344,19.34000015258789,19.469999313354492,364300,0.0,0.0,0.0
2023-05-11,19.200000762939453,19.270000457763672,19.06999969482422,19.149999618530273,402600,0.0,0.0,0.0
2023-05-12,19.170000076293945,19.229999542236328,18.979999542236328,19.030000686645508,391200,0.0,0.0,0.0
2023-05-15,19.149999618530273,19.389999389648438,19.149999618530273,19.31999969482422,491200,0.0,0.0,0.0
2023-05-16,19.270000457763672,19.360000610351562,19.1200008392334,19.1200008392334,289000,0.0,0.0,0.0
2023-05-17,19.31999969482422,19.459999084472656,19.15999984741211,19.43000030517578,313900,0.0,0.0,0.0
2023-05-18,19.239999771118164,19.299999237060547,19.15999984741211,19.290000915527344,283500,0.0,0.0,0.0
2023-05-19,19.40999984741211,19.440000534057617,19.139999389648438,19.25,338200,0.0,0.0,0.0
2023-05-22,19.18000030517578,19.299999237060547,19.1299991607666,19.239999771118164,287900,0.0,0.0,0.0
2023-05-23,19.329999923706055,19.43000030517578,19.280000686645508,19.31999969482422,311600,0.0,0.0,0.0
2023-05-24,19.5,19.56999969482422,19.31999969482422,19.459999084472656,322400,0.0,0.0,0.0
2023-05-25,19.219999313354492,19.260000228881836,19.0,19.149999618530273,480800,0.0,0.0,0.0
2023-05-26,19.34000015258789,19.389999389648438,19.260000228881836,19.3700008392334,329000,0.0,0.0,0.0
2023-05-30,18.979999542236328,19.0,18.770000457763672,18.860000610351562,316600,0.0,0.0,0.0
2023-05-31,18.709999084472656,18.84000015258789,18.649999618530273,18.670000076293945,337200,0.0,0.0,0.0
2023-06-01,18.709999084472656,19.149999618530273,18.709999084472656,19.0,1694900,0.0,0.0,0.0
2023-06-02,19.270000457763672,19.3700008392334,19.170000076293945,19.360000610351562,468900,0.0,0.0,0.0
2023-06-05,19.549999237060547,19.59000015258789,19.329999923706055,19.329999923706055,167200,0.0,0.0,0.0
2023-06-06,19.229999542236328,19.459999084472656,19.209999084472656,19.3700008392334,259900,0.0,0.0,0.0
2023-06-07,19.479999542236328,19.600000381469727,19.459999084472656,19.510000228881836,236700,0.0,0.0,0.0
2023-06-08,19.530000686645508,19.56999969482422,19.09000015258789,19.43000030517578,860300,0.0,0.0,0.0
2023-06-09,19.399999618530273,19.530000686645508,19.290000915527344,19.31999969482422,179300,0.0,0.0,0.0
2023-06-12,19.0,19.06999969482422,18.860000610351562,18.920000076293945,792100,0.0,0.0,0.0
2023-06-13,19.280000686645508,19.3799991607666,19.270000457763672,19.280000686645508,402800,0.0,0.0,0.0
2023-06-14,19.420000076293945,19.479999542236328,19.149999618530273,19.229999542236328,401900,0.0,0.0,0.0
2023-06-15,19.3799991607666,19.799999237060547,19.3799991607666,19.75,298800,0.0,0.0,0.0
2023-06-16,19.850000381469727,20.079999923706055,19.850000381469727,20.030000686645508,195500,0.0,0.0,0.0
2023-06-20,19.8799991607666,19.8799991607666,19.68000030517578,19.84000015258789,260100,0.0,0.0,0.0
2023-06-21,19.829999923706055,20.190000534057617,19.829999923706055,20.170000076293945,285300,0.0,0.0,0.0
2023-06-22,19.81999969482422,19.889999389648438,19.6299991607666,19.700000762939453,286100,0.0,0.0,0.0
2023-06-23,19.290000915527344,19.530000686645508,19.290000915527344,19.530000686645508,274800,0.0,0.0,0.0
2023-06-26,19.510000228881836,19.719999313354492,19.510000228881836,19.600000381469727,213800,0.0,0.0,0.0
2023-06-27,19.459999084472656,19.5,19.200000762939453,19.229999542236328,245300,0.0,0.0,0.0
2023-06-28,19.1299991607666,19.350000381469727,19.030000686645508,19.260000228881836,336900,0.0,0.0,0.0
2023-06-29,19.25,19.40999984741211,19.190000534057617,19.31999969482422,166200,0.0,0.0,0.0
2023-06-30,19.420000076293945,19.6299991607666,19.389999389648438,19.489999771118164,251200,0.0,0.0,0.0
2023-07-03,19.520000457763672,19.600000381469727,19.43000030517578,19.459999084472656,101500,0.0,0.0,0.0
2023-07-05,19.760000228881836,19.760000228881836,19.56999969482422,19.709999084472656,248000,0.0,0.0,0.0
2023-07-06,19.639999389648438,19.690000534057617,19.40999984741211,19.690000534057617,181200,0.0,0.0,0.0
2023-07-07,19.639999389648438,19.93000030517578,19.639999389648438,19.899999618530273,179500,0.0,0.0,0.0
2023-07-10,19.8799991607666,20.020000457763672,19.809999465942383,19.899999618530273,167100,0.0,0.0,0.0
2023-07-11,19.979999542236328,20.18000030517578,19.950000762939453,20.15999984741211,204600,0.0,0.0,0.0
2023-07-12,20.329999923706055,20.420000076293945,20.209999084472656,20.270000457763672,357900,0.0,0.0,0.0
2023-07-13,20.280000686645508,20.540000915527344,20.25,20.530000686645508,200000,0.0,0.0,0.0
2023-07-14,20.530000686645508,20.530000686645508,20.299999237060547,20.3799991607666,257900,0.0,0.0,0.0
2023-07-17,20.229999542236328,20.299999237060547,20.139999389648438,20.139999389648438,151900,0.0,0.0,0.0
2023-07-18,20.229999542236328,20.520000457763672,20.219999313354492,20.459999084472656,168200,0.0,0.0,0.0
2023-07-19,20.649999618530273,20.770000457763672,20.559999465942383,20.56999969482422,240900,0.0,0.0,0.0
2023-07-20,20.770000457763672,20.790000915527344,20.549999237060547,20.68000030517578,135400,0.0,0.0,0.0
2023-07-21,20.719999313354492,20.8700008392334,20.719999313354492,20.860000610351562,107100,0.0,0.0,0.0
2023-07-24,21.049999237060547,21.3799991607666,21.0,21.299999237060547,564700,0.0,0.0,0.0
2023-07-25,21.18000030517578,21.420000076293945,21.170000076293945,21.3700008392334,117500,0.0,0.0,0.0
2023-07-26,21.280000686645508,21.34000015258789,21.219999313354492,21.25,247800,0.0,0.0,0.0
2023-07-27,21.31999969482422,21.450000762939453,21.229999542236328,21.350000381469727,154100,0.0,0.0,0.0
2023-07-28,21.31999969482422,21.479999542236328,21.219999313354492,21.450000762939453,177500,0.0,0.0,0.0
2023-07-31,21.479999542236328,21.600000381469727,21.40999984741211,21.600000381469727,166300,0.0,0.0,0.0
2023-08-01,21.479999542236328,21.579999923706055,21.40999984741211,21.549999237060547,2389300,0.0,0.0,0.0
2023-08-02,21.5,21.5,21.049999237060547,21.15999984741211,693600,0.0,0.0,0.0
2023-08-03,21.15999984741211,21.420000076293945,21.1299991607666,21.399999618530273,365500,0.0,0.0,0.0
2023-08-04,21.469999313354492,21.579999923706055,21.360000610351562,21.459999084472656,518000,0.0,0.0,0.0
2023-08-07,21.479999542236328,21.510000228881836,21.350000381469727,21.5,1211800,0.0,0.0,0.0
2023-08-08,21.15999984741211,21.559999465942383,21.09000015258789,21.5,539400,0.0,0.0,0.0
2023-08-09,21.709999084472656,21.84000015258789,21.610000610351562,21.799999237060547,618800,0.0,0.0,0.0
2023-08-10,21.700000762939453,21.809999465942383,21.549999237060547,21.59000015258789,386500,0.0,0.0,0.0
2023-08-11,21.56999969482422,21.729999542236328,21.540000915527344,21.559999465942383,388700,0.0,0.0,0.0
2023-08-14,21.459999084472656,21.520000457763672,21.34000015258789,21.440000534057617,336500,0.0,0.0,0.0
2023-08-15,21.290000915527344,21.309999465942383,21.059999465942383,21.09000015258789,723100,0.0,0.0,0.0
2023-08-16,21.149999618530273,21.219999313354492,20.90999984741211,20.920000076293945,819600,0.0,0.0,0.0
2023-08-17,21.190000534057617,21.229999542236328,21.040000915527344,21.049999237060547,503900,0.0,0.0,0.0
2023-08-18,21.1299991607666,21.329999923706055,21.100000381469727,21.280000686645508,384900,0.0,0.0,0.0
2023-08-21,21.43000030517578,21.43000030517578,21.170000076293945,21.209999084472656,401700,0.0,0.0,0.0
2023-08-22,21.260000228881836,21.270000457763672,21.1200008392334,21.149999618530273,377500,0.0,0.0,0.0
2023-08-23,20.950000762939453,21.229999542236328,20.920000076293945,21.1200008392334,815800,0.0,0.0,0.0
2023-08-24,21.0,21.219999313354492,20.93000030517578,21.149999618530273,535300,0.0,0.0,0.0
2023-08-25,21.3799991607666,21.520000457763672,21.15999984741211,21.5,608300,0.0,0.0,0.0
2023-08-28,21.420000076293945,21.549999237060547,21.360000610351562,21.440000534057617,522000,0.0,0.0,0.0
2023-08-29,21.40999984741211,21.530000686645508,21.290000915527344,21.520000457763672,687400,0.0,0.0,0.0
2023-08-30,21.559999465942383,21.6200008392334,21.420000076293945,21.520000457763672,762000,0.0,0.0,0.0
2023-08-31,21.56999969482422,21.709999084472656,21.510000228881836,21.700000762939453,280400,0.0,0.0,0.0
2023-09-01,21.93000030517578,22.020000457763672,21.8799991607666,22.010000228881836,1985000,0.0,0.0,0.0
2023-09-05,22.18000030517578,22.34000015258789,22.100000381469727,22.139999389648438,976200,0.0,0.0,0.0
2023-09-06,22.06999969482422,22.260000228881836,22.010000228881836,22.209999084472656,945700,0.0,0.0,0.0
2023-09-07,22.1299991607666,22.219999313354492,22.059999465942383,22.170000076293945,483900,0.0,0.0,0.0
2023-09-08,22.229999542236328,22.350000381469727,22.18000030517578,22.25,365600,0.0,0.0,0.0
2023-09-11,22.450000762939453,22.489999771118164,22.31999969482422,22.399999618530273,564600,0.0,0.0,0.0
2023-09-12,22.469999313354492,22.579999923706055,22.469999313354492,22.520000457763672,639100,0.0,0.0,0.0
2023-09-13,22.56999969482422,22.65999984741211,22.5,22.600000381469727,534700,0.0,0.0,0.0
2023-09-14,22.790000915527344,22.90999984741211,22.75,22.889999389648438,1088600,0.0,0.0,0.0
2023-09-15,22.729999542236328,22.860000610351562,22.670000076293945,22.809999465942383,600600,0.0,0.0,0.0
2023-09-18,22.889999389648438,22.899999618530273,22.670000076293945,22.799999237060547,355600,0.0,0.0,0.0
2023-09-19,22.90999984741211,22.950000762939453,22.780000686645508,22.84000015258789,426100,0.0,0.0,0.0
2023-09-20,22.65999984741211,22.850000381469727,22.579999923706055,22.579999923706055,651700,0.0,0.0,0.0
2023-09-21,22.809999465942383,22.829999923706055,22.530000686645508,22.530000686645508,926700,0.0,0.0,0.0
2023-09-22,22.760000228881836,22.790000915527344,22.489999771118164,22.579999923706055,383200,0.0,0.0,0.0
2023-09-25,22.549999237060547,22.559999465942383,22.3799991607666,22.5,287200,0.0,0.0,0.0
2023-09-26,22.389999389648438,22.530000686645508,22.3700008392334,22.530000686645508,1358300,0.0,0.0,0.0
2023-09-27,22.709999084472656,22.90999984741211,22.709999084472656,22.829999923706055,343600,0.0,0.0,0.0
2023-09-28,22.780000686645508,22.920000076293945,22.700000762939453,22.739999771118164,484600,0.0,0.0,0.0
2023-09-29,22.84000015258789,22.860000610351562,22.479999542236328,22.510000228881836,1349800,0.0,0.0,0.0
2023-10-02,22.530000686645508,22.56999969482422,22.209999084472656,22.25,1607300,0.0,0.0,0.0
2023-10-03,22.219999313354492,22.280000686645508,22.110000610351562,22.229999542236328,1159100,0.0,0.0,0.0
2023-10-04,21.8700008392334,21.8799991607666,21.3799991607666,21.489999771118164,905300,0.0,0.0,0.0
2023-10-05,21.149999618530273,21.420000076293945,21.1299991607666,21.229999542236328,620600,0.0,0.0,0.0
2023-10-06,21.350000381469727,21.399999618530273,21.15999984741211,21.34000015258789,1073300,0.0,0.0,0.0
2023-10-09,21.729999542236328,21.899999618530273,21.670000076293945,21.860000610351562,1099100,0.0,0.0,0.0
2023-10-10,21.850000381469727,21.850000381469727,21.65999984741211,21.780000686645508,1189700,0.0,0.0,0.0
2023-10-11,21.610000610351562,21.670000076293945,21.399999618530273,21.579999923706055,522500,0.0,0.0,0.0
2023-10-12,21.709999084472656,21.729999542236328,21.489999771118164,21.6200008392334,1012100,0.0,0.0,0.0
2023-10-13,22.079999923706055,22.270000457763672,21.969999313354492,22.260000228881836,574800,0.0,0.0,0.0
2023-10-16,22.170000076293945,22.219999313354492,22.049999237060547,22.1200008392334,755700,0.0,0.0,0.0
2023-10-17,22.0,22.190000534057617,21.93000030517578,22.139999389648438,580800,0.0,0.0,0.0
2023-10-18,22.299999237060547,22.420000076293945,22.270000457763672,22.329999923706055,840800,0.0,0.0,0.0
2023-10-19,22.260000228881836,22.6299991607666,22.209999084472656,22.610000610351562,583600,0.0,0.0,0.0
2023-10-20,22.65999984741211,22.690000534057617,22.3700008392334,22.40999984741211,806400,0.0,0.0,0.0
2023-10-23,22.3799991607666,22.3799991607666,22.030000686645508,22.1200008392334,1028100,0.0,0.0,0.0
2023-10-24,21.959999084472656,21.989999771118164,21.68000030517578,21.780000686645508,807800,0.0,0.0,0.0
2023-10-25,21.829999923706055,22.030000686645508,21.530000686645508,21.979999542236328,443900,0.0,0.0,0.0
2023-10-26,21.770000457763672,21.93000030517578,21.739999771118164,21.799999237060547,438800,0.0,0.0,0.0
2023-10-27,21.940000534057617,22.190000534057617,21.780000686645508,22.110000610351562,1010700,0.0,0.0,0.0
2023-10-30,21.920000076293945,21.979999542236328,21.600000381469727,21.719999313354492,545800,0.0,0.0,0.0
2023-10-31,21.760000228881836,21.889999389648438,21.540000915527344,21.6299991607666,1019200,0.0,0.0,0.0
2023-11-01,21.860000610351562,21.8799991607666,21.5,21.59000015258789,859300,0.0,0.0,0.0
2023-11-02,21.6200008392334,21.920000076293945,21.610000610351562,21.8700008392334,916000,0.0,0.0,0.0
2023-11-03,21.709999084472656,21.940000534057617,21.579999923706055,21.670000076293945,1079400,0.0,0.0,0.0
2023-11-06,21.799999237060547,21.850000381469727,21.649999618530273,21.65999984741211,910400,0.0,0.0,0.0
2023-11-07,21.270000457763672,21.309999465942383,21.020000457763672,21.049999237060547,908400,0.0,0.0,0.0
2023-11-08,20.950000762939453,21.040000915527344,20.68000030517578,20.770000457763672,608000,0.0,0.0,0.0
2023-11-09,20.809999465942383,20.950000762939453,20.65999984741211,20.670000076293945,1035400,0.0,0.0,0.0
2023-11-10,20.81999969482422,20.93000030517578,20.760000228881836,20.8700008392334,928800,0.0,0.0,0.0
2023-11-13,20.889999389648438,21.219999313354492,20.889999389648438,21.219999313354492,496100,0.0,0.0,0.0
2023-11-14,21.270000457763672,21.40999984741211,21.1200008392334,21.18000030517578,1557200,0.0,0.0,0.0
2023-11-15,21.030000686645508,21.170000076293945,20.989999771118164,21.030000686645508,556000,0.0,0.0,0.0
2023-11-16,20.739999771118164,20.75,20.350000381469727,20.420000076293945,918300,0.0,0.0,0.0
2023-11-17,20.56999969482422,20.81999969482422,20.549999237060547,20.799999237060547,1079400,0.0,0.0,0.0
2023-11-20,21.010000228881836,21.18000030517578,20.979999542236328,21.079999923706055,735600,0.0,0.0,0.0
2023-11-21,21.079999923706055,21.190000534057617,21.040000915527344,21.18000030517578,631100,0.0,0.0,0.0
2023-11-22,20.6200008392334,21.010000228881836,20.56999969482422,20.969999313354492,407600,0.0,0.0,0.0
2023-11-24,20.850000381469727,20.969999313354492,20.760000228881836,20.760000228881836,486600,0.0,0.0,0.0
2023-11-27,20.68000030517578,20.760000228881836,20.5,20.549999237060547,797900,0.0,0.0,0.0
2023-11-28,20.700000762939453,20.950000762939453,20.639999389648438,20.860000610351562,724000,0.0,0.0,0.0
2023-11-29,20.989999771118164,21.110000610351562,20.739999771118164,21.06999969482422,1002700,0.0,0.0,0.0
2023-11-30,21.190000534057617,21.299999237060547,20.65999984741211,20.68000030517578,2225800,0.0,0.0,0.0
2023-12-01,20.700000762939453,20.899999618530273,20.450000762939453,20.489999771118164,4727600,0.0,0.0,0.0
2023-12-04,20.350000381469727,20.540000915527344,20.229999542236328,20.329999923706055,1763100,0.0,0.0,0.0
2023-12-05,20.3799991607666,20.469999313354492,20.18000030517578,20.18000030517578,1021200,0.0,0.0,0.0
2023-12-06,19.959999084472656,20.010000228881836,19.6200008392334,19.6200008392334,2086500,0.0,0.0,0.0
2023-12-07,19.780000686645508,19.809999465942383,19.59000015258789,19.709999084472656,1399600,0.0,0.0,0.0
2023-12-08,19.8700008392334,20.010000228881836,19.81999969482422,19.920000076293945,447100,0.0,0.0,0.0
2023-12-11,19.829999923706055,19.920000076293945,19.719999313354492,19.8799991607666,487400,0.0,0.0,0.0
2023-12-12,19.549999237060547,19.59000015258789,19.40999984741211,19.469999313354492,712800,0.0,0.0,0.0
2023-12-13,19.479999542236328,19.68000030517578,19.450000762939453,19.68000030517578,485300,0.0,0.0,0.0
2023-12-14,19.969999313354492,20.1200008392334,19.969999313354492,20.079999923706055,962300,0.0,0.0,0.0
2023-12-15,20.09000015258789,20.170000076293945,19.90999984741211,20.149999618530273,488300,0.0,0.0,0.0
2023-12-18,20.43000030517578,20.549999237060547,20.219999313354492,20.31999969482422,939100,0.0,0.0,0.0
2023-12-19,20.309999465942383,20.530000686645508,20.290000915527344,20.520000457763672,1281400,0.0,0.0,0.0
2023-12-20,20.610000610351562,20.639999389648438,20.309999465942383,20.309999465942383,1098300,0.0,0.0,0.0
2023-12-21,20.25,20.40999984741211,20.25,20.40999984741211,933200,0.0,0.0,0.0
2023-12-22,20.489999771118164,20.559999465942383,20.31999969482422,20.329999923706055,460100,0.0,0.0,0.0
2023-12-26,20.610000610351562,20.729999542236328,20.3799991607666,20.6200008392334,1139700,0.0,0.0,0.0
2023-12-27,20.610000610351562,20.670000076293945,20.459999084472656,20.479999542236328,646500,0.0,0.0,0.0
2023-12-28,20.350000381469727,20.459999084472656,20.149999618530273,20.18000030517578,972500,0.0,0.0,0.0
2023-12-29,20.239999771118164,20.260000228881836,20.049999237060547,20.059999465942383,954400,0.0,0.0,0.0
2024-01-02,20.190000534057617,20.200000762939453,19.809999465942383,19.850000381469727,3386800,0.0,0.0,0.0
2024-01-03,20.049999237060547,20.270000457763672,20.010000228881836,20.25,781700,0.0,0.0,0.0
2024-01-04,20.209999084472656,20.260000228881836,19.969999313354492,20.190000534057617,848600,0.0,0.0,0.0
2024-01-05,20.31999969482422,20.420000076293945,20.229999542236328,20.329999923706055,389600,0.0,0.0,0.0
2024-01-08,19.84000015258789,19.979999542236328,19.739999771118164,19.950000762939453,322500,0.0,0.0,0.0
2024-01-09,20.139999389648438,20.31999969482422,20.040000915527344,20.18000030517578,1353700,0.0,0.0,0.0
2024-01-10,20.31999969482422,20.350000381469727,19.989999771118164,20.020000457763672,417100,0.0,0.0,0.0
2024-01-11,20.329999923706055,20.43000030517578,20.18000030517578,20.25,368100,0.0,0.0,0.0
2024-01-12,20.56999969482422,20.649999618530273,20.200000762939453,20.290000915527344,474100,0.0,0.0,0.0
2024-01-16,20.350000381469727,20.350000381469727,20.1299991607666,20.139999389648438,224000,0.0,0.0,0.0
2024-01-17,20.020000457763672,20.170000076293945,19.959999084472656,20.15999984741211,311700,0.0,0.0,0.0
2024-01-18,20.190000534057617,20.40999984741211,20.1200008392334,20.3700008392334,181900,0.0,0.0,0.0
2024-01-19,20.489999771118164,20.530000686645508,20.299999237060547,20.350000381469727,650600,0.0,0.0,0.0
2024-01-22,20.329999923706055,20.600000381469727,20.309999465942383,20.5,379200,0.0,0.0,0.0
2024-01-23,20.469999313354492,20.670000076293945,20.469999313354492,20.59000015258789,435000,0.0,0.0,0.0
2024-01-24,20.700000762939453,20.829999923706055,20.610000610351562,20.770000457763672,356200,0.0,0.0,0.0
2024-01-25,20.959999084472656,21.100000381469727,20.84000015258789,21.059999465942383,341800,0.0,0.0,0.0
2024-01-26,21.010000228881836,21.260000228881836,20.8700008392334,21.25,544200,0.0,0.0,0.0
2024-01-29,21.1200008392334,21.139999389648438,20.940000534057617,21.020000457763672,175100,0.0,0.0,0.0
2024-01-30,20.969999313354492,21.219999313354492,20.959999084472656,21.200000762939453,355600,0.0,0.0,0.0
2024-01-31,21.1299991607666,21.15999984741211,20.899999618530273,20.940000534057617,316700,0.0,0.0,0.0
2024-02-01,20.989999771118164,21.059999465942383,20.600000381469727,20.639999389648438,481800,0.0,0.0,0.0
2024-02-02,20.440000534057617,20.520000457763672,20.34000015258789,20.3700008392334,349900,0.0,0.0,0.0
2024-02-05,20.389999389648438,20.5,20.25,20.469999313354492,689500,0.0,0.0,0.0
2024-02-06,20.530000686645508,20.65999984741211,20.510000228881836,20.59000015258789,252300,0.0,0.0,0.0
2024-02-07,20.6299991607666,20.75,20.6299991607666,20.719999313354492,729600,0.0,0.0,0.0
2024-02-08,20.850000381469727,21.049999237060547,20.850000381469727,21.030000686645508,306800,0.0,0.0,0.0
2024-02-09,21.100000381469727,21.190000534057617,21.030000686645508,21.06999969482422,222200,0.0,0.0,0.0
2024-02-12,21.079999923706055,21.139999389648438,21.020000457763672,21.110000610351562,271900,0.0,0.0,0.0
2024-02-13,21.1200008392334,21.190000534057617,21.020000457763672,21.079999923706055,449700,0.0,0.0,0.0
2024-02-14,21.1200008392334,21.200000762939453,20.84000015258789,20.850000381469727,228800,0.0,0.0,0.0
2024-02-15,20.889999389648438,21.110000610351562,20.889999389648438,21.010000228881836,310900,0.0,0.0,0.0
2024-02-16,21.0,21.139999389648438,20.979999542236328,21.110000610351562,209000,0.0,0.0,0.0
2024-02-20,21.100000381469727,21.1200008392334,20.899999618530273,21.0,202000,0.0,0.0,0.0
2024-02-21,21.0,21.09000015258789,20.979999542236328,21.09000015258789,266900,0.0,0.0,0.0
2024-02-22,21.0,21.200000762939453,20.989999771118164,21.15999984741211,272300,0.0,0.0,0.0
2024-02-23,20.920000076293945,20.950000762939453,20.809999465942383,20.860000610351562,495700,0.0,0.0,0.0
2024-02-26,20.829999923706055,21.110000610351562,20.809999465942383,21.049999237060547,397800,0.0,0.0,0.0
2024-02-27,21.1200008392334,21.25,21.110000610351562,21.219999313354492,649700,0.0,0.0,0.0
2024-02-28,21.229999542236328,21.280000686645508,21.06999969482422,21.100000381469727,350900,0.0,0.0,0.0
2024-02-29,21.079999923706055,21.25,21.030000686645508,21.1200008392334,284500,0.0,0.0,0.0
2024-03-01,21.290000915527344,21.479999542236328,21.229999542236328,21.350000381469727,3055500,0.0,0.0,0.0
2024-03-04,21.450000762939453,21.469999313354492,21.219999313354492,21.270000457763672,631700,0.0,0.0,0.0
2024-03-05,21.190000534057617,21.290000915527344,21.06999969482422,21.110000610351562,626900,0.0,0.0,0.0
2024-03-06,21.299999237060547,21.450000762939453,21.260000228881836,21.270000457763672,325700,0.0,0.0,0.0
2024-03-07,21.219999313354492,21.450000762939453,21.200000762939453,21.34000015258789,303700,0.0,0.0,0.0
2024-03-08,21.280000686645508,21.290000915527344,21.110000610351562,21.190000534057617,303200,0.0,0.0,0.0
2024-03-11,21.139999389648438,21.350000381469727,21.059999465942383,21.309999465942383,226100,0.0,0.0,0.0
2024-03-12,21.260000228881836,21.389999389648438,21.200000762939453,21.280000686645508,358000,0.0,0.0,0.0
2024-03-13,21.479999542236328,21.6299991607666,21.479999542236328,21.610000610351562,450500,0.0,0.0,0.0
2024-03-14,21.670000076293945,21.790000915527344,21.649999618530273,21.719999313354492,410300,0.0,0.0,0.0
2024-03-15,21.700000762939453,21.81999969482422,21.65999984741211,21.809999465942383,204200,0.0,0.0,0.0
2024-03-18,21.93000030517578,22.1200008392334,21.899999618530273,22.100000381469727,417300,0.0,0.0,0.0
2024-03-19,22.06999969482422,22.1299991607666,22.040000915527344,22.100000381469727,272800,0.0,0.0,0.0
2024-03-20,21.8700008392334,21.950000762939453,21.770000457763672,21.93000030517578,301800,0.0,0.0,0.0
2024-03-21,21.920000076293945,21.920000076293945,21.75,21.8799991607666,314700,0.0,0.0,0.0
2024-03-22,21.899999618530273,21.899999618530273,21.770000457763672,21.799999237060547,595400,0.0,0.0,0.0
2024-03-25,21.889999389648438,22.09000015258789,21.8799991607666,21.979999542236328,460500,0.0,0.0,0.0
2024-03-26,22.020000457763672,22.020000457763672,21.790000915527344,21.809999465942383,156800,0.0,0.0,0.0
2024-03-27,21.709999084472656,21.829999923706055,21.700000762939453,21.829999923706055,339800,0.0,0.0,0.0
2024-03-28,21.90999984741211,22.1200008392334,21.90999984741211,22.059999465942383,271300,0.0,0.0,0.0
2024-04-01,22.1200008392334,22.309999465942383,22.06999969482422,22.219999313354492,345200,0.0,0.0,0.0
2024-04-02,22.3799991607666,22.450000762939453,22.290000915527344,22.43000030517578,227400,0.0,0.0,0.0
2024-04-03,22.600000381469727,22.670000076293945,22.56999969482422,22.600000381469727,274900,0.0,0.0,0.0
2024-04-04,22.59000015258789,22.860000610351562,22.5,22.770000457763672,634100,0.0,0.0,0.0
2024-04-05,22.8700008392334,22.969999313354492,22.770000457763672,22.84000015258789,233600,0.0,0.0,0.0
2024-04-08,22.8700008392334,22.899999618530273,22.639999389648438,22.799999237060547,383900,0.0,0.0,0.0
2024-04-09,22.829999923706055,22.829999923706055,22.610000610351562,22.68000030517578,246100,0.0,0.0,0.0
2024-04-10,22.719999313354492,22.790000915527344,22.530000686645508,22.780000686645508,441100,0.0,0.0,0.0
2024-04-11,22.68000030517578,22.700000762939453,22.549999237060547,22.670000076293945,310900,0.0,0.0,0.0
2024-04-12,22.959999084472656,23.079999923706055,22.65999984741211,22.690000534057617,673900,0.0,0.0,0.0
2024-04-15,22.65999984741211,22.780000686645508,22.489999771118164,22.739999771118164,1223100,0.0,0.0,0.0
2024-04-16,22.65999984741211,22.75,22.579999923706055,22.700000762939453,1029100,0.0,0.0,0.0
2024-04-17,22.530000686645508,22.649999618530273,22.260000228881836,22.299999237060547,939300,0.0,0.0,0.0
2024-04-18,22.34000015258789,22.43000030517578,22.239999771118164,22.290000915527344,309600,0.0,0.0,0.0
2024-04-19,22.360000610351562,22.559999465942383,22.34000015258789,22.469999313354492,706200,0.0,0.0,0.0
2024-04-22,22.280000686645508,22.5,22.270000457763672,22.5,412200,0.0,0.0,0.0
2024-04-23,22.260000228881836,22.639999389648438,22.260000228881836,22.6299991607666,1463900,0.0,0.0,0.0
2024-04-24,22.549999237060547,22.670000076293945,22.489999771118164,22.530000686645508,1160100,0.0,0.0,0.0
2024-04-25,22.540000915527344,22.709999084472656,22.43000030517578,22.709999084472656,744000,0.0,0.0,0.0
2024-04-26,22.799999237060547,22.799999237060547,22.6299991607666,22.670000076293945,1064800,0.0,0.0,0.0
2024-04-29,22.670000076293945,22.729999542236328,22.549999237060547,22.59000015258789,266600,0.0,0.0,0.0
2024-04-30,22.420000076293945,22.440000534057617,22.190000534057617,22.270000457763672,1321200,0.0,0.0,0.0
2024-05-01,22.06999969482422,22.219999313354492,21.799999237060547,21.829999923706055,1016600,0.0,0.0,0.0
2024-05-02,21.84000015258789,21.93000030517578,21.729999542236328,21.860000610351562,393500,0.0,0.0,0.0
2024-05-03,21.90999984741211,21.950000762939453,21.829999923706055,21.850000381469727,410100,0.0,0.0,0.0
2024-05-06,21.940000534057617,22.110000610351562,21.940000534057617,22.040000915527344,516100,0.0,0.0,0.0
2024-05-07,21.979999542236328,22.1299991607666,21.940000534057617,22.030000686645508,472400,0.0,0.0,0.0
2024-05-08,21.8799991607666,22.030000686645508,21.829999923706055,22.020000457763672,225900,0.0,0.0,0.0
2024-05-09,22.030000686645508,22.139999389648438,22.020000457763672,22.1299991607666,180600,0.0,0.0,0.0
2024-05-10,22.15999984741211,22.200000762939453,21.979999542236328,21.989999771118164,139600,0.0,0.0,0.0
2024-05-13,22.040000915527344,22.190000534057617,22.030000686645508,22.1200008392334,221500,0.0,0.0,0.0
2024-05-14,21.989999771118164,22.06999969482422,21.889999389648438,21.959999084472656,418300,0.0,0.0,0.0
2024-05-15,21.940000534057617,22.100000381469727,21.799999237060547,22.09000015258789,319900,0.0,0.0,0.0
2024-05-16,22.200000762939453,22.239999771118164,22.139999389648438,22.18000030517578,281200,0.0,0.0,0.0
2024-05-17,22.350000381469727,22.440000534057617,22.280000686645508,22.43000030517578,375400,0.0,0.0,0.0
2024-05-20,22.43000030517578,22.610000610351562,22.40999984741211,22.520000457763672,228700,0.0,0.0,0.0
2024-05-21,22.469999313354492,22.549999237060547,22.360000610351562,22.440000534057617,325300,0.0,0.0,0.0
2024-05-22,22.299999237060547,22.350000381469727,22.170000076293945,22.200000762939453,213000,0.0,0.0,0.0
2024-05-23,22.399999618530273,22.440000534057617,22.059999465942383,22.100000381469727,227200,0.0,0.0,0.0
2024-05-24,22.149999618530273,22.270000457763672,22.149999618530273,22.219999313354492,162000,0.0,0.0,0.0
2024-05-28,22.520000457763672,22.68000030517578,22.469999313354492,22.670000076293945,459900,0.0,0.0,0.0
2024-05-29,22.610000610351562,22.6200008392334,22.389999389648438,22.389999389648438,202200,0.0,0.0,0.0
2024-05-30,22.219999313354492,22.309999465942383,22.049999237060547,22.079999923706055,269500,0.0,0.0,0.0
2024-05-31,22.149999618530273,22.170000076293945,21.84000015258789,21.950000762939453,460300,0.0,0.0,0.0
2024-06-03,21.889999389648438,21.889999389648438,21.489999771118164,21.549999237060547,2797300,0.0,0.0,0.0
2024-06-04,21.34000015258789,21.420000076293945,21.229999542236328,21.329999923706055,598400,0.0,0.0,0.0
2024-06-05,21.3700008392334,21.479999542236328,21.270000457763672,21.479999542236328,610500,0.0,0.0,0.0
2024-06-06,21.549999237060547,21.790000915527344,21.540000915527344,21.790000915527344,398500,0.0,0.0,0.0
2024-06-07,21.649999618530273,21.709999084472656,21.520000457763672,21.530000686645508,925600,0.0,0.0,0.0
2024-06-10,21.68000030517578,21.920000076293945,21.649999618530273,21.920000076293945,663800,0.0,0.0,0.0
2024-06-11,21.84000015258789,22.010000228881836,21.81999969482422,21.920000076293945,652900,0.0,0.0,0.0
2024-06-12,22.170000076293945,22.190000534057617,21.969999313354492,22.020000457763672,523600,0.0,0.0,0.0
2024-06-13,22.100000381469727,22.149999618530273,21.989999771118164,22.0,278800,0.0,0.0,0.0
2024-06-14,22.149999618530273,22.18000030517578,22.0,22.0,715800,0.0,0.0,0.0
2024-06-17,22.020000457763672,22.170000076293945,21.979999542236328,22.170000076293945,519700,0.0,0.0,0.0
2024-06-18,22.149999618530273,22.329999923706055,22.149999618530273,22.31999969482422,447200,0.0,0.0,0.0
2024-06-20,22.399999618530273,22.450000762939453,22.309999465942383,22.360000610351562,314600,0.0,0.0,0.0
2024-06-21,22.350000381469727,22.3799991607666,22.139999389648438,22.149999618530273,735200,0.0,0.0,0.0
2024-06-24,22.110000610351562,22.350000381469727,22.110000610351562,22.350000381469727,390600,0.0,0.0,0.0
2024-06-25,22.260000228881836,22.290000915527344,22.09000015258789,22.09000015258789,340100,0.0,0.0,0.0
2024-06-26,22.079999923706055,22.260000228881836,22.059999465942383,22.100000381469727,276400,0.0,0.0,0.0
2024-06-27,22.309999465942383,22.34000015258789,22.18000030517578,22.299999237060547,352900,0.0,0.0,0.0
2024-06-28,22.34000015258789,22.350000381469727,22.139999389648438,22.149999618530273,583100,0.0,0.0,0.0
2024-07-01,22.25,22.459999084472656,22.170000076293945,22.43000030517578,1004500,0.0,0.0,0.0
2024-07-02,22.549999237060547,22.579999923706055,22.399999618530273,22.469999313354492,382500,0.0,0.0,0.0
2024-07-03,22.450000762939453,22.56999969482422,22.43000030517578,22.530000686645508,467000,0.0,0.0,0.0
2024-07-05,22.639999389648438,22.729999542236328,22.530000686645508,22.56999969482422,367500,0.0,0.0,0.0
2024-07-08,22.399999618530273,22.43000030517578,22.25,22.25,530000,0.0,0.0,0.0
2024-07-09,22.229999542236328,22.309999465942383,22.06999969482422,22.1200008392334,362900,0.0,0.0,0.0
2024-07-10,22.040000915527344,22.190000534057617,21.979999542236328,22.139999389648438,417600,0.0,0.0,0.0
2024-07-11,21.920000076293945,22.260000228881836,21.920000076293945,22.25,400200,0.0,0.0,0.0
2024-07-12,22.219999313354492,22.239999771118164,22.1299991607666,22.15999984741211,390100,0.0,0.0,0.0
2024-07-15,22.059999465942383,22.100000381469727,21.989999771118164,21.989999771118164,559300,0.0,0.0,0.0
2024-07-16,21.770000457763672,21.920000076293945,21.770000457763672,21.8799991607666,328100,0.0,0.0,0.0
2024-07-17,21.969999313354492,22.040000915527344,21.940000534057617,22.0,343600,0.0,0.0,0.0
2024-07-18,21.969999313354492,22.010000228881836,21.81999969482422,21.829999923706055,411700,0.0,0.0,0.0
2024-07-19,21.760000228881836,21.889999389648438,21.510000228881836,21.510000228881836,812100,0.0,0.0,0.0
2024-07-22,21.440000534057617,21.600000381469727,21.389999389648438,21.600000381469727,334300,0.0,0.0,0.0
2024-07-23,21.459999084472656,21.489999771118164,21.329999923706055,21.440000534057617,681400,0.0,0.0,0.0
2024-07-24,21.40999984741211,21.579999923706055,21.40999984741211,21.40999984741211,852600,0.0,0.0,0.0
2024-07-25,21.290000915527344,21.530000686645508,21.200000762939453,21.479999542236328,396100,0.0,0.0,0.0
2024-07-26,21.40999984741211,21.40999984741211,21.200000762939453,21.239999771118164,475200,0.0,0.0,0.0
2024-07-29,21.280000686645508,21.34000015258789,21.0,21.049999237060547,192400,0.0,0.0,0.0
2024-07-30,20.899999618530273,20.989999771118164,20.8799991607666,20.989999771118164,339300,0.0,0.0,0.0
2024-07-31,21.280000686645508,21.530000686645508,21.209999084472656,21.510000228881836,1116900,0.0,0.0,0.0
2024-08-01,21.479999542236328,21.5,21.059999465942383,21.149999618530273,5465900,0.0,0.0,0.0
2024-08-02,20.860000610351562,20.8700008392334,20.6299991607666,20.760000228881836,480100,0.0,0.0,0.0
2024-08-05,20.360000610351562,20.68000030517578,20.329999923706055,20.65999984741211,452000,0.0,0.0,0.0
2024-08-06,20.459999084472656,20.709999084472656,20.440000534057617,20.579999923706055,331300,0.0,0.0,0.0
2024-08-07,20.799999237060547,20.969999313354492,20.770000457763672,20.860000610351562,260700,0.0,0.0,0.0
2024-08-08,20.8700008392334,21.030000686645508,20.829999923706055,20.979999542236328,266700,0.0,0.0,0.0
2024-08-09,21.09000015258789,21.139999389648438,21.010000228881836,21.110000610351562,127300,0.0,0.0,0.0
2024-08-12,21.290000915527344,21.559999465942383,21.239999771118164,21.5,139600,0.0,0.0,0.0
2024-08-13,21.440000534057617,21.440000534057617,21.25,21.280000686645508,272800,0.0,0.0,0.0
2024-08-14,21.290000915527344,21.34000015258789,21.149999618530273,21.200000762939453,220900,0.0,0.0,0.0
2024-08-15,21.309999465942383,21.459999084472656,21.309999465942383,21.309999465942383,130000,0.0,0.0,0.0
2024-08-16,21.1200008392334,21.209999084472656,21.049999237060547,21.139999389648438,265300,0.0,0.0,0.0
2024-08-19,21.149999618530273,21.209999084472656,20.93000030517578,21.0,292800,0.0,0.0,0.0
2024-08-20,21.040000915527344,21.09000015258789,20.860000610351562,20.899999618530273,422100,0.0,0.0,0.0
2024-08-21,20.950000762939453,21.030000686645508,20.65999984741211,20.719999313354492,1028000,0.0,0.0,0.0
2024-08-22,20.690000534057617,20.8799991607666,20.68000030517578,20.780000686645508,337100,0.0,0.0,0.0
2024-08-23,21.030000686645508,21.170000076293945,21.020000457763672,21.149999618530273,289600,0.0,0.0,0.0
2024-08-26,21.459999084472656,21.540000915527344,21.43000030517578,21.450000762939453,239200,0.0,0.0,0.0
2024-08-27,21.399999618530273,21.43000030517578,21.280000686645508,21.31999969482422,197000,0.0,0.0,0.0
2024-08-28,21.100000381469727,21.209999084472656,21.030000686645508,21.06999969482422,370400,0.0,0.0,0.0
2024-08-29,21.229999542236328,21.350000381469727,21.170000076293945,21.309999465942383,389900,0.0,0.0,0.0
2024-08-30,21.149999618530273,21.149999618530273,20.989999771118164,21.040000915527344,390900,0.0,0.0,0.0
2024-09-03,20.670000076293945,20.670000076293945,20.5,20.56999969482422,229100,0.0,0.0,0.0
2024-09-04,20.440000534057617,20.610000610351562,20.309999465942383,20.329999923706055,725200,0.0,0.0,0.0
2024-09-05,20.489999771118164,20.610000610351562,20.329999923706055,20.3799991607666,330800,0.0,0.0,0.0
2024-09-06,20.489999771118164,20.520000457763672,19.969999313354492,20.09000015258789,387900,0.0,0.0,0.0
2024-09-09,20.049999237060547,20.229999542236328,19.969999313354492,20.190000534057617,214400,0.0,0.0,0.0
2024-09-10,20.190000534057617,20.200000762939453,19.729999542236328,19.84000015258789,316800,0.0,0.0,0.0
2024-09-11,20.030000686645508,20.139999389648438,19.780000686645508,20.06999969482422,295400,0.0,0.0,0.0
2024-09-12,20.239999771118164,20.489999771118164,20.18000030517578,20.43000030517578,160400,0.0,0.0,0.0
2024-09-13,20.530000686645508,20.610000610351562,20.350000381469727,20.43000030517578,153000,0.0,0.0,0.0
2024-09-16,20.579999923706055,20.65999984741211,20.510000228881836,20.600000381469727,183900,0.0,0.0,0.0
2024-09-17,20.610000610351562,20.81999969482422,20.610000610351562,20.760000228881836,172900,0.0,0.0,0.0
2024-09-18,20.709999084472656,20.850000381469727,20.610000610351562,20.610000610351562,507900,0.0,0.0,0.0
2024-09-19,20.8799991607666,21.049999237060547,20.850000381469727,21.010000228881836,578800,0.0,0.0,0.0
2024-09-20,20.93000030517578,21.059999465942383,20.8700008392334,21.030000686645508,69300,0.0,0.0,0.0
2024-09-23,21.100000381469727,21.219999313354492,20.889999389648438,21.040000915527344,117900,0.0,0.0,0.0
2024-09-24,21.3799991607666,21.3799991607666,21.25,21.34000015258789,310600,0.0,0.0,0.0
2024-09-25,21.209999084472656,21.280000686645508,21.049999237060547,21.1200008392334,235200,0.0,0.0,0.0
2024-09-26,20.899999618530273,21.040000915527344,20.809999465942383,20.8799991607666,421600,0.0,0.0,0.0
2024-09-27,20.860000610351562,21.059999465942383,20.799999237060547,21.059999465942383,457300,0.0,0.0,0.0
2024-09-30,20.950000762939453,21.100000381469727,20.8799991607666,21.0,240300,0.0,0.0,0.0
2024-10-01,20.90999984741211,21.59000015258789,20.889999389648438,21.360000610351562,935300,0.0,0.0,0.0
2024-10-02,21.649999618530273,21.719999313354492,21.3799991607666,21.549999237060547,590100,0.0,0.0,0.0
2024-10-03,21.600000381469727,21.979999542236328,21.579999923706055,21.940000534057617,244300,0.0,0.0,0.0
2024-10-04,21.979999542236328,22.1299991607666,21.920000076293945,21.989999771118164,157500,0.0,0.0,0.0
2024-10-07,22.06999969482422,22.360000610351562,22.059999465942383,22.350000381469727,204100,0.0,0.0,0.0
2024-10-08,21.93000030517578,21.93000030517578,21.56999969482422,21.760000228881836,257500,0.0,0.0,0.0
2024-10-09,21.459999084472656,21.610000610351562,21.31999969482422,21.610000610351562,149300,0.0,0.0,0.0
2024-10-10,21.75,22.06999969482422,21.690000534057617,22.049999237060547,139500,0.0,0.0,0.0
2024-10-11,21.979999542236328,22.139999389648438,21.959999084472656,22.040000915527344,164800,0.0,0.0,0.0
2024-10-14,21.75,21.829999923706055,21.649999618530273,21.690000534057617,296100,0.0,0.0,0.0
2024-10-15,21.149999618530273,21.219999313354492,21.049999237060547,21.200000762939453,207500,0.0,0.0,0.0
2024-10-16,21.139999389648438,21.200000762939453,21.020000457763672,21.149999618530273,96400,0.0,0.0,0.0
2024-10-17,21.049999237060547,21.170000076293945,20.969999313354492,21.139999389648438,132800,0.0,0.0,0.0
2024-10-18,21.06999969482422,21.079999923706055,20.889999389648438,20.989999771118164,134300,0.0,0.0,0.0
2024-10-21,21.149999618530273,21.229999542236328,21.049999237060547,21.1299991607666,206200,0.0,0.0,0.0
2024-10-22,21.260000228881836,21.520000457763672,21.260000228881836,21.440000534057617,320400,0.0,0.0,0.0
2024-10-23,21.34000015258789,21.450000762939453,21.290000915527344,21.3799991607666,192200,0.0,0.0,0.0
2024-10-24,21.459999084472656,21.520000457763672,21.190000534057617,21.34000015258789,226100,0.0,0.0,0.0
2024-10-25,21.43000030517578,21.530000686645508,21.3700008392334,21.520000457763672,95500,0.0,0.0,0.0
2024-10-28,20.809999465942383,20.920000076293945,20.790000915527344,20.889999389648438,263800,0.0,0.0,0.0
2024-10-29,20.84000015258789,20.899999618530273,20.709999084472656,20.81999969482422,98800,0.0,0.0,0.0
2024-10-30,20.940000534057617,21.079999923706055,20.8799991607666,21.079999923706055,704800,0.0,0.0,0.0
2024-10-31,21.1299991607666,21.329999923706055,21.030000686645508,21.299999237060547,1880000,0.0,0.0,0.0
2024-11-01,21.360000610351562,21.389999389648438,21.06999969482422,21.06999969482422,366700,0.0,0.0,0.0
2024-11-04,21.3799991607666,21.479999542236328,21.309999465942383,21.450000762939453,464000,0.0,0.0,0.0
2024-11-05,21.600000381469727,21.639999389648438,21.43000030517578,21.520000457763672,129800,0.0,0.0,0.0
2024-11-06,21.139999389648438,21.510000228881836,21.1200008392334,21.399999618530273,201500,0.0,0.0,0.0
2024-11-07,21.399999618530273,21.639999389648438,21.31999969482422,21.549999237060547,96600,0.0,0.0,0.0
2024-11-08,21.389999389648438,21.389999389648438,21.170000076293945,21.219999313354492,152500,0.0,0.0,0.0
2024-11-11,20.940000534057617,20.969999313354492,20.84000015258789,20.889999389648438,203900,0.0,0.0,0.0
2024-11-12,21.0,21.030000686645508,20.829999923706055,20.829999923706055,157200,0.0,0.0,0.0
2024-11-13,20.770000457763672,20.920000076293945,20.6299991607666,20.799999237060547,173800,0.0,0.0,0.0
2024-11-14,21.020000457763672,21.020000457763672,20.760000228881836,20.809999465942383,132900,0.0,0.0,0.0
2024-11-15,20.84000015258789,20.90999984741211,20.670000076293945,20.700000762939453,111100,0.0,0.0,0.0
2024-11-18,20.90999984741211,21.170000076293945,20.889999389648438,21.1299991607666,197800,0.0,0.0,0.0
2024-11-19,21.209999084472656,21.260000228881836,21.06999969482422,21.200000762939453,329300,0.0,0.0,0.0
2024-11-20,21.280000686645508,21.290000915527344,21.18000030517578,21.229999542236328,145000,0.0,0.0,0.0
2024-11-21,21.420000076293945,21.420000076293945,21.290000915527344,21.40999984741211,116300,0.0,0.0,0.0
2024-11-22,21.34000015258789,21.540000915527344,21.31999969482422,21.479999542236328,202400,0.0,0.0,0.0
2024-11-25,21.34000015258789,21.43000030517578,21.15999984741211,21.200000762939453,130000,0.0,0.0,0.0
2024-11-26,21.280000686645508,21.420000076293945,21.059999465942383,21.149999618530273,203100,0.0,0.0,0.0
2024-11-27,21.110000610351562,21.229999542236328,21.040000915527344,21.1200008392334,113300,0.0,0.0,0.0
2024-11-29,21.239999771118164,21.299999237060547,21.139999389648438,21.139999389648438,60500,0.0,0.0,0.0
2024-12-02,21.100000381469727,21.1299991607666,20.93000030517578,21.0,749200,0.0,0.0,0.0
2024-12-03,21.170000076293945,21.299999237060547,21.1200008392334,21.270000457763672,262000,0.0,0.0,0.0
2024-12-04,21.299999237060547,21.309999465942383,21.049999237060547,21.09000015258789,407200,0.0,0.0,0.0
2024-12-05,21.1299991607666,21.190000534057617,21.010000228881836,21.06999969482422,125100,0.0,0.0,0.0
2024-12-06,20.959999084472656,21.0,20.860000610351562,20.90999984741211,174500,0.0,0.0,0.0
2024-12-09,21.149999618530273,21.260000228881836,21.139999389648438,21.149999618530273,265000,0.0,0.0,0.0
2024-12-10,21.18000030517578,21.309999465942383,21.15999984741211,21.239999771118164,189200,0.0,0.0,0.0
2024-12-11,21.389999389648438,21.540000915527344,21.34000015258789,21.5,196100,0.0,0.0,0.0
2024-12-12,21.299999237060547,21.5,21.290000915527344,21.479999542236328,150600,0.0,0.0,0.0
2024-12-13,21.510000228881836,21.59000015258789,21.469999313354492,21.56999969482422,414300,0.0,0.0,0.0
2024-12-16,21.549999237060547,21.549999237060547,21.40999984741211,21.40999984741211,131700,0.0,0.0,0.0
2024-12-17,21.25,21.329999923706055,21.1299991607666,21.329999923706055,127500,0.0,0.0,0.0
2024-12-18,21.3700008392334,21.459999084472656,21.190000534057617,21.190000534057617,204100,0.0,0.0,0.0
2024-12-19,21.360000610351562,21.360000610351562,21.1200008392334,21.139999389648438,127200,0.0,0.0,0.0
2024-12-20,21.1299991607666,21.510000228881836,21.100000381469727,21.510000228881836,550100,0.0,0.0,0.0
2024-12-23,21.299999237060547,21.299999237060547,21.139999389648438,21.280000686645508,112300,0.0,0.0,0.0
2024-12-24,21.389999389648438,21.459999084472656,21.360000610351562,21.389999389648438,57400,0.0,0.0,0.0
2024-12-26,21.440000534057617,21.450000762939453,21.299999237060547,21.34000015258789,89600,0.0,0.0,0.0
2024-12-27,21.459999084472656,21.489999771118164,21.389999389648438,21.420000076293945,142400,0.0,0.0,0.0
2024-12-30,21.75,21.81999969482422,21.639999389648438,21.65999984741211,517300,0.0,0.0,0.0
2024-12-31,21.690000534057617,21.790000915527344,21.649999618530273,21.770000457763672,453500,0.0,0.0,0.0
2025-01-02,21.979999542236328,22.110000610351562,21.969999313354492,21.989999771118164,684700,0.0,0.0,0.0
2025-01-03,21.969999313354492,21.969999313354492,21.899999618530273,21.950000762939453,190300,0.0,0.0,0.0
2025-01-06,22.149999618530273,22.239999771118164,21.940000534057617,21.969999313354492,2119200,0.0,0.0,0.0
2025-01-07,22.06999969482422,22.1200008392334,22.030000686645508,22.06999969482422,382800,0.0,0.0,0.0
2025-01-08,22.049999237060547,22.1200008392334,21.8799991607666,21.989999771118164,193000,0.0,0.0,0.0
2025-01-10,22.75,22.81999969482422,22.479999542236328,22.709999084472656,446100,0.0,0.0,0.0
2025-01-13,22.860000610351562,23.010000228881836,22.81999969482422,22.899999618530273,228400,0.0,0.0,0.0
2025-01-14,22.84000015258789,22.8799991607666,22.780000686645508,22.84000015258789,531300,0.0,0.0,0.0
2025-01-15,22.979999542236328,23.31999969482422,22.979999542236328,23.309999465942383,267200,0.0,0.0,0.0
2025-01-16,23.18000030517578,23.18000030517578,22.940000534057617,23.1299991607666,189800,0.0,0.0,0.0
2025-01-17,23.020000457763672,23.149999618530273,22.969999313354492,23.049999237060547,119300,0.0,0.0,0.0
2025-01-21,22.850000381469727,22.920000076293945,22.799999237060547,22.899999618530273,143400,0.0,0.0,0.0
2025-01-22,22.829999923706055,22.90999984741211,22.809999465942383,22.81999969482422,532600,0.0,0.0,0.0
2025-01-23,22.8799991607666,22.940000534057617,22.709999084472656,22.729999542236328,626300,0.0,0.0,0.0
2025-01-24,22.81999969482422,22.850000381469727,22.700000762939453,22.790000915527344,175800,0.0,0.0,0.0
2025-01-27,22.610000610351562,22.65999984741211,22.329999923706055,22.469999313354492,235600,0.0,0.0,0.0
2025-01-28,22.56999969482422,22.579999923706055,22.43000030517578,22.56999969482422,92700,0.0,0.0,0.0
2025-01-29,22.530000686645508,22.649999618530273,22.479999542236328,22.559999465942383,538800,0.0,0.0,0.0
2025-01-30,22.56999969482422,22.670000076293945,22.510000228881836,22.56999969482422,366200,0.0,0.0,0.0
2025-01-31,22.450000762939453,22.559999465942383,22.350000381469727,22.520000457763672,630300,0.0,0.0,0.0
2025-02-03,22.6200008392334,22.690000534057617,22.489999771118164,22.649999618530273,3505200,0.0,0.0,0.0
2025-02-04,22.329999923706055,22.760000228881836,22.290000915527344,22.670000076293945,771900,0.0,0.0,0.0
2025-02-05,22.5,22.600000381469727,22.469999313354492,22.540000915527344,374600,0.0,0.0,0.0
2025-02-06,22.579999923706055,22.579999923706055,22.3700008392334,22.459999084472656,454600,0.0,0.0,0.0
2025-02-07,22.56999969482422,22.600000381469727,22.469999313354492,22.5,453900,0.0,0.0,0.0
2025-02-10,22.700000762939453,22.84000015258789,22.690000534057617,22.829999923706055,413200,0.0,0.0,0.0
2025-02-11,22.93000030517578,22.989999771118164,22.899999618530273,22.920000076293945,187200,0.0,0.0,0.0
2025-02-12,22.809999465942383,22.850000381469727,22.670000076293945,22.670000076293945,594000,0.0,0.0,0.0
2025-02-13,22.600000381469727,22.799999237060547,22.600000381469727,22.799999237060547,485800,0.0,0.0,0.0
2025-02-14,22.920000076293945,22.93000030517578,22.700000762939453,22.700000762939453,408200,0.0,0.0,0.0
2025-02-18,22.8799991607666,23.020000457763672,22.829999923706055,23.010000228881836,421900,0.0,0.0,0.0
2025-02-19,23.18000030517578,23.200000762939453,23.010000228881836,23.110000610351562,288700,0.0,0.0,0.0
2025-02-20,23.15999984741211,23.18000030517578,23.09000015258789,23.09000015258789,204600,0.0,0.0,0.0
2025-02-21,22.969999313354492,22.969999313354492,22.690000534057617,22.700000762939453,777600,0.0,0.0,0.0
2025-02-24,22.68000030517578,22.709999084472656,22.6200008392334,22.690000534057617,391700,0.0,0.0,0.0
2025-02-25,22.600000381469727,22.610000610351562,22.299999237060547,22.40999984741211,542200,0.0,0.0,0.0
2025-02-26,22.299999237060547,22.34000015258789,22.229999542236328,22.299999237060547,279900,0.0,0.0,0.0
2025-02-27,22.389999389648438,22.450000762939453,22.309999465942383,22.329999923706055,474200,0.0,0.0,0.0
2025-02-28,22.25,22.25,22.1200008392334,22.190000534057617,478400,0.0,0.0,0.0
2025-03-03,22.219999313354492,22.260000228881836,21.8799991607666,21.969999313354492,1027200,0.0,0.0,0.0
2025-03-04,21.90999984741211,22.049999237060547,21.739999771118164,22.030000686645508,698800,0.0,0.0,0.0
2025-03-05,21.81999969482422,21.920000076293945,21.68000030517578,21.920000076293945,236900,0.0,0.0,0.0
2025-03-06,21.8700008392334,21.940000534057617,21.799999237060547,21.84000015258789,666300,0.0,0.0,0.0
2025-03-07,22.049999237060547,22.190000534057617,21.950000762939453,22.059999465942383,736300,0.0,0.0,0.0
2025-03-10,22.09000015258789,22.1299991607666,21.860000610351562,21.8700008392334,837800,0.0,0.0,0.0
2025-03-11,22.079999923706055,22.139999389648438,21.969999313354492,21.989999771118164,400100,0.0,0.0,0.0
2025-03-12,22.040000915527344,22.1299991607666,22.030000686645508,22.079999923706055,243900,0.0,0.0,0.0
2025-03-13,22.010000228881836,22.1299991607666,21.950000762939453,21.950000762939453,963600,0.0,0.0,0.0
2025-03-14,21.959999084472656,22.079999923706055,21.93000030517578,22.06999969482422,786300,0.0,0.0,0.0
2025-03-17,22.18000030517578,22.280000686645508,22.170000076293945,22.239999771118164,528600,0.0,0.0,0.0
2025-03-18,22.34000015258789,22.360000610351562,22.1299991607666,22.139999389648438,610800,0.0,0.0,0.0
2025-03-19,22.18000030517578,22.329999923706055,22.170000076293945,22.309999465942383,460200,0.0,0.0,0.0
2025-03-20,22.549999237060547,22.549999237060547,22.170000076293945,22.399999618530273,317500,0.0,0.0,0.0
2025-03-21,22.350000381469727,22.3700008392334,22.290000915527344,22.299999237060547,359300,0.0,0.0,0.0
2025-03-24,22.389999389648438,22.469999313354492,22.34000015258789,22.440000534057617,532800,0.0,0.0,0.0
2025-03-25,22.510000228881836,22.559999465942383,22.34000015258789,22.459999084472656,282300,0.0,0.0,0.0
2025-03-26,22.479999542236328,22.56999969482422,22.440000534057617,22.440000534057617,411000,0.0,0.0,0.0
2025-03-27,22.389999389648438,22.510000228881836,22.329999923706055,22.5,300600,0.0,0.0,0.0
2025-03-28,22.510000228881836,22.510000228881836,22.350000381469727,22.389999389648438,696700,0.0,0.0,0.0
2025-03-31,22.559999465942383,22.780000686645508,22.459999084472656,22.770000457763672,495600,0.0,0.0,0.0
2025-04-01,22.799999237060547,22.850000381469727,22.729999542236328,22.770000457763672,4575000,0.0,0.0,0.0
2025-04-02,22.709999084472656,22.920000076293945,22.709999084472656,22.920000076293945,503700,0.0,0.0,0.0
2025-04-03,21.959999084472656,22.06999969482422,21.920000076293945,21.969999313354492,1563600,0.0,0.0,0.0
2025-04-04,21.010000228881836,21.200000762939453,20.690000534057617,21.030000686645508,1906900,0.0,0.0,0.0
2025-04-07,20.729999542236328,21.350000381469727,20.59000015258789,20.6299991607666,1837500,0.0,0.0,0.0
2025-04-08,20.850000381469727,20.899999618530273,20.1200008392334,20.190000534057617,1441700,0.0,0.0,0.0
2025-04-09,20.020000457763672,21.18000030517578,19.860000610351562,21.139999389648438,1692900,0.0,0.0,0.0
2025-04-10,20.729999542236328,20.799999237060547,20.530000686645508,20.75,963000,0.0,0.0,0.0
2025-04-11,20.780000686645508,21.139999389648438,20.780000686645508,21.1200008392334,738600,0.0,0.0,0.0
2025-04-14,21.170000076293945,21.190000534057617,20.969999313354492,21.1200008392334,412000,0.0,0.0,0.0
2025-04-15,21.030000686645508,21.110000610351562,20.959999084472656,21.059999465942383,336500,0.0,0.0,0.0
2025-04-16,21.15999984741211,21.3700008392334,21.15999984741211,21.360000610351562,463000,0.0,0.0,0.0
2025-04-17,21.459999084472656,21.68000030517578,21.43000030517578,21.59000015258789,563300,0.0,0.0,0.0
2025-04-21,21.459999084472656,21.489999771118164,21.31999969482422,21.40999984741211,342400,0.0,0.0,0.0
2025-04-22,21.510000228881836,21.709999084472656,21.5,21.559999465942383,432800,0.0,0.0,0.0
2025-04-23,21.510000228881836,21.649999618530273,21.260000228881836,21.399999618530273,821000,0.0,0.0,0.0
2025-04-24,21.530000686645508,21.59000015258789,21.3700008392334,21.579999923706055,634800,0.0,0.0,0.0
2025-04-25,21.450000762939453,21.6299991607666,21.450000762939453,21.600000381469727,310400,0.0,0.0,0.0
2025-04-28,21.540000915527344,21.579999923706055,21.420000076293945,21.510000228881836,123900,0.0,0.0,0.0
2025-04-29,21.360000610351562,21.389999389648438,21.18000030517578,21.18000030517578,263400,0.0,0.0,0.0
2025-04-30,21.030000686645508,21.110000610351562,20.739999771118164,20.75,916200,0.0,0.0,0.0
2025-05-01,20.760000228881836,20.950000762939453,20.649999618530273,20.8799991607666,2269900,0.0,0.0,0.0
2025-05-02,21.030000686645508,21.030000686645508,20.81999969482422,20.969999313354492,659700,0.0,0.0,0.0
2025-05-05,20.829999923706055,20.8700008392334,20.709999084472656,20.780000686645508,271800,0.0,0.0,0.0
2025-05-06,21.1200008392334,21.219999313354492,21.06999969482422,21.079999923706055,304300,0.0,0.0,0.0
2025-05-07,21.049999237060547,21.06999969482422,20.81999969482422,20.84000015258789,210300,0.0,0.0,0.0
2025-05-08,21.0,21.15999984741211,21.0,21.149999618530273,153700,0.0,0.0,0.0
2025-05-09,21.309999465942383,21.389999389648438,21.270000457763672,21.350000381469727,142300,0.0,0.0,0.0
2025-05-12,21.670000076293945,21.719999313354492,21.459999084472656,21.489999771118164,232700,0.0,0.0,0.0
2025-05-13,21.56999969482422,21.84000015258789,21.56999969482422,21.770000457763672,323300,0.0,0.0,0.0
2025-05-14,21.700000762939453,21.760000228881836,21.600000381469727,21.600000381469727,283100,0.0,0.0,0.0
2025-05-15,21.440000534057617,21.469999313354492,21.290000915527344,21.469999313354492,328600,0.0,0.0,0.0
2025-05-16,21.440000534057617,21.489999771118164,21.350000381469727,21.440000534057617,176300,0.0,0.0,0.0
2025-05-19,21.43000030517578,21.540000915527344,21.3700008392334,21.459999084472656,2174000,0.0,0.0,0.0
2025-05-20,21.489999771118164,21.65999984741211,21.440000534057617,21.65999984741211,94700,0.0,0.0,0.0
2025-05-21,21.739999771118164,21.739999771118164,21.540000915527344,21.540000915527344,345700,0.0,0.0,0.0
2025-05-22,21.40999984741211,21.479999542236328,21.350000381469727,21.389999389648438,182100,0.0,0.0,0.0
2025-05-23,21.360000610351562,21.579999923706055,21.360000610351562,21.559999465942383,130400,0.0,0.0,0.0
2025-05-27,21.420000076293945,21.440000534057617,21.280000686645508,21.40999984741211,252800,0.0,0.0,0.0
2025-05-28,21.520000457763672,21.530000686645508,21.31999969482422,21.329999923706055,407500,0.0,0.0,0.0
2025-05-29,21.34000015258789,21.34000015258789,21.190000534057617,21.260000228881836,202400,0.0,0.0,0.0
2025-05-30,21.190000534057617,21.190000534057617,21.030000686645508,21.170000076293945,256100,0.0,0.0,0.0
2025-06-02,21.700000762939453,21.700000762939453,21.489999771118164,21.600000381469727,2151900,0.0,0.0,0.0
2025-06-03,21.600000381469727,21.75,21.56999969482422,21.700000762939453,258300,0.0,0.0,0.0
2025-06-04,21.65999984741211,21.790000915527344,21.530000686645508,21.639999389648438,483100,0.0,0.0,0.0
2025-06-05,21.84000015258789,21.899999618530273,21.75,21.760000228881836,160900,0.0,0.0,0.0
2025-06-06,21.829999923706055,22.010000228881836,21.829999923706055,21.979999542236328,282600,0.0,0.0,0.0
2025-06-09,21.979999542236328,22.09000015258789,21.90999984741211,22.040000915527344,235100,0.0,0.0,0.0
2025-06-10,22.059999465942383,22.149999618530273,21.920000076293945,21.979999542236328,315100,0.0,0.0,0.0
2025-06-11,22.170000076293945,22.420000076293945,22.110000610351562,22.3700008392334,349800,0.0,0.0,0.0
2025-06-12,22.299999237060547,22.420000076293945,22.25,22.3799991607666,309400,0.0,0.0,0.0
2025-06-13,23.010000228881836,23.190000534057617,22.860000610351562,23.040000915527344,825800,0.0,0.0,0.0
2025-06-16,22.969999313354492,23.049999237060547,22.59000015258789,22.989999771118164,1136600,0.0,0.0,0.0
2025-06-17,23.260000228881836,23.540000915527344,23.229999542236328,23.479999542236328,1715400,0.0,0.0,0.0
2025-06-18,23.59000015258789,23.65999984741211,23.270000457763672,23.520000457763672,1832500,0.0,0.0,0.0
2025-06-20,23.56999969482422,23.649999618530273,23.510000228881836,23.59000015258789,943300,0.0,0.0,0.0
2025-06-23,23.579999923706055,23.6299991607666,22.68000030517578,22.68000030517578,2006900,0.0,0.0,0.0
2025-06-24,22.18000030517578,22.209999084472656,21.959999084472656,22.110000610351562,1563700,0.0,0.0,0.0
2025-06-25,22.0,22.200000762939453,21.989999771118164,22.059999465942383,1067100,0.0,0.0,0.0
2025-06-26,22.09000015258789,22.229999542236328,22.049999237060547,22.1299991607666,317700,0.0,0.0,0.0
2025-06-27,22.100000381469727,22.18000030517578,22.0,22.100000381469727,461200,0.0,0.0,0.0
2025-06-30,22.1299991607666,22.1299991607666,22.0,22.040000915527344,303700,0.0,0.0,0.0
2025-07-01,22.100000381469727,22.15999984741211,22.049999237060547,22.15999984741211,3554500,0.0,0.0,0.0
2025-07-02,22.200000762939453,22.549999237060547,22.149999618530273,22.530000686645508,206700,0.0,0.0,0.0
2025-07-03,22.5,22.56999969482422,22.420000076293945,22.459999084472656,104100,0.0,0.0,0.0
2025-07-07,22.389999389648438,22.549999237060547,22.350000381469727,22.5,186900,0.0,0.0,0.0
2025-07-08,22.459999084472656,22.65999984741211,22.43000030517578,22.549999237060547,334300,0.0,0.0,0.0
2025-07-09,22.43000030517578,22.610000610351562,22.420000076293945,22.549999237060547,463500,0.0,0.0,0.0
2025-07-10,22.40999984741211,22.469999313354492,22.329999923706055,22.389999389648438,399800,0.0,0.0,0.0
2025-07-11,22.520000457763672,22.700000762939453,22.520000457763672,22.68000030517578,117800,0.0,0.0,0.0
2025-07-14,22.68000030517578,22.68000030517578,22.440000534057617,22.450000762939453,323700,0.0,0.0,0.0
2025-07-15,22.399999618530273,22.510000228881836,22.3799991607666,22.40999984741211,183900,0.0,0.0,0.0
2025-07-16,22.31999969482422,22.489999771118164,22.260000228881836,22.479999542236328,165500,0.0,0.0,0.0
2025-07-17,22.459999084472656,22.649999618530273,22.440000534057617,22.649999618530273,106000,0.0,0.0,0.0
2025-07-18,22.8700008392334,22.950000762939453,22.670000076293945,22.709999084472656,366500,0.0,0.0,0.0
2025-07-21,22.639999389648438,22.700000762939453,22.559999465942383,22.670000076293945,189800,0.0,0.0,0.0
2025-07-22,22.579999923706055,22.6299991607666,22.510000228881836,22.610000610351562,514400,0.0,0.0,0.0
2025-07-23,22.549999237060547,22.600000381469727,22.459999084472656,22.600000381469727,279100,0.0,0.0,0.0
2025-07-24,22.610000610351562,22.670000076293945,22.489999771118164,22.6299991607666,188000,0.0,0.0,0.0
2025-07-25,22.56999969482422,22.600000381469727,22.420000076293945,22.420000076293945,145900,0.0,0.0,0.0
2025-07-28,22.670000076293945,22.709999084472656,22.579999923706055,22.709999084472656,355600,0.0,0.0,0.0
2025-07-29,22.709999084472656,23.059999465942383,22.670000076293945,23.0,385800,0.0,0.0,0.0
2025-07-30,22.969999313354492,23.1299991607666,22.81999969482422,23.049999237060547,472000,0.0,0.0,0.0
2025-07-31,22.90999984741211,22.959999084472656,22.739999771118164,22.799999237060547,247400,0.0,0.0,0.0
2025-08-01,22.829999923706055,22.850000381469727,22.469999313354492,22.510000228881836,2384200,0.0,0.0,0.0
2025-08-04,22.290000915527344,22.5,22.290000915527344,22.3799991607666,389100,0.0,0.0,0.0
2025-08-05,22.280000686645508,22.350000381469727,22.229999542236328,22.229999542236328,391700,0.0,0.0,0.0
2025-08-06,22.479999542236328,22.549999237060547,22.1200008392334,22.190000534057617,508000,0.0,0.0,0.0
2025-08-07,22.290000915527344,22.34000015258789,22.209999084472656,22.229999542236328,149000,0.0,0.0,0.0
2025-08-08,22.34000015258789,22.420000076293945,22.1299991607666,22.18000030517578,443900,0.0,0.0,0.0
2025-08-11,22.25,22.299999237060547,22.170000076293945,22.25,108400,0.0,0.0,0.0
2025-08-12,22.139999389648438,22.200000762939453,22.100000381469727,22.1200008392334,251000,0.0,0.0,0.0
2025-08-13,22.1299991607666,22.149999618530273,21.93000030517578,22.079999923706055,342200,0.0,0.0,0.0
2025-08-14,22.1200008392334,22.15999984741211,22.049999237060547,22.149999618530273,151500,0.0,0.0,0.0
2025-08-15,22.049999237060547,22.18000030517578,22.040000915527344,22.1299991607666,278800,0.0,0.0,0.0
2025-08-18,22.020000457763672,22.25,21.969999313354492,22.18000030517578,118500,0.0,0.0,0.0
2025-08-19,22.040000915527344,22.110000610351562,22.020000457763672,22.059999465942383,203400,0.0,0.0,0.0
2025-08-20,22.190000534057617,22.31999969482422,22.170000076293945,22.299999237060547,86300,0.0,0.0,0.0
2025-08-21,22.31999969482422,22.489999771118164,22.290000915527344,22.459999084472656,74600,0.0,0.0,0.0
2025-08-22,22.420000076293945,22.600000381469727,22.420000076293945,22.56999969482422,152400,0.0,0.0,0.0
2025-08-25,22.65999984741211,22.780000686645508,22.610000610351562,22.709999084472656,277700,0.0,0.0,0.0
2025-08-26,22.549999237060547,22.6299991607666,22.469999313354492,22.520000457763672,187500,0.0,0.0,0.0
2025-08-27,22.5,22.639999389648438,22.5,22.59000015258789,88300,0.0,0.0,0.0
2025-08-28,22.639999389648438,22.760000228881836,22.530000686645508,22.719999313354492,100400,0.0,0.0,0.0
2025-08-29,22.739999771118164,22.790000915527344,22.700000762939453,22.770000457763672,129500,0.0,0.0,0.0
2025-09-02,22.90999984741211,23.1299991607666,22.84000015258789,23.1200008392334,4741700,0.0,0.0,0.0
2025-09-03,23.030000686645508,23.040000915527344,22.850000381469727,22.8799991607666,453800,0.0,0.0,0.0
2025-09-04,22.709999084472656,22.780000686645508,22.65999984741211,22.75,239400,0.0,0.0,0.0
2025-09-05,22.6299991607666,22.6299991607666,22.479999542236328,22.549999237060547,329000,0.0,0.0,0.0
2025-09-08,22.719999313354492,22.739999771118164,22.59000015258789,22.709999084472656,173200,0.0,0.0,0.0
2025-09-09,22.829999923706055,22.860000610351562,22.68000030517578,22.700000762939453,420500,0.0,0.0,0.0
2025-09-10,22.719999313354492,22.899999618530273,22.719999313354492,22.860000610351562,300800,0.0,0.0,0.0
2025-09-11,22.600000381469727,22.75,22.600000381469727,22.670000076293945,338300,0.0,0.0,0.0
2025-09-12,22.860000610351562,22.940000534057617,22.75,22.760000228881836,451300,0.0,0.0,0.0
2025-09-15,22.920000076293945,23.059999465942383,22.920000076293945,23.030000686645508,207200,0.0,0.0,0.0
2025-09-16,23.149999618530273,23.270000457763672,23.139999389648438,23.239999771118164,382600,0.0,0.0,0.0
2025-09-17,23.149999618530273,23.15999984741211,22.93000030517578,22.979999542236328,302800,0.0,0.0,0.0
2025-09-18,22.959999084472656,23.010000228881836,22.81999969482422,22.8799991607666,179600,0.0,0.0,0.0
2025-09-19,22.75,22.860000610351562,22.700000762939453,22.709999084472656,130800,0.0,0.0,0.0
2025-09-22,22.6200008392334,22.760000228881836,22.56999969482422,22.75,153300,0.0,0.0,0.0
2025-09-23,22.850000381469727,23.020000457763672,22.850000381469727,23.0,395800,0.0,0.0,0.0
2025-09-24,23.1200008392334,23.190000534057617,23.079999923706055,23.15999984741211,88500,0.0,0.0,0.0
2025-09-25,23.170000076293945,23.290000915527344,23.079999923706055,23.270000457763672,521300,0.0,0.0,0.0
2025-09-26,23.260000228881836,23.459999084472656,23.260000228881836,23.309999465942383,185600,0.0,0.0,0.0
2025-09-29,23.1200008392334,23.149999618530273,23.030000686645508,23.030000686645508,326300,0.0,0.0,0.0
2025-09-30,22.90999984741211,23.030000686645508,22.899999618530273,22.969999313354492,2543300,0.0,0.0,0.0
2025-10-01,22.809999465942383,22.940000534057617,22.770000457763672,22.920000076293945,3323800,0.0,0.0,0.0
2025-10-02,22.81999969482422,22.8799991607666,22.6200008392334,22.690000534057617,313100,0.0,0.0,0.0
2025-10-03,22.719999313354492,22.829999923706055,22.709999084472656,22.75,153000,0.0,0.0,0.0
2025-10-06,22.860000610351562,22.989999771118164,22.860000610351562,22.969999313354492,345500,0.0,0.0,0.0
2025-10-07,22.93000030517578,23.059999465942383,22.90999984741211,23.049999237060547,514300,0.0,0.0,0.0
2025-10-08,23.1299991607666,23.190000534057617,23.09000015258789,23.149999618530273,139500,0.0,0.0,0.0
2025-10-09,23.229999542236328,23.25,22.90999984741211,22.93000030517578,99100,0.0,0.0,0.0
2025-10-10,22.700000762939453,22.780000686645508,22.3700008392334,22.450000762939453,708000,0.0,0.0,0.0
2025-10-13,22.700000762939453,22.780000686645508,22.6299991607666,22.75,205000,0.0,0.0,0.0
2025-10-14,22.469999313354492,22.610000610351562,22.43000030517578,22.520000457763672,384200,0.0,0.0,0.0
2025-10-15,22.639999389648438,22.68000030517578,22.489999771118164,22.59000015258789,234600,0.0,0.0,0.0
2025-10-16,22.6200008392334,22.729999542236328,22.469999313354492,22.540000915527344,219900,0.0,0.0,0.0
2025-10-17,22.5,22.510000228881836,22.40999984741211,22.5,285600,0.0,0.0,0.0
2025-10-20,22.5,22.690000534057617,22.5,22.690000534057617,216100,0.0,0.0,0.0
2025-10-21,22.56999969482422,22.670000076293945,22.43000030517578,22.600000381469727,725600,0.0,0.0,0.0
2025-10-22,22.760000228881836,22.979999542236328,22.709999084472656,22.90999984741211,424800,0.0,0.0,0.0
2025-10-23,23.299999237060547,23.469999313354492,23.299999237060547,23.34000015258789,227100,0.0,0.0,0.0
2025-10-24,23.360000610351562,23.399999618530273,23.239999771118164,23.25,1474400,0.0,0.0,0.0
2025-10-27,23.260000228881836,23.280000686645508,23.1200008392334,23.18000030517578,1017500,0.0,0.0,0.0
2025-10-28,22.969999313354492,23.040000915527344,22.860000610351562,22.8799991607666,1236400,0.0,0.0,0.0
2025-10-29,23.0,23.200000762939453,23.0,23.040000915527344,696400,0.0,0.0,0.0
2025-10-30,22.93000030517578,23.149999618530273,22.899999618530273,23.049999237060547,827500,0.0,0.0,0.0
2025-10-31,23.190000534057617,23.219999313354492,23.09000015258789,23.209999084472656,1660700,0.0,0.0,0.0
2025-11-03,23.290000915527344,23.440000534057617,23.18000030517578,23.40999984741211,2475700,0.0,0.0,0.0
2025-11-04,23.18000030517578,23.270000457763672,23.139999389648438,23.170000076293945,286300,0.0,0.0,0.0
2025-11-05,23.190000534057617,23.280000686645508,23.040000915527344,23.049999237060547,852300,0.0,0.0,0.0
2025-11-06,23.049999237060547,23.09000015258789,22.90999984741211,23.049999237060547,898800,0.0,0.0,0.0
2025-11-07,23.110000610351562,23.15999984741211,23.010000228881836,23.079999923706055,982500,0.0,0.0,0.0
2025-11-10,23.190000534057617,23.43000030517578,23.139999389648438,23.43000030517578,649700,0.0,0.0,0.0
2025-11-11,23.5,23.68000030517578,23.5,23.6299991607666,1068000,0.0,0.0,0.0
2025-11-12,23.399999618530273,23.399999618530273,23.219999313354492,23.229999542236328,931900,0.0,0.0,0.0
2025-11-13,23.350000381469727,23.360000610351562,23.149999618530273,23.149999618530273,294600,0.0,0.0,0.0
2025-11-14,23.219999313354492,23.40999984741211,23.18000030517578,23.25,916300,0.0,0.0,0.0
2025-11-17,23.219999313354492,23.34000015258789,23.209999084472656,23.229999542236328,1196800,0.0,0.0,0.0
2025-11-18,23.260000228881836,23.489999771118164,23.18000030517578,23.459999084472656,1385900,0.0,0.0,0.0
2025-11-19,23.229999542236328,23.239999771118164,23.09000015258789,23.18000030517578,1045900,0.0,0.0,0.0
2025-11-20,23.200000762939453,23.270000457763672,22.90999984741211,22.920000076293945,819600,0.0,0.0,0.0
2025-11-21,22.690000534057617,22.84000015258789,22.600000381469727,22.770000457763672,1288100,0.0,0.0,0.0
2025-11-24,22.649999618530273,22.90999984741211,22.59000015258789,22.8799991607666,1573300,0.0,0.0,0.0
2025-11-25,22.639999389648438,22.709999084472656,22.5,22.670000076293945,1320400,0.0,0.0,0.0
2025-11-26,22.700000762939453,22.989999771118164,22.700000762939453,22.979999542236328,564500,0.0,0.0,0.0
2025-11-28,23.149999618530273,23.309999465942383,23.149999618530273,23.270000457763672,126100,0.0,0.0,0.0
2025-12-01,23.270000457763672,23.360000610351562,23.25,23.290000915527344,1562300,0.0,0.0,0.0
2025-12-02,23.260000228881836,23.329999923706055,23.139999389648438,23.15999984741211,451200,0.0,0.0,0.0
2025-12-03,23.329999923706055,23.399999618530273,23.270000457763672,23.309999465942383,824700,0.0,0.0,0.0
2025-12-04,23.25,23.479999542236328,23.229999542236328,23.440000534057617,671600,0.0,0.0,0.0
2025-12-05,23.549999237060547,23.770000457763672,23.549999237060547,23.639999389648438,712000,0.0,0.0,0.0
2025-12-08,23.420000076293945,23.440000534057617,23.25,23.260000228881836,520600,0.0,0.0,0.0
2025-12-09,23.15999984741211,23.219999313354492,23.079999923706055,23.100000381469727,815800,0.0,0.0,0.0
2025-12-10,23.049999237060547,23.280000686645508,23.040000915527344,23.260000228881836,752000,0.0,0.0,0.0
2025-12-11,23.020000457763672,23.170000076293945,23.020000457763672,23.170000076293945,556400,0.0,0.0,0.0
2025-12-12,23.110000610351562,23.110000610351562,22.899999618530273,22.940000534057617,360100,0.0,0.0,0.0
2025-12-15,22.90999984741211,22.93000030517578,22.719999313354492,22.780000686645508,782100,0.0,0.0,0.0
2025-12-16,22.6200008392334,22.6200008392334,22.469999313354492,22.479999542236328,763000,0.0,0.0,0.0
2025-12-17,22.700000762939453,22.809999465942383,22.649999618530273,22.799999237060547,1163300,0.0,0.0,0.0
2025-12-18,22.75,22.780000686645508,22.600000381469727,22.6200008392334,972800,0.0,0.0,0.0
2025-12-19,22.75,22.860000610351562,22.709999084472656,22.81999969482422,764700,0.0,0.0,0.0
2025-12-22,23.06999969482422,23.139999389648438,23.040000915527344,23.139999389648438,661900,0.0,0.0,0.0
2025-12-23,23.200000762939453,23.3700008392334,23.139999389648438,23.3700008392334,737800,0.0,0.0,0.0
2025-12-24,23.350000381469727,23.360000610351562,23.25,23.31999969482422,622400,0.0,0.0,0.0
2025-12-26,23.31999969482422,23.329999923706055,23.15999984741211,23.219999313354492,322600,0.0,0.0,0.0
2025-12-29,23.270000457763672,23.290000915527344,23.15999984741211,23.170000076293945,902100,0.0,0.0,0.0
2025-12-30,23.399999618530273,23.450000762939453,23.290000915527344,23.299999237060547,905100,0.0,0.0,0.0
2025-12-31,23.270000457763672,23.290000915527344,23.030000686645508,23.059999465942383,392700,0.0,0.0,0.0
2026-01-02,23.010000228881836,23.09000015258789,22.93000030517578,23.06999969482422,973000,0.0,0.0,0.0
2026-01-05,23.299999237060547,23.510000228881836,23.299999237060547,23.489999771118164,351700,0.0,0.0,0.0
2026-01-06,23.6299991607666,23.6299991607666,23.34000015258789,23.360000610351562,195300,0.0,0.0,0.0
2026-01-07,23.31999969482422,23.31999969482422,23.149999618530273,23.219999313354492,445100,0.0,0.0,0.0
2026-01-08,23.260000228881836,23.59000015258789,23.239999771118164,23.579999923706055,268200,0.0,0.0,0.0
2026-01-09,23.649999618530273,23.770000457763672,23.549999237060547,23.56999969482422,399700,0.0,0.0,0.0
2026-01-12,23.690000534057617,23.8799991607666,23.670000076293945,23.799999237060547,579600,0.0,0.0,0.0
2026-01-13,24.0,24.15999984741211,23.989999771118164,24.079999923706055,382400,0.0,0.0,0.0
2026-01-14,24.219999313354492,24.360000610351562,23.850000381469727,24.020000457763672,1178800,0.0,0.0,0.0
2026-01-15,23.780000686645508,23.920000076293945,23.729999542236328,23.809999465942383,325100,0.0,0.0,0.0
2026-01-16,23.969999313354492,23.969999313354492,23.770000457763672,23.809999465942383,169400,0.0,0.0,0.0
2026-01-20,24.170000076293945,24.229999542236328,24.040000915527344,24.06999969482422,330500,0.0,0.0,0.0
2026-01-21,24.399999618530273,24.420000076293945,24.290000915527344,24.399999618530273,484600,0.0,0.0,0.0
2026-01-22,24.31999969482422,24.360000610351562,24.229999542236328,24.270000457763672,181800,0.0,0.0,0.0
2026-01-23,24.649999618530273,24.780000686645508,24.639999389648438,24.760000228881836,280700,0.0,0.0,0.0
2026-01-26,24.860000610351562,25.0,24.770000457763672,24.850000381469727,368100,0.0,0.0,0.0
2026-01-27,24.8700008392334,25.239999771118164,24.809999465942383,25.229999542236328,287100,0.0,0.0,0.0
2026-01-28,25.3799991607666,25.540000915527344,25.290000915527344,25.510000228881836,315400,0.0,0.0,0.0
2026-01-29,26.280000686645508,26.329999923706055,25.489999771118164,25.969999313354492,418700,0.0,0.0,0.0
2026-01-30,25.670000076293945,25.709999084472656,25.0,25.479999542236328,6969900,0.0,0.0,0.0
2026-02-02,24.56999969482422,24.639999389648438,24.290000915527344,24.459999084472656,2635100,0.0,0.0,0.0
2026-02-03,24.770000457763672,25.06999969482422,24.75,25.059999465942383,7697100,0.0,0.0,0.0
2026-02-04,25.0,25.239999771118164,24.81999969482422,25.059999465942383,1154500,0.0,0.0,0.0
2026-02-05,24.81999969482422,24.850000381469727,24.59000015258789,24.700000762939453,230900,0.0,0.0,0.0
2026-02-06,24.760000228881836,25.110000610351562,24.760000228881836,24.920000076293945,247400,0.0,0.0,0.0
2026-02-09,24.860000610351562,25.18000030517578,24.860000610351562,25.100000381469727,585500,0.0,0.0,0.0
2026-02-10,25.079999923706055,25.100000381469727,24.8799991607666,24.979999542236328,250600,0.0,0.0,0.0
2026-02-11,25.290000915527344,25.329999923706055,25.110000610351562,25.229999542236328,250500,0.0,0.0,0.0
2026-02-12,25.100000381469727,25.1299991607666,24.6299991607666,24.690000534057617,177100,0.0,0.0,0.0
2026-02-13,24.68000030517578,24.809999465942383,24.65999984741211,24.719999313354492,210300,0.0,0.0,0.0
2026-02-17,24.56999969482422,24.579999923706055,24.40999984741211,24.489999771118164,282700,0.0,0.0,0.0
2026-02-18,24.899999618530273,25.219999313354492,24.899999618530273,25.190000534057617,256400,0.0,0.0,0.0
2026-02-19,25.290000915527344,25.489999771118164,25.190000534057617,25.469999313354492,310200,0.0,0.0,0.0
2026-02-20,25.469999313354492,25.6299991607666,25.399999618530273,25.579999923706055,1618500,0.0,0.0,0.0
2026-02-23,25.68000030517578,25.809999465942383,25.549999237060547,25.6200008392334,162400,0.0,0.0,0.0
2026-02-24,25.440000534057617,25.65999984741211,25.440000534057617,25.610000610351562,899900,0.0,0.0,0.0
2026-02-25,25.610000610351562,25.719999313354492,25.530000686645508,25.6299991607666,204700,0.0,0.0,0.0
2026-02-26,25.43000030517578,25.790000915527344,25.360000610351562,25.6200008392334,199200,0.0,0.0,0.0
2026-02-27,25.979999542236328,26.010000228881836,25.799999237060547,25.959999084472656,248300,0.0,0.0,0.0
2026-03-02,27.030000686645508,27.139999389648438,26.559999465942383,26.940000534057617,3267200,0.0,0.0,0.0
2026-03-03,27.90999984741211,27.90999984741211,26.8700008392334,27.31999969482422,1894500,0.0,0.0,0.0
2026-03-04,27.469999313354492,27.739999771118164,27.3700008392334,27.690000534057617,512600,0.0,0.0,0.0
2026-03-05,28.030000686645508,28.690000534057617,28.020000457763672,28.309999465942383,967200,0.0,0.0,0.0
2026-03-06,29.5,30.139999389648438,29.459999084472656,29.809999465942383,1301000,0.0,0.0,0.0
2026-03-09,31.239999771118164,31.700000762939453,28.25,29.030000686645508,7848400,0.0,0.0,0.0
2026-03-10,29.559999465942383,29.610000610351562,27.860000610351562,29.399999618530273,3923100,0.0,0.0,0.0
2026-03-11,29.479999542236328,29.90999984741211,28.959999084472656,29.889999389648438,1268900,0.0,0.0,0.0
2026-03-12,30.940000534057617,31.190000534057617,30.6200008392334,31.09000015258789,2975900,0.0,0.0,0.0
2026-03-13,30.690000534057617,31.270000457763672,30.600000381469727,31.1200008392334,1273100,0.0,0.0,0.0
2026-03-16,30.90999984741211,31.040000915527344,30.450000762939453,30.59000015258789,1346300,0.0,0.0,0.0
2026-03-17,31.010000228881836,31.209999084472656,30.81999969482422,31.190000534057617,1098600,0.0,0.0,0.0
2026-03-18,31.530000686645508,31.899999618530273,31.260000228881836,31.850000381469727,1040500,0.0,0.0,0.0
2026-03-19,31.690000534057617,31.950000762939453,30.8799991607666,31.299999237060547,1633200,0.0,0.0,0.0
2026-03-20,31.450000762939453,31.950000762939453,31.329999923706055,31.719999313354492,2248600,0.0,0.0,0.0
2026-03-23,30.559999465942383,30.559999465942383,29.530000686645508,30.010000228881836,1584000,0.0,0.0,0.0
2026-03-24,30.6200008392334,30.899999618530273,30.389999389648438,30.639999389648438,1508500,0.0,0.0,0.0
2026-03-25,29.850000381469727,30.530000686645508,29.829999923706055,30.420000076293945,1246600,0.0,0.0,0.0
2026-03-26,30.93000030517578,31.260000228881836,30.850000381469727,30.969999313354492,1881700,0.0,0.0,0.0
2026-03-27,31.56999969482422,32.220001220703125,31.520000457763672,32.04999923706055,1050400,0.0,0.0,0.0
2026-03-30,32.47999954223633,32.61000061035156,32.310001373291016,32.58000183105469,911200,0.0,0.0,0.0
2026-03-31,32.599998474121094,32.779998779296875,31.969999313354492,32.25,2751100,0.0,0.0,0.0
2026-04-01,31.920000076293945,32.08000183105469,31.670000076293945,31.90999984741211,3940200,0.0,0.0,0.0
2026-04-02,33.59000015258789,33.68000030517578,32.849998474121094,33.45000076293945,616000,0.0,0.0,0.0
2026-04-06,33.4900016784668,33.86000061035156,33.25,33.52000045776367,731700,0.0,0.0,0.0
2026-04-07,33.849998474121094,34.04999923706055,32.97999954223633,33.33000183105469,1569300,0.0,0.0,0.0
2026-04-08,30.530000686645508,31.190000534057617,30.489999771118164,31.100000381469727,2923500,0.0,0.0,0.0
2026-04-09,31.559999465942383,31.8700008392334,30.889999389648438,31.399999618530273,1869800,0.0,0.0,0.0
2026-04-10,31.260000228881836,31.420000076293945,30.920000076293945,30.959999084472656,919400,0.0,0.0,0.0
2026-04-13,32.189998626708984,32.22999954223633,31.399999618530273,31.530000686645508,2521700,0.0,0.0,0.0
2026-04-14,31.520000457763672,31.540000915527344,31.049999237060547,31.200000762939453,1691700,0.0,0.0,0.0
2026-04-15,31.06999969482422,31.3799991607666,31.030000686645508,31.139999389648438,1447300,0.0,0.0,0.0
2026-04-16,31.350000381469727,31.739999771118164,31.350000381469727,31.530000686645508,1007300,0.0,0.0,0.0
2026-04-17,30.09000015258789,30.40999984741211,29.68000030517578,30.350000381469727,4386500,0.0,0.0,0.0
2026-04-20,30.729999542236328,31.110000610351562,30.670000076293945,30.940000534057617,776300,0.0,0.0,0.0
2026-04-21,30.979999542236328,31.829999923706055,30.969999313354492,31.75,1649600,0.0,0.0,0.0
2026-04-22,31.850000381469727,32.25,31.850000381469727,32.119998931884766,701300,0.0,0.0,0.0
2026-04-23,32.20000076293945,32.93000030517578,32.13999938964844,32.720001220703125,1089000,0.0,0.0,0.0
2026-04-24,32.5,32.66999816894531,32.20000076293945,32.58000183105469,1364900,0.0,0.0,0.0
2026-04-27,32.790000915527344,33.130001068115234,32.790000915527344,32.880001068115234,635600,0.0,0.0,0.0
2026-04-28,33.16999816894531,33.38999938964844,33.040000915527344,33.34000015258789,640700,0.0,0.0,0.0
2026-04-29,34.060001373291016,34.619998931884766,34.060001373291016,34.560001373291016,812900,0.0,0.0,0.0
2026-04-30,34.119998931884766,34.41999816894531,34.040000915527344,34.38999938964844,881700,0.0,0.0,0.0
2026-05-01,34.0099983215332,34.060001373291016,33.58000183105469,33.88999938964844,805800,0.0,0.0,0.0
2026-05-04,34.060001373291016,34.7400016784668,33.900001525878906,34.54999923706055,2038900,0.0,0.0,0.0
2026-05-05,34.25,34.310001373291016,34.0099983215332,34.209999084472656,1202800,0.0,0.0,0.0
2026-05-06,33.029998779296875,33.150001525878906,32.70000076293945,32.84000015258789,1201400,0.0,0.0,0.0
2026-05-07,32.099998474121094,33.04999923706055,31.860000610351562,32.88999938964844,4802000,0.0,0.0,0.0
2026-05-08,32.66999816894531,33.02000045776367,32.65999984741211,32.810001373291016,1059300,0.0,0.0,0.0
2026-05-11,33.34000015258789,33.869998931884766,33.29999923706055,33.689998626708984,3180500,0.0,0.0,0.0
2026-05-12,34.2400016784668,34.43000030517578,34.119998931884766,34.40999984741211,764900,0.0,0.0,0.0
2026-05-13,34.34000015258789,34.52000045776367,34.02000045776367,34.130001068115234,617500,0.0,0.0,0.0
2026-05-14,33.810001373291016,33.97999954223633,33.689998626708984,33.959999084472656,592300,0.0,0.0,0.0
2026-05-15,33.939998626708984,34.25,33.91999816894531,34.189998626708984,650600,0.0,0.0,0.0
2026-05-18,34.150001525878906,34.939998626708984,34.099998474121094,34.400001525878906,1097100,0.0,0.0,0.0
2026-05-19,34.7400016784668,34.849998474121094,34.47999954223633,34.77000045776367,477500,0.0,0.0,0.0
2026-05-20,34.5099983215332,34.5099983215332,33.47999954223633,33.7599983215332,912300,0.0,0.0,0.0
2026-05-21,34.2599983215332,34.29999923706055,33.11000061035156,33.41999816894531,1009600,0.0,0.0,0.0
2026-05-22,33.27000045776367,33.54999923706055,32.959999084472656,33.25,636100,0.0,0.0,0.0
2026-05-26,32.709999084472656,32.91999816894531,32.54999923706055,32.59000015258789,485900,0.0,0.0,0.0
2026-05-27,31.889999389648438,32.18000030517578,31.790000915527344,31.920000076293945,691400,0.0,0.0,0.0
2026-05-28,32.15999984741211,32.22999954223633,31.610000610351562,32.11000061035156,918600,0.0,0.0,0.0
2026-05-29,31.860000610351562,31.979999542236328,31.540000915527344,31.799999237060547,787700,0.0,0.0,0.0
2026-06-01,32.529998779296875,32.869998931884766,32.20000076293945,32.470001220703125,1235800,0.0,0.0,0.0
2026-06-02,32.43000030517578,32.68000030517578,32.36000061035156,32.630001068115234,313400,0.0,0.0,0.0
2026-06-03,32.970001220703125,32.970001220703125,32.689998626708984,32.880001068115234,398200,0.0,0.0,0.0
2026-06-04,32.380001068115234,32.40999984741211,32.18000030517578,32.38999938964844,283900,0.0,0.0,0.0
2026-06-05,32.040000915527344,32.040000915527344,31.56999969482422,31.59000015258789,1041200,0.0,0.0,0.0
2026-06-08,31.829999923706055,31.989999771118164,31.739999771118164,31.75,424000,0.0,0.0,0.0
2026-06-09,31.479999542236328,31.479999542236328,30.899999618530273,31.239999771118164,1167500,0.0,0.0,0.0
2026-06-10,31.34000015258789,31.739999771118164,31.34000015258789,31.459999084472656,1105800,0.0,0.0,0.0
2026-06-11,31.399999618530273,31.639999389648438,30.850000381469727,30.959999084472656,1037000,0.0,0.0,0.0
2026-06-12,30.729999542236328,31.030000686645508,30.549999237060547,30.579999923706055,991200,0.0,0.0,0.0
2026-06-15,30.020000457763672,30.149999618530273,29.959999084472656,30.1299991607666,508600,0.0,0.0,0.0
2026-06-16,29.600000381469727,29.770000457763672,29.440000534057617,29.65999984741211,291200,0.0,0.0,0.0
2026-06-17,29.700000762939453,30.290000915527344,29.459999084472656,29.459999084472656,896000,0.0,0.0,0.0
2026-06-18,29.31999969482422,29.56999969482422,29.010000228881836,29.530000686645508,2439000,0.0,0.0,0.0
2026-06-22,29.34000015258789,29.3799991607666,29.1200008392334,29.25,567600,0.0,0.0,0.0
2026-06-23,28.860000610351562,28.989999771118164,28.790000915527344,28.950000762939453,572000,0.0,0.0,0.0
2026-06-24,28.260000228881836,28.459999084472656,28.209999084472656,28.229999542236328,600700,0.0,0.0,0.0
2026-06-25,28.350000381469727,28.93000030517578,28.350000381469727,28.8799991607666,556900,0.0,0.0,0.0
2026-06-26,28.459999084472656,28.489999771118164,28.270000457763672,28.389999389648438,510000,0.0,0.0,0.0
2026-06-29,28.450000762939453,28.549999237060547,28.34000015258789,28.440000534057617,749400,0.0,0.0,0.0
2026-06-30,28.68000030517578,28.709999084472656,28.459999084472656,28.600000381469727,611900,0.0,0.0,0.0
2026-07-01,28.450000762939453,28.579999923706055,28.290000915527344,28.329999923706055,450400,0.0,0.0,0.0
2026-07-02,28.290000915527344,28.420000076293945,28.209999084472656,28.3700008392334,1560200,0.0,0.0,0.0
2026-07-06,28.739999771118164,28.899999618530273,28.690000534057617,28.889999389648438,628400,0.0,0.0,0.0
2026-07-07,28.889999389648438,29.3799991607666,28.889999389648438,29.280000686645508,637300,0.0,0.0,0.0
2026-07-08,29.770000457763672,30.229999542236328,29.59000015258789,29.959999084472656,656900,0.0,0.0,0.0
2026-07-09,29.81999969482422,29.84000015258789,29.450000762939453,29.540000915527344,386800,0.0,0.0,0.0
2026-07-10,29.540000915527344,29.709999084472656,29.31999969482422,29.459999084472656,604900,0.0,0.0,0.0
2026-07-13,29.850000381469727,30.610000610351562,29.81999969482422,30.520000457763672,475100,0.0,0.0,0.0
2026-07-14,31.040000915527344,31.09000015258789,30.68000030517578,31.0,682100,0.0,0.0,0.0
2026-07-15,31.1299991607666,31.219999313354492,30.760000228881836,31.18000030517578,437500,0.0,0.0,0.0
2026-07-16,31.15999984741211,31.15999984741211,30.790000915527344,30.889999389648438,253100,0.0,0.0,0.0
2026-07-17,31.229999542236328,31.510000228881836,31.149999618530273,31.399999618530273,328900,0.0,0.0,0.0
2026-07-20,31.479999542236328,31.770000457763672,31.399999618530273,31.6299991607666,363400,0.0,0.0,0.0
2026-07-21,32.06999969482422,32.15999984741211,31.920000076293945,32.15999984741211,498000,0.0,0.0,0.0
2026-07-22,32.400001525878906,32.61000061035156,32.36000061035156,32.45000076293945,282300,0.0,0.0,0.0
2026-07-23,33.09000015258789,33.470001220703125,33.04999923706055,33.13999938964844,540800,0.0,0.0,0.0
2026-07-24,32.84000015258789,32.869998931884766,32.5099983215332,32.77000045776367,657000,0.0,0.0,0.0
2026-07-27,31.969999313354492,31.969999313354492,31.489999771118164,31.489999771118164,648500,0.0,0.0,0.0
2026-07-28,31.31999969482422,31.469999313354492,30.899999618530273,31.09000015258789,731600,0.0,0.0,0.0
2026-07-29,31.940000534057617,32.22999954223633,31.93000030517578,32.130001068115234,524300,0.0,0.0,0.0
2026-07-30,31.8799991607666,32.060001373291016,31.8700008392334,31.950000762939453,602400,0.0,0.0,0.0
2026-07-31,32.189998626708984,32.2599983215332,31.920000076293945,32.040000915527344,331700,0.0,0.0,0.0
2026-08-03,31.149999618530273,31.309999465942383,30.989999771118164,31.18000030517578,808900,0.0,0.0,0.0
2026-08-04,30.510000228881836,30.6200008392334,30.34000015258789,30.450000762939453,804200,0.0,0.0,0.0
2026-08-05,30.6200008392334,30.700000762939453,30.40999984741211,30.559999465942383,346300,0.0,0.0,0.0
2026-08-06,30.75,31.190000534057617,30.739999771118164,31.06999969482422,793300,0.0,0.0,0.0
2026-08-07,31.040000915527344,31.389999389648438,31.040000915527344,31.09000015258789,279400,0.0,0.0,0.0
2026-08-10,31.809999465942383,32.380001068115234,31.809999465942383,32.31999969482422,423000,0.0,0.0,0.0
2026-08-11,32.150001525878906,32.54999923706055,32.13999938964844,32.52000045776367,304200,0.0,0.0,0.0
2026-08-12,32.4900016784668,32.66999816894531,32.45000076293945,32.619998931884766,293500,0.0,0.0,0.0
2026-08-13,32.279998779296875,32.459999084472656,32.04999923706055,32.209999084472656,388700,0.0,0.0,0.0
2026-08-14,32.15999984741211,32.529998779296875,32.119998931884766,32.470001220703125,116100,0.0,0.0,0.0
2026-08-17,32.689998626708984,33.119998931884766,32.63999938964844,33.08000183105469,243400,0.0,0.0,0.0
2026-08-18,32.099998474121094,33.2400016784668,32.099998474121094,33.060001373291016,241800,0.0,0.0,0.0
2026-08-19,33.27000045776367,33.52000045776367,33.22999954223633,33.290000915527344,239600,0.0,0.0,0.0
2026-08-20,33.619998931884766,33.72999954223633,33.5,33.650001525878906,285200,0.0,0.0,0.0
2026-08-21,33.869998931884766,34.0099983215332,33.7599983215332,33.86000061035156,295100,0.0,0.0,0.0
2026-08-24,33.86000061035156,33.86000061035156,33.400001525878906,33.43000030517578,209300,0.0,0.0,0.0
2026-08-25,32.93000030517578,33.15999984741211,32.81999969482422,32.81999969482422,827700,0.0,0.0,0.0
2026-08-26,32.720001220703125,33.25,32.68000030517578,33.0099983215332,1613800,0.0,0.0,0.0
2026-08-27,33.09000015258789,33.540000915527344,33.04999923706055,33.40999984741211,1982800,0.0,0.0,0.0
2026-08-28,33.349998474121094,33.5,33.25,33.38999938964844,1568000,0.0,0.0,0.0
2026-08-31,33.939998626708984,34.040000915527344,33.83000183105469,34.029998779296875,546600,0.0,0.0,0.0
2026-09-01,34.27000045776367,34.90999984741211,34.2599983215332,34.849998474121094,2378500,0.0,0.0,0.0
2026-09-02,34.75,35.02000045776367,34.599998474121094,34.88999938964844,2171500,0.0,0.0,0.0
2026-09-03,34.93000030517578,35.150001525878906,34.84000015258789,34.959999084472656,2987900,0.0,0.0,0.0
2026-09-04,34.63999938964844,34.88999938964844,34.34000015258789,34.83000183105469,1657400,0.0,0.0,0.0
2026-09-08,35.25,35.400001525878906,35.040000915527344,35.380001068115234,1793500,0.0,0.0,0.0
2026-09-09,35.7400016784668,35.939998626708984,35.68000030517578,35.88999938964844,1481600,0.0,0.0,0.0
2026-09-10,36.38999938964844,36.9900016784668,36.22999954223633,36.939998626708984,1395200,0.0,0.0,0.0
2026-09-11,36.31999969482422,36.540000915527344,36.2400016784668,36.470001220703125,2968900,0.0,0.0,0.0
2026-09-14,36.79999923706055,37.06999969482422,36.29999923706055,36.5,1429700,0.0,0.0,0.0
2026-09-15,36.7599983215332,37.29999923706055,36.7599983215332,37.150001525878906,899600,0.0,0.0,0.0
2026-09-16,37.15999984741211,37.15999984741211,36.470001220703125,36.619998931884766,1258100,0.0,0.0,0.0
2026-09-17,36.380001068115234,36.650001525878906,36.349998474121094,36.459999084472656,1330800,0.0,0.0,0.0
