Date,Open,High,Low,Close,Volume,Dividends,Stock Splits
2020-09-03,218.03599425353192,218.07402790705368,204.42717283201821,206.6525115966797,58400300,0.0,0.0
2020-09-04,204.5602790966604,207.66053649902892,195.13585763014288,203.75192260742188,59664100,0.0,0.0
2020-09-08,196.3816830611181,199.73871502955402,192.2923763469673,192.72984313964844,52924300,0.0,0.0
2020-09-09,197.42776995522604,204.3130063928278,196.57186053691743,200.93695068359375,45679000,0.0,0.0
2020-09-10,202.9435570623291,204.2179091134677,194.1087663570984,195.30702209472656,35461500,0.0,0.0
2020-09-11,197.04737049649287,198.40730923899483,191.379413634997,194.03269958496094,33620100,0.0,0.0
2020-09-14,194.2324234935453,198.94937969662053,194.0327069253546,195.3450927734375,30375800,0.0,0.0
2020-09-15,198.20762685222402,199.5009887938015,196.7906301369787,198.54998779296875,21823900,0.0,0.0
2020-09-16,200.29979862410642,200.32832748932069,194.61281748381796,195.0027313232422,26328100,0.0,0.0
2020-09-17,190.24772725890895,194.3180098283197,190.16214066313728,192.96759033203125,34011300,0.0,0.0
2020-09-18,192.86297571699993,193.67131773464936,186.63391723323332,190.57106018066406,55225300,0.0,0.0
2020-09-21,187.5278763694896,192.7774055847078,186.75756793525397,192.61572265625,39839700,0.0,0.0
2020-09-22,195.01224432710944,197.9032952203945,192.17826567778008,197.25660705566406,33517100,0.0,0.0
2020-09-23,197.7131066523486,197.90331846563146,190.2287332534119,190.76129150390625,30803800,0.0,0.0
2020-09-24,190.0575169900214,195.49724276427847,189.43935775910268,193.23385620117188,31202500,0.0,0.0
2020-09-25,193.576230870522,198.79721638343335,192.6157107003386,197.6370086669922,29437300,0.0,0.0
2020-09-28,200.54707115888118,202.15426497540128,197.86524169936015,199.17762756347656,32004900,0.0,0.0
2020-09-29,199.09204937202554,199.77677119863617,196.67649889728182,197.1044464111328,24221900,0.0,0.0
2020-09-30,197.551364024827,201.5931168500027,196.41967091199885,200.0239715576172,33829100,0.0,0.0
2020-10-01,203.02919717182243,203.50469764479027,200.96552686047664,202.04966735839844,27158400,0.0,0.0
2020-10-02,197.8082236872291,200.65172212673795,195.46875465680253,196.0869140625,33154800,0.0,0.0
2020-10-05,197.06638251862154,200.10007732438478,196.83813710773543,200.07154846191406,21331600,0.0,0.0
2020-10-06,198.5880185697547,199.8813658869558,194.78401489952358,195.8206024169922,28554300,0.0,0.0
2020-10-07,196.9142313045831,199.81478676432883,196.5908945021514,199.5485076904297,25681100,0.0,0.0
2020-10-08,200.1952332614171,200.84192154526718,198.11255307375825,200.26181030273438,19925800,0.0,0.0
2020-10-09,200.87991823945055,205.2830570981348,200.87991823945055,205.23550415039062,26458000,0.0,0.0
2020-10-12,208.06947707751453,212.89105852593914,206.18649938983765,210.5515899658203,40461400,0.0,0.0
2020-10-13,211.80689343114148,214.17489058111875,209.62909353363688,211.94003295898438,28950800,0.0,0.0
2020-10-14,212.07321213399132,213.23343445543483,208.3928430961222,210.03807067871094,23421700,0.0,0.0
2020-10-15,206.46229072714527,209.56254827996327,205.4256887702465,208.8968505859375,22733100,0.0,0.0
2020-10-16,209.36283171619485,211.3979729585716,208.57351377899946,208.8968505859375,26057900,0.0,0.0
2020-10-19,209.61965341943647,211.40754006872294,203.24794917359333,203.72344970703125,27625800,0.0,0.0
2020-10-20,205.22596854936802,206.71903220871076,202.64875008429092,204.13230895996094,22753500,0.0,0.0
2020-10-21,202.67730485689108,206.29111113797111,202.67730485689108,204.27499389648438,22724900,0.0,0.0
2020-10-22,203.4475828248149,205.47321905932836,201.3268552222806,204.3605499267578,22351500,0.0,0.0
2020-10-23,204.49370487394282,205.68245589725836,202.71533798662145,205.63490295410156,18879600,0.0,0.0
2020-10-26,203.37151652042783,205.73949910463583,197.90326219909565,199.78623962402344,37111600,0.0,0.0
2020-10-27,201.2222840641838,204.1513686811001,200.0240281118137,202.8009490966797,36700300,0.0,0.0
2020-10-28,197.49438657829802,198.60705606696246,192.19731826844466,192.74888610839844,51195600,0.0,0.0
2020-10-29,194.07080466414905,197.1995919501956,193.40509227419727,194.68894958496094,31432600,0.0,0.0
2020-10-30,193.52867830113843,194.27996260842124,189.8387902580295,192.5491485595703,36953700,0.0,0.0
2020-11-02,194.27993846687417,195.2214344412971,190.31426704734966,192.41598510742188,30842200,0.0,0.0
2020-11-03,193.89955827547783,197.92228771553013,193.16728357467176,196.31509399414062,27512000,0.0,0.0
2020-11-04,203.5331963345043,207.62250269793293,202.01158924216602,205.7870635986328,42311800,0.0,0.0
2020-11-05,211.16023264419107,213.1383162499668,210.3138424268703,212.34898376464844,36080100,0.0,0.0
2020-11-06,211.36943647428635,213.36654399549167,207.3467070793611,212.75790405273438,25231900,0.0,0.0
2020-11-09,213.44262960592522,216.94230571136617,207.20406645370713,207.68907165527344,44395000,0.0,0.0
2020-11-10,203.98966750504076,205.89166906685932,199.44388493318402,200.67066955566406,44045100,0.0,0.0
2020-11-11,201.9830874003012,207.3562368625371,201.80239490141182,205.9392547607422,29440800,0.0,0.0
2020-11-12,206.56692751698532,208.37382355937075,203.95167484393502,204.88365173339844,21593900,0.0,0.0
2020-11-13,205.75855501047297,206.7666136412532,203.66635593568657,205.9011993408203,18621100,0.0,0.0
2020-11-16,204.34158971413706,207.07097257842796,204.00874805535722,206.58595275878906,24953300,0.0,0.0
2020-11-17,205.51130105759668,207.01386971538886,203.59027516934893,203.95166015625,24154100,0.0,0.0
2020-11-18,203.71325001107002,205.16255971956343,201.1197545533918,201.26278686523438,28372800,0.56,0.0
2020-11-19,201.54882732756656,203.1220808390254,200.16625445791493,202.5404510498047,24792700,0.0,0.0
2020-11-20,202.33070459277454,203.3700058661989,200.23302815996874,200.60488891601562,22843100,0.0,0.0
2020-11-23,201.13888043673134,202.41655461114135,198.47864751842303,200.33795166015625,25683500,0.0,0.0
2020-11-24,199.84207408231,204.28534338589716,199.14603007824672,203.91348266601562,33979700,0.0,0.0
2020-11-25,205.10538362416776,205.27700496539273,202.57863910648877,203.9230499267578,21012900,0.0,0.0
2020-11-27,204.85745581384185,206.211410684154,204.0851162270061,205.2197723388672,14512200,0.0,0.0
2020-11-30,204.14234256764314,204.77163530412324,201.03395391105286,204.11373901367188,33064800,0.0,0.0
2020-12-01,204.53324455329786,207.2125651140811,203.4272066163674,206.15419006347656,30904500,0.0,0.0
2020-12-02,204.88605516495122,205.4486111007541,202.9027930641658,205.35325622558594,23724500,0.0,0.0
2020-12-03,204.62863528432734,206.31631786058674,203.71327783050998,204.27584838867188,25120900,0.0,0.0
2020-12-04,204.2568011760588,205.36285400037403,203.2651625924951,204.39028930664062,24666000,0.0,0.0
2020-12-07,204.39978258353827,205.51536487958126,203.08397540183014,204.32350158691406,24620000,0.0,0.0
2020-12-08,204.01840165272458,206.85979980104426,202.98862997399976,205.96351623535156,23284100,0.0,0.0
2020-12-09,205.15307027564458,205.2198070616338,201.3867847777883,201.9493408203125,32440600,0.0,0.0
2020-12-10,201.92068390599115,203.1697541123935,200.57625883152795,200.72882080078125,26733300,0.0,0.0
2020-12-11,200.28071849667674,203.3986370668293,199.38443493743736,203.34141540527344,30979400,0.0,0.0
2020-12-14,203.18885521361375,206.15421159855921,202.97908611506878,204.23768615722656,28798400,0.0,0.0
2020-12-15,205.16258335643218,205.40095602118834,202.36886270906425,204.17095947265625,27000600,0.0,0.0
2020-12-16,204.76213946344006,209.87285048789144,204.73353590474335,209.08145141601562,35023300,0.0,0.0
2020-12-17,209.64401851369269,210.61658320796064,207.78471435488265,209.21495056152344,32515800,0.0,0.0
2020-12-18,208.4235382080078,209.47238384589662,205.97307456183356,208.4235382080078,63354900,0.0,0.0
2020-12-21,207.4318713221472,213.58188243788,207.17442480081473,212.23745727539062,37181900,0.0,0.0
2020-12-22,212.3328254627275,215.13609017334406,211.5318968451548,213.52468872070312,22612200,0.0,0.0
2020-12-23,212.73331641714506,213.16238433393622,210.53075516838518,210.7405242919922,18699600,0.0,0.0
2020-12-24,211.12190083843498,213.2100477180936,210.91213172866298,212.39004516601562,10550600,0.0,0.0
2020-12-28,214.01097912101392,215.51749613359814,212.64749443916563,214.4972686767578,17933500,0.0,0.0
2020-12-29,215.78444235567773,216.61397447197703,213.18141724827885,213.7248992919922,17403200,0.0,0.0
2020-12-30,214.75466040702486,215.13606533500953,211.16954137863118,211.36976623535156,20272300,0.0,0.0
2020-12-31,211.38886401908798,212.62840471424002,209.46280892505516,212.07537841796875,20942100,0.0,0.0
2021-01-04,212.18027520947413,212.62841698318834,204.81932615715849,207.5653839111328,37130100,0.0,0.0
2021-01-05,207.15537629858184,208.35678384593277,205.66793319149298,207.76560974121094,23823000,0.0,0.0
2021-01-06,202.30212170745105,206.42120854830253,202.0828229184312,202.37840270996094,35930700,0.0,0.0
2021-01-07,204.08516111409094,209.1386651817966,203.7705219584249,208.1374969482422,27694500,0.0,0.0
2021-01-08,208.50935599080088,210.3209971953534,206.93610202945297,209.4056396484375,22956200,0.0,0.0
2021-01-11,208.3090809689582,208.7286191374999,206.65000217948275,207.37466430664062,23031300,0.0,0.0
2021-01-12,206.4307490700466,207.00284934438994,203.39865544372427,204.9337615966797,23249300,0.0,0.0
2021-01-13,204.06604674898907,206.67860148264808,203.98022154419837,206.27813720703125,20087100,0.0,0.0
2021-01-14,205.8681976332636,207.34611125087815,202.8456336090287,203.11260986328125,29480800,0.0,0.0
2021-01-15,203.58931232139068,204.53325868233262,202.16860612225966,202.759765625,31746500,0.0,0.0
2021-01-19,203.808612636003,206.88838315319578,202.74070783603537,206.37350463867188,30480900,0.0,0.0
2021-01-20,207.5749346341582,215.28867135702768,207.18399993248087,213.90611267089844,37777300,0.0,0.0
2021-01-21,214.24935885539745,215.77494980554735,212.07540120835768,214.50680541992188,30709400,0.0,0.0
2021-01-22,216.51867230319704,219.3696147654963,215.2982053575905,215.44122314453125,30172700,0.0,0.0
2021-01-25,218.46377115568953,219.09307847095562,213.79167283132318,218.85470581054688,33152100,0.0,0.0
2021-01-26,221.07634857508864,223.2884393764266,219.379136336845,221.5244903564453,49169600,0.0,0.0
2021-01-27,226.93077069531466,229.2572901681162,219.43633373660575,222.06796264648438,69870600,0.0,0.0
2021-01-28,224.65193866409186,231.3549769497505,224.15611943901934,227.81752014160156,49111200,0.0,0.0
2021-01-29,225.014257951401,226.949842757254,220.59006203100665,221.17169189453125,42503100,0.0,0.0
2021-02-01,224.12750973113813,231.22148249088136,221.61982466737663,228.5040283203125,33314200,0.0,0.0
2021-02-02,230.0773162479899,231.04033664840065,227.58870485867922,228.3705596923828,25916300,0.0,0.0
2021-02-03,228.427776040609,233.69103427666695,228.1321816996905,231.6982421875,27158100,0.0,0.0
2021-02-04,231.37406542742858,231.9270918000538,229.19056349507096,230.75428771972656,25296100,0.0,0.0
2021-02-05,230.96402835930283,231.96519641817662,229.2382126683199,230.9354248046875,18054800,0.0,0.0
2021-02-08,231.84120712664574,232.34655592307692,229.61004286891824,231.19284057617188,22211900,0.0,0.0
2021-02-09,230.6207778665767,233.37636525124478,230.1535767615209,232.4324188232422,23565000,0.0,0.0
2021-02-10,233.6051986080707,234.48240822021572,229.68635163313002,231.52659606933594,22186700,0.0,0.0
2021-02-11,233.39544815712694,233.74823505402443,230.88776300580494,233.1189422607422,15751100,0.0,0.0
2021-02-12,232.58496032734098,233.89125237223962,231.44077449132203,233.59567260742188,16561100,0.0,0.0
2021-02-16,233.63383657810064,234.68268221946707,231.6219705199263,232.36569213867188,26728500,0.0,0.0
2021-02-17,230.62632480699676,233.4838187487911,230.2631591892616,233.37869262695312,21653500,0.56,0.0
2021-02-18,231.0850549171446,233.12065774190984,230.1867070550558,232.9868621826172,16925600,0.0,0.0
2021-02-19,232.9486476243667,233.05377375121492,229.53683889334786,230.29183959960938,25262600,0.0,0.0
2021-02-22,226.89915507557774,227.386550086894,222.101603324749,224.11810302734375,36446900,0.0,0.0
2021-02-23,220.12335328691063,224.4239440997291,218.59424849819223,222.93307495117188,30228700,0.0,0.0
2021-02-24,219.81750035690945,224.77751683776836,218.85226200566777,224.1563262939453,26339700,0.0,0.0
2021-02-25,221.795780936671,224.1945494104652,217.78189953492432,218.84271240234375,39542200,0.0,0.0
2021-02-26,221.2701038437731,224.93993666424794,219.36828237595617,222.0824432373047,37819200,0.0,0.0
2021-03-01,225.4464768789382,226.9469119322539,222.8183385683915,226.44039916992188,25324000,0.0,0.0
2021-03-02,226.50729480119938,226.78445210469692,223.10505255325617,223.50643920898438,22812500,0.0,0.0
2021-03-03,221.8721923944663,223.22926554216735,217.18931956157397,217.4760284423828,34029500,0.0,0.0
2021-03-04,216.69241226941966,222.18761091263715,214.32229870294404,216.68284606933594,44727800,0.0,0.0
2021-03-05,219.34920613150112,222.9330311039714,216.42480728718476,221.3370361328125,41872800,0.0,0.0
2021-03-08,221.11722762448446,223.0286010289096,217.06512533998108,217.3135986328125,35267400,0.0,0.0
2021-03-09,222.56032845718752,224.9495452618804,221.40394110736247,223.42044067382812,33080500,0.0,0.0
2021-03-10,226.4977126587879,226.4977126587879,221.75750094797291,222.12066650390625,29746800,0.0,0.0
2021-03-11,224.5481556095097,228.5715884889649,223.92695049895786,226.6219940185547,29907600,0.0,0.0
2021-03-12,223.6402462040966,225.3700514329935,222.89481172208454,225.3031463623047,22653700,0.0,0.0
2021-03-15,224.54814690664654,224.76795075810895,221.53772513977538,224.40478515625,26034900,0.0,0.0
2021-03-16,225.80963010169157,229.42212430580386,225.48470015547667,227.17626953125,28092200,0.0,0.0
2021-03-17,225.68540440109052,227.97906119030745,222.8948010361049,226.5359649658203,29562100,0.0,0.0
2021-03-18,222.25449271210522,223.81226667216245,220.12331549170005,220.49603271484375,34833000,0.0,0.0
2021-03-19,220.78273384233583,222.1684765675346,219.18673888764525,220.14242553710938,46430700,0.0,0.0
2021-03-22,220.06598722171685,226.40218032029384,219.94174328047853,225.5325164794922,30127000,0.0,0.0
2021-03-23,226.9660546794086,230.36829722374003,226.56466798871335,227.05206298828125,31638400,0.0,0.0
2021-03-24,227.31009164866788,227.45343882328078,224.8922054193831,225.0260009765625,25620100,0.0,0.0
2021-03-25,224.8730896144775,226.44041526230157,221.30838220851965,222.04425048828125,34061900,0.0,0.0
2021-03-26,221.28927982619135,226.22062717768958,221.28927982619135,226.0008087158203,25479900,0.0,0.0
2021-03-29,226.10590310307379,226.3066037177728,221.60462710644518,224.81573486328125,25227500,0.0,0.0
2021-03-30,223.18155095131783,223.48737774576927,220.85923888427695,221.5760040283203,24792000,0.0,0.0
2021-03-31,222.58901605291288,228.50471967720463,222.0920548338563,225.32228088378906,43623500,0.0,0.0
2021-04-01,227.90260302398238,232.0789491359086,227.50121636956897,231.6106719970703,30338000,0.0,0.0
2021-04-05,232.0025025067712,238.88345854528154,231.9451636368873,238.03289794921875,36910600,0.0,0.0
2021-04-06,236.63758894050287,238.34826175018762,235.93994171916324,236.8765106201172,22931900,0.0,0.0
2021-04-07,236.8287441813467,239.8104823385441,236.23622303026858,238.8261260986328,22719800,0.0,0.0
2021-04-08,241.56893863766072,242.87822479030498,240.8330557729979,242.0276641845703,23625200,0.0,0.0
2021-04-09,241.66449426976965,244.6462467282904,241.25355598314442,244.512451171875,24326800,0.0,0.0
2021-04-12,243.42297254578972,246.25181167284637,243.3369496576039,244.56979370117188,27148700,0.0,0.0
2021-04-13,245.85998537594716,247.70445382432965,245.4490179032841,247.03546142578125,23837500,0.0,0.0
2021-04-14,246.07019292318083,247.36034648345415,243.8529930416568,244.26393127441406,23070900,0.0,0.0
2021-04-15,246.50022126653505,248.41159433881197,246.30910145845047,248.0006561279297,25627500,0.0,0.0
2021-04-16,247.9720336082455,249.43423311853752,246.18490411402684,249.1857452392578,24878600,0.0,0.0
2021-04-19,248.66009498345286,249.89293884486133,246.39512244253876,247.2743377685547,23209300,0.0,0.0
2021-04-20,246.39516931734047,248.66970848969893,245.45858578600297,246.815673828125,19722900,0.0,0.0
2021-04-21,247.46554099520336,249.12842668538718,245.85042797866416,249.03285217285156,24030400,0.0,0.0
2021-04-22,248.67920736754326,250.17964236146761,244.31172709458374,245.77394104003906,25606200,0.0,0.0
2021-04-23,246.4525057441661,249.9216533410852,245.8695216560367,249.5775909423828,21462600,0.0,0.0
2021-04-26,250.06502536327486,250.81045994172908,248.6410612857112,249.9598846435547,19763300,0.0,0.0
2021-04-27,249.98861142643833,251.52728277807782,248.59331646778284,250.36134338378906,31014200,0.0,0.0
2021-04-28,244.73225067344254,245.171887578436,241.740961055206,243.2796173095703,46903100,0.0,0.0
2021-04-29,244.1397373356911,244.75137625676413,237.96599467202304,241.32044982910156,40589000,0.0,0.0
2021-04-30,238.67321772170197,241.8652080140417,238.5394221580297,241.0050811767578,30945100,0.0,0.0
2021-05-03,242.17098499525994,243.0788989553063,239.99202065638994,240.69923400878906,19626600,0.0,0.0
2021-05-04,239.84867666254803,240.07804670537047,234.8695428631059,236.80958557128906,32756100,0.0,0.0
2021-05-05,238.0233052697771,238.44380971230865,234.9268899795364,235.54808044433594,21901300,0.0,0.0
2021-05-06,235.52896898947418,238.7878639244805,233.8469657565455,238.6636199951172,26491100,0.0,0.0
2021-05-07,240.97639942940194,243.03113461686635,240.03983053154383,241.27267456054688,27032900,0.0,0.0
2021-05-10,239.75314064553547,240.57503186928486,236.1693151784812,236.22665405273438,29299900,0.0,0.0
2021-05-11,233.71317897375303,235.67233957139493,231.82092344292948,235.3187255859375,33641600,0.0,0.0
2021-05-12,231.43864370631172,233.5507177051827,227.52033703130473,228.40911865234375,36684400,0.0,0.0
2021-05-13,231.08505323354785,234.71666570840435,230.72188761127558,232.2605438232422,29624300,0.0,0.0
2021-05-14,234.69754869490393,238.1380121702755,234.61154038910965,237.15365600585938,23901100,0.0,0.0
2021-05-17,235.62457790092228,235.66279895566683,232.7288481318082,234.31527709960938,24970200,0.0,0.0
2021-05-18,235.35694646425682,235.49074200688435,232.13627265956075,232.3083038330078,20168000,0.0,0.0
2021-05-19,229.23346982489758,232.98841024168715,228.5533736882799,232.88304138183594,25739800,0.56,0.0
2021-05-20,233.68771184739012,237.50969767500212,233.59191664793866,236.10159301757812,21800700,0.0,0.0
2021-05-21,237.14569382470793,237.8736876013957,234.43485354561165,234.84674072265625,21863100,0.0,0.0
2021-05-24,237.35639824386888,240.58450892855902,237.08818926220172,240.2205047607422,21411500,0.0,0.0
2021-05-25,241.16883875801892,242.10757024941074,240.258842900914,241.12094116210938,17704300,0.0,0.0
2021-05-26,240.84311836926693,242.28954668456396,240.1917579060202,240.90060424804688,17771600,0.0,0.0
2021-05-27,240.5941215551288,240.89106621746035,238.7549676903661,238.81243896484375,24426200,0.0,0.0
2021-05-28,240.43123534348288,241.46576193477253,239.0518665550967,239.16680908203125,18270200,0.0,0.0
2021-06-01,240.65158302753886,240.70905429967564,236.56138825332587,236.98284912109375,23213300,0.0,0.0
2021-06-02,237.68212307529706,238.77412110013952,235.48853873601223,236.88706970214844,19406700,0.0,0.0
2021-06-03,234.8946406042707,235.96747662588672,232.76811590692853,235.364013671875,25307700,0.0,0.0
2021-06-04,237.3276864262583,241.05389152721682,237.08821305314711,240.2301025390625,25281100,0.0,0.0
2021-06-07,239.45420630763013,243.39114906663502,239.2913661711621,243.12294006347656,23079200,0.0,0.0
2021-06-08,244.41610603256754,245.23032134430707,241.87767951827612,241.93516540527344,22455000,0.0,0.0
2021-06-09,243.12298447597894,244.77056271994914,242.54825705692008,242.91224670410156,17937600,0.0,0.0
2021-06-10,243.5826953035072,246.61921549103198,242.98880609942194,246.40847778320312,24563600,0.0,0.0
2021-06-11,247.1269091424967,247.60585584294424,245.8050115720476,247.03114318847656,18999700,0.0,0.0
2021-06-14,247.04073247004933,249.0044317216972,245.98704375362735,248.94696044921875,19150500,0.0,0.0
2021-06-15,248.83200246183026,249.04274021679365,246.83000840597398,247.4813690185547,18038900,0.0,0.0
2021-06-16,248.47753664071396,249.60784381199792,243.70723170634307,246.5426025390625,27220000,0.0,0.0
2021-06-17,245.28778563786543,250.72861348193877,245.23031436879756,249.91439819335938,27565500,0.0,0.0
2021-06-18,248.6978617304176,251.25542067246798,247.8549108828583,248.5062713623047,37202200,0.0,0.0
2021-06-21,248.87994582263596,252.42413493993803,247.05995365617324,251.57162475585938,26696100,0.0,0.0
2021-06-22,251.65782131019196,254.59856183633937,251.35128832586642,254.33035278320312,24694100,0.0,0.0
2021-06-23,254.79002613303035,255.59465298644773,253.29571494345763,254.100341796875,19518700,0.0,0.0
2021-06-24,254.95291945680933,256.5717616960537,254.29197064989475,255.46060180664062,21446900,0.0,0.0
2021-06-25,255.0200036088558,255.9970444803335,253.61189895821977,253.86093139648438,25611100,0.0,0.0
2021-06-28,254.98162143739555,257.577504111274,254.71341248104557,257.40509033203125,19590000,0.0,0.0
2021-06-29,257.5488508865929,260.2117939597386,256.69634077251254,259.9723205566406,19937800,0.0,0.0
2021-06-30,259.29213672725416,259.93390886061087,258.24803655019747,259.4932861328125,21656500,0.0,0.0
2021-07-01,258.2577120470281,260.3938255682609,258.24815298798524,260.1639404296875,16725300,0.0,0.0
2021-07-02,261.3324340420949,266.29431388206353,261.02590119734646,265.95904541015625,26458000,0.0,0.0
2021-07-06,266.32313540922155,267.6067092239565,262.75018203961656,265.9687194824219,31565600,0.0,0.0
2021-07-07,267.6354450424523,268.871135874846,265.48018461117033,268.14312744140625,23260000,0.0,0.0
2021-07-08,265.24064631130216,266.99360740328524,263.29612410075583,265.73876953125,24618600,0.0,0.0
2021-07-09,264.1103530558396,266.34223167723803,263.7272015660929,266.23687744140625,23916700,0.0,0.0
2021-07-12,267.4055564436705,267.9898574546222,264.93417481129705,265.6430358886719,18931700,0.0,0.0
2021-07-13,265.83462337015317,270.94021266723723,265.71012175658416,269.1489562988281,26120100,0.0,0.0
2021-07-14,270.4612354852631,271.71607363125577,268.7370096462592,270.614501953125,23113700,0.0,0.0
2021-07-15,270.1259657212331,270.6145007583491,268.04732397373385,269.1968078613281,22604200,0.0,0.0
2021-07-16,270.19307657220435,272.1375995678222,267.6929588734984,268.92864990234375,26186800,0.0,0.0
2021-07-19,267.18523908688275,268.5646081282036,262.89389472063215,265.3460998535156,32935600,0.0,0.0
2021-07-20,266.32311662863236,269.13932573027193,264.62765573380375,267.5588073730469,26259700,0.0,0.0
2021-07-21,267.15656563255817,269.6662426235934,265.61437070012727,269.5513000488281,24364300,0.0,0.0
2021-07-22,271.88853236938525,274.3599143771926,271.48623340329215,274.0917053222656,23384100,0.0,0.0
2021-07-23,275.26981960045765,277.7794956122771,274.4364570259696,277.4729919433594,22768100,0.0,0.0
2021-07-26,276.8312368884211,277.4921857787689,274.5706221344017,276.8791198730469,23176100,0.0,0.0
2021-07-27,277.2430584755565,277.3867366280159,271.035928428635,274.4747619628906,33604100,0.0,0.0
2021-07-28,276.8216283504645,277.9327882988668,271.8788944693324,274.16827392578125,33566900,0.0,0.0
2021-07-29,274.187400760919,276.467191757566,274.0341343071643,274.43646240234375,18168300,0.0,0.0
2021-07-30,273.16242218712614,274.58967372933705,271.95546737648374,272.9133605957031,20944800,0.0,0.0
2021-08-02,274.3023136016928,274.69505336581767,271.79263781236295,272.8271789550781,16267400,0.0,0.0
2021-08-03,273.40193331425957,275.1357179422913,272.0417118924598,275.03033447265625,17879000,0.0,0.0
2021-08-04,274.1682781399353,275.48058755485204,272.6643783324015,274.4460754394531,16191300,0.0,0.0
2021-08-05,274.8005217895427,277.4347292005121,274.0533659477351,277.329345703125,13900200,0.0,0.0
2021-08-06,276.3618388625209,277.3101439901318,275.50929969046035,277.2718200683594,16589300,0.0,0.0
2021-08-09,277.5495522490111,279.2737483007528,275.6912371188151,276.1893310546875,16117600,0.0,0.0
2021-08-10,276.6396430462335,277.0707068328733,273.1912496834788,274.3790283203125,18616600,0.0,0.0
2021-08-11,275.1165861447633,276.50554342388034,273.82342406292844,274.8675537109375,13955900,0.0,0.0
2021-08-12,274.56099216059465,277.76035263480225,274.28319488720257,277.6070861816406,14561300,0.0,0.0
2021-08-13,277.2910077393741,280.56698698359713,277.1185647007926,280.51910400390625,18249000,0.0,0.0
2021-08-16,280.84483158157366,282.4062028526903,277.8082959568594,282.1954650878906,22507600,0.0,0.0
2021-08-17,280.0784603423911,281.074648413446,278.8235931164337,280.7393798828125,20075300,0.0,0.0
2021-08-18,280.27872459621557,282.94676489700373,278.579988799018,279.021484375,21813000,0.56,0.0
2021-08-19,277.06374329318857,285.4901498446082,277.01576863205804,284.8183288574219,29850500,0.0,0.0
2021-08-20,287.64939029855617,293.52291511144585,286.0562398936637,292.1025085449219,40817600,0.0,0.0
2021-08-23,291.03730802800146,293.1007158957985,289.6936956458467,292.38092041015625,22830200,0.0,0.0
2021-08-24,292.73598718389235,293.3406200208981,289.8376215126441,290.4326477050781,18175800,0.0,0.0
2021-08-25,292.04501401347983,292.3233431392219,288.3212965855392,289.8472595214844,20006100,0.0,0.0
2021-08-26,288.86836772999834,290.2503776581435,286.9105447389248,287.0448913574219,17666100,0.0,0.0
2021-08-27,286.9487418333464,288.75303312530804,284.875728175893,287.64935302734375,22605700,0.0,0.0
2021-08-30,288.99305899463644,291.96821926723266,288.935477703884,291.36358642578125,16348100,0.0,0.0
2021-08-31,292.16015783837884,292.23692312498054,289.35774161636004,289.7224426269531,26285300,0.0,0.0
2021-09-01,290.6725935556559,292.8991678511316,289.34816523699277,289.6744689941406,18983800,0.0,0.0
2021-09-02,290.0295511305213,291.14280883019796,288.0908835783772,289.0218200683594,16285600,0.0,0.0
2021-09-03,288.8683465578248,290.4135229329207,288.16776428642396,289.0123291015625,14747900,0.0,0.0
2021-09-07,288.8874712629774,288.964236546015,286.19064038486357,288.09088134765625,17180400,0.0,0.0
2021-09-08,287.70704475507114,288.50360551584674,285.49007706649724,288.1197204589844,15046800,0.0,0.0
2021-09-09,288.70516404309024,289.9720110672176,285.03899884685137,285.2789306640625,19927000,0.0,0.0
2021-09-10,286.40184654237044,287.84143755665605,283.48426721928973,283.80096435546875,19633400,0.0,0.0
2021-09-13,285.56683334808685,286.51698324787736,282.2365785977501,285.0293884277344,23652900,0.0,0.0
2021-09-14,287.49592696697243,289.2522444456008,286.0947332155957,287.7166748046875,21853400,0.0,0.0
2021-09-15,291.0469255772491,293.02396157546303,289.66491584995623,292.5440979003906,28356300,0.0,0.0
2021-09-16,291.52675443497674,293.0143199346179,288.647572728406,292.9279479980469,19550800,0.0,0.0
2021-09-17,291.92024060405146,292.2369376988319,287.4670922568032,287.79339599609375,41372500,0.0,0.0
2021-09-20,284.395999300158,286.6897617780861,277.86025823894886,282.44775390625,38278700,0.0,0.0
2021-09-21,283.78181431814966,285.5573159726547,282.2270605228024,282.9276428222656,22364100,0.0,0.0
2021-09-22,284.7799171748866,288.12935637243464,282.64932121103874,286.5553894042969,26626300,0.0,0.0
2021-09-23,286.81448200996863,288.781911071233,285.5476350659735,287.4958801269531,18604600,0.0,0.0
2021-09-24,286.2195130742343,287.7262628330811,284.9718498809772,287.2944030761719,14999000,0.0,0.0
2021-09-27,284.21360059113965,284.53029765067646,281.14246212180564,282.32293701171875,23571700,0.0,0.0
2021-09-28,278.12892262453175,279.0694657966121,271.36285777992146,272.1018371582031,43186200,0.0,0.0
2021-09-29,273.61823631743374,275.22096437346653,271.6124099419833,272.5625305175781,26353700,0.0,0.0
2021-09-30,274.20365982638276,276.23827687630234,270.278378953934,270.5663146972656,32343600,0.0,0.0
2021-10-01,270.7582465838053,278.301717984921,269.96168585473896,277.4571533203125,30086300,0.0,0.0
2021-10-04,275.82561222271863,276.16152262576014,268.96356808295144,271.7083740234375,31350700,0.0,0.0
2021-10-05,272.6104927683687,278.70476619683035,272.6104927683687,277.1308288574219,24993000,0.0,0.0
2021-10-06,274.27090536434855,281.80477159124865,274.0117895006264,281.3056945800781,28002600,0.0,0.0
2021-10-07,283.2922830435044,284.6935059183277,282.08304662293614,282.9755859375,20430500,0.0,0.0
2021-10-08,284.2904075857707,284.6935059183277,281.92948674808355,282.9755859375,17685700,0.0,0.0
2021-10-11,281.12334424926865,285.96995558239155,280.96017771512624,282.3805847167969,19298600,0.0,0.0
2021-10-12,283.44582055374815,283.541799129027,280.5762456707699,281.08489990234375,17974100,0.0,0.0
2021-10-13,283.03312739677557,285.3076759763524,281.6703020046008,284.3767395019531,23416300,0.0,0.0
2021-10-14,287.15996114857046,291.05645115386534,285.83553295482557,290.5574035644531,27262900,0.0,0.0
2021-10-15,290.164023884884,292.1890642449644,288.41731271503573,291.9587097167969,25384800,0.0,0.0
2021-10-18,291.34439492137415,295.79751392665924,290.4998302940227,294.9145812988281,22729300,0.0,0.0
2021-10-19,295.9319350570906,296.84365846900545,294.8474384623916,295.8167724609375,17682100,0.0,0.0
2021-10-20,296.7572212605968,297.22750747620495,293.7820612638545,295.02972412109375,16537100,0.0,0.0
2021-10-21,294.79942529790196,298.49435169218145,294.0220192983192,298.2448425292969,16918100,0.0,0.0
2021-10-22,297.89937264623074,298.5615868809637,295.40407560259746,296.7093200683594,17449300,0.0,0.0
2021-10-25,296.9011793012965,296.93957658837917,294.1179764030474,295.7207336425781,17554500,0.0,0.0
2021-10-26,298.4751735047065,299.81878579139044,296.1718339720267,297.6210021972656,28107300,0.0,0.0
2021-10-27,303.27383257307736,312.9670843453073,303.27383257307736,310.15509033203125,52588700,0.0,0.0
2021-10-28,311.2683233315921,311.7865842427679,308.417932252952,311.28753662109375,26297900,0.0,0.0
2021-10-29,311.0764222231841,318.62947157711153,310.8556743947785,318.2647705078125,34766000,0.0,0.0
2021-11-01,318.0151944565091,318.1399636800593,313.2261650477916,316.1053466796875,27073200,0.0,0.0
2021-11-02,317.0074904775489,320.02104795725353,316.7099773873297,319.71392822265625,26487100,0.0,0.0
2021-11-03,320.45291058114077,321.4126377941951,317.3337971387141,320.54888916015625,21500100,0.0,0.0
2021-11-04,319.4836051186062,322.98660357874707,316.23972246138726,322.890625,23992200,0.0,0.0
2021-11-05,324.8773141787061,325.14603666479826,320.9520328371746,322.5259704589844,22570100,0.0,0.0
2021-11-08,323.71603120896236,324.0519416472353,320.97122498059144,323.41851806640625,20897000,0.0,0.0
2021-11-09,323.5335762229284,325.07875202475316,321.0574932867859,322.4203186035156,21307400,0.0,0.0
2021-11-10,321.09588131914967,321.1534625982001,316.6331564614686,317.4776916503906,25500900,0.0,0.0
2021-11-11,317.90958234348346,320.3280839430203,317.1993937054505,319.04205322265625,16849800,0.0,0.0
2021-11-12,320.4721987193662,323.64889419343916,320.34742946636004,323.159423828125,23831000,0.0,0.0
2021-11-15,323.9463532471072,324.27265700662844,320.57770113283607,322.5355529785156,16723000,0.0,0.0
2021-11-16,322.16126404658087,326.95032335349225,321.99812680159425,325.8370361328125,20886800,0.0,0.0
2021-11-17,325.8851370775491,329.0099576589885,324.9813404697,326.0581970214844,19053400,0.62,0.0
2021-11-18,325.15435635646554,329.25990808153233,324.1351865907532,328.1253356933594,22463500,0.0,0.0
2021-11-19,329.442570826056,331.8078109454933,329.0195159309197,329.8944396972656,21963400,0.0,0.0
2021-11-22,331.3463577773727,336.2018658663324,326.4716305863018,326.7408447265625,31031100,0.0,0.0
2021-11-23,324.06784497801704,326.3754277340728,320.7122785777508,324.673583984375,30427600,0.0,0.0
2021-11-24,323.3275835286007,325.13517671876446,321.0488729392215,324.8948059082031,21661300,0.0,0.0
2021-11-26,321.47182770530526,324.9139237290462,315.4817784101395,316.981689453125,24217200,0.0,0.0
2021-11-29,322.0391233399611,325.97158534962614,321.8468150001387,323.6640319824219,28563500,0.0,0.0
2021-11-30,322.4045150069706,324.7697551795586,316.31831064916247,317.856689453125,42885600,0.0,0.0
2021-12-01,322.2217473799934,326.21189527919176,316.7028452932908,317.3662414550781,33337600,0.0,0.0
2021-12-02,317.57784067361735,320.6449739601022,315.1741330410827,316.7990417480469,30766000,0.0,0.0
2021-12-03,319.20276398285586,319.8854381080619,305.7804681645628,310.56866455078125,41779300,0.0,0.0
2021-12-06,311.4725076329486,314.8376989761692,306.93430556211973,313.626220703125,30032600,0.0,0.0
2021-12-07,318.86620419363703,322.86594725103106,317.38551230648477,322.0198669433594,31021900,0.0,0.0
2021-12-08,322.394924443513,322.5776085960502,318.05862588929494,322.0680236816406,24761000,0.0,0.0
2021-12-09,321.5295293799617,323.5294010834797,319.3277251227278,320.2699890136719,22214200,0.0,0.0
2021-12-10,322.0775956761069,329.7886790069199,321.894911553193,329.3464050292969,38095700,0.0,0.0
2021-12-13,327.5581205344927,330.5483488274046,326.01974140047037,326.3274230957031,28899400,0.0,0.0
2021-12-14,320.3853706539691,321.75068944249216,311.6262451506804,315.6933288574219,44438700,0.0,0.0
2021-12-15,315.9529787432078,322.2795546002779,312.0012968945024,321.7603454589844,35381100,0.0,0.0
2021-12-16,322.7794945853097,323.78906948093504,310.5782712717892,312.3858642578125,35034800,0.0,0.0
2021-12-17,308.52067208536005,312.4050716507524,305.0304840740271,311.32818603515625,47750300,0.0,0.0
2021-12-20,307.722635580741,310.3667139438823,305.3381764176737,307.5880432128906,28326500,0.0,0.0
2021-12-21,310.837814740566,315.10680116096665,307.4822194692522,314.6837463378906,24740600,0.0,0.0
2021-12-22,315.6548296221217,320.7603015592964,313.20305992289275,320.3661193847656,24831500,0.0,0.0
2021-12-23,319.9335482909737,323.4333613707806,319.9143291893332,321.798828125,19617800,0.0,0.0
2021-12-27,322.5391310058425,329.2887615338592,322.5102876848739,329.2599182128906,19947000,0.0,0.0
2021-12-28,329.9329216504245,330.567504020854,327.21193737349995,328.1061096191406,15661500,0.0,0.0
2021-12-29,328.15415682405353,331.0386060056612,326.59655896072684,328.7791442871094,15042000,0.0,0.0
2021-12-30,328.7406340105007,329.913644365541,325.76965526074713,326.2503967285156,15994500,0.0,0.0
2021-12-31,325.47161689597885,326.28885396518314,322.91406861710993,323.365966796875,18000800,0.0,0.0
2022-01-03,322.4333104284771,324.9812343560376,317.07784340008425,321.8564147949219,28865100,0.0,0.0
2022-01-04,321.93336411107276,322.28913749513237,313.55885476913005,316.3375549316406,32674300,0.0,0.0
2022-01-05,313.30884042531306,313.51077298431005,303.80941290749814,304.1940002441406,40054300,0.0,0.0
2022-01-06,301.08842050942394,306.42466920650463,299.49235507622586,301.7903137207031,39646100,0.0,0.0
2022-01-07,302.0499018859666,304.30939297872214,298.1462829521569,301.94415283203125,32720000,0.0,0.0
2022-01-10,297.56939515988586,302.597962334878,292.95428801782003,302.165283203125,44289500,0.0,0.0
2022-01-11,301.3095522143525,304.41512357671206,297.95398587837894,302.8479309082031,29386800,0.0,0.0
2022-01-12,307.35726904389804,310.95320590504565,304.8670023701138,306.01116943359375,34372200,0.0,0.0
2022-01-13,308.1264806975711,308.5206922774309,292.2908533568236,293.0600280761719,45366000,0.0,0.0
2022-01-14,292.53126883368355,298.8482206128136,292.0505272250826,298.2521057128906,39846400,0.0,0.0
2022-01-18,292.3581778205605,297.8674572905509,290.1179057310112,290.99285888671875,42333200,0.0,0.0
2022-01-19,294.49264788128625,301.8191439350218,291.04092729643247,291.6466369628906,45933900,0.0,0.0
2022-01-20,297.1656180407453,299.64623177263644,289.54106334856164,289.98333740234375,35380700,0.0,0.0
2022-01-21,291.03131903917586,292.39660859622313,284.22400232617673,284.6278381347656,57984400,0.0,0.0
2022-01-24,280.9453743252705,285.6662305381032,265.4173987440913,284.9547424316406,85731500,0.0,0.0
2022-01-25,280.2915581603582,283.6279058744891,274.1861636133682,277.3782653808594,72848600,0.0,0.0
2022-01-26,296.1271750879496,296.61754086589866,281.74339590875957,285.2816467285156,90428900,0.0,0.0
2022-01-27,291.0024967310887,295.4637633356451,286.45467082104994,288.2911071777344,53481300,0.0,0.0
2022-01-28,288.6661016492175,296.59833777305556,283.10873012038377,296.3868103027344,49743700,0.0,0.0
2022-01-31,297.05023502997614,300.34811523788875,294.5695920371354,299.0020446777344,46444500,0.0,0.0
2022-02-01,298.4540257576921,298.6655532510583,293.37739525904294,296.8675842285156,40950400,0.0,0.0
2022-02-02,297.70403751014493,302.98257070424955,296.9829251353378,301.3865051269531,36636000,0.0,0.0
2022-02-03,297.5694010605456,299.24240163998115,288.4064681116785,289.64678955078125,43730000,0.0,0.0
2022-02-04,288.64681946632084,296.9059553802916,288.4160729228112,294.1561279296875,35096500,0.0,0.0
2022-02-07,294.37731117460294,295.98297161566165,288.3487929994967,289.3583679199219,28533300,0.0,0.0
2022-02-08,289.646747832777,293.79073713074837,288.3968316951647,292.8292541503906,32421200,0.0,0.0
2022-02-09,297.9347607103794,299.9154135304483,295.5503014236904,299.22314453125,31284700,0.0,0.0
2022-02-10,292.3294032697685,297.2137257324467,289.1180524312668,290.73333740234375,45386200,0.0,0.0
2022-02-11,291.5120766241171,292.5697139503908,282.8875716532668,283.6759948730469,39175600,0.0,0.0
2022-02-14,282.45490783075724,285.3297625384846,280.12813492881736,283.6375427246094,36359500,0.0,0.0
2022-02-15,288.4546070123702,289.2141576740427,285.5797520645728,288.8968811035156,27058300,0.0,0.0
2022-02-16,287.47084335612135,289.8795209046397,282.95216192287677,288.5595703125,29982100,0.62,0.0
2022-02-17,285.5342722610437,285.9582018841707,279.4066103677046,280.1099548339844,32461600,0.0,0.0
2022-02-18,282.34519885606585,283.1256081080043,275.8514129414356,277.4122314453125,34264000,0.0,0.0
2022-02-22,274.58928762159644,280.8903974019096,274.1075520292779,277.2099304199219,41736100,0.0,0.0
2022-02-23,279.58010909240227,281.04460436118626,269.8683308283759,270.0321044921875,37811200,0.0,0.0
2022-02-24,262.55554816759064,284.3781651371424,261.6016916782459,283.8289794921875,56989700,0.0,0.0
2022-02-25,284.35889947396316,286.7579333141939,280.99636504653614,286.4496154785156,32546700,0.0,0.0
2022-02-28,283.5591579767434,288.2127395416602,282.29701327303695,287.8755187988281,34627500,0.0,0.0
2022-03-01,285.5728578838848,289.01245712557574,281.47810528267394,284.17584228515625,31217800,0.0,0.0
2022-03-02,284.57087386389,290.4576988958387,282.97153735333467,289.2244567871094,31873000,0.0,0.0
2022-03-03,291.8257768521812,292.05700050828193,283.3086664169441,285.1103820800781,27314500,0.0,0.0
2022-03-04,283.53992798121607,284.8598787290603,276.68001821827283,279.271728515625,32356500,0.0,0.0
2022-03-07,277.99032843801785,279.10795849514665,268.3556169829133,268.72174072265625,43157200,0.0,0.0
2022-03-08,267.6522801991081,273.58726615536074,260.1372168079997,265.7735290527344,48159500,0.0,0.0
2022-03-09,273.0862641319039,279.0212499230222,270.52342735372963,277.96142578125,35204500,0.0,0.0
2022-03-10,272.6816172407287,276.1308607136372,270.33074508462164,275.1577453613281,30628000,0.0,0.0
2022-03-11,277.44109570873076,278.93449337232187,269.22268940942564,269.8393249511719,27209300,0.0,0.0
2022-03-14,270.09954271533127,274.97470517723553,265.7446629920697,266.3420104980469,30660700,0.0,0.0
2022-03-15,270.1091142008014,277.3062441058317,268.5482958074122,276.66070556640625,34245100,0.0,0.0
2022-03-16,278.54919544627364,283.809770330095,272.8551054876842,283.6363525390625,37826300,0.0,0.0
2022-03-17,282.5764817272433,284.81171260660994,278.7996616158856,284.43597412109375,30816600,0.0,0.0
2022-03-18,284.580435823197,290.0047824722256,282.0368875720342,289.4555969238281,43390600,0.0,0.0
2022-03-21,287.9719290179041,289.17626805109586,284.1276588300462,288.2320556640625,28351200,0.0,0.0
2022-03-22,288.8486670583763,293.85872928601555,287.85629285362114,292.95306396484375,27599700,0.0,0.0
2022-03-23,289.5327166388402,292.15335927003025,286.84462397235353,288.5499572753906,25715400,0.0,0.0
2022-03-24,288.21276856606795,293.08793014220737,287.42271518108265,292.9915771484375,24484500,0.0,0.0
2022-03-25,294.0803119983577,294.3404386258809,288.35729097039587,292.5869140625,22566500,0.0,0.0
2022-03-28,293.2131884282858,299.4468485037341,293.2131884282858,299.35052490234375,29578200,0.0,0.0
2022-03-29,302.44322106271255,304.2834544196327,297.7607361570676,303.888427734375,30393400,0.0,0.0
2022-03-30,302.2987264531988,304.40873068688376,300.1983369373926,302.3950500488281,28163600,0.0,0.0
2022-03-31,302.43355970417105,303.6282838118876,296.6431186303352,297.0477600097656,33422100,0.0,0.0
2022-04-01,298.0691183624966,298.801365976558,294.3790361342476,298.1173095703125,27110500,0.0,0.0
2022-04-04,298.76279420407815,303.59940925877385,298.3966704273003,303.46453857421875,24289600,0.0,0.0
2022-04-05,301.826575864707,303.36813547948924,298.5507800600473,299.5238952636719,23156700,0.0,0.0
2022-04-06,294.041722765152,295.7856029580551,285.8714779355689,288.5595703125,40110400,0.0,0.0
2022-04-07,285.8234167762698,292.5580721641171,285.5247430073229,290.3613586425781,31411200,0.0,0.0
2022-04-08,289.4652859924413,290.1204393434208,285.4572423231668,286.1220397949219,24361900,0.0,0.0
2022-04-11,281.13127920546333,281.9213032700954,274.58930130303617,274.8398132324219,34569300,0.0,0.0
2022-04-12,278.6744307786593,280.119637735793,270.24405686204636,271.7567138671875,30966700,0.0,0.0
2022-04-13,272.40225746800036,278.03854117973947,271.0244711313333,277.1136169433594,21907200,0.0,0.0
2022-04-14,277.5663736108414,277.7783384197441,269.11674301597424,269.60809326171875,28221600,0.0,0.0
2022-04-18,268.72168356502846,272.1419936429615,268.17249807222686,270.2728576660156,20778000,0.0,0.0
2022-04-19,269.17459327763214,275.71657107306396,268.2400250211419,274.8783264160156,22297700,0.0,0.0
2022-04-20,278.8285886738467,279.11764770587973,274.94580050630236,275.8996276855469,22906700,0.0,0.0
2022-04-21,278.03852943515125,282.5861150592423,269.82976470304897,270.5523681640625,29454600,0.0,0.0
2022-04-22,271.39056854763874,272.8550636325426,263.393769113378,264.02001953125,29405800,0.0,0.0
2022-04-25,263.30702351755633,270.8413451266627,260.8790575428307,270.4656066894531,35678900,0.0,0.0
2022-04-26,267.36328244773966,268.19185364215673,260.13724778699,260.3492126464844,46518400,0.0,0.0
2022-04-27,271.7951847238902,280.3411680957989,268.96257753012264,272.874267578125,63477700,0.0,0.0
2022-04-28,274.77226623006675,280.3507709313544,271.1785092154358,279.0500793457031,33646600,0.0,0.0
2022-04-29,278.06746249784794,279.29108997541846,266.3998381310292,267.382568359375,37073900,0.0,0.0
2022-05-02,267.56559909941353,274.53150699101036,266.1300363109666,274.07867431640625,35151100,0.0,0.0
2022-05-03,273.5872373213016,273.7510403407447,269.91641488989063,271.48687744140625,25978600,0.0,0.0
2022-05-04,272.2672643508038,280.254447114598,266.62133844584713,279.3873291015625,33599300,0.0,0.0
2022-05-05,275.10958168100854,275.88999102064156,264.318692205309,267.21875,43260400,0.0,0.0
2022-05-06,264.77149224146683,269.0493063035853,261.3607962940362,264.6944274902344,37780300,0.0,0.0
2022-05-09,260.1950242973113,262.41099624830406,253.70123795853172,254.91519165039062,47726000,0.0,0.0
2022-05-10,261.7654605643178,263.75020864058513,255.38728670730274,259.65545654296875,39336400,0.0,0.0
2022-05-11,255.97500607449467,261.44751510704526,249.82805548109343,251.0323944091797,48975900,0.0,0.0
2022-05-12,248.27691919370875,250.38692367206517,240.88709615996444,246.02239990234375,51033800,0.0,0.0
2022-05-13,247.94928292003297,253.43143559809596,246.02234080198772,251.58155822753906,34925100,0.0,0.0
2022-05-16,250.46396948086246,256.10992610515103,246.43666684818785,251.94772338867188,32550900,0.0,0.0
2022-05-17,256.3893090476885,258.5282163055622,252.87264501904795,257.0733947753906,28828800,0.0,0.0
2022-05-18,253.98308927658698,254.56252427185584,244.10382723032592,245.36891174316406,31356000,0.62,0.0
2022-05-19,245.19505877898175,248.83582357923467,243.24432488041336,244.46112060546875,32692300,0.0,0.0
2022-05-20,248.42054052843162,249.6759878292524,237.9908293362282,243.9010009765625,39199300,0.0,0.0
2022-05-23,246.73055952174275,252.53450204595984,244.74117401105033,251.71363830566406,33175400,0.0,0.0
2022-05-24,249.04829526787134,252.3703282848016,244.8087915946299,250.71896362304688,29043900,0.0,0.0
2022-05-25,249.28976865012686,255.50894824222092,248.31438673907394,253.5195770263672,28547900,0.0,0.0
2022-05-26,253.2781100641193,257.9521680064266,252.46691284814418,256.7836608886719,25002100,0.0,0.0
2022-05-27,259.2752549960121,263.96861721941957,258.3867839504424,263.8720397949219,26910800,0.0,0.0
2022-05-31,263.18644804188176,265.34964136399043,259.70986629470804,262.549072265625,37827700,0.0,0.0
2022-06-01,265.76488780764225,268.16950970418117,260.78179284572826,263.0802001953125,25292200,0.0,0.0
2022-06-02,255.38340607068776,265.2336837998182,252.63111175251524,265.16607666015625,44008200,0.0,0.0
2022-06-03,261.0424863281772,264.074846353105,259.20763325124227,260.7624206542969,28059000,0.0,0.0
2022-06-06,262.73246453455715,264.7797759619563,258.0584066884809,259.53594970703125,22400300,0.0,0.0
2022-06-07,257.49830250093424,263.76578441208926,256.8222901054273,263.1573791503906,22860700,0.0,0.0
2022-06-08,262.3945479893219,263.64032922553787,260.36653956255816,261.1391296386719,17372300,0.0,0.0
2022-06-09,258.5991944855066,263.36016296929256,255.55719774199142,255.7117156982422,26439700,0.0,0.0
2022-06-10,251.6460754214227,251.6460754214227,243.8720791834992,244.31631469726562,31422800,0.0,0.0
2022-06-13,236.70647229198008,240.48242256411086,233.24920982974828,233.9541778564453,46135800,0.0,0.0
2022-06-14,235.49933694664017,237.31488645148173,233.2299000655882,236.1077423095703,28651500,0.0,0.0
2022-06-15,239.79671901174797,246.5470730031909,237.9715180249655,243.12843322753906,33111700,0.0,0.0
2022-06-16,237.54664093367091,238.93727329741498,234.68813195099327,236.57127380371094,33169200,0.0,0.0
2022-06-17,236.3104757531048,241.91162613162422,235.66344842154882,239.15933227539062,43084800,0.0,0.0
2022-06-21,241.67987371090587,246.0159401392919,240.95558733169304,245.0405731201172,29928300,0.0,0.0
2022-06-22,243.25401534558895,248.3530054561835,241.78612402987773,244.45150756835938,25939900,0.0,0.0
2022-06-23,246.80786429478658,250.47757061654244,244.93437427025984,249.98504638671875,25861400,0.0,0.0
2022-06-24,252.8338959418169,258.79237173531016,252.74698510975713,258.52197265625,33923200,0.0,0.0
2022-06-27,259.01448667805846,259.1013975165965,254.25351742662792,255.80833435058594,24615100,0.0,0.0
2022-06-28,254.92949381458487,257.7590321077553,247.53211228973697,247.68663024902344,27295500,0.0,0.0
2022-06-29,248.75856369685934,252.9884007989355,246.99130319168566,251.3370361328125,20069800,0.0,0.0
2022-06-30,248.23708621339836,250.63207057542505,244.22937393334024,248.02462768554688,31730900,0.0,0.0
2022-07-01,247.59975426359935,250.86384714723536,245.88076751202806,250.68035888671875,22837700,0.0,0.0
2022-07-05,247.3775600381912,253.96374346725312,246.00624649481796,253.83819580078125,22941000,0.0,0.0
2022-07-06,254.70735692498906,258.8019795069243,253.40363564931488,257.0830078125,23824400,0.0,0.0
2022-07-07,256.0303925395583,259.8353125390256,255.93381513155052,259.19793701171875,20859900,0.0,0.0
2022-07-08,255.71170926657888,258.9082238859461,254.2631366183598,258.4833068847656,19658800,0.0,0.0
2022-07-11,256.5421992795978,257.3920332460969,253.19116684927542,255.44129943847656,19455200,0.0,0.0
2022-07-12,256.76434994360125,256.8222904951569,243.3988410088484,244.97296142578125,35868500,0.0,0.0
2022-07-13,241.61228376039588,244.8570873615849,239.603594413408,244.0555419921875,29497400,0.0,0.0
2022-07-14,241.97925680708025,246.39256746391416,237.5079908622042,245.36891174316406,25102800,0.0,0.0
2022-07-15,246.9526808402148,251.44325042079436,246.03525438925857,247.91839599609375,29774100,0.0,0.0
2022-07-18,250.84451446983314,251.89714046464383,244.6156545937457,245.5330810546875,20975000,0.0,0.0
2022-07-19,248.74889324561178,250.8155377951831,244.9826100870289,250.63204956054688,25012600,0.0,0.0
2022-07-20,250.98936645500257,255.78897202237206,250.03331786878604,253.27810668945312,22788300,0.0,0.0
2022-07-21,250.8831747670427,255.80832847001912,248.21779122798213,255.76002502441406,22404700,0.0,0.0
2022-07-22,256.1462886118709,256.23319944277154,250.1878423691355,251.43359375,21881300,0.0,0.0
2022-07-25,252.05166965931448,252.53452726402583,248.0053205741304,249.9560546875,21056000,0.0,0.0
2022-07-26,250.9507414709721,250.97007463688564,241.01355313399756,243.26365661621094,39348000,0.0,0.0
2022-07-27,252.20613823088766,260.7913294360416,249.97533889176114,259.5262451171875,45994000,0.0,0.0
2022-07-28,260.5016826567174,268.31431531179504,258.68613331334205,266.933349609375,33459300,0.0,0.0
2022-07-29,268.1790850711419,272.33164805798015,267.14576287951564,271.1148376464844,32152800,0.0,0.0
2022-08-01,268.29499686655436,271.63636311853617,266.38287021128184,268.4784851074219,21539600,0.0,0.0
2022-08-02,266.53736387741355,268.362579537139,263.04147997964446,265.3978271484375,22754200,0.0,0.0
2022-08-03,267.2713577584934,273.7802690088794,267.12647689627147,272.78558349609375,23518900,0.0,0.0
2022-08-04,272.13853085373546,274.0699612486414,270.56443983776984,273.92510986328125,18098700,0.0,0.0
2022-08-05,269.57938130013923,273.92509952465934,269.1254939956156,273.2104797363281,16774600,0.0,0.0
2022-08-08,274.3114502007027,276.1173627718341,269.7436351767165,270.7093505859375,18739200,0.0,0.0
2022-08-09,270.05262233660574,273.3746556298809,268.09219211802474,272.62139892578125,23405200,0.0,0.0
2022-08-10,278.2901367727336,279.8738942312327,277.10229657539446,279.2461853027344,24687800,0.0,0.0
2022-08-11,280.8782092911261,281.2258525395224,276.6870097926365,277.17950439453125,20065900,0.0,0.0
2022-08-12,278.58955073001846,281.9019470214844,277.10234096743113,281.9019470214844,22619700,0.0,0.0
2022-08-15,281.02312948938925,284.09409682100915,280.1636287959346,283.408447265625,18085700,0.0,0.0
2022-08-16,281.9791529178918,283.958886627976,280.4630025536895,282.6744689941406,18102900,0.0,0.0
2022-08-17,280.4002359720042,283.8938831580585,280.1389500408416,281.9293212890625,18253400,0.62,0.0
2022-08-18,280.8357203997343,282.50027733774294,279.76148592010856,280.8163757324219,17186200,0.0,0.0
2022-08-19,279.58728744368415,279.9260110820991,276.35495606289055,276.9259338378906,20570000,0.0,0.0
2022-08-22,272.9872247484101,273.3549802904122,268.2838995335917,268.79681396484375,25061100,0.0,0.0
2022-08-23,267.52899169921875,269.8709667468448,266.5225077065828,267.52899169921875,17527400,0.0,0.0
2022-08-24,266.5322078904403,268.2935475805408,266.2418606203545,266.89996337890625,18137000,0.0,0.0
2022-08-25,268.39027578883355,270.0258011315452,265.67085828538086,269.8612976074219,16583400,0.0,0.0
2022-08-26,270.0838482135881,271.3032415870308,259.34168014145877,259.4481201171875,27549300,0.0,0.0
2022-08-29,257.2803379595906,258.7803619357156,255.34480790841272,256.6803283691406,20338500,0.0,0.0
2022-08-30,258.0739373346952,258.4416632715631,252.25765951741022,254.49319458007812,22767100,0.0,0.0
2022-08-31,256.8350935736487,258.49962054187785,252.9059416338646,253.04144287109375,24791800,0.0,0.0
2022-09-01,250.5253477936383,252.4802522057439,247.17688880265302,252.0060272216797,23263400,0.0,0.0
2022-09-02,253.2641326770218,256.20611724920184,246.26718053225406,247.80592346191406,22855400,0.0,0.0
2022-09-06,247.94142082307454,249.51885306650013,243.81873220604314,245.0865020751953,21328200,0.0,0.0
2022-09-07,246.48976943648967,250.4866292810051,245.05748121497774,249.77049255371094,24126700,0.0,0.0
2022-09-08,249.2092379511494,252.03509593054494,246.5769005337194,250.18666076660156,20319900,0.0,0.0
2022-09-09,252.10280861891394,256.68034817535016,251.89958621733555,255.93515014648438,22084700,0.0,0.0
2022-09-12,257.2125840758803,258.82876464312335,256.6125744929972,258.0545349121094,18747700,0.0,0.0
2022-09-13,250.49627701855277,252.00598798329736,243.47998110571493,243.86709594726562,33353300,0.0,0.0
2022-09-14,245.35744562009026,246.03487812902216,241.8057500396919,244.0896759033203,23913000,0.0,0.0
2022-09-15,241.71868768706014,243.2961347228246,236.1540384880937,237.47019958496094,31530900,0.0,0.0
2022-09-16,236.38629220933913,237.3927761581187,234.2572119949683,236.850830078125,39791800,0.0,0.0
2022-09-19,234.6539876734692,237.2379185278828,233.08621305250247,236.63790893554688,26826900,0.0,0.0
2022-09-20,234.26688762643548,235.66045686379198,231.91521092748422,234.63462829589844,26660300,0.0,0.0
2022-09-21,236.39595324962926,239.67667590576733,231.19904532157508,231.2474365234375,28625600,0.0,0.0
2022-09-22,230.20224081204793,235.99915810009645,229.91192314451845,233.2119903564453,31061200,0.0,0.0
2022-09-23,231.81840003910415,233.35715746883162,227.618303873853,230.25062561035156,34176000,0.0,0.0
2022-09-26,229.4087220067833,233.66688257896323,229.26354838030127,229.7958221435547,27694200,0.0,0.0
2022-09-27,232.2442506798707,234.0055901447024,226.94090238363955,228.78933715820312,27018700,0.0,0.0
2022-09-28,229.1764446378298,234.51851197700628,227.16349151340208,233.29913330078125,29029700,0.0,0.0
2022-09-29,231.18936994540456,232.21519843693235,226.85378707356358,229.84417724609375,27484200,0.0,0.0
2022-09-30,230.60869305076636,232.7861640901867,225.22792253383935,225.39244079589844,35694800,0.0,0.0
2022-10-03,227.8215623611014,233.82170241211634,227.0957386105692,232.97975158691406,28880400,0.0,0.0
2022-10-04,237.1895532288344,242.2896796214913,237.08309847338114,240.85739135742188,34888400,0.0,0.0
2022-10-05,238.06056573247915,242.50260443530203,236.2314901038506,241.16708374023438,20347100,0.0,0.0
2022-10-06,239.93801428914404,242.27033191992084,238.14765756406132,238.8347625732422,20239900,0.0,0.0
2022-10-07,233.13462052161643,233.5410948826366,225.65379998930908,226.68931579589844,37769600,0.0,0.0
2022-10-10,225.53763257488384,226.99895238528188,219.42135078516142,221.86012268066406,29743600,0.0,0.0
2022-10-11,220.28267336430167,221.67625738261597,216.8858233948525,218.1439208984375,30474000,0.0,0.0
2022-10-12,218.1342225142281,220.51493088352666,216.74065333491876,218.4729461669922,21903900,0.0,0.0
2022-10-13,212.7631757709487,228.48935957942223,212.0663836762347,226.68931579589844,42551800,0.0,0.0
2022-10-14,227.94734744050535,229.59255965182822,220.9794428267959,221.19235229492188,30198600,0.0,0.0
2022-10-17,228.21834487388986,231.2571263231049,227.5602570081076,229.8732147216797,28142300,0.0,0.0
2022-10-18,235.39917762563184,236.06692311030656,227.78285659055385,230.8119659423828,26329600,0.0,0.0
2022-10-19,229.39904756859667,231.88621112377126,226.73769337233603,228.8571014404297,19985700,0.0,0.0
2022-10-20,228.16999426870214,233.5314067191375,227.29899677080496,228.53773498535156,21811000,0.0,0.0
2022-10-21,227.17315124335872,235.16688446931025,226.94088233766772,234.31524658203125,26299700,0.0,0.0
2022-10-24,235.9024470357537,239.85093094429416,233.52175284057188,239.2799530029297,24911200,0.0,0.0
2022-10-25,239.28957660185964,242.9477272430807,237.90567969361152,242.57998657226562,34775500,0.0,0.0
2022-10-26,223.71826021026072,230.61843021635175,222.64404034026404,223.86343383789062,82543200,0.0,0.0
2022-10-27,223.5924250678105,226.15701124638468,218.50198634809382,219.4407196044922,40424600,0.0,0.0
2022-10-28,218.94718608542487,228.97323332024203,218.7633083498998,228.26675415039062,40647700,0.0,0.0
2022-10-31,226.22473999169745,227.34735093033876,223.69887276321543,224.6472930908203,28357300,0.0,0.0
2022-11-01,227.03766243441322,228.14091388312903,220.00200713618008,220.81492614746094,30592300,0.0,0.0
2022-11-02,222.06334620744084,223.84403012553616,212.94698761825015,213.00506591796875,38407000,0.0,0.0
2022-11-03,212.9954183740974,213.3051102957607,207.08237299301675,207.3436737060547,36633900,0.0,0.0
2022-11-04,210.5372801806807,214.447044310669,206.5500783111964,214.2534942626953,36789100,0.0,0.0
2022-11-07,214.8341938279996,221.047244401779,214.14707406489467,220.52464294433594,33498000,0.0,0.0
2022-11-08,221.32785232766216,224.18275612145348,218.5600438397234,221.49237060546875,28192500,0.0,0.0
2022-11-09,220.04074269428185,221.26013615245242,217.09874333274988,217.27293395996094,27852900,0.0,0.0
2022-11-10,227.84090847628838,235.4862608906142,227.42477661146236,235.1475372314453,46268000,0.0,0.0
2022-11-11,235.15723711883936,239.99606241623323,234.1313937515766,239.14442443847656,34620200,0.0,0.0
2022-11-14,234.1894756115481,236.0475827819004,231.49908988674315,233.76365661621094,31123300,0.0,0.0
2022-11-15,237.74116029609917,239.03796188941354,232.29263846364998,234.17010498046875,31390100,0.0,0.0
2022-11-16,235.62582643468144,236.60603316606853,233.32576434985185,234.59710693359375,24093300,0.68,0.0
2022-11-17,230.7636397185708,236.07223336578542,230.6180718084606,234.54855346679688,23123500,0.0,0.0
2022-11-18,236.32462469105138,236.54784862947287,231.9768224126588,234.10220336914062,27613500,0.0,0.0
2022-11-21,234.3059689787537,237.45036963154155,234.07306028423957,234.90768432617188,26394700,0.0,0.0
2022-11-22,236.40223227361014,238.07148033059326,233.6072243246812,237.79974365234375,19665700,0.0,0.0
2022-11-23,237.87735803486538,240.95381671678922,237.0621480919058,240.27447509765625,19508500,0.0,0.0
2022-11-25,240.01245273021934,241.36143645953254,239.44956540890726,240.18714904785156,9200800,0.0,0.0
2022-11-28,238.81873915133238,239.3719120438035,233.69454115958348,234.62620544433594,24778200,0.0,0.0
2022-11-29,234.27683765009397,235.62582136830417,231.1809796211648,233.23841857910156,17956300,0.0,0.0
2022-11-30,233.47135371926146,247.7958155951577,232.78229762918565,247.61141967773438,47594200,0.0,0.0
2022-12-01,246.37891746379069,248.56252551104194,243.51596765243588,247.1747283935547,26041500,0.0,0.0
2022-12-02,242.44842226131698,248.5042854543991,242.32225350861475,247.49497985839844,21528500,0.0,0.0
2022-12-05,244.5737425044445,246.33034588676122,240.74030114271105,242.81715393066406,23435300,0.0,0.0
2022-12-06,243.41885647511128,244.4281618297874,236.58658321325484,237.8870391845703,22463700,0.0,0.0
2022-12-07,237.60562791314456,238.89638442921668,235.06294286518101,237.15919494628906,20481500,0.0,0.0
2022-12-08,237.61533452681962,241.4002634352855,235.88785939315616,240.09979248046875,22611800,0.0,0.0
2022-12-09,237.4794974313884,240.98297573692605,236.95543802882835,238.17825317382812,20609700,0.0,0.0
2022-12-12,240.1483469667902,245.08814984287235,239.87661027319498,245.0590362548828,30665100,0.0,0.0
2022-12-13,253.96813536884156,256.13234388565945,245.6024963823434,249.33889770507812,42196900,0.0,0.0
2022-12-14,249.54270989920707,254.84158999041878,246.8059142850901,249.6300506591797,35410900,0.0,0.0
2022-12-15,246.23330237453274,246.6991345223688,240.04155689170804,241.6622772216797,35560400,0.0,0.0
2022-12-16,241.21587335248572,242.4678019516118,236.3245836806278,237.4697723388672,86102000,0.0,0.0
2022-12-19,237.6347483108368,237.9744265437408,231.6662265103739,233.35487365722656,29696400,0.0,0.0
2022-12-20,232.33587889229094,235.74231675615167,231.38480046926088,234.66506958007812,25150800,0.0,0.0
2022-12-21,234.55828309775762,238.37231067567322,233.02490350803566,237.21742248535156,23690600,0.0,0.0
2022-12-22,234.14097913275145,234.84944921071,226.96904125544336,231.1615753173828,28651700,0.0,0.0
2022-12-23,229.14296825844733,231.821522034393,227.03700146219919,231.68565368652344,21207000,0.0,0.0
2022-12-27,231.65655824978924,231.87976737980617,228.87124949594994,229.96791076660156,16688600,0.0,0.0
2022-12-28,229.89993593986588,232.64643111207874,227.26019552023155,227.6095733642578,17457100,0.0,0.0
2022-12-29,228.6964916617764,234.78148218567202,228.6964916617764,233.89833068847656,19770700,0.0,0.0
2022-12-30,231.18100636407286,232.87936810259998,229.67674014824095,232.74349975585938,21938500,0.0,0.0
2023-01-03,235.90728230837536,238.49849510687616,230.39487805775428,232.51055908203125,25740000,0.0,0.0
2023-01-04,225.42597193507248,225.99855889308043,219.29246770974694,222.33981323242188,50623400,0.0,0.0
2023-01-05,220.49587519530553,220.8355534662342,215.21639405316571,215.7501678466797,39585600,0.0,0.0
2023-01-06,216.4197883428899,219.09834182718123,212.8774972822173,218.29283142089844,43613600,0.0,0.0
2023-01-09,219.76796959383623,224.41663581790868,219.72915641914315,220.41819763183594,27369800,0.0,0.0
2023-01-10,221.03930492500658,224.48455530245445,220.62200037429594,222.09715270996094,27033900,0.0,0.0
2023-01-11,224.4651718383663,228.98766979827053,224.2904903213458,228.81298828125,28669300,0.0,0.0
2023-01-12,228.31800704319014,232.82109060207105,226.6681731391479,231.47210693359375,27269500,0.0,0.0
2023-01-13,230.0066742453539,232.30673624907553,227.98804849183014,232.17086791992188,21333300,0.0,0.0
2023-01-17,230.94806647820474,233.80131636600996,230.09402846864725,233.25784301757812,29831300,0.0,0.0
2023-01-18,234.44182098542313,235.22791734206064,228.57033988504867,228.85177612304688,30028700,0.0,0.0
2023-01-19,226.8817052615486,228.57036731781892,223.8731729886452,225.08628845214844,28623000,0.0,0.0
2023-01-20,227.92985845985373,233.63635883113758,227.59018017735744,233.13169860839844,35389800,0.0,0.0
2023-01-23,233.98570310784828,237.93559913009912,232.57847740404011,235.42202758789062,31934000,0.0,0.0
2023-01-24,235.34442805481387,236.7516391990006,233.3452159013229,234.8979949951172,40234400,0.0,0.0
2023-01-25,227.56106931490226,236.12081997438574,224.08670450908426,233.51019287109375,66526600,0.0,0.0
2023-01-26,236.4604658112775,240.98296392015405,234.85915928502237,240.68211364746094,33454500,0.0,0.0
2023-01-27,241.6428822092,242.45809218411858,239.54661529494882,240.83737182617188,26498900,0.0,0.0
2023-01-30,237.2950615090347,238.35290934630353,235.0532267167277,235.54818725585938,25867400,0.0,0.0
2023-01-31,236.26634887736424,240.6335642533175,235.78110272448055,240.49769592285156,26541100,0.0,0.0
2023-02-01,240.68209268360533,247.65022035562143,238.22674832599188,245.29193115234375,31259900,0.0,0.0
2023-02-02,251.18291212542772,256.8796991819639,249.65923157293662,256.7923583984375,39940400,0.0,0.0
2023-02-03,251.88161873138833,256.4041171018203,249.51361478434532,250.7267303466797,29077300,0.0,0.0
2023-02-06,249.84355651391297,250.67816573061054,247.26204327207444,249.1933135986328,22518000,0.0,0.0
2023-02-07,252.84241675056464,260.83926569165476,252.40568326679633,259.66497802734375,50841400,0.0,0.0
2023-02-08,265.13846022946933,268.593409822923,258.35470014039424,258.859375,54686000,0.0,0.0
2023-02-09,265.72080730740066,265.8955184484022,255.0453909060254,255.84120178222656,42375100,0.0,0.0
2023-02-10,253.812867726257,256.29732581806934,252.96854410513563,255.3365478515625,25818500,0.0,0.0
2023-02-13,259.742590569191,266.49720913120274,259.26702917112374,263.3139953613281,44630900,0.0,0.0
2023-02-14,264.62413161713886,266.85625191813295,261.33414871350027,264.1388854980469,37047900,0.0,0.0
2023-02-15,261.0547562578646,263.39950469785816,258.9726863891012,262.0276794433594,28922400,0.68,0.0
2023-02-16,256.87119590508456,259.5175484370859,254.80860328435423,255.0518341064453,29603600,0.0,0.0
2023-02-17,252.36652933438805,253.0475576685139,249.06830587586964,251.07252502441406,30000100,0.0,0.0
2023-02-21,247.58947974202172,248.5721416274502,244.77773242454728,245.8284912109375,28397400,0.0,0.0
2023-02-22,247.2100181685843,247.45324893497764,243.5615566726842,244.6998748779297,22491100,0.0,0.0
2023-02-23,248.64023054148305,249.88557094928385,243.69777930306105,247.8716278076172,29219100,0.0,0.0
2023-02-24,243.19187704458037,244.2037105882477,241.38223939221282,242.47190856933594,24990900,0.0,0.0
2023-02-27,245.6242009691581,245.97445391978178,242.6373195783351,243.386474609375,21190000,0.0,0.0
2023-02-28,242.3259744546454,244.68044668021838,241.99516930320846,242.66648864746094,22491000,0.0,0.0
2023-03-01,243.97020688018864,244.13560203633548,239.1347775749903,239.60179138183594,27565300,0.0,0.0
2023-03-02,239.8742028427946,244.592871158647,238.95965271701235,244.31072998046875,24808200,0.0,0.0
2023-03-03,245.36146516717056,248.69858408661656,244.58312376181246,248.3775177001953,30760100,0.0,0.0
2023-03-06,249.48667584365674,253.07676463691814,249.04886339595808,249.91476440429688,24109800,0.0,0.0
2023-03-07,249.36018084473946,250.71255821742662,246.528985881538,247.26840209960938,21473200,0.0,0.0
2023-03-08,247.16138722750551,247.64784879607657,244.0188496513126,246.83059692382812,17340200,0.0,0.0
2023-03-09,248.8931916251687,252.53191447494493,244.76799238551584,245.4879608154297,26653400,0.0,0.0
2023-03-10,244.28156241943404,245.9452528022764,240.89579379056408,241.85897827148438,28333900,0.0,0.0
2023-03-13,240.70116918441778,250.92660047438005,239.07638938766013,247.0446319580078,33339700,0.0,0.0
2023-03-14,249.79800481641536,254.0010397156642,248.93210385508328,253.72862243652344,33620300,0.0,0.0
2023-03-15,252.9405641280701,259.26456442561187,252.19139432118732,258.2527160644531,46028000,0.0,0.0
2023-03-16,258.0289293565625,269.0716125790634,256.15119488258745,268.72137451171875,54768800,0.0,0.0
2023-03-17,270.72558821466924,275.6582857099673,268.83811504692954,271.8638916015625,69527400,0.0,0.0
2023-03-20,269.4802407516752,269.96670228330714,262.543294560003,264.8588562011719,43466600,0.0,0.0
2023-03-21,267.4371343013886,267.5538803349331,262.2222505034053,266.3669128417969,34558700,0.0,0.0
2023-03-22,265.9972279895284,273.4303763569465,264.8102603593326,264.91729736328125,34873300,0.0,0.0
2023-03-23,270.41420190108295,273.44971669614165,267.74840257051886,270.14178466796875,36610900,0.0,0.0
2023-03-24,269.7332022897182,273.03142599171395,267.8262812456373,272.9730529785156,28172000,0.0,0.0
2023-03-27,272.90492269572303,273.8389205347129,268.0597550905618,268.896484375,26840200,0.0,0.0
2023-03-28,268.32245293412296,268.66298193563654,264.68370058234905,267.7776184082031,21878600,0.0,0.0
2023-03-29,271.4066242065595,273.527619165426,270.8715283691032,272.9146728515625,25087000,0.0,0.0
2023-03-30,276.53391335276035,276.7576666390423,273.85837511849326,276.3587646484375,25053400,0.0,0.0
2023-03-31,276.04750748202,281.4374805787577,275.33726286422353,280.4937438964844,32766000,0.0,0.0
2023-04-03,278.7619618964318,280.4645776022263,276.2615716824238,279.4527587890625,24883300,0.0,0.0
2023-04-04,279.4527167048261,282.58553031935185,277.9349590223858,279.404052734375,25824300,0.0,0.0
2023-04-05,278.11008412867955,279.3748723279069,275.25942646851195,276.6409606933594,22064800,0.0,0.0
2023-04-06,275.54153732325625,284.1713602969535,274.3934952141327,283.7043762207031,29770300,0.0,0.0
2023-04-10,281.3791115118309,281.75856581319096,277.00095709388467,281.55426025390625,23103000,0.0,0.0
2023-04-11,278.01270067792984,278.23648361929355,274.0140020695847,275.1717529296875,27276600,0.0,0.0
2023-04-12,277.07875205265157,279.23864232032844,274.32536331001984,275.8139343261719,27403400,0.0,0.0
2023-04-13,275.9112355229667,282.0503774003979,275.50262448189994,281.99200439453125,24222700,0.0,0.0
2023-04-14,279.2289726922403,280.6689097907965,276.00859911070734,278.39227294921875,20987900,0.0,0.0
2023-04-17,282.07960200286976,283.7043967289592,278.4116924129814,280.9801940917969,23836200,0.0,0.0
2023-04-18,283.67525611133146,283.86011391519935,279.23872820102855,280.5618896484375,20161800,0.0,0.0
2023-04-19,278.2462667608946,281.22340905975057,276.8355460862607,280.6396789550781,17150300,0.0,0.0
2023-04-20,277.5263678512321,281.2040166915489,277.3609578281469,278.3630676269531,23244400,0.0,0.0
2023-04-21,277.2928296281938,278.51869257683563,275.3956176560884,278.02252197265625,21676400,0.0,0.0
2023-04-24,274.4519370721957,277.2345132199959,271.173190218911,274.1405944824219,26611000,0.0,0.0
2023-04-25,271.9418077634244,273.97521394741574,267.9138909506877,267.9625549316406,45772200,0.0,0.0
2023-04-26,288.6662575975103,291.45854177585926,284.80375221197545,287.37225341796875,64599200,0.0,0.0
2023-04-27,287.9560567732343,296.936147852177,287.2555509397699,296.5761413574219,46462600,0.0,0.0
2023-04-28,295.7783684985938,300.56513364270495,295.0973104351293,298.94036865234375,36469600,0.0,0.0
2023-05-01,298.6582327311371,300.24410228095644,296.8875053999733,297.2864074707031,21294100,0.0,0.0
2023-05-02,299.42681707438953,300.8083512230657,295.6810572722288,297.14044189453125,26404400,0.0,0.0
2023-05-03,298.3176970170622,300.25380462015016,295.8562025897096,296.1578063964844,22360800,0.0,0.0
2023-05-04,297.9479549880525,299.42681707438953,295.1848569994441,297.14044189453125,22519900,0.0,0.0
2023-05-05,297.4420521379096,303.5228215296377,296.03130176252597,302.2385559082031,28197100,0.0,0.0
2023-05-08,301.73263089775384,301.80074263730194,297.80201345372643,300.2926940917969,21318600,0.0,0.0
2023-05-09,299.66030098483304,301.6450723308815,298.0160586463366,298.6873779296875,21340800,0.0,0.0
2023-05-10,300.2635487654328,304.52495706862396,299.33928955394174,303.8536376953125,30078000,0.0,0.0
2023-05-11,301.7034867589505,302.695857722587,297.9674652772338,301.71319580078125,31680200,0.0,0.0
2023-05-12,302.14130111816417,302.23859938067807,298.2982721245842,300.6040954589844,19774700,0.0,0.0
2023-05-15,300.7305724404115,301.50889913783726,299.26144888091557,301.080810546875,16336500,0.0,0.0
2023-05-16,301.4407550392499,305.2157014683238,301.4407550392499,303.2990417480469,26730300,0.0,0.0
2023-05-17,304.49838322404014,306.5849748220485,302.98703781876026,306.16571044921875,24315000,0.68,0.0
2023-05-18,306.6824666262682,311.07995152372933,305.8926785291236,310.5729064941406,27276000,0.0,0.0
2023-05-19,308.83731401909836,310.7971739556616,308.47655029580653,310.39739990234375,27546700,0.0,0.0
2023-05-22,310.6509792014614,314.54141972113337,310.0757031921086,313.1665954589844,24115700,0.0,0.0
2023-05-23,312.0452341385488,314.66812088311536,307.38449657033,307.3942565917969,30797200,0.0,0.0
2023-05-24,306.8774884337067,308.6033161721185,304.8103574976606,306.0194396972656,23384900,0.0,0.0
2023-05-25,315.175173290878,318.7438600972789,312.0160206042334,317.788330078125,43301700,0.0,0.0
2023-05-26,315.93572275471354,325.0816974555801,315.79923121389265,324.5844421386719,36630600,0.0,0.0
2023-05-30,326.86600894737563,327.36326419300417,322.2735022093098,322.9462890625,29503100,0.0,0.0
2023-05-31,323.99940574363865,327.5583326539221,319.16313582793106,320.19671630859375,45950600,0.0,0.0
2023-06-01,317.7980580790412,325.2084444667975,316.6182558412687,324.2821350097656,26773900,0.0,0.0
2023-06-02,325.9104672337744,329.0793797798021,324.25287030723234,327.0317687988281,25873800,0.0,0.0
2023-06-05,326.8562818593042,330.11294548453895,326.31025620693947,327.5583190917969,21307100,0.0,0.0
2023-06-06,326.96353250247705,327.0025428376745,323.88240041372416,325.3547058105469,20396200,0.0,0.0
2023-06-07,323.37532887108034,326.1444673202271,314.45362725824225,315.3116760253906,40717100,0.0,0.0
2023-06-08,315.85776302496004,318.49041045789704,315.28248697978324,317.14483642578125,23277700,0.0,0.0
2023-06-09,316.8815191818162,321.7567696311191,316.3160032224107,318.6366271972656,22529000,0.0,0.0
2023-06-12,320.38188031031484,323.81407497291605,317.04722634427355,323.5703125,24260300,0.0,0.0
2023-06-13,326.1249342097831,328.57231892797256,322.1467437962909,325.9494323730469,22951300,0.0,0.0
2023-06-14,325.99819005349843,330.5809366273575,324.5063648507166,328.92333984375,26003800,0.0,0.0
2023-06-15,329.05994974194124,341.1115558406534,328.78693687823426,339.41497802734375,38899100,0.0,0.0
2023-06-16,342.5545684921727,342.70082003895476,333.41835487715986,333.7888488769531,46552000,0.0,0.0
2023-06-20,330.84420359010136,333.54508130008793,327.48026928452794,329.6156311035156,26375400,0.0,0.0
2023-06-21,327.9775897528391,329.3036733312241,323.784886322757,325.2377014160156,25117800,0.0,0.0
2023-06-22,325.783726576518,331.6340270315193,325.0231887076145,331.2342529296875,23556800,0.0,0.0
2023-06-23,326.0177791982343,329.5279659621624,325.1305096782342,326.66131591796875,23146900,0.0,0.0
2023-06-26,325.39367934124914,327.7240333118318,320.29415725203825,320.40142822265625,21520600,0.0,0.0
2023-06-27,323.58000578054765,327.7629776694117,321.08388072367944,326.222412109375,24354100,0.0,0.0
2023-06-28,326.31020823977883,329.54738110019997,325.481409860504,327.47052001953125,20259500,0.0,0.0
2023-06-29,326.35897729326905,327.72404134255896,324.3211263632283,326.69049072265625,16997000,0.0,0.0
2023-06-30,329.32315064368396,334.17891054970244,328.78688502474677,332.0435485839844,26832800,0.0,0.0
2023-07-03,330.7272007694062,332.3945278816647,328.17257461621756,329.55712890625,12508700,0.0,0.0
2023-07-05,326.72957502224517,333.12590209225726,326.3785712256065,329.7132263183594,18172400,0.0,0.0
2023-07-06,328.88436028376566,334.43239728548525,327.1292821478824,332.75531005859375,28161200,0.0,0.0
2023-07-07,330.8539462339244,333.2623207283037,328.5918232764179,328.80633544921875,21214800,0.0,0.0
2023-07-10,326.25178071727987,326.8660670625544,319.4166697574399,323.5508728027344,32791400,0.0,0.0
2023-07-11,322.8001024662545,324.5551808456817,318.84140121091826,324.1749267578125,26698200,0.0,0.0
2023-07-12,328.2017988317313,333.12578887236407,327.29500957576835,328.7868347167969,29995300,0.0,0.0
2023-07-13,331.0879653631058,335.16366709536976,330.5614300476907,334.1106262207031,20567200,0.0,0.0
2023-07-14,338.9176246633776,342.66181307865304,335.71946186556954,336.6262512207031,28352700,0.0,0.0
2023-07-17,337.05523355881655,338.33254651423374,333.66207903866245,337.10400390625,20363900,0.0,0.0
2023-07-18,337.20153461943244,357.62884439822335,333.63287773911316,350.5207214355469,64738600,0.0,0.0
2023-07-19,352.72436118966306,353.4166384044317,343.6466474604791,346.22076416015625,39732900,0.0,0.0
2023-07-20,344.7484850456873,349.03869970926394,336.75306199743676,338.21563720703125,33778400,0.0,0.0
2023-07-21,340.43870595783125,341.56000752112044,331.35123269865875,335.19293212890625,69405400,0.0,0.0
2023-07-24,337.2210384138867,338.2643490243122,333.76935318489967,336.4994812011719,26678100,0.0,0.0
2023-07-25,338.4496147386664,343.11038262849917,336.4605340248674,342.22308349609375,41637700,0.0,0.0
2023-07-26,332.92109821610006,336.0705206538034,324.79891447113727,329.3426513671875,58383700,0.0,0.0
2023-07-27,331.9850338749244,332.8138025679025,320.8401897883476,322.4685363769531,39635300,0.0,0.0
2023-07-28,325.34498615387326,331.5268003348271,324.8574610945914,329.9277038574219,28484900,0.0,0.0
2023-07-31,328.51386838696095,329.2744062182313,325.0426629130829,327.538818359375,25446000,0.0,0.0
2023-08-01,326.8270321220212,330.093455775555,325.374217054016,327.9483337402344,18311900,0.0,0.0
2023-08-02,325.3059183538415,325.3059183538415,318.2172862001048,319.328857421875,27761300,0.0,0.0
2023-08-03,317.8663510212776,321.6495503895118,317.81761041591994,318.5098876953125,18253700,0.0,0.0
2023-08-04,323.5996092744747,326.7782818997198,319.0753628445266,319.6018981933594,23741500,0.0,0.0
2023-08-07,320.1771409046875,322.84876819218033,319.3483425125627,321.87371826171875,17741500,0.0,0.0
2023-08-08,318.802368731708,320.5477167225477,314.9411787114309,317.9150695800781,22327600,0.0,0.0
2023-08-09,318.32454016439254,318.94855662350545,313.039756644874,314.1903381347656,22373300,0.0,0.0
2023-08-10,317.8857952635295,320.0699275319088,313.16655676040074,314.8728942871094,20113700,0.0,0.0
2023-08-11,312.2695059957332,314.36585743355505,311.2456856962181,313.00079345703125,24355500,0.0,0.0
2023-08-14,313.37138426545255,315.9747515213893,312.0940411840079,315.95526123046875,18836100,0.0,0.0
2023-08-15,314.9410999147791,316.9789505199591,312.8934892891786,313.82952880859375,16966300,0.0,0.0
2023-08-16,313.45831419457073,316.9954936708588,312.48119971164607,313.0674743652344,20698900,0.68,0.0
2023-08-17,313.20426358487214,314.50381263909213,308.9733414603899,309.6280212402344,21257200,0.0,0.0
2023-08-18,307.29273496852556,311.0937247535903,304.4200159024574,309.2372131347656,24755000,0.0,0.0
2023-08-21,310.65396660689254,315.3831966115051,309.78435031765304,314.5135803222656,24040000,0.0,0.0
2023-08-22,318.0507277854862,318.61744100027846,314.1031773769701,315.0802917480469,16084600,0.0,0.0
2023-08-23,316.40920172771865,321.66608212966844,316.05742502712076,319.51641845703125,21166400,0.0,0.0
2023-08-24,325.23254709942444,325.35957674760573,312.6375276630827,312.6473083496094,23281400,0.0,0.0
2023-08-25,314.1128964356885,317.9138550874858,311.5039884563339,315.5883483886719,21684100,0.0,0.0
2023-08-28,318.207066953983,318.68584344960186,314.3572339791844,316.29193115234375,14808500,0.0,0.0
2023-08-29,314.5136087751781,321.45112744073015,314.5136087751781,320.8941650390625,19284600,0.0,0.0
2023-08-30,321.14822344769897,322.262118428765,318.97902814860515,321.2654724121094,15222100,0.0,0.0
2023-08-31,321.66608035944125,323.3369376753796,319.30145033255354,320.259033203125,26411000,0.0,0.0
2023-09-01,323.727713447218,324.39214396761776,319.3013871740993,321.13836669921875,14942000,0.0,0.0
2023-09-05,321.47061510740485,327.1867399112931,321.13839981294905,325.9164733886719,18553900,0.0,0.0
2023-09-06,325.7504285755841,326.8056990885685,322.6236503266788,325.2618713378906,17535800,0.0,0.0
2023-09-07,323.7082248346301,325.45723807010125,321.49993683780025,322.35980224609375,18381000,0.0,0.0
2023-09-08,322.5356945258159,328.4667861972207,321.92010767166425,326.6200256347656,19530100,0.0,0.0
2023-09-11,329.52203220068384,330.6750497904705,327.75345762157895,330.2060241699219,16583300,0.0,0.0
2023-09-12,328.1345774558951,329.08237965274225,323.8939043767627,324.17724609375,17565500,0.0,0.0
2023-09-13,323.7277859536388,329.141008354495,323.59100543664357,328.36907958984375,16544400,0.0,0.0
2023-09-14,331.38835303568044,333.0592103619418,328.8674109262189,330.94866943359375,20267000,0.0,0.0
2023-09-15,329.2093670251741,329.6783628105359,322.10572689470496,322.6626892089844,37679800,0.0,0.0
2023-09-18,320.29806225418173,322.83856545069517,318.8910152474716,321.52923583984375,16834200,0.0,0.0
2023-09-19,318.7054373268487,321.85174708859677,317.0834237409372,321.128662109375,16505900,0.0,0.0
2023-09-20,321.9690173569062,322.0471733986375,313.17498661327795,313.42901611328125,21436500,0.0,0.0
2023-09-21,311.95356654433346,317.9041899225686,307.79104947595397,312.2173767089844,35560400,0.0,0.0
2023-09-22,313.9663340767573,314.0933636906572,308.9146406682123,309.7549743652344,21447900,0.0,0.0
2023-09-25,309.34461765593346,310.3999178157117,307.7910094721355,310.27288818359375,17836000,0.0,0.0
2023-09-26,307.9180528712019,308.6508886408052,302.92498298833925,304.9964904785156,26297600,0.0,0.0
2023-09-27,305.1527855104158,307.10701412032984,302.6025314876758,305.631591796875,19410100,0.0,0.0
2023-09-28,303.8728115871533,308.2600757204857,302.3680768122536,306.4621887207031,19683600,0.0,0.0
2023-09-29,310.4780627905331,312.15870054663463,307.771466967037,308.5238342285156,24147300,0.0,0.0
2023-10-02,309.04173366618016,314.523360821819,307.96690188868587,314.4353942871094,20570000,0.0,0.0
2023-10-03,313.48759919542874,314.03481069195016,304.0877634575696,306.2178955078125,21033500,0.0,0.0
2023-10-04,306.84320351373003,312.7156700194833,306.81389127739357,311.6603698730469,20720100,0.0,0.0
2023-10-05,311.78742886180316,312.65707498694155,307.6933171593875,312.0512390136719,16965600,0.0,0.0
2023-10-06,309.3055602997531,321.65630098463043,309.06128169271835,319.7704772949219,25673600,0.0,0.0
2023-10-09,317.3179038998877,322.7408769349448,315.78382712320234,322.2718811035156,19891200,0.0,0.0
2023-10-10,323.3858260604153,323.5226364118613,320.17114063147403,320.8746643066406,20557100,0.0,0.0
2023-10-11,323.6300480505899,325.20321772099476,321.60744393030456,324.8123779296875,20063200,0.0,0.0
2023-10-12,323.0046828962765,325.9946502834495,321.1970154685532,323.5811767578125,19313100,0.0,0.0
2023-10-13,324.7732817040409,326.190079660526,318.8910340646987,320.2297058105469,21072400,0.0,0.0
2023-10-16,323.47370563502346,328.4472441018182,323.03402205271703,325.02734375,22158000,0.0,0.0
2023-10-17,322.0471583622745,325.828586634413,319.9170559493173,324.46063232421875,18338500,0.0,0.0
2023-10-18,324.8806817659569,327.9097416654109,320.7865709964702,322.5551452636719,23153600,0.0,0.0
2023-10-19,324.54860184439923,329.17036454357265,323.3369893071052,323.73760986328125,25052100,0.0,0.0
2023-10-20,324.1283854502297,324.32382025517603,318.0018889823848,319.1939697265625,25027700,0.0,0.0
2023-10-23,318.0214287466955,325.1152889172781,316.96615830256553,321.7833251953125,24374700,0.0,0.0
2023-10-24,323.71803518553446,324.2456853865201,320.10272927891094,322.9656677246094,31153600,0.0,0.0
2023-10-25,337.1240202368528,338.2770379621599,329.89337919706037,332.87359619140625,55053800,0.0,0.0
2023-10-26,332.7465699625012,333.81162115649903,319.4578072066944,320.3860778808594,37828500,0.0,0.0
2023-10-27,322.8679216685348,329.0139799295623,320.8843805209721,322.2621154785156,29856500,0.0,0.0
2023-10-30,325.77971392594014,331.6814932194884,324.23585648353105,329.5904541015625,22828100,0.0,0.0
2023-10-31,331.09518568729226,331.24174686809175,327.0303866312015,330.3721008300781,20265300,0.0,0.0
2023-11-01,332.01374650613616,339.4691349616439,331.8769361620282,338.1500244140625,28158800,0.0,0.0
2023-11-02,339.29324086548826,340.84684939451466,336.87976677643417,340.3485412597656,24348100,0.0,0.0
2023-11-03,341.62851616542054,346.27959030223104,339.38113512943426,344.7259521484375,23637700,0.0,0.0
2023-11-06,345.361075900052,349.3574699781312,345.26335850207806,348.3705749511719,23828300,0.0,0.0
2023-11-07,351.17493911544506,354.16490704694723,349.44545721598166,352.2790832519531,25833900,0.0,0.0
2023-11-08,353.40270657525184,355.54258936078696,352.2985626023582,354.887939453125,26767800,0.0,0.0
2023-11-09,354.0085034994957,356.44153841470893,352.1128993476677,352.43536376953125,24847300,0.0,0.0
2023-11-10,353.21708130319655,361.6300519453443,352.8067099465058,361.20989990234375,28042100,0.0,0.0
2023-11-13,359.7930947254669,360.03737334526807,357.5261819771122,358.288330078125,19986500,0.0,0.0
2023-11-14,362.5192275200011,363.4377174527681,358.9429851939613,361.796142578125,27683900,0.0,0.0
2023-11-15,363.5193564786247,365.3306930182784,359.4365063311856,361.9430236816406,26860100,0.75,0.0
2023-11-16,363.2060092906745,368.48335928952025,362.44231441681825,368.30712890625,27182300,0.0,0.0
2023-11-17,365.80064944827456,366.54477320500723,359.32882848725313,362.1192626953125,40157000,0.0,0.0
2023-11-20,363.46060991672704,370.95070053235196,363.24520725093254,369.55059814453125,52465100,0.0,0.0
2023-11-21,367.81760182816333,368.35609354646346,363.36268990163154,365.2719421386719,28423100,0.0,0.0
2023-11-22,370.0989155578587,371.8515087359404,367.13225084262217,369.9520568847656,23345300,0.0,0.0
2023-11-24,369.44291677497637,370.0695536363756,367.29872033158176,369.54083251953125,10176600,0.0,0.0
2023-11-27,368.9043706026068,372.68370265137486,368.33650717542696,370.69610595703125,22179200,0.0,0.0
2023-11-28,370.44160282909473,374.994400937648,370.25557188472965,374.70068359375,20453100,0.0,0.0
2023-11-29,375.738494499301,376.2671856758015,369.5505906614915,370.9311218261719,28963400,0.0,0.0
2023-11-30,370.57860354905085,372.14516552640623,367.6217398530599,370.9898376464844,30554400,0.0,0.0
2023-12-01,368.884854564053,370.2555853515813,363.5487602115402,366.681884765625,33040500,0.0,0.0
2023-12-04,361.3849610271203,361.79616532164505,355.31454343634607,361.42413330078125,32063300,0.0,0.0
2023-12-05,358.7903292029664,365.28172122334854,357.9776614584204,364.7334289550781,23065000,0.0,0.0
2023-12-06,365.7321604216408,366.3587674073999,360.33732257448145,361.0912170410156,21182100,0.0,0.0
2023-12-07,360.5331119373255,363.68580733396766,358.6630319776083,363.1962585449219,23118900,0.0,0.0
2023-12-08,361.48282487936234,366.6328576380953,360.53309906732864,366.4076843261719,20154400,0.0,0.0
2023-12-11,360.77790780370736,363.83268764840955,358.44765064841334,363.5389404296875,27708800,0.0,0.0
2023-12-12,363.09829162626795,366.59367665844525,362.7164292823926,366.55450439453125,24838300,0.0,0.0
2023-12-13,368.16024372357776,369.74640682649743,363.0199816736299,366.54473876953125,30955500,0.0,0.0
2023-12-14,365.50693426286074,365.9475401487158,356.5188251808004,358.28118896484375,43277500,0.0,0.0
2023-12-15,359.1819921925265,364.61597239957655,358.6238993402138,362.98089599609375,78502300,0.0,0.0
2023-12-18,361.7275930990288,365.20337736605416,360.9736688806633,364.8606872558594,21802900,0.0,0.0
2023-12-19,363.7249858043668,365.4580078125,362.1094806161989,365.4580078125,20603700,0.0,0.0
2023-12-20,367.161590586535,368.1700598934919,362.785023231556,362.8731384277344,26316700,0.0,0.0
2023-12-21,364.77259031859234,366.5839268091088,362.3052751851502,365.73211669921875,17708000,0.0,0.0
2023-12-22,365.8691843460341,367.33783074743565,364.9194584779402,366.7503662109375,17107500,0.0,0.0
2023-12-26,367.1616249726416,369.0610768362086,365.69297847275107,366.8287353515625,12673100,0.0,0.0
2023-12-27,365.8789757378514,367.2203346368523,365.0173650898164,366.25103759765625,14905400,0.0,0.0
2023-12-28,367.5239062248259,368.59111915362496,366.33920635042557,367.435791015625,14327000,0.0,0.0
2023-12-29,368.140698335078,369.2764551389083,365.67338313483896,368.17987060546875,18730800,0.0,0.0
2024-01-02,366.04544293017665,368.04281055620135,359.10364399056556,363.1179504394531,25258600,0.0,0.0
2024-01-03,361.2967846745382,365.45794912599047,360.8072359155438,362.8535461425781,23083500,0.0,0.0
2024-01-04,362.9221232500447,365.30132326469203,359.49528162444665,360.2491760253906,20901500,0.0,0.0
2024-01-05,361.25764113124956,364.2830491168241,358.8392688743441,360.0631408691406,21004600,0.0,0.0
2024-01-08,361.58077277397365,367.3574731734819,361.296855951119,366.8581237792969,23134000,0.0,0.0
2024-01-09,364.2341014424794,368.1308907001316,363.4312342532303,367.9350891113281,20830000,0.0,0.0
2024-01-10,368.50297659226095,376.1399561660862,368.45403366179033,374.7691955566406,25514200,0.0,0.0
2024-01-11,377.9316910243427,382.5138608324762,372.4291670394017,376.59033203125,27850800,0.0,0.0
2024-01-12,377.43234537080764,380.55566927985785,376.6099069263744,380.3500671386719,21661200,0.0,0.0
2024-01-16,385.43155133047776,385.79381264906647,379.5177936668549,382.1123962402344,27202300,0.0,0.0
2024-01-17,379.87028626114164,381.9557389879291,376.7665338147622,381.3291320800781,22234100,0.0,0.0
2024-01-18,383.53215294829613,385.75469397471676,381.9655906494616,385.63720703125,23392100,0.0,0.0
2024-01-19,387.48764513323476,390.3368225097656,385.2748751705021,390.3368225097656,29331100,0.0,0.0
2024-01-22,391.6586277842315,392.2460923450514,385.36303712070327,388.2220153808594,27016900,0.0,0.0
2024-01-23,387.4778603727062,391.0319893054533,385.69589563777015,390.56201171875,20525900,0.0,0.0
2024-01-24,393.14686950723774,397.1513752160577,392.079656679383,394.1455383300781,24867000,0.0,0.0
2024-01-25,395.8687958055948,398.5025710526844,394.1162025271926,396.40728759765625,21021200,0.0,0.0
2024-01-26,395.917682766026,397.68007633393063,394.01823107466254,395.48687744140625,17803300,0.0,0.0
2024-01-29,397.57238286313674,401.41045873539736,395.8785331996652,401.1558837890625,24510200,0.0,0.0
2024-01-30,403.64280098293807,404.41626660201007,397.9542461080957,400.04949951171875,33477600,0.0,0.0
2024-01-31,398.45356335794276,406.6388350866889,388.907361460185,389.2696228027344,47871100,0.0,0.0
2024-02-01,393.4308049580275,399.4718507500115,393.40143322301293,395.3400573730469,30657700,0.0,0.0
2024-02-02,395.36942496681314,404.02464472350925,395.12465055102524,402.6245422363281,28256700,0.0,0.0
2024-02-05,401.33212452419457,402.5657971362689,395.5456537728456,397.17095947265625,25352300,0.0,0.0
2024-02-06,397.39614463854895,399.4424550677267,394.4882235276778,397.0142822265625,18382600,0.0,0.0
2024-02-07,398.9235343367266,405.64012962816963,398.88436206584436,405.3953552246094,22340500,0.0,0.0
2024-02-08,405.3953275824479,406.87377444064305,403.9071100669644,405.4540710449219,21225300,0.0,0.0
2024-02-09,406.57025541446654,412.02383590927224,406.4135962217608,411.75946044921875,22032800,0.0,0.0
2024-02-12,411.76925253567924,411.94548291897434,406.0806983084005,406.5800476074219,21202900,0.0,0.0
2024-02-13,396.4758057908408,401.4985815288795,394.9582163813525,397.82696533203125,27824900,0.0,0.0
2024-02-14,400.27921574475005,402.01541247950905,396.8460370500132,401.6720886230469,20401200,0.75,0.0
2024-02-15,400.34791702088137,401.3190066322356,396.57141418180584,398.7980651855469,21825500,0.0,0.0
2024-02-16,400.1712693339194,400.49498577796,395.73757539612643,396.3457336425781,22296500,0.0,0.0
2024-02-20,395.5414579178433,396.7675933071184,390.4113266074818,395.1000671386719,24307900,0.0,0.0
2024-02-21,392.53004284668083,394.60956341609165,389.6363517174895,394.50164794921875,18518900,0.0,0.0
2024-02-22,402.3587758261095,404.9483581581281,400.7697091781749,403.7908935546875,27009900,0.0,0.0
2024-02-23,407.73411674298126,407.92046175721333,401.162019956702,402.505859375,16295900,0.0,0.0
2024-02-26,403.6045125913183,404.2911603614398,399.58278265548927,399.7593688964844,16193500,0.0,0.0
2024-02-27,400.2007433350152,400.5244598178457,396.13979878680874,399.70050048828125,14835800,0.0,0.0
2024-02-28,400.3870613953607,401.48567367865326,397.58167859587735,399.93585205078125,13183100,0.0,0.0
2024-02-29,400.83834831741547,406.29219561123216,398.17027676875426,405.7428894042969,31947300,0.0,0.0
2024-03-01,403.41813008815376,407.93031407980567,403.0355914321904,407.5673828125,17823400,0.0,0.0
2024-03-04,405.54668869062186,409.38204334564557,404.4480762959748,406.9984436035156,17596000,0.0,0.0
2024-03-05,406.056714869292,406.3411866044012,392.9910415291509,394.962646484375,26919200,0.0,0.0
2024-03-06,395.27659515513125,397.4247865981622,390.784048581795,394.41339111328125,22344100,0.0,0.0
2024-03-07,398.3664950410901,401.95662320085074,394.56056584653686,401.328857421875,18718500,0.0,0.0
2024-03-08,400.17133994719717,402.5843959078717,396.61063804407956,398.4645690917969,18002200,0.0,0.0
2024-03-11,396.051557611515,397.9348848449285,393.5992867821094,396.7970275878906,16120800,0.0,0.0
2024-03-12,399.83777202306123,407.6360037253644,399.02363143663507,407.3515319824219,22457000,0.0,0.0
2024-03-13,410.1177430442753,410.19620253246603,403.5947092048327,407.1750183105469,17115900,0.0,0.0
2024-03-14,412.21687278632703,419.652174073812,410.0098292271171,417.101806640625,34157300,0.0,0.0
2024-03-15,411.28505067232237,414.53185475986993,404.9091467039747,408.4698486328125,45079900,0.0,0.0
2024-03-18,406.341265451297,412.6975620459207,405.88023735043,409.3526611328125,20106000,0.0,0.0
2024-03-19,409.8528340561438,413.61954764814055,407.61636469929994,413.364501953125,19837900,0.0,0.0
2024-03-20,413.94325853489937,417.8276466076136,412.62884514501485,417.1116027832031,17860100,0.0,0.0
2024-03-21,421.6237557740876,422.5948752417206,419.004747660182,421.17254638671875,21296200,0.0,0.0
2024-03-22,421.49625883993525,421.6531778067011,417.9355573407252,420.5545654296875,17648500,0.0,0.0
2024-03-25,417.1214317546939,419.25001591585095,413.56072987159786,414.786865234375,18060500,0.0,0.0
2024-03-26,417.48433323864253,417.8570831519167,413.30568457627095,413.5999450683594,16725600,0.0,0.0
2024-03-27,416.3367294110972,416.3465480734724,411.0104044220357,413.3841857910156,16705000,0.0,0.0
2024-03-28,412.9231220201488,413.81575210575176,411.11825446083225,412.6877136230469,21871200,0.0,0.0
2024-04-01,415.856044584665,419.720825298805,414.15906261710444,416.4642028808594,16316000,0.0,0.0
2024-04-02,412.08932675524255,414.31600751259526,409.8626759328322,413.3939514160156,17912000,0.0,0.0
2024-04-03,411.7166269488562,415.17923184367993,411.0888313055727,412.4228820800781,16502300,0.0,0.0
2024-04-04,416.8762213933396,420.4859867966176,409.5978983516999,409.9019775390625,19370900,0.0,0.0
2024-04-05,411.9913032872843,418.3672072160066,410.3335658710208,417.3960876464844,16554800,0.0,0.0
2024-04-08,417.0527386666228,419.12244053087517,415.21841524840187,416.4837951660156,14272400,0.0,0.0
2024-04-09,418.2984589003378,419.5736274756939,413.5704746022745,418.1415100097656,12496900,0.0,0.0
2024-04-10,414.12962029851764,415.9344877287147,411.68716854848634,415.17919921875,16216600,0.0,0.0
2024-04-11,417.69033834286756,421.1725504908495,414.2963744060529,419.7600402832031,17966400,0.0,0.0
2024-04-12,415.95410040174403,417.06253143112855,411.75581460240056,413.84515380859375,19253800,0.0,0.0
2024-04-15,418.4554515197094,418.6712525249299,405.5368771254888,405.7428894042969,20273500,0.0,0.0
2024-04-16,406.65515878258486,410.4120243786573,405.83119940750504,406.6649475097656,16765600,0.0,0.0
2024-04-17,409.28398181705415,410.88286711080787,402.49608331512337,403.9772644042969,15855500,0.0,0.0
2024-04-18,402.79031869935466,404.02627254838046,396.2378594372626,396.5517272949219,21029900,0.0,0.0
2024-04-19,396.3163237053195,397.73865251494925,390.17582902876677,391.50006103515625,30565800,0.0,0.0
2024-04-22,392.44175811164087,395.1588931129713,388.1944385754191,393.3049621582031,20286900,0.0,0.0
2024-04-23,396.5222860267283,400.4067037074316,395.36482163775406,399.7887268066406,15734500,0.0,0.0
2024-04-24,401.7407287200192,404.59517495198185,399.01380533371923,401.2502746582031,15065300,0.0,0.0
2024-04-25,386.507271018032,392.25540884693,380.6218216022703,391.421630859375,40586500,0.0,0.0
2024-04-26,404.30094095620495,405.1150815807432,398.01331587991365,398.5626220703125,29694700,0.0,0.0
2024-04-29,397.5130370183344,398.562615947593,391.56873588609426,394.5703125,19582100,0.0,0.0
2024-04-30,393.8248827870326,394.4821045511149,381.74011469858823,381.89703369140625,28781400,0.0,0.0
2024-05-01,385.11439972061993,394.050490048908,382.8583225669511,387.3999328613281,23562500,0.0,0.0
2024-05-02,390.0679505478797,392.29460134045365,387.11540734616494,390.2445068359375,17709400,0.0,0.0
2024-05-03,394.59976579857647,399.37678414031285,394.1877711661832,398.8961486816406,17446700,0.0,0.0
2024-05-06,400.9560656726651,406.02734455936377,398.61168058742396,405.6448059082031,16996600,0.0,0.0
2024-05-07,406.74340224425765,406.75322090554647,401.27973632622934,401.52496337890625,20018200,0.0,0.0
2024-05-08,400.3773092630151,404.3597941214035,398.9451617518151,402.7020568847656,11792300,0.0,0.0
2024-05-09,402.73150019277335,404.84044690561177,401.28956389363333,404.4480895996094,14689700,0.0,0.0
2024-05-10,405.05627644521434,407.4496950958414,403.9380266126503,406.8218994140625,13402300,0.0,0.0
2024-05-13,410.029454744504,410.3629599472109,402.9767222457907,405.82135009765625,15440200,0.0,0.0
2024-05-14,404.15378509704203,409.51935413927424,403.69275704643184,408.60711669921875,15109300,0.0,0.0
2024-05-15,410.6608977071615,416.46852499785643,410.0418061194269,415.75115966796875,22239500,0.75,0.0
2024-05-16,414.493323488297,418.0506409370668,413.06845922359344,413.6973571777344,17530100,0.0,0.0
2024-05-17,415.2205942827064,415.59401656244523,410.78870878728935,412.9309387207031,15352200,0.0,0.0
2024-05-20,412.9309356548489,419.3772981518083,412.71474538865465,417.9720764160156,16272100,0.0,0.0
2024-05-21,419.4362626425402,425.46991744124085,417.4905802068074,421.6080017089844,21453300,0.0,0.0
2024-05-22,422.63977275649836,424.91959180983645,419.7310556819618,423.06231689453125,18073700,0.0,0.0
2024-05-23,425.4698570651074,426.0889486573305,418.05065430726955,419.603271484375,17211700,0.0,0.0
2024-05-24,419.7900340603218,423.59299146281916,417.0581916118114,422.7085876464844,11855300,0.0,0.0
2024-05-28,422.18776429444347,423.3571529882785,419.210252491479,422.8658142089844,15718000,0.0,0.0
2024-05-29,418.3159892619867,423.4750461602697,418.3159892619867,421.7357177734375,15517100,0.0,0.0
2024-05-30,416.9500674611062,416.9500674611062,407.0643338259667,407.4869079589844,28394500,0.0,0.0
2024-05-31,409.53083651523417,409.53083651523417,397.5028738526741,407.93890380859375,47995300,0.0,0.0
2024-06-03,408.3319723384426,409.21637607324783,401.83648858598,406.3567810058594,17484700,0.0,0.0
2024-06-04,405.2856495851976,409.226195718034,402.58328662384173,408.86260986328125,14348900,0.0,0.0
2024-06-05,410.5725176189358,416.73389525429343,409.0886648755249,416.6651306152344,16988000,0.0,0.0
2024-06-06,416.66508413024746,417.9425528471417,413.29447761268017,417.1662292480469,14861300,0.0,0.0
2024-06-07,418.81714102196315,418.8957420228007,415.67256118761725,416.5078430175781,13621700,0.0,0.0
2024-06-10,417.3430899394673,420.6645142506478,416.54712367097056,420.4581604003906,13982900,0.0,0.0
2024-06-11,418.1096457911631,425.3224952545953,417.88361916349896,425.1849060058594,14551100,0.0,0.0
2024-06-12,427.7791794767063,435.71920053687387,425.7450298401941,433.41973876953125,22366200,0.0,0.0
2024-06-13,433.21338970261115,435.7093989946261,431.75901618030764,433.93072509765625,15960600,0.0,0.0
2024-06-14,430.68786981308114,435.4636977946633,429.15489539650804,434.903564453125,13582000,0.0,0.0
2024-06-17,434.9232138540311,443.1285766509554,433.08561180023855,440.60308837890625,20790000,0.0,0.0
2024-06-18,441.9198947788086,442.34246889984814,437.18341197055486,438.6082763671875,17112500,0.0,0.0
2024-06-20,438.56892206249415,438.79494866589,433.62605582240985,437.9793395996094,19877400,0.0,0.0
2024-06-21,439.6302276576991,442.77477739903867,438.77530310305696,441.9886474609375,34187100,0.0,0.0
2024-06-24,442.0083612472025,444.9072720890794,438.67709986214254,439.915283203125,15913700,0.0,0.0
2024-06-25,440.4852168409384,443.60031790530934,439.01120049902784,443.1384582519531,16413400,0.0,0.0
2024-06-26,441.2221891732116,445.7425115856911,440.42622281234816,444.32745361328125,16507000,0.0,0.0
2024-06-27,444.3470860716105,448.267989524247,443.9441847148766,445.0054931640625,14806300,0.0,0.0
2024-06-28,445.22168389223947,447.49166642517747,438.6770484115445,439.20770263671875,28362300,0.0,0.0
2024-07-01,440.88808384173325,449.447196335744,437.94005138791704,448.81829833984375,17662800,0.0,0.0
2024-07-02,445.349461110364,451.6287548273333,445.26099374388446,451.3241271972656,13979800,0.0,0.0
2024-07-03,450.25300481306164,453.03396893483153,449.94837718806366,452.7882995605469,9932800,0.0,0.0
2024-07-05,451.6483951731934,460.2370169877969,451.01949716215944,459.460693359375,16000300,0.0,0.0
2024-07-08,458.46817132419625,459.598274429734,456.4143789671548,458.1635437011719,12962300,0.0,0.0
2024-07-09,458.91038601076474,459.23465638604694,450.06628863582495,451.5796203613281,17207200,0.0,0.0
2024-07-10,453.2305340754163,458.3797547644369,450.9113994976311,458.17340087890625,18196100,0.0,0.0
2024-07-11,454.96002402992053,456.72883147324404,443.7279978013262,446.8234558105469,23111200,0.0,0.0
2024-07-12,446.459846610387,448.45468069664645,442.8436006787632,445.693359375,16324300,0.0,0.0
2024-07-15,445.4476817175394,449.33910606074033,443.61007966105154,446.09625244140625,14429400,0.0,0.0
2024-07-16,446.3517811207802,446.43038212668165,438.92274152217504,441.7331848144531,17175700,0.0,0.0
2024-07-17,434.92324477920374,437.14410559537976,431.5723108003405,435.8371276855469,21778000,0.0,0.0
2024-07-18,436.6429302135875,436.9475578488645,426.8751131633182,432.74169921875,20794800,0.0,0.0
2024-07-19,425.5976003585523,433.4983352820313,424.51664918921864,429.5381164550781,20940400,0.0,0.0
2024-07-22,434.13713868906143,436.8984603038917,431.30702244593317,435.2672119140625,15808800,0.0,0.0
2024-07-23,436.21057880982977,440.6228216077749,435.4244487287082,437.1441345214844,13107100,0.0,0.0
2024-07-24,432.82031037979385,433.8324669900576,420.18306232506063,421.4703674316406,26805800,0.0,0.0
2024-07-25,421.3721232816147,422.35480083589914,410.2777152857788,411.15228271484375,29943800,0.0,0.0
2024-07-26,410.95575198353527,421.490056226304,410.0418390958428,417.90325927734375,23583800,0.0,0.0
2024-07-29,424.10400581096644,424.66413926725284,417.3432087885028,419.3380432128906,15125800,0.0,0.0
2024-07-30,420.3107725606888,421.6177202883819,410.1302192518137,415.59393310546875,32687600,0.0,0.0
2024-07-31,413.2159307737182,414.47375690208054,405.06952507333295,411.1031799316406,42891400,0.0,0.0
2024-08-01,413.5008583778063,420.05530026736574,405.9342299111822,409.88458251953125,30296400,0.0,0.0
2024-08-02,405.3446814228584,407.811211842754,397.3358648266263,401.4139709472656,29437900,0.0,0.0
2024-08-05,382.4286607640187,394.09303926008795,378.90082173461536,388.3050537109375,40709200,0.0,0.0
2024-08-06,393.07097221564607,398.6427664419344,391.5969560698374,392.6877136230469,24946500,0.0,0.0
2024-08-07,401.5613573427881,402.97638538590667,390.58483621712907,391.5281982421875,20650900,0.0,0.0
2024-08-08,395.46877762031824,398.8295182344643,393.01208360865684,395.7144470214844,20203000,0.0,0.0
2024-08-09,397.03117577316215,400.9815283942931,395.2918474526737,398.9866943359375,19276700,0.0,0.0
2024-08-12,400.0087309169643,401.6792947885224,397.23757296063644,399.7630615234375,16762900,0.0,0.0
2024-08-13,402.49487016333154,407.7620371122612,402.475227409518,406.83831787109375,19414300,0.0,0.0
2024-08-14,407.61460282522484,410.484034234621,405.30533476037385,409.638916015625,18267000,0.0,0.0
2024-08-15,413.2715696251715,414.5611950729744,411.1648649409175,414.4824523925781,20752100,0.75,0.0
2024-08-16,414.05913029915934,414.787612725286,410.8104315549657,411.9622497558594,22775600,0.0,0.0
2024-08-19,412.44456931012445,415.19118926465836,409.9834478562735,414.974609375,15234000,0.0,0.0
2024-08-20,415.14201975205145,419.23729981689326,415.082955234779,418.19378662109375,16387600,0.0,0.0
2024-08-21,417.48497282390196,419.7689009161739,415.1616884163413,417.5440673828125,16067300,0.0,0.0
2024-08-22,417.76066831830366,420.1529016775488,408.1622927487291,409.0876770019531,19361900,0.0,0.0
2024-08-23,410.4953972510095,412.73993890763575,405.68142906839694,410.308349609375,18493800,0.0,0.0
2024-08-26,409.89487877847426,410.7907306533513,404.94310328054127,407.0596618652344,13152800,0.0,0.0
2024-08-27,406.43946532338146,407.91613833509496,403.8700687036349,407.40423583984375,13492900,0.0,0.0
2024-08-28,408.4280692350888,408.5461982686738,400.97578558888256,404.2146301269531,14882700,0.0,0.0
2024-08-29,408.48716903331825,415.4865852646763,404.2146650393698,406.6954650878906,17045200,0.0,0.0
2024-08-30,409.1368642535232,410.99745657650817,405.7208262421071,410.6529235839844,24308300,0.0,0.0
2024-09-03,411.4109748667296,413.35034007836833,400.7001678121759,403.07269287109375,20313600,0.0,0.0
2024-09-04,399.59758459335677,404.8446830658677,398.0815251485243,402.54107666015625,15135800,0.0,0.0
2024-09-05,401.28095677141835,406.67574622741506,399.8141378862011,402.03900146484375,14195500,0.0,0.0
2024-09-06,402.6985921439958,404.2638620080845,394.56703607993364,395.45306396484375,19609500,0.0,0.0
2024-09-09,400.9068736495872,402.2949499033103,395.89603343829765,399.4105224609375,15295100,0.0,0.0
2024-09-10,401.85200481793703,409.855548179251,401.3597804269513,407.7586975097656,19594300,0.0,0.0
2024-09-11,409.03843011648604,417.39638986900843,403.21048066101315,416.461181640625,19266900,0.0,0.0
2024-09-12,416.72694031699655,420.7237992857079,413.2223056552003,420.35955810546875,17395700,0.0,0.0
2024-09-13,419.2077224560069,425.1144138916726,418.84348129101863,423.8937072753906,15874600,0.0,0.0
2024-09-16,423.9035976857479,426.7880250402565,421.5606050753592,424.632080078125,13834700,0.0,0.0
2024-09-17,433.3838592052121,434.9786612819886,425.54762597309116,428.3828430175781,18874200,0.0,0.0
2024-09-18,428.2352249259073,429.2492059809087,423.71660857150346,424.1103820800781,18898000,0.0,0.0
2024-09-19,434.3683366283435,434.6341269777226,430.1056566789826,431.8678283691406,21706600,0.0,0.0
2024-09-20,430.4206942067389,432.4092699149114,427.46734788448686,428.5010070800781,55167100,0.0,0.0
2024-09-23,427.52638627626743,429.67247726227924,423.6968964015023,426.76837158203125,15128900,0.0,0.0
2024-09-24,426.2662748026867,426.61083784634445,419.4735849772464,422.495849609375,17015800,0.0,0.0
2024-09-25,423.14556440453987,426.384408985251,421.9051794925785,425.3901062011719,13396400,0.0,0.0
2024-09-26,428.3237229222171,428.53044870901516,422.4564178816269,424.6025085449219,14492000,0.0,0.0
2024-09-27,424.8093096047705,425.1341945131492,420.82230422369577,421.3637390136719,14896100,0.0,0.0
2024-09-30,421.55078212730024,423.7264354508624,418.75495134014767,423.6082763671875,16807300,0.0,0.0
2024-10-01,421.78706729834266,421.81659955830685,412.2969671899716,414.1477355957031,19092900,0.0,0.0
2024-10-02,416.00832438993655,416.24461251055664,410.22961524498584,410.6430969238281,16582300,0.0,0.0
2024-10-03,411.1353624953208,413.0254873918148,407.8473070657378,410.06231689453125,13686400,0.0,0.0
2024-10-04,411.73581262468696,413.2223397680441,408.51667620718774,409.5897216796875,19169700,0.0,0.0
2024-10-07,409.5306419831522,410.6233655735784,402.6395013728588,403.1711120605469,20919800,0.0,0.0
2024-10-08,404.51002500348955,409.1960111264168,401.8224988801592,408.2607727050781,19229300,0.0,0.0
2024-10-09,409.3928021729279,413.84252930935924,407.8570646785986,410.9679260253906,14974300,0.0,0.0
2024-10-10,408.77263914925425,410.859665558973,406.7249690560659,409.3731384277344,13848400,0.0,0.0
2024-10-11,409.6684790592566,410.6430736171545,406.8234080163179,409.8456726074219,14144900,0.0,0.0
2024-10-14,411.2731366880873,417.4456494762865,411.0270245046469,412.6218566894531,16653100,0.0,0.0
2024-10-15,415.61453317923247,415.9098858066577,408.80216519233556,412.22802734375,18900200,0.0,0.0
2024-10-16,408.71356498849764,409.8850312589263,404.09649835161355,409.6487731933594,15508900,0.0,0.0
2024-10-17,415.7917465890575,415.9295838303706,409.127039576057,410.2394714355469,14820000,0.0,0.0
2024-10-18,410.6529471112624,413.12389293089865,409.78662744422246,411.6570739746094,17145300,0.0,0.0
2024-10-21,409.6488187127166,412.4446496235521,407.3156799270225,412.2674560546875,14206100,0.0,0.0
2024-10-22,411.9819473916582,423.88392916296095,411.53896348036403,420.8616943359375,25482200,0.0,0.0
2024-10-23,424.1595460644349,424.37612597688815,415.95910173602493,417.9969177246094,19654400,0.0,0.0
2024-10-24,418.7155841953702,419.35549993342784,415.8311564953273,418.12493896484375,13581600,0.0,0.0
2024-10-25,420.1233007480341,425.79370434385993,419.9362531076575,421.4916687011719,16899100,0.0,0.0
2024-10-28,424.9470943239702,425.2227387354677,419.6704341057476,419.9559326171875,14882400,0.0,0.0
2024-10-29,421.3439905701075,426.4336029274501,419.17819168549653,425.2325744628906,17644100,0.0,0.0
2024-10-30,430.63720465561414,431.68071778433335,425.38025265537163,425.8035583496094,29749100,0.0,0.0
2024-10-31,408.9005934690843,409.6881704469,399.9814907408766,400.0307312011719,53971000,0.0,0.0
2024-11-01,402.6493843637014,409.0384470027673,401.162857168779,403.98822021484375,24230400,0.0,0.0
2024-11-04,403.42706781751014,404.0374512515174,399.26286901744754,402.10791015625,19672300,0.0,0.0
2024-11-05,402.0192756499378,408.4477238969609,401.7337771398714,405.06121826171875,17626000,0.0,0.0
2024-11-06,406.0063586804049,413.91148078515863,404.13588205792996,413.6456604003906,26681800,0.0,0.0
2024-11-07,414.7285393416903,420.2119257079772,413.35031719618456,418.8139953613281,19901800,0.0,0.0
2024-11-08,418.70569909892066,419.8673412736044,415.22074253188157,415.96893310546875,16891400,0.0,0.0
2024-11-11,415.94927334689254,418.20366938728347,409.5306783384117,411.5094299316406,24503300,0.0,0.0
2024-11-12,411.7456307950881,417.8393700894335,410.71197177263014,416.4512939453125,19401200,0.0,0.0
2024-11-13,415.0829808583345,422.6533640239858,411.7062988498683,418.5876159667969,21502200,0.0,0.0
2024-11-14,418.39068982634956,421.51140536702854,413.4684464166278,420.2513122558594,30246900,0.0,0.0
2024-11-15,413.2912534776132,416.2248913266483,407.2073678244848,408.54620361328125,28247600,0.0,0.0
2024-11-18,408.41819885611204,411.89330132284374,405.69128696291637,409.29437255859375,24727000,0.0,0.0
2024-11-19,406.6855735772408,411.4404774532615,405.149836063281,411.2928161621094,18133500,0.0,0.0
2024-11-20,410.3871084118776,410.8005900683197,404.19491792354364,409.028564453125,19191700,0.0,0.0
2024-11-21,413.80284233986384,414.0790385036892,404.71793020151534,407.26287841796875,20780200,0.83,0.0
2024-11-22,405.7832773797643,411.73138418459337,405.4774898240383,411.3368225097656,24814600,0.0,0.0
2024-11-25,412.698073057269,415.36138685697927,409.21601445717323,413.1025085449219,27691100,0.0,0.0
2024-11-26,413.891635863064,423.21330950979313,413.161695275106,422.17755126953125,23458900,0.0,0.0
2024-11-27,419.33665679394954,421.42789081016514,416.28862504102557,417.2454528808594,18332400,0.0,0.0
2024-11-29,414.384847961252,419.10980447039015,412.1259395107062,417.7090759277344,16271900,0.0,0.0
2024-12-02,415.84474493949193,427.1195090506518,415.58826631722377,425.126953125,20207200,0.0,0.0
2024-12-03,424.0024483022702,426.59673575541547,421.9309618493427,425.343994140625,18302000,0.0,0.0
2024-12-04,427.1490673141917,433.69890467425466,426.75450568960144,431.4794616699219,26009400,0.0,0.0
2024-12-05,431.97270407918,438.6211597736825,430.2464705000807,436.6088562011719,21697800,0.0,0.0
2024-12-06,436.29321828806303,440.04162946603964,435.7704172944161,437.5459899902344,18821000,0.0,0.0
2024-12-09,436.5891705079944,442.2413336019405,434.51768404131514,439.96270751953125,19144400,0.0,0.0
2024-12-10,438.3548667232301,443.5138201555157,435.60274857576576,437.3092346191406,18469500,0.0,0.0
2024-12-11,438.019420871054,444.2338797106506,438.019420871054,442.892333984375,19200200,0.0,0.0
2024-12-12,443.01071967285327,449.96499320791463,443.01071967285327,443.4546203613281,20834800,0.0,0.0
2024-12-13,442.34980235220513,445.2991859531554,439.5286279530639,441.1956787109375,20177800,0.0,0.0
2024-12-16,441.19569319284585,446.039014950384,439.23272866925197,445.45703125,23598800,0.0,0.0
2024-12-17,444.8849575716068,449.1068307764244,443.4645114369834,448.2880859375,22733500,0.0,0.0
2024-12-18,445.19070178831043,446.50262602359174,431.08488976149135,431.44989013671875,24444500,0.0,0.0
2024-12-19,435.6224481744677,437.1612597390131,430.39443838506674,431.09478759765625,22963700,0.0,0.0
2024-12-20,427.2280306144627,437.71367214918683,422.80889160222836,430.670654296875,64263700,0.0,0.0
2024-12-23,430.80871372187636,431.70635881030796,426.9518110200716,429.3389587402344,19152500,0.0,0.0
2024-12-24,428.74709084992185,433.6298778354008,428.2933464556966,433.363525390625,7164500,0.0,0.0
2024-12-26,433.1169536147247,434.9517090842379,430.70024449975995,432.1601257324219,8194200,0.0,0.0
2024-12-27,428.69774687773787,429.3093219032342,420.55978930279264,424.6830139160156,18117700,0.0,0.0
2024-12-30,420.27376177490316,421.7435167493127,416.17025429217676,419.0604553222656,13158700,0.0,0.0
2024-12-31,420.313230174155,420.9346790911402,414.94710727917607,415.77569580078125,13246500,0.0,0.0
2025-01-02,419.7509810335182,420.2836558558519,409.21603069875914,412.8953552246094,16896500,0.0,0.0
2025-01-03,415.36136467137544,418.2713132207811,413.8423008464514,417.6005554199219,16662900,0.0,0.0
2025-01-06,422.1874466156374,428.42162361284306,419.7016808979234,422.03948974609375,20573600,0.0,0.0
2025-01-07,423.1738138555601,424.80139942668757,415.0851648128758,416.63385009765625,18139100,0.0,0.0
2025-01-08,417.70906128958796,421.171402275518,415.81515330470927,418.79412841796875,15054600,0.0,0.0
2025-01-10,418.86316848876044,418.94206877538755,409.3836648034606,413.26031494140625,20201100,0.0,0.0
2025-01-13,409.6007318390263,412.81646832203865,406.69081302742603,411.5242614746094,17604800,0.0,0.0
2025-01-14,412.1358238822972,414.03960580749714,405.1421150215387,410.02490234375,16935900,0.0,0.0
2025-01-15,413.43787278736687,422.3353628905166,412.58953664498,420.5203552246094,19637800,0.0,0.0
2025-01-16,422.8779150872359,423.6571645662551,418.6264508238549,418.8138427734375,15300000,0.0,0.0
2025-01-17,428.1947089431654,428.57942688248704,422.3551241092644,423.20343017578125,26197500,0.0,0.0
2025-01-21,424.3575888899967,425.0480643283389,419.8200541536477,422.6806640625,26085700,0.0,0.0
2025-01-22,431.61761238386987,441.1957350447454,430.0788007344463,440.1402893066406,27803800,0.0,0.0
2025-01-23,435.9973147591307,440.6828062638951,435.50410512705025,440.6433410644531,18389300,0.0,0.0
2025-01-24,439.11439458237174,440.5841496239721,435.40544858930485,438.0293273925781,15549500,0.0,0.0
2025-01-27,418.2516146753107,429.28964793288844,417.74853125025015,428.6583251953125,35647800,0.0,0.0
2025-01-28,428.6978201786795,442.29067649663904,425.5215489294809,441.126708984375,23491700,0.0,0.0
2025-01-29,440.6235877197962,440.81100977301065,434.41900262341227,436.3227844238281,23581400,0.0,0.0
2025-01-30,413.0827588425547,417.1172097708342,407.54896156269734,409.3540954589844,54586300,0.0,0.0
2025-01-31,413.2899333042713,414.976701732093,409.27519987674,409.42315673828125,34161900,0.0,0.0
2025-02-03,406.01014380943144,409.7683985075356,403.1100689884043,405.3393859863281,25679100,0.0,0.0
2025-02-04,407.08537575034575,408.2986823038951,404.1754268282418,406.76971435546875,20532100,0.0,0.0
2025-02-05,406.7500095317457,408.2098908482498,404.8264798311111,407.67724609375,16316700,0.0,0.0
2025-02-06,408.3775613386283,412.5205341470821,408.3775613386283,410.1728515625,16309800,0.0,0.0
2025-02-07,410.8238533335017,412.96436600470287,402.5576561425311,404.18524169921875,22886800,0.0,0.0
2025-02-10,408.0914590052598,409.8176925215145,405.33937124502273,406.6217041015625,20817900,0.0,0.0
2025-02-11,404.0767525043344,406.88802298158646,403.74134350470337,405.852294921875,18140600,0.0,0.0
2025-02-12,401.6797906754277,405.17172339110687,398.8783635040398,403.4849548339844,19121700,0.0,0.0
2025-02-13,401.4726062482461,405.4182829681306,400.8412835235649,404.96453857421875,23891700,0.0,0.0
2025-02-14,402.25191655873215,403.35670130819824,400.3678521686821,402.8832092285156,22758500,0.0,0.0
2025-02-18,402.45907065768193,405.02376683445937,400.9794417214404,404.0768127441406,21423100,0.0,0.0
2025-02-19,402.34070226719325,409.84733856693146,402.1138149948078,409.1371154785156,24114200,0.0,0.0
2025-02-20,410.47144681938056,414.4447923675228,407.75335474991726,411.30169677734375,23508700,0.83,0.0
2025-02-21,412.4976421272199,413.1993956224997,403.15730762956775,403.47357177734375,27524800,0.0,0.0
2025-02-24,403.7700887978409,404.62009578289485,394.6867174896375,399.3124084472656,26443700,0.0,0.0
2025-02-25,396.44608593506547,397.25657880262406,392.09714469383994,393.283203125,29387400,0.0,0.0
2025-02-26,393.3919661639477,398.91710270889797,389.6755831630129,395.0920104980469,19619000,0.0,0.0
2025-02-27,396.61407498406965,401.0322110218146,387.61968592381214,387.9754943847656,21127400,0.0,0.0
2025-02-28,388.1040123360274,393.0163471729864,382.0846775634414,392.3837585449219,32845700,0.0,0.0
2025-03-03,394.1925192721913,394.1925192721913,381.67940898205217,383.98236083984375,23007700,0.0,0.0
2025-03-04,378.9514422192701,388.0249203607145,376.5792952112664,384.1009826660156,29342900,0.0,0.0
2025-03-05,384.822503579622,397.0094560898268,384.2986543499986,396.3669738769531,23433100,0.0,0.0
2025-03-06,389.70521049036057,397.4838909032578,388.12376908504734,392.2849426269531,23304600,0.0,0.0
2025-03-07,387.76795648683793,390.2191619837315,381.0666253730808,388.7464599609375,22034100,0.0,0.0
2025-03-10,381.3631114017718,381.9166113327009,372.8431337183802,375.7490234375,32840100,0.0,0.0
2025-03-11,374.6025176419591,381.5212976511773,372.53677123025375,376.03570556640625,30380200,0.0,0.0
2025-03-12,378.5066728711865,380.7503233781215,374.55308456142495,378.82293701171875,24253600,0.0,0.0
2025-03-13,378.71423026442886,380.8491715851453,373.07049136146827,374.3751525878906,20473000,0.0,0.0
2025-03-14,375.3734493768336,385.7022111357248,375.10659301872727,384.05157470703125,19952800,0.0,0.0
2025-03-17,382.2131776873556,388.15342385678485,381.0962841175908,384.1899719238281,22474300,0.0,0.0
2025-03-18,382.57886557924786,382.87537263830677,376.67813379609476,379.0700378417969,19486900,0.0,0.0
2025-03-19,381.0566918328374,385.1585333246225,379.5444456387846,383.32012939453125,19185500,0.0,0.0
2025-03-20,381.2642891356356,387.24410971121733,378.8328407062668,382.3515319824219,18470500,0.0,0.0
2025-03-21,378.77352451177876,387.194656647968,378.3583844724842,386.7202453613281,39675900,0.0,0.0
2025-03-24,390.812161730141,390.812161730141,385.2870262051097,388.5190734863281,21004500,0.0,0.0
2025-03-25,389.3493790004213,391.7610400507305,388.08423198363494,390.5749816894531,15775000,0.0,0.0
2025-03-26,390.4168262767483,390.7232269425197,384.061440622416,385.4451904296875,16108400,0.0,0.0
2025-03-27,385.60336562359333,387.6888690270636,382.9050306805178,386.0481262207031,13766800,0.0,0.0
2025-03-28,383.5771397086297,384.6149747790714,372.5565178920864,374.4048156738281,21632000,0.0,0.0
2025-03-31,368.2174858935481,372.694923815259,362.9789628551185,371.034423828125,35184700,0.0,0.0
2025-04-01,370.30297052308924,378.4078388750376,368.89946352111616,377.7554931640625,19689500,0.0,0.0
2025-04-02,373.5844861787052,380.61197570359644,372.25014394283687,377.70611572265625,16092600,0.0,0.0
2025-04-03,370.4413221297822,373.10011248760316,365.06444000689004,368.7807922363281,30198000,0.0,0.0
2025-04-04,359.90502676066706,370.2436515761853,355.30898645827625,355.664794921875,49209900,0.0,0.0
2025-04-07,346.808801297969,366.6953473866903,340.78946619633433,353.7077941894531,50425000,0.0,0.0
2025-04-08,363.98715955184485,369.31460473132455,346.1861164728992,350.44610595703125,35868900,0.0,0.0
2025-04-09,349.4379409733939,388.667426732123,349.0030438091915,385.9591979980469,50199700,0.0,0.0
2025-04-10,377.6269854135807,379.44563241847453,363.5324334212975,376.92523193359375,38024400,0.0,0.0
2025-04-11,376.22346214057205,385.52425170247653,374.49376732812806,383.9428405761719,23839200,0.0,0.0
2025-04-14,388.6575350248574,390.07093573374146,379.75206690221165,383.310302734375,19251200,0.0,0.0
2025-04-15,384.00213704858294,387.342923812398,379.7026039659422,381.25439453125,17199900,0.0,0.0
2025-04-16,376.25312290658945,377.1821883945702,363.7301188576812,367.2982177734375,21967800,0.0,0.0
2025-04-17,369.41339637295704,369.9767899290697,362.6330071079686,363.5126647949219,21120200,0.0,0.0
2025-04-21,358.6102367890087,360.25097956592975,351.54320368031085,354.9531555175781,20807300,0.0,0.0
2025-04-22,359.1637239988867,363.5027713530303,355.6845470865514,362.5638122558594,19485000,0.0,0.0
2025-04-23,371.6966268435602,375.9764033603888,368.69189108581185,370.0460205078125,20545500,0.0,0.0
2025-04-24,371.34077108557176,383.9428330432701,370.8366789549492,382.80615234375,22232300,0.0,0.0
2025-04-25,382.5096738423667,387.60980644654984,380.1375268589871,387.30340576171875,18973200,0.0,0.0
2025-04-28,387.41210451108003,388.18305301396595,382.1538550582223,386.62139892578125,16579400,0.0,0.0
2025-04-29,386.75978890275064,390.5157161336794,385.8504804253008,389.468017578125,14974000,0.0,0.0
2025-04-30,385.77135703314644,392.05757796403765,379.979364791359,390.673828125,36461100,0.0,0.0
2025-05-01,426.1078502028247,431.91962985286955,419.9699127886788,420.464111328125,58938100,0.0,0.0
2025-05-02,426.7305579775838,434.3412277785372,425.0008630376841,430.2294921875,30757400,0.0,0.0
2025-05-05,427.8474632490504,434.40054108405303,427.09627177369964,431.10919189453125,20136100,0.0,0.0
2025-05-06,427.18524232094876,432.65107712392626,426.1671945058241,428.2823486328125,15104200,0.0,0.0
2025-05-07,428.80620435216304,433.0365428333408,426.1078693467033,428.3218994140625,23295300,0.0,0.0
2025-05-08,432.8487322038109,438.5221520354275,430.60508165893515,433.0859680175781,23491300,0.0,0.0
2025-05-09,434.8946881691784,435.6260923106028,430.82249727884243,433.6394348144531,15324200,0.0,0.0
2025-05-12,440.7657862582039,444.15598092637396,434.6772567640601,444.0472717285156,22821900,0.0,0.0
2025-05-13,442.5844751269483,445.4409573721911,440.19254074927665,443.9287109375,23618800,0.0,0.0
2025-05-14,442.940276452347,448.6334230518337,442.940276452347,447.6845703125,19902800,0.0,0.0
2025-05-15,446.3576953837484,451.7246558325709,446.0210270484144,448.6946105957031,21992300,0.83,0.0
2025-05-16,447.6251846388841,449.9125712368337,444.33770477780746,449.8234558105469,23849800,0.0,0.0
2025-05-19,446.46660651740484,455.0913410046994,446.3873726676465,454.3783874511719,21336500,0.0,0.0
2025-05-20,451.13050930908776,453.8535912700005,449.87295142774695,453.6852722167969,15441800,0.0,0.0
2025-05-21,450.12049890400635,453.29906971148773,447.3875051898017,448.14007568359375,19216900,0.0,0.0
2025-05-22,450.4967994491365,455.74490907390424,449.4570590917957,450.40765380859375,18025600,0.0,0.0
2025-05-23,445.5754438212613,449.2491205375805,444.51591011589574,445.7734680175781,16883500,0.0,0.0
2025-05-27,452.0118204825961,456.4380677238799,451.65532857824905,456.18060302734375,20974300,0.0,0.0
2025-05-28,456.70544210957024,457.9927052337918,452.45742544945836,452.8832092285156,17086300,0.0,0.0
2025-05-29,457.0321797296883,457.2005290082406,450.8532686393741,454.1902770996094,13974800,0.0,0.0
2025-05-30,455.22010105843367,457.16090743162863,451.081023612945,455.85382080078125,34770500,0.0,0.0
2025-06-02,452.6653804963421,457.5867035205711,452.41782757710985,457.4480895996094,16626500,0.0,0.0
2025-06-03,456.9529759669727,459.5968543955761,456.3489311405408,458.43829345703125,15743800,0.0,0.0
2025-06-04,459.4581695952893,461.13162957016016,458.48775137554446,459.3294372558594,14162700,0.0,0.0
2025-06-05,460.40879598021155,465.05289099241804,459.487906406924,463.1021728515625,20131700,0.0,0.0
2025-06-06,465.4885564998141,468.70674412433226,464.1913817517478,465.7757263183594,15285600,0.0,0.0
2025-06-09,465.10242514198006,468.7958952647425,464.0329796350046,468.12255859375,16469900,0.0,0.0
2025-06-10,466.5778015728124,468.1720277278758,462.38919566775553,466.3104553222656,15375900,0.0,0.0
2025-06-11,465.4192790589967,470.81594475736864,465.0628173622344,467.99383544921875,16399200,0.0,0.0
2025-06-12,470.37032681118086,475.7174938929388,468.88500933710617,474.1826477050781,18950600,0.0,0.0
2025-06-13,471.74673205457395,474.48960742449077,468.13246560456287,470.3109130859375,16814500,0.0,0.0
2025-06-16,470.5584575569121,475.98482813726486,470.3505215770748,474.45001220703125,15626100,0.0,0.0
2025-06-17,470.74663593423935,474.0539393845567,469.4395492382731,473.3608093261719,15414100,0.0,0.0
2025-06-18,473.3211811212961,476.291816149254,469.8158233270243,475.53924560546875,17526500,0.0,0.0
2025-06-20,477.50979012623617,478.72773115460745,472.2022397987241,472.72705078125,37576200,0.0,0.0
2025-06-23,473.52910172023695,482.97572926336846,467.8849134818946,481.24285888671875,24864000,0.0,0.0
2025-06-24,484.1640031375646,487.0356109071577,482.0350238939456,485.3126220703125,22305600,0.0,0.0
2025-06-25,487.22371720850634,489.7190395262925,484.5996625495302,487.4514465332031,17495100,0.0,0.0
2025-06-26,488.1545026576009,493.16497070218156,487.9861533971619,492.58074951171875,21578900,0.0,0.0
2025-06-27,492.6797975508017,494.4126679494895,488.2040517426954,491.0855712890625,34539200,0.0,0.0
2025-06-30,492.17482524139086,495.85841392483957,490.4815414994746,492.54119873046875,28369000,0.0,0.0
2025-07-01,491.61039147776194,493.1749126279045,486.17413905224953,487.233642578125,19945400,0.0,0.0
2025-07-02,485.1938116448169,488.66946431331223,483.9164603345879,486.2830505371094,16319600,0.0,0.0
2025-07-03,488.9764203666982,495.2345653483035,488.6100468852986,493.9571838378906,13984800,0.0,0.0
2025-07-07,492.51147619590915,493.86806132382594,490.38252718836065,492.84814453125,13981600,0.0,0.0
2025-07-08,492.37283752871576,493.3234624825612,489.27347018920887,491.7589111328125,11846600,0.0,0.0
2025-07-09,495.40288075164045,501.8194631786975,494.8483646402868,498.58148193359375,18659500,0.0,0.0
2025-07-10,498.12595942487985,499.502368126141,492.8778497571002,496.57135009765625,16492100,0.0,0.0
2025-07-11,493.5907782355643,500.0865639242522,492.9273231662245,498.393310546875,16459500,0.0,0.0
2025-07-14,496.6109349689791,499.0369655948213,496.1257409313552,498.09625244140625,12058800,0.0,0.0
2025-07-15,498.09622485625505,503.3245408608939,497.8684955298327,500.86883544921875,14927200,0.0,0.0
2025-07-16,500.2351113436526,501.7600457375481,496.9773367906475,500.6708068847656,15154400,0.0,0.0
2025-07-17,500.7302212088446,508.34495123446135,500.67081092720053,506.6913146972656,17503100,0.0,0.0
2025-07-18,509.4440643876484,509.6025320949179,502.4630844244223,505.05743408203125,21209700,0.0,0.0
2025-07-21,501.7501069031347,507.0774803175347,500.60145783110823,505.06732177734375,14066800,0.0,0.0
2025-07-22,505.96840625923335,506.19616579872985,500.3241882324219,500.3241882324219,13868600,0.0,0.0
2025-07-23,501.7897871412931,501.82940407121947,495.79901834634256,500.91839599609375,16396600,0.0,0.0
2025-07-24,503.7899711970312,508.6420022469781,502.334358860161,505.87933349609375,16107000,0.0,0.0
2025-07-25,507.4537883180946,513.216827976129,505.364456023215,508.68170166015625,19125700,0.0,0.0
2025-07-28,509.04804137949895,509.9590192096989,505.1267813382861,507.4834899902344,14308000,0.0,0.0
2025-07-29,510.48381297361453,512.5533213636355,506.55264151082275,507.5527648925781,16469200,0.0,0.0
2025-07-30,510.12731827097724,510.89971236727115,504.4534248625209,508.2162170410156,26380400,0.0,0.0
2025-07-31,549.795171976257,550.0130499577134,526.6935786680993,528.2778930664062,51617300,0.0,0.0
2025-08-01,529.7632164041114,530.5553736121248,515.7616096000787,518.9797973632812,28977600,0.0,0.0
2025-08-04,523.0991779644736,532.9814718412621,522.960533815094,530.3970336914062,25349000,0.0,0.0
2025-08-05,531.9218555369729,532.0406760929504,522.0791498987046,522.5841674804688,19171600,0.0,0.0
2025-08-06,525.7034415927023,526.495598904166,518.9006917137275,519.8017578125,21355700,0.0,0.0
2025-08-07,521.6435053063135,522.9209170643583,512.4840471895837,515.7418823242188,16079100,0.0,0.0
2025-08-08,517.4845698020915,519.524403327164,514.3257923084495,516.9300537109375,15531000,0.0,0.0
2025-08-11,517.1875615378566,522.4258201385037,514.6327984158801,516.6627807617188,20194400,0.0,0.0
2025-08-12,518.6233183732385,525.7825288027884,517.5836082950698,524.0595703125,18667000,0.0,0.0
2025-08-13,526.901545781552,527.4857972911225,514.2862580919234,515.4844360351562,19619200,0.0,0.0
2025-08-14,517.445017549053,520.8018496782777,515.0487221853349,517.3657836914062,20269100,0.0,0.0
2025-08-15,517.6528943134479,520.9502551513766,513.9990113965767,515.0783081054688,25213300,0.0,0.0
2025-08-18,516.4844919382945,517.7024328589179,508.9885829187347,512.0383911132812,23760600,0.0,0.0
2025-08-19,509.9589996924715,510.11740696385556,503.5721224631474,504.7801818847656,21481000,0.0,0.0
2025-08-20,504.87923949406314,505.9981835608303,499.50239716393804,500.7698669433594,27723000,0.0,0.0
2025-08-21,499.5796529563519,503.4875031078027,498.61756740599895,500.1251525878906,18443300,0.83,0.0
2025-08-22,500.1350363394598,506.56216679087737,498.310055406757,503.0907287597656,24324200,0.0,0.0
2025-08-25,502.4956437530773,504.04291093011733,500.00611695670057,500.1449890136719,21638600,0.0,0.0
2025-08-26,500.24412923099453,500.8590951140394,494.44189267773186,497.9430847167969,30835700,0.0,0.0
2025-08-27,497.90339657266526,503.1502356611414,495.82052770460996,502.6047058105469,17277900,0.0,0.0
2025-08-28,502.95187030654046,506.91922816363694,501.3748491905692,505.4810791015625,18015600,0.0,0.0
2025-08-29,504.5090702372647,505.44140176386463,500.3730863144936,502.5551452636719,20961600,0.0,0.0
2025-09-02,496.3859077753076,501.87077891116434,492.75577163159113,500.9979553222656,18128000,0.0,0.0
2025-09-03,499.67883751509856,503.6461955733364,498.2208322179546,501.2261047363281,16345100,0.0,0.0
2025-09-04,500.18461248708434,504.0032003466391,499.04400319618804,503.8246765136719,15509500,0.0,0.0
2025-09-05,504.9156980825419,507.7920263313322,488.3519677503994,490.96051025390625,31994800,0.0,0.0
2025-09-08,494.0451377441344,497.1099483047291,490.990285532587,494.1344299316406,16771000,0.0,0.0
2025-09-09,497.33802599365555,498.15134157087306,493.6384843818268,494.3426818847656,14410500,0.0,0.0
2025-09-10,498.8754294126598,499.1233892811019,492.66650462093776,496.2867126464844,21611800,0.0,0.0
2025-09-11,498.15138006137016,499.0638857033828,493.8170463660224,496.9215087890625,18881600,0.0,0.0
2025-09-12,502.5154742767582,508.367321245748,499.73833579713096,505.73895263671875,23624900,0.0,0.0
2025-09-15,504.6379958107742,511.26344571936806,502.8625947427051,511.15435791015625,17143800,0.0,0.0
2025-09-16,512.6620043570016,513.0091239663263,504.4495745277025,504.885986328125,19711900,0.0,0.0
2025-09-17,506.4530503919847,507.1175961354426,501.80132099339164,505.8579406738281,15816600,0.0,0.0
2025-09-18,507.31598208941665,508.88310546808697,503.51725007824297,504.3008117675781,18913700,0.0,0.0
2025-09-19,506.3936379963221,515.062306658186,506.1456780893485,513.7034912109375,52474100,0.0,0.0
2025-09-22,511.38257317258103,513.5149918534414,508.3574141571104,510.2518615722656,20009300,0.0,0.0
2025-09-23,509.60711582016205,510.3907077578639,503.17008724169204,505.0744323730469,19799600,0.0,0.0
2025-09-24,506.215041937542,508.29788064425674,502.7832857896144,505.9869079589844,13533700,0.0,0.0
2025-09-25,504.15198973027213,505.84805701475193,500.9186136455738,502.8923645019531,15786500,0.0,0.0
2025-09-26,505.8976246789574,509.74596656687834,502.4856945681329,507.28619384765625,16213100,0.0,0.0
2025-09-29,507.32580454682284,512.6321206141573,504.72719041048674,510.4004821777344,17617800,0.0,0.0
2025-09-30,509.05168089535164,513.9315141469417,505.5009089039439,513.7232666015625,19728200,0.0,0.0
2025-10-01,510.5989067561486,516.2623314762835,507.51430077675985,515.4688720703125,22632300,0.0,0.0
2025-10-02,513.4158303625842,517.343476169315,506.5126054199375,511.53131103515625,21222900,0.0,0.0
2025-10-03,512.8800919259904,516.2424417743944,510.7972535535121,513.1280517578125,15112300,0.0,0.0
2025-10-06,514.377848960065,526.6965386672223,513.9712214168786,524.256591796875,21388600,0.0,0.0
2025-10-07,523.9788048028778,525.4764919541412,517.1847292577561,519.7039794921875,14615200,0.0,0.0
2025-10-08,519.0096990644043,522.6497323527587,518.8212471755213,520.5668334960938,13363400,0.0,0.0
2025-10-09,518.07745494396,520.0512058016051,513.1777655449532,518.136962890625,18343600,0.0,0.0
2025-10-10,515.3994727403434,519.3073226434543,505.47115003636685,506.790283203125,24133800,0.0,0.0
2025-10-13,512.1957986627914,512.1957986627914,507.50441729945595,509.8550720214844,14284200,0.0,0.0
2025-10-14,506.0662879637401,511.07509568876407,501.87079590760095,509.3790283203125,14684300,0.0,0.0
2025-10-15,510.75765569343554,512.9694382549203,505.838110317394,509.2401123046875,14694700,0.0,0.0
2025-10-16,508.3971133632887,512.6322269089161,503.98341543309897,507.43499755859375,15559600,0.0,0.0
2025-10-17,504.8859867353243,511.2734052578957,503.1700935064365,509.3889465332031,19867800,0.0,0.0
2025-10-20,510.41055088987974,514.4672014016805,509.24018745186737,512.57275390625,14665600,0.0,0.0
2025-10-21,513.2769402267872,514.4572316509175,508.8533142722573,513.4356079101562,15586200,0.0,0.0
2025-10-22,516.8971823641815,520.943843958813,513.4852520447155,516.2921142578125,18962700,0.0,0.0
2025-10-23,518.1964086283891,519.6742395740552,514.3777908083965,516.3118896484375,14023500,0.0,0.0
2025-10-24,518.5236595856693,521.0627658394295,516.4606773737235,519.3369750976562,15532400,0.0,0.0
2025-10-27,527.4404441110845,530.2175826339089,524.6930292943027,527.1825561523438,18734700,0.0,0.0
2025-10-28,545.5116410650497,549.2012543795508,536.356983260493,537.6463623046875,29986700,0.0,0.0
2025-10-29,540.4929653309738,541.8121286840217,532.3499420595073,537.130615234375,36023000,0.0,0.0
2025-10-30,526.1509968235328,530.6043464776645,517.8592331602406,521.4695434570312,41023100,0.0,0.0
2025-10-31,524.5640198650095,525.0004316167937,510.896444053691,513.5843505859375,34006400,0.0,0.0
2025-11-03,515.5680119038287,520.676008789008,510.3906395365282,512.8107299804688,22374700,0.0,0.0
2025-11-04,507.5837777929312,511.3428275978434,503.6957537451755,510.1328125,20958700,0.0,0.0
2025-11-05,509.11117977922714,510.6287232020861,502.4460174356622,503.02130126953125,23024300,0.0,0.0
2025-11-06,501.5335702984596,501.5732523540539,491.7639450704796,493.0434265136719,27406500,0.0,0.0
2025-11-07,492.89463000746537,495.30479262227396,489.2248119110569,492.76568603515625,24019800,0.0,0.0
2025-11-10,495.95940345274505,502.7138276367279,494.72950196106785,501.8707580566406,26101500,0.0,0.0
2025-11-11,500.68055811559174,505.4414057875519,498.2505695472254,504.5289001464844,17980000,0.0,0.0
2025-11-12,505.203338237195,507.494515261433,495.0469117437556,506.9688415527344,26574900,0.0,0.0
2025-11-13,506.1455939798088,509.3095642884979,497.1992129195551,499.1828918457031,25273100,0.0,0.0
2025-11-14,494.1641988801248,507.4250879884235,493.38063720960855,506.01666259765625,28505700,0.0,0.0
2025-11-17,504.3007594029326,507.9407930820625,500.78963942134817,503.34857177734375,19092800,0.0,0.0
2025-11-18,491.3275301094218,498.87544447228873,482.8076324047851,489.76043701171875,33815100,0.0,0.0
2025-11-19,486.1005289347495,491.14898819063853,478.88983663624714,483.14483642578125,23245300,0.0,0.0
2025-11-20,489.60385435710714,490.45844852333465,472.50235794747454,475.41387939453125,26802500,0.91,0.0
2025-11-21,475.4834301610789,475.9007957312625,465.3179114267742,469.1436462402344,31769200,0.0,0.0
2025-11-24,472.0055061050608,473.89352206444323,465.0694984877541,471.0118103027344,34421000,0.0,0.0
2025-11-25,471.08136597664605,476.12932719889915,461.9592459889855,473.9829406738281,28019800,0.0,0.0
2025-11-26,483.244222260298,485.23161394332453,478.1664510662567,482.4393310546875,25709100,0.0,0.0
2025-11-28,484.5260924315005,489.5243812398697,483.5820692635899,488.9082946777344,14386700,0.0,0.0
2025-12-01,485.3608038657598,486.77183499200703,481.59468809959253,483.6715087890625,23964000,0.0,0.0
2025-12-02,483.6516286444489,490.38888506208144,483.2541563831954,486.91094970703125,19562700,0.0,0.0
2025-12-03,473.31720798581483,481.18726202656165,472.20427350128017,474.71832275390625,34615100,0.0,0.0
2025-12-04,476.7355376297969,478.28570075231454,473.48613274494215,477.8087158203125,22318200,0.0,0.0
2025-12-05,479.4780948278929,480.35255199911325,475.86105782216015,480.11407470703125,22608700,0.0,0.0
2025-12-08,481.8331697469475,489.19642891935564,481.3263751862239,487.92449951171875,21965900,0.0,0.0
2025-12-09,486.01663804004494,489.0175885389743,485.4204144751398,488.918212890625,14696100,0.0,0.0
2025-12-10,480.97857754952304,481.19719183884354,472.084987996716,475.5430603027344,35756200,0.0,0.0
2025-12-11,473.6252433732215,482.96597801292137,472.86007818396723,480.422119140625,24669200,0.0,0.0
2025-12-12,476.79512068758515,479.40854546431024,473.3370484252935,475.51324462890625,21248100,0.0,0.0
2025-12-15,477.0733420562278,477.6894285774835,469.5411111878212,471.8266296386719,23727700,0.0,0.0
2025-12-16,468.9350114671635,474.87732355778707,467.911505956298,473.38677978515625,20705600,0.0,0.0
2025-12-17,473.903466892556,476.9739832708393,472.0055042784347,473.1184387207031,24527200,0.0,0.0
2025-12-18,475.1754171439269,486.51349034093164,474.87732052138307,480.9289245605469,28573500,0.0,0.0
2025-12-19,484.2875529363844,484.77448448182145,479.4482594182398,482.8566589355469,70836100,0.0,0.0
2025-12-22,483.0554234208069,485.64898536737695,479.6470539215635,481.8630065917969,16963000,0.0,0.0
2025-12-23,481.922585996358,484.75459468390824,481.6840783901604,483.7807922363281,14683600,0.0,0.0
2025-12-24,482.6181454723109,486.0762176057581,481.77349801821515,484.9433898925781,5855900,0.0,0.0
2025-12-26,483.6416497095635,485.04276435526947,482.8963778974979,484.6353454589844,8842200,0.0,0.0
2025-12-29,481.80333660098637,485.27135560420123,481.1276307272214,484.02923583984375,10893400,0.0,0.0
2025-12-30,482.8666136001516,486.5929730105466,482.43933166580535,484.4068603515625,13944500,0.0,0.0
2025-12-31,484.7645645601486,485.06269150087525,480.25317705215497,480.5711669921875,15601600,0.0,0.0
2026-01-02,481.3363251826272,481.6046121327098,467.1960229709088,469.95849609375,25571600,0.0,0.0
2026-01-05,471.071443053882,473.0687813775576,466.5401924921144,469.86907958984375,25250300,0.0,0.0
2026-01-06,470.8130789419108,475.7219388392127,466.7886229022075,475.493408203125,23037700,0.0,0.0
2026-01-07,476.73551614076564,486.6128550141313,474.936929133209,480.422119140625,25564200,0.0,0.0
2026-01-08,478.20615894860083,479.61722033317443,472.8600706717694,475.09588623046875,18162600,0.0,0.0
2026-01-09,471.0714211959582,476.7951186190047,469.2231615927928,476.2585144042969,18491000,0.0,0.0
2026-01-12,473.6649886945649,477.95773148860775,472.68120923483104,474.1717529296875,23519900,0.0,0.0
2026-01-13,471.68751939768345,472.7805908527595,463.01257439213845,467.70281982421875,28545800,0.0,0.0
2026-01-14,463.51933114332076,465.2483824443871,454.2879190598576,456.4839782714844,28184300,0.0,0.0
2026-01-15,461.1940901109254,461.32327541703046,453.02590941718984,453.7811279296875,23225800,0.0,0.0
2026-01-16,454.94370584966504,460.26993076816973,453.60224086509476,456.9609069824219,34246700,0.0,0.0
2026-01-20,448.3754483517362,453.92025792216236,446.4476759522066,451.6546325683594,26130000,0.0,0.0
2026-01-21,449.74673993987386,449.836168925793,435.9144806057656,441.31024169921875,37980500,0.0,0.0
2026-01-22,444.79810039972057,449.9851935867555,441.89652570286836,448.2959289550781,25349400,0.0,0.0
2026-01-23,449.02131930234236,468.1301005814363,447.6897705604439,463.0125732421875,38000200,0.0,0.0
2026-01-26,462.3766075757791,471.2602507862521,459.0874767807031,467.3152770996094,29291200,0.0,0.0
2026-01-27,470.7136916421546,479.8258647405344,470.1770874429818,477.55029296875,29213900,0.0,0.0
2026-01-28,480.16374552458444,480.69040309270366,474.9865988275796,478.5937194824219,36875400,0.0,0.0
2026-01-29,437.21619626544543,439.71038237575016,418.365786117595,430.7671203613281,128855300,0.0,0.0
2026-01-30,436.4014165119217,436.8286984461687,423.7616041817895,427.577392578125,58566800,0.0,0.0
2026-02-02,427.5276741085398,428.02452201181774,419.58805431821895,420.70098876953125,42219900,0.0,0.0
2026-02-03,419.34957819955315,419.3893041977899,405.9843574339844,408.6176452636719,61424100,0.0,0.0
2026-02-04,408.40896545860215,417.15347618992746,406.66005118226167,411.578857421875,45012400,0.0,0.0
2026-02-05,404.87141244319446,405.72597626088844,389.84673704915224,391.188232421875,66289200,0.0,0.0
2026-02-06,396.6535630940219,399.25704122003975,390.4429643868461,398.61114501953125,53515300,0.0,0.0
2026-02-09,402.2977759502542,412.2744908996196,398.3428555009064,410.99261474609375,45480500,0.0,0.0
2026-02-10,416.97464756162884,421.0090502850332,410.0982892644293,410.6646728515625,44857900,0.0,0.0
2026-02-11,413.5563153661985,413.8345489802859,398.4819668946231,401.8207702636719,42491000,0.0,0.0
2026-02-12,402.4467839094351,403.6392309547976,395.5008602319473,399.30670166015625,40802400,0.0,0.0
2026-02-13,401.90028127287496,402.98340606348665,395.54060384789733,398.7900085449219,34091600,0.0,0.0
2026-02-17,396.70323107498865,397.99502346077054,392.0427954340728,394.35809326171875,32078800,0.0,0.0
2026-02-18,395.62013745533494,400.02220283554806,393.82155037537984,397.08087158203125,23223400,0.0,0.0
2026-02-19,399.07278661262325,402.7976819572589,395.0690225854118,396.8517761230469,28234000,0.91,0.0
2026-02-20,394.51123443489973,398.5050592846536,393.56508699389525,395.6267395019531,34015200,0.0,0.0
2026-02-23,393.4057107487328,393.7642431363039,381.55374731391754,382.918212890625,43238300,0.0,0.0
2026-02-24,382.58959213032324,387.7884945775691,380.16937672197673,387.4299621582031,33884700,0.0,0.0
2026-02-25,388.95376053046306,399.84960746436826,388.5852587696308,398.9831237792969,43625500,0.0,0.0
2026-02-26,403.0765245044552,405.8453028142193,397.1306190557743,400.0986022949219,34405900,0.0,0.0
2026-02-27,389.30236795593413,395.2183958601928,388.30640407164015,391.15484619140625,51367200,0.0,0.0
2026-03-02,391.2743390590049,399.57073485574693,389.0533591512552,396.9413757324219,35474900,0.0,0.0
2026-03-03,391.5532542396072,405.05852201627056,391.0851500003899,402.2996826171875,38199200,0.0,0.0
2026-03-04,399.6504140582061,409.3710312257941,398.69429724653685,403.5645751953125,35808000,0.0,0.0
2026-03-05,402.78771732924594,409.9486695143622,402.7677785996419,409.0224304199219,39001300,0.0,0.0
2026-03-06,407.54843921074234,411.38287590243635,406.8612216895844,407.30938720703125,31123900,0.0,0.0
2026-03-09,403.2857003455267,408.55432729115563,401.8714182880504,407.757568359375,30131900,0.0,0.0
2026-03-10,408.37506928692744,408.5443965203919,401.30371964643086,404.122314453125,31706400,0.0,0.0
2026-03-11,403.9330670994013,407.35918518479474,399.96912002302975,403.245849609375,25512100,0.0,0.0
2026-03-12,402.99687655683135,404.4808530373378,400.08864860368743,400.238037109375,27263900,0.0,0.0
2026-03-13,399.3815063856616,403.16615688192843,392.65875035547907,393.9534912109375,26848000,0.0,0.0
2026-03-16,396.4633374914087,399.01300251860397,393.1965772756644,398.33575439453125,27733700,0.0,0.0
2026-03-17,398.6544268926901,402.7677623283013,396.1446090107731,397.79791259765625,26228300,0.0,0.0
2026-03-18,395.5271533612366,396.39363710184665,389.42188971563326,390.2087097167969,25908500,0.0,0.0
2026-03-19,388.52551763585893,390.90585551603124,385.4977789148814,387.4498596191406,25138800,0.0,0.0
2026-03-20,385.22889118681917,385.43803509853177,378.58579850034175,380.3287353515625,50853200,0.0,0.0
2026-03-23,382.3505545919761,385.64719283721575,380.1395134056624,381.4541931152344,29680100,0.0,0.0
2026-03-24,380.8167328036651,380.9263046350485,370.34917314154325,371.2355651855469,42733600,0.0,0.0
2026-03-25,375.39872248264555,375.5381416220395,368.13813722010167,369.5424499511719,31181200,0.0,0.0
2026-03-26,369.3233510512375,373.2076042912997,363.71606927386256,364.492919921875,36836600,0.0,0.0
2026-03-27,360.43931657918756,360.9871149414508,355.07108715320055,355.33001708984375,37883400,0.0,0.0
2026-03-30,360.4393055378546,363.8853318939423,354.8419936524484,357.51116943359375,44797000,0.0,0.0
2026-03-31,363.07862179545566,371.3949263066763,361.6046146993887,368.67596435546875,45244400,0.0,0.0
2026-04-01,371.98254731341393,372.48052926345224,366.7139201659809,367.8791809082031,29417200,0.0,0.0
2026-04-02,365.7278929006101,372.1319638369453,362.680245817395,371.9526672363281,24099100,0.0,0.0
2026-04-06,371.98252335059567,372.22157533941066,368.0086373714944,371.375,16146600,0.0,0.0
2026-04-07,368.8452727581139,370.9467724245638,365.080530373921,370.78741455078125,21443300,0.0,0.0
2026-04-08,383.426192668859,383.4461010048471,369.9109552686541,372.81915283203125,33064800,0.0,0.0
2026-04-09,370.9965632857518,371.99252721403565,365.5685477188417,371.56427001953125,30435300,0.0,0.0
2026-04-10,371.47463812837884,374.12390583360843,368.5365323725683,369.3731384277344,28111100,0.0,0.0
2026-04-13,372.10205289266787,382.98796126737693,369.5225100750242,382.8186340332031,35745800,0.0,0.0
2026-04-14,386.3543213772784,393.09698589720546,384.95994763093,391.5233459472656,37504500,0.0,0.0
2026-04-15,396.3936283702306,412.69755239260473,395.1287651714373,409.5602722167969,45063400,0.0,0.0
2026-04-16,418.16537187855886,419.12151906860663,410.4765600541581,418.56378173828125,41642400,0.0,0.0
2026-04-17,423.10539315661504,429.83808848207923,418.99205736838906,421.0835876464844,48568200,0.0,0.0
2026-04-20,419.4501847919345,421.6213787702164,414.6197538627068,416.38262939453125,27582200,0.0,0.0
2026-04-21,418.54386715015573,425.4558591722327,415.51615872358184,422.44805908203125,32048500,0.0,0.0
2026-04-22,424.4698510786937,431.9495495900464,421.9600330275293,431.1726989746094,29378200,0.0,0.0
2026-04-23,418.19526527607866,421.9500379562064,409.7494810939023,414.07196044921875,38308000,0.0,0.0
2026-04-24,415.28707116170386,423.23487407473965,414.12178001797366,422.90618896484375,27457400,0.0,0.0
2026-04-27,420.6752229306716,425.38611256831246,415.3866572294081,423.1053771972656,30867300,0.0,0.0
2026-04-28,422.8563830057505,428.1847957314844,420.197146128082,427.5174865722656,30438100,0.0,0.0
2026-04-29,422.866306449911,425.0972860808559,418.59364353468584,422.7467956542969,38288300,0.0,0.0
2026-04-30,409.15192465494977,412.74737011555624,396.4035989759817,406.1341552734375,70909400,0.0,0.0
2026-05-01,411.1338775963461,415.4264794885345,408.7834174283456,412.76727294921875,31372400,0.0,0.0
2026-05-04,409.87897009526375,419.0816663151199,409.14193618030583,411.9505615234375,28066500,0.0,0.0
2026-05-05,413.6437352165572,415.09783400354706,407.1500311208482,409.7196350097656,25700900,0.0,0.0
2026-05-06,406.3532485673598,416.73120520087787,403.4748984673602,412.2891845703125,30285900,0.0,0.0
2026-05-07,418.41437649189606,426.25263786097554,417.06984955189336,419.07171630859375,34942400,0.0,0.0
2026-05-08,415.70537649227293,416.9403619714099,412.32904436576047,413.44451904296875,33383800,0.0,0.0
2026-05-11,406.22377045102496,411.02432350049145,403.86334099070683,410.99444580078125,35657900,0.0,0.0
2026-05-12,412.8071154720842,413.8229876767416,404.9987623844293,406.1241760253906,38594200,0.0,0.0
2026-05-13,401.57265715241186,404.6700902960666,399.41140211310335,403.57452392578125,29667100,0.0,0.0
2026-05-14,402.847493220503,410.1777730080913,399.2620170659624,407.7774963378906,27077500,0.0,0.0
2026-05-15,412.5979239362014,426.4418454559798,411.2434277199191,420.2170715332031,50771200,0.0,0.0
2026-05-18,414.93848271907115,423.40417602339767,413.9325494355234,421.83056640625,32564100,0.0,0.0
2026-05-19,428.16486989475214,430.9535870211983,414.808990493047,415.7352600097656,33018700,0.0,0.0
2026-05-20,412.49835957243755,420.3963455784958,409.63991780241736,419.36053466796875,27864000,0.0,0.0
2026-05-21,423.9518891931334,425.5388979071037,414.92886694253497,418.3025207519531,31393500,0.91,0.0
2026-05-22,418.7517174636334,423.60257118762803,415.54772693408205,417.7835388183594,22390300,0.0,0.0
2026-05-26,415.6475333356961,418.9812539216563,412.24393696715845,415.248291015625,30398000,0.0,0.0
2026-05-27,410.23773822181624,415.15846763645,408.8104019854481,411.8946228027344,28901500,0.0,0.0
2026-05-28,412.2040283766931,428.68298564682067,411.89461329838434,426.18768310546875,47250500,0.0,0.0
2026-05-29,431.7372486144539,449.48383969057267,431.54760317786213,449.3940124511719,79654400,0.0,0.0
2026-06-01,463.96658383705716,465.4438139523178,457.40892124774234,459.6546936035156,53628900,0.0,0.0
2026-06-02,446.0403151791343,452.64787129328397,439.6024225764256,440.48077392578125,37036800,0.0,0.0
2026-06-03,437.62618910935214,439.56254639446627,423.45285793258154,426.53704833984375,39037000,0.0,0.0
2026-06-04,434.9911260035114,435.33048350032107,425.60879436274143,427.2456970214844,26899500,0.0,0.0
2026-06-05,427.5351398188391,428.66302140752947,413.6213308264138,415.8870849609375,34782200,0.0,0.0
2026-06-08,413.3618539280056,416.37616844333525,407.79232157753756,410.9663391113281,32086700,0.0,0.0
2026-06-09,408.26144336727174,411.20591258759293,397.7312786929967,402.6520080566406,35317300,0.0,0.0
2026-06-10,397.80110870103243,404.2789346443135,396.41373636313654,396.61334228515625,32576000,0.0,0.0
2026-06-11,394.46741202742857,396.1043451719433,383.278483574852,389.6065673828125,47224100,0.0,0.0
2026-06-12,390.6945042817559,391.003919361718,381.55171206615995,390.00579833984375,34865800,0.0,0.0
2026-06-15,396.05442037645633,400.99513175706005,392.11186050588947,399.0088806152344,32266400,0.0,0.0
2026-06-16,395.0463355104342,396.094350419825,389.9559121071713,393.0899963378906,31506800,0.0,0.0
2026-06-17,389.51671695343225,389.6364865987809,376.6110198431126,378.1980285644531,41987800,0.0,0.0
2026-06-18,377.11008548581106,380.6534028700893,372.5786075934489,378.6871032714844,59714200,0.0,0.0
2026-06-22,375.0339909424311,380.9129385065033,366.3802985575179,366.6497802734375,45171100,0.0,0.0
2026-06-23,371.6802994138851,376.51120135394876,369.9735210485466,373.23736572265625,40647600,0.0,0.0
2026-06-24,370.87185096853153,378.16811350773463,364.09460041679364,364.7733154296875,44509900,0.0,0.0
2026-06-25,362.0883479855026,363.5456265920902,348.54386902384044,352.1670227050781,66179000,0.0,0.0
2026-06-26,356.4789138154501,375.90234020580533,354.762144454129,372.2691955566406,186201600,0.0,0.0
2026-06-29,376.790685328561,379.7850483907747,359.2237492715265,367.8774719238281,51229900,0.0,0.0
2026-06-30,370.3328407149792,373.44697342275583,366.7595808670141,372.319091796875,44945700,0.0,0.0
2026-07-01,380.1144231011508,388.09939143880604,374.18561213385976,383.5579528808594,48065800,0.0,0.0
2026-07-02,383.7575696594082,391.4630649298244,382.97903650468743,389.7562561035156,42128900,0.0,0.0
2026-07-06,386.31276024010407,388.418780928489,380.5036887115837,386.0133056640625,34224500,0.0,0.0
2026-07-07,391.75251064257776,394.8267404517197,387.4905448392632,388.109375,29297500,0.0,0.0
2026-07-08,383.3084264217563,384.58602015004215,380.6134873969759,382.6197204589844,25908300,0.0,0.0
2026-07-09,373.74643420118315,383.92725049460796,372.64849496928053,383.6377868652344,31083200,0.0,0.0
2026-07-10,387.07131223677504,391.1736053926777,380.783162110783,384.37640380859375,24644600,0.0,0.0
2026-07-13,387.02143811329415,392.91034623109437,383.4281962321871,390.2553405761719,28914900,0.0,0.0
2026-07-14,382.1007052927433,387.46061042423804,377.93852713765,384.20672607421875,27863900,0.0,0.0
2026-07-15,387.07132248997675,398.2103568181361,385.6739591427675,394.8866271972656,36253700,0.0,0.0
2026-07-16,397.56157784187184,405.2271399033625,391.31333055964967,400.3463439941406,37047400,0.0,0.0
2026-07-17,394.1180409920291,397.64143734197864,388.6583483977542,393.08001708984375,33049800,0.0,0.0
2026-07-20,390.67455694621333,402.4224305318551,388.91785418191677,401.53411865234375,27915800,0.0,0.0
2026-07-21,398.0606303262699,400.7156358198418,395.57531880381754,397.00262451171875,24126600,0.0,0.0
2026-07-22,398.8291961465565,400.246541441447,386.2329133568751,389.6065673828125,28142500,0.0,0.0
2026-07-23,389.23725659651495,391.04385321150613,376.68090752842744,380.8630065917969,30351800,0.0,0.0
2026-07-24,386.32274187573427,388.29903252889795,379.9347732203772,380.9828186035156,27659400,0.0,0.0
2026-07-27,389.3470355932277,393.45931979821836,387.2609663085435,388.368896484375,27856200,0.0,0.0
2026-07-28,392.4212554523594,399.56780545733704,390.5647345556998,392.61090087890625,32367500,0.0,0.0
2026-07-29,392.6607942930367,400.4960502148319,388.00954678983055,389.8061828613281,47209000,0.0,0.0
2026-07-30,437.07720086969465,457.8281459885008,431.6274684759506,450.2524108886719,110160700,0.0,0.0
2026-07-31,449.1544591210436,465.962813447145,448.4857046349594,463.8468017578125,60846000,0.0,0.0
2026-08-03,475.2353605631651,490.7261876465455,474.10747895013026,486.73370361328125,66762100,0.0,0.0
2026-08-04,479.99640781848416,498.50158065157444,478.2696778930625,491.884033203125,50455500,0.0,0.0
2026-08-05,495.42733843271316,497.3038108374591,484.7674131728324,486.5440673828125,33388900,0.0,0.0
2026-08-06,487.6319998350186,500.61756372489685,487.60205742358346,498.9207458496094,36441500,0.0,0.0
2026-08-07,498.2719734340298,504.23075699317457,497.79289485093346,499.0505065917969,28846200,0.0,0.0
2026-08-10,502.4940586092805,512.7647021753171,501.32624359045303,505.109130859375,31206100,0.0,0.0
2026-08-11,503.3823542433026,504.38047525067043,498.61133704649393,502.86334228515625,23049800,0.0,0.0
2026-08-12,499.0505227551261,500.557695253814,490.59643643442394,491.5047302246094,29001500,0.0,0.0
2026-08-13,492.34314786956145,500.3979918654044,492.0836571155829,495.9463806152344,23039000,0.0,0.0
2026-08-14,495.42733437790497,499.07050046550256,492.991947114923,494.4691467285156,16217600,0.0,0.0
2026-08-17,489.21906226283284,491.73431632358415,477.51109147171053,479.44744873046875,29635800,0.0,0.0
2026-08-18,480.6352093836093,483.36006030134655,476.2534434403709,480.72503662109375,24087600,0.0,0.0
2026-08-19,479.16797047398614,488.3806080919379,478.4592826108848,483.3999938964844,19961900,0.0,0.0
2026-08-20,483.29998779296875,484.1600036621094,479.5,481.1499938964844,20020800,0.91,0.0
2026-08-21,479.8800048828125,486.3599853515625,478.5299987792969,483.239990234375,22510800,0.0,0.0
2026-08-24,483.2099914550781,490.6099853515625,481.8599853515625,487.30999755859375,17230800,0.0,0.0
2026-08-25,485.44000244140625,492.44000244140625,484.29998779296875,491.7099914550781,19519000,0.0,0.0
2026-08-26,487.8500061035156,497.3999938964844,487.30999755859375,496.3699951171875,20758900,0.0,0.0
2026-08-27,494.8800048828125,506.4800109863281,490.0799865722656,505.05999755859375,28688800,0.0,0.0
2026-08-28,505.3299865722656,517.780029296875,504.8699951171875,513.530029296875,29207300,0.0,0.0
2026-08-31,510.3800048828125,512.1900024414062,506.3900146484375,507.2900085449219,27208900,0.0,0.0
2026-09-01,497.5199890136719,505.9700012207031,496.7799987792969,501.0199890136719,21046900,0.0,0.0
2026-09-02,499.8500061035156,500.2699890136719,493.80999755859375,496.82000732421875,15336100,0.0,0.0
2026-09-03,501.6600036621094,515.6500244140625,500.79998779296875,510.1199951171875,24125900,0.0,0.0
2026-09-04,510.0,511.0,499.3599853515625,499.70001220703125,18101800,0.0,0.0
2026-09-08,493.010009765625,495.19000244140625,490.1499938964844,493.95001220703125,18882300,0.0,0.0
2026-09-09,493.07000732421875,494.3900146484375,489.79998779296875,491.6499938964844,12889600,0.0,0.0
2026-09-10,488.32000732421875,494.5199890136719,486.0,492.44000244140625,16038800,0.0,0.0
2026-09-11,495.6499938964844,498.9700012207031,492.5799865722656,495.6300048828125,14510500,0.0,0.0
2026-09-14,497.05999755859375,509.95001220703125,495.3399963378906,505.4100036621094,23091900,0.0,0.0
2026-09-15,500.05999755859375,505.8999938964844,495.5400085449219,497.1199951171875,17794600,0.0,0.0
2026-09-16,493.0299987792969,495.9700012207031,487.2300109863281,490.29998779296875,16670300,0.0,0.0
2026-09-17,497.79998779296875,501.4700012207031,493.1700134277344,497.75,17819200,0.0,0.0
