Date,Open,High,Low,Close,Volume,Dividends,Stock Splits,Capital Gains
2020-09-03,44.0,44.77000045776367,42.31800079345703,42.72800064086914,474500,0.0,0.0,0.0
2020-09-04,42.78799819946289,43.79800033569336,42.29999923706055,43.00199890136719,262000,0.0,0.0,0.0
2020-09-08,42.74599838256836,42.944000244140625,41.97200012207031,42.82600021362305,175000,0.0,0.0,0.0
2020-09-09,42.66600036621094,43.391998291015625,42.444000244140625,43.19599914550781,76500,0.0,0.0,0.0
2020-09-10,43.24399948120117,43.784000396728516,42.70000076293945,42.82400131225586,142500,0.0,0.0,0.0
2020-09-11,43.49399948120117,43.79800033569336,42.90399932861328,43.150001525878906,134000,0.0,0.0,0.0
2020-09-14,43.900001525878906,44.15800094604492,43.220001220703125,43.59199905395508,142000,0.0,0.0,0.0
2020-09-15,44.0,45.27000045776367,43.582000732421875,44.79999923706055,260500,0.0,0.0,0.0
2020-09-16,44.90599822998047,45.26599884033203,44.20399856567383,44.30799865722656,422000,0.0,0.0,0.0
2020-09-17,43.86199951171875,44.16999816894531,42.74399948120117,43.2599983215332,215000,0.0,0.0,0.0
2020-09-18,43.20199966430664,44.2760009765625,43.20199966430664,44.194000244140625,149000,0.0,0.0,0.0
2020-09-21,43.400001525878906,43.625999450683594,42.0,42.63600158691406,223000,0.0,0.0,0.0
2020-09-22,42.402000427246094,42.58399963378906,41.444000244140625,41.80400085449219,113000,0.0,0.0,0.0
2020-09-23,42.00600051879883,42.86000061035156,41.263999938964844,41.33599853515625,164000,0.0,0.0,0.0
2020-09-24,41.25400161743164,41.88399887084961,40.827999114990234,41.77199935913086,227000,0.0,0.0,0.0
2020-09-25,41.43000030517578,41.917999267578125,41.14799880981445,41.667999267578125,87500,0.0,0.0,0.0
2020-09-28,42.0,42.762001037597656,42.0,42.762001037597656,198500,0.0,0.0,0.0
2020-09-29,42.801998138427734,43.63999938964844,42.698001861572266,43.448001861572266,126000,0.0,0.0,0.0
2020-09-30,43.7400016784668,44.0,43.11399841308594,43.301998138427734,153000,0.0,0.0,0.0
2020-10-01,43.87200164794922,43.92399978637695,43.433998107910156,43.72999954223633,117000,0.0,0.0,0.0
2020-10-02,43.599998474121094,43.599998474121094,43.20199966430664,43.400001525878906,81500,0.0,0.0,0.0
2020-10-05,43.91999816894531,44.599998474121094,43.91999816894531,44.3120002746582,126500,0.0,0.0,0.0
2020-10-06,44.63999938964844,44.79999923706055,44.0,44.0,149500,0.0,0.0,0.0
2020-10-07,44.369998931884766,44.400001525878906,44.141998291015625,44.29800033569336,32000,0.0,0.0,0.0
2020-10-08,44.67399978637695,45.20000076293945,44.3120002746582,44.902000427246094,59500,0.0,0.0,0.0
2020-10-09,45.641998291015625,46.47999954223633,45.641998291015625,46.09199905395508,163500,0.0,0.0,0.0
2020-10-12,46.0620002746582,46.0880012512207,44.9640007019043,45.13800048828125,121500,0.0,0.0,0.0
2020-10-13,43.625999450683594,43.900001525878906,43.104000091552734,43.104000091552734,127500,0.0,0.0,0.0
2020-10-14,44.099998474121094,44.20000076293945,43.79999923706055,44.05799865722656,85000,0.0,0.0,0.0
2020-10-15,43.742000579833984,44.20000076293945,43.624000549316406,44.20000076293945,45500,0.0,0.0,0.0
2020-10-16,43.99599838256836,44.08000183105469,43.5260009765625,43.869998931884766,88500,0.0,0.0,0.0
2020-10-19,44.13999938964844,44.13999938964844,43.77399826049805,43.900001525878906,31000,0.0,0.0,0.0
2020-10-20,44.0620002746582,45.237998962402344,44.0620002746582,45.237998962402344,107000,0.0,0.0,0.0
2020-10-21,45.15599822998047,45.448001861572266,45.10200119018555,45.327999114990234,76000,0.0,0.0,0.0
2020-10-22,44.45399856567383,44.939998626708984,44.34000015258789,44.89799880981445,56000,0.0,0.0,0.0
2020-10-23,44.624000549316406,45.02799987792969,44.46799850463867,45.02799987792969,150000,0.0,0.0,0.0
2020-10-26,44.59199905395508,44.79800033569336,44.198001861572266,44.358001708984375,170500,0.0,0.0,0.0
2020-10-27,44.051998138427734,44.21200180053711,43.66400146484375,43.79800033569336,78000,0.0,0.0,0.0
2020-10-28,42.02799987792969,42.236000061035156,41.507999420166016,42.13800048828125,148000,0.0,0.0,0.0
2020-10-29,41.125999450683594,41.59600067138672,41.055999755859375,41.39799880981445,303500,0.0,0.0,0.0
2020-10-30,41.784000396728516,41.917999267578125,41.20399856567383,41.566001892089844,277000,0.0,0.0,0.0
2020-11-02,41.220001220703125,41.70199966430664,41.220001220703125,41.566001892089844,65500,0.0,0.0,0.0
2020-11-03,42.75,43.0,42.64799880981445,42.99800109863281,86000,0.0,0.0,0.0
2020-11-04,42.90399932861328,43.20000076293945,42.551998138427734,42.90800094604492,82500,0.0,0.0,0.0
2020-11-05,44.79999923706055,45.400001525878906,44.27799987792969,44.4379997253418,138000,0.0,0.0,0.0
2020-11-06,45.78200149536133,46.79999923706055,45.645999908447266,46.65999984741211,210000,0.0,0.0,0.0
2020-11-09,46.599998474121094,46.99800109863281,46.14799880981445,46.35200119018555,133500,0.0,0.0,0.0
2020-11-10,46.36800003051758,46.417999267578125,46.0099983215332,46.279998779296875,67500,0.0,0.0,0.0
2020-11-11,44.2239990234375,44.36000061035156,43.189998626708984,43.43000030517578,174000,0.0,0.0,0.0
2020-11-12,43.8380012512207,44.215999603271484,43.72600173950195,43.72600173950195,78000,0.0,0.0,0.0
2020-11-13,43.54399871826172,43.83399963378906,43.4119987487793,43.83399963378906,188500,0.0,0.0,0.0
2020-11-16,43.79999923706055,44.08000183105469,43.268001556396484,43.763999938964844,114500,0.0,0.0,0.0
2020-11-17,43.7400016784668,43.88399887084961,43.263999938964844,43.470001220703125,236000,0.0,0.0,0.0
2020-11-18,43.75600051879883,44.5260009765625,43.599998474121094,43.77199935913086,220500,0.0,0.0,0.0
2020-11-19,43.0,43.88999938964844,42.62799835205078,43.694000244140625,122500,0.0,0.0,0.0
2020-11-20,43.60200119018555,43.75400161743164,43.45800018310547,43.46799850463867,100500,0.0,0.0,0.0
2020-11-23,43.86800003051758,44.400001525878906,43.52399826049805,44.268001556396484,413500,0.0,0.0,0.0
2020-11-24,43.79999923706055,44.31399917602539,43.652000427246094,44.25199890136719,131500,0.0,0.0,0.0
2020-11-25,43.948001861572266,44.099998474121094,43.84000015258789,43.89400100708008,54500,0.0,0.0,0.0
2020-11-27,44.3380012512207,45.69200134277344,44.20000076293945,45.65800094604492,95000,0.0,0.0,0.0
2020-11-30,45.16400146484375,45.16400146484375,44.41600036621094,44.74599838256836,92500,0.0,0.0,0.0
2020-12-01,45.417999267578125,45.645999908447266,45.104000091552734,45.104000091552734,109000,0.0,0.0,0.0
2020-12-02,45.06399917602539,45.5359992980957,44.784000396728516,44.784000396728516,87500,0.0,0.0,0.0
2020-12-03,44.849998474121094,44.95399856567383,41.891998291015625,43.119998931884766,361500,0.0,0.0,0.0
2020-12-04,44.209999084472656,44.6879997253418,43.5,43.93600082397461,151500,0.0,0.0,0.0
2020-12-07,43.51599884033203,44.23400115966797,43.50199890136719,44.04199981689453,105500,0.0,0.0,0.0
2020-12-08,43.37200164794922,43.59400177001953,43.05799865722656,43.38199996948242,97000,0.0,0.0,0.0
2020-12-09,43.349998474121094,43.349998474121094,42.45000076293945,42.459999084472656,107000,0.0,0.0,0.0
2020-12-10,44.051998138427734,44.47999954223633,43.50199890136719,43.86199951171875,97500,0.0,0.0,0.0
2020-12-11,44.04800033569336,44.04800033569336,43.34199905395508,43.34199905395508,57000,0.0,0.0,0.0
2020-12-14,43.34000015258789,43.60599899291992,43.13999938964844,43.16400146484375,62000,0.0,0.0,0.0
2020-12-15,43.99800109863281,43.99800109863281,43.29999923706055,43.61199951171875,93500,0.0,0.0,0.0
2020-12-16,43.57600021362305,43.99599838256836,43.43199920654297,43.79999923706055,129500,0.0,0.0,0.0
2020-12-17,43.83399963378906,44.0,43.62799835205078,43.74399948120117,98500,0.0,0.0,0.0
2020-12-18,43.70000076293945,44.63199996948242,43.70000076293945,44.39400100708008,74500,0.0,0.0,0.0
2020-12-21,43.27000045776367,43.63399887084961,43.060001373291016,43.45000076293945,108000,0.0,0.0,0.0
2020-12-22,43.736000061035156,43.8120002746582,43.31999969482422,43.47600173950195,52500,0.0,0.0,0.0
2020-12-23,43.599998474121094,43.880001068115234,43.599998474121094,43.7400016784668,68000,0.0,0.0,0.0
2020-12-24,43.400001525878906,44.040000915527344,43.400001525878906,44.040000915527344,44500,0.0,0.0,0.0
2020-12-28,45.77399826049805,46.257999420166016,43.71200180053711,43.72200012207031,199000,0.0,0.0,0.0
2020-12-29,43.53799819946289,43.9119987487793,43.5,43.650001525878906,56500,0.0,0.0,0.0
2020-12-30,43.90999984741211,44.59600067138672,43.90999984741211,44.25,65500,0.0,0.0,0.0
2020-12-31,45.09400177001953,45.9119987487793,45.09400177001953,45.9119987487793,159500,0.0,0.0,0.0
2021-01-04,46.03200149536133,46.099998474121094,44.46799850463867,44.75,122500,0.0,0.0,0.0
2021-01-05,45.58599853515625,47.26599884033203,45.380001068115234,46.56399917602539,249000,0.0,0.0,0.0
2021-01-06,45.4640007019043,46.018001556396484,45.055999755859375,45.93600082397461,116500,0.0,0.0,0.0
2021-01-07,45.400001525878906,45.698001861572266,45.055999755859375,45.608001708984375,84000,0.0,0.0,0.0
2021-01-08,45.71799850463867,45.71799850463867,43.698001861572266,44.47999954223633,223000,0.0,0.0,0.0
2021-01-11,44.16600036621094,44.59000015258789,43.80400085449219,44.25400161743164,79000,0.0,0.0,0.0
2021-01-12,44.85599899291992,45.040000915527344,44.400001525878906,45.040000915527344,75500,0.0,0.0,0.0
2021-01-13,44.79199981689453,44.9739990234375,44.55400085449219,44.645999908447266,80500,0.0,0.0,0.0
2021-01-14,44.652000427246094,45.321998596191406,44.64799880981445,45.11399841308594,52500,0.0,0.0,0.0
2021-01-15,45.400001525878906,46.0,44.608001708984375,44.608001708984375,67000,0.0,0.0,0.0
2021-01-19,44.44599914550781,44.5,44.09000015258789,44.09199905395508,84500,0.0,0.0,0.0
2021-01-20,44.38199996948242,44.93199920654297,44.38199996948242,44.43600082397461,46500,0.0,0.0,0.0
2021-01-21,44.597999572753906,44.91999816894531,44.35599899291992,44.486000061035156,89500,0.0,0.0,0.0
2021-01-22,44.20000076293945,44.487998962402344,44.09000015258789,44.11000061035156,56500,0.0,0.0,0.0
2021-01-25,44.082000732421875,44.082000732421875,43.5620002746582,43.64400100708008,131500,0.0,0.0,0.0
2021-01-26,43.459999084472656,43.683998107910156,43.38399887084961,43.55400085449219,51000,0.0,0.0,0.0
2021-01-27,43.1879997253418,43.63199996948242,43.04600143432617,43.05400085449219,265000,0.0,0.0,0.0
2021-01-28,43.470001220703125,43.82400131225586,43.145999908447266,43.72999954223633,72000,0.0,0.0,0.0
2021-01-29,43.36800003051758,43.36800003051758,41.23400115966797,41.67399978637695,328000,0.0,0.0,0.0
2021-02-01,42.1619987487793,42.178001403808594,41.869998931884766,42.152000427246094,183000,0.0,0.0,0.0
2021-02-02,42.22600173950195,42.22600173950195,41.79999923706055,42.0,76500,0.0,0.0,0.0
2021-02-03,42.41600036621094,42.88800048828125,42.2239990234375,42.71799850463867,89000,0.0,0.0,0.0
2021-02-04,42.4119987487793,42.986000061035156,42.15399932861328,42.8380012512207,86000,0.0,0.0,0.0
2021-02-05,43.652000427246094,43.933998107910156,43.61000061035156,43.83399963378906,97000,0.0,0.0,0.0
2021-02-08,43.944000244140625,44.0,43.49399948120117,43.608001708984375,121500,0.0,0.0,0.0
2021-02-09,43.597999572753906,43.63199996948242,43.439998626708984,43.50400161743164,41500,0.0,0.0,0.0
2021-02-10,44.41600036621094,44.70399856567383,44.00400161743164,44.178001403808594,192000,0.0,0.0,0.0
2021-02-11,44.0880012512207,44.27399826049805,43.7760009765625,44.145999908447266,165500,0.0,0.0,0.0
2021-02-12,44.34000015258789,44.79800033569336,44.183998107910156,44.78200149536133,174500,0.0,0.0,0.0
2021-02-16,44.42399978637695,45.097999572753906,44.42399978637695,44.84000015258789,335500,0.0,0.0,0.0
2021-02-17,44.5,44.63999938964844,44.198001861572266,44.608001708984375,63500,0.0,0.0,0.0
2021-02-18,44.400001525878906,44.400001525878906,43.64799880981445,44.04800033569336,62500,0.0,0.0,0.0
2021-02-19,44.077999114990234,44.625999450683594,44.077999114990234,44.470001220703125,65000,0.0,0.0,0.0
2021-02-22,44.77000045776367,44.959999084472656,44.59600067138672,44.94599914550781,89000,0.0,0.0,0.0
2021-02-23,44.2599983215332,44.31999969482422,43.13199996948242,44.15599822998047,115500,0.0,0.0,0.0
2021-02-24,43.93600082397461,45.90999984741211,43.832000732421875,45.83000183105469,188500,0.0,0.0,0.0
2021-02-25,46.29800033569336,46.75,45.097999572753906,45.27000045776367,286000,0.0,0.0,0.0
2021-02-26,44.15800094604492,44.15800094604492,43.20000076293945,43.402000427246094,274000,0.0,0.0,0.0
2021-03-01,44.3120002746582,44.80400085449219,44.013999938964844,44.198001861572266,71500,0.0,0.0,0.0
2021-03-02,44.21799850463867,44.689998626708984,44.02399826049805,44.51599884033203,161000,0.0,0.0,0.0
2021-03-03,44.034000396728516,44.672000885009766,44.034000396728516,44.194000244140625,159500,0.0,0.0,0.0
2021-03-04,44.40599822998047,44.571998596191406,43.76599884033203,43.79399871826172,79000,0.0,0.0,0.0
2021-03-05,44.152000427246094,44.400001525878906,43.77199935913086,43.81399917602539,65000,0.0,0.0,0.0
2021-03-08,43.395999908447266,43.65999984741211,43.395999908447266,43.400001525878906,68000,0.0,0.0,0.0
2021-03-09,42.99599838256836,43.25600051879883,42.44599914550781,42.987998962402344,198500,0.0,0.0,0.0
2021-03-10,43.06800079345703,43.198001861572266,42.79999923706055,43.145999908447266,88000,0.0,0.0,0.0
2021-03-11,43.849998474121094,44.53200149536133,43.604000091552734,44.06800079345703,627500,0.0,0.0,0.0
2021-03-12,44.262001037597656,44.34000015258789,44.198001861572266,44.2859992980957,27500,0.0,0.0,0.0
2021-03-15,44.652000427246094,44.93000030517578,44.619998931884766,44.66600036621094,46000,0.0,0.0,0.0
2021-03-16,46.874000549316406,47.060001373291016,46.2760009765625,46.599998474121094,525000,0.0,0.0,0.0
2021-03-17,46.45800018310547,48.3120002746582,46.32600021362305,48.3120002746582,340000,0.0,0.0,0.0
2021-03-18,50.14400100708008,51.582000732421875,49.55799865722656,50.11800003051758,448000,0.0,0.0,0.0
2021-03-19,48.959999084472656,49.630001068115234,48.72200012207031,49.22999954223633,115500,0.0,0.0,0.0
2021-03-22,49.599998474121094,49.599998474121094,48.518001556396484,48.92599868774414,115500,0.0,0.0,0.0
2021-03-23,49.49800109863281,49.599998474121094,48.8120002746582,48.917999267578125,93500,0.0,0.0,0.0
2021-03-24,49.50600051879883,49.70000076293945,49.2239990234375,49.52199935913086,204500,0.0,0.0,0.0
2021-03-25,49.492000579833984,49.7599983215332,48.763999938964844,49.007999420166016,149500,0.0,0.0,0.0
2021-03-26,49.65800094604492,50.40800094604492,49.49800109863281,50.400001525878906,105000,0.0,0.0,0.0
2021-03-29,48.178001403808594,48.178001403808594,47.20000076293945,47.28799819946289,285000,0.0,0.0,0.0
2021-03-30,48.43000030517578,48.74599838256836,47.99599838256836,48.119998931884766,146500,0.0,0.0,0.0
2021-03-31,48.641998291015625,49.20000076293945,48.641998291015625,48.970001220703125,100500,0.0,0.0,0.0
2021-04-01,49.358001708984375,49.99599838256836,49.358001708984375,49.99599838256836,143500,0.0,0.0,0.0
2021-04-05,49.52000045776367,50.066001892089844,49.52000045776367,49.93199920654297,59000,0.0,0.0,0.0
2021-04-06,50.097999572753906,50.551998138427734,50.097999572753906,50.321998596191406,81500,0.0,0.0,0.0
2021-04-07,49.47800064086914,49.47999954223633,48.93000030517578,49.167999267578125,81000,0.0,0.0,0.0
2021-04-08,49.321998596191406,49.321998596191406,49.20000076293945,49.20600128173828,45500,0.0,0.0,0.0
2021-04-09,49.53200149536133,49.54199981689453,49.284000396728516,49.48400115966797,68000,0.0,0.0,0.0
2021-04-12,49.67399978637695,50.2859992980957,49.571998596191406,50.2859992980957,472500,0.0,0.0,0.0
2021-04-13,50.63800048828125,50.63800048828125,50.27399826049805,50.45800018310547,80500,0.0,0.0,0.0
2021-04-14,50.29600143432617,50.30400085449219,50.00600051879883,50.08000183105469,113500,0.0,0.0,0.0
2021-04-15,51.220001220703125,51.439998626708984,51.13600158691406,51.37799835205078,215500,0.0,0.0,0.0
2021-04-16,51.599998474121094,52.15999984741211,51.529998779296875,51.944000244140625,262500,0.0,0.0,0.0
2021-04-19,52.62200164794922,52.880001068115234,52.433998107910156,52.66400146484375,278500,0.0,0.0,0.0
2021-04-20,51.92399978637695,52.21200180053711,51.17399978637695,51.65399932861328,232000,0.0,0.0,0.0
2021-04-21,52.301998138427734,54.09400177001953,52.301998138427734,54.018001556396484,189000,0.0,0.0,0.0
2021-04-22,53.95199966430664,53.95199966430664,52.731998443603516,52.900001525878906,136000,0.0,0.0,0.0
2021-04-23,53.77199935913086,53.970001220703125,53.27199935913086,53.48400115966797,112000,0.0,0.0,0.0
2021-04-26,54.79800033569336,54.99800109863281,54.16600036621094,54.694000244140625,382000,0.0,0.0,0.0
2021-04-27,54.68199920654297,55.279998779296875,54.4739990234375,55.1619987487793,169500,0.0,0.0,0.0
2021-04-28,54.768001556396484,55.14799880981445,54.52799987792969,55.14799880981445,228000,0.0,0.0,0.0
2021-04-29,55.47800064086914,55.47800064086914,54.66400146484375,55.37799835205078,165000,0.0,0.0,0.0
2021-04-30,55.66400146484375,55.90599822998047,54.7760009765625,54.928001403808594,108500,0.0,0.0,0.0
2021-05-03,55.71799850463867,55.948001861572266,55.391998291015625,55.52000045776367,405000,0.0,0.0,0.0
2021-05-04,56.0,56.152000427246094,55.400001525878906,55.86199951171875,126000,0.0,0.0,0.0
2021-05-05,55.8380012512207,55.8380012512207,55.3120002746582,55.41400146484375,173500,0.0,0.0,0.0
2021-05-06,54.66600036621094,55.108001708984375,54.47800064086914,55.0260009765625,131000,0.0,0.0,0.0
2021-05-07,53.77799987792969,54.97200012207031,53.41600036621094,54.534000396728516,254500,0.0,0.0,0.0
2021-05-10,55.74800109863281,56.11399841308594,55.354000091552734,55.41600036621094,116000,0.0,0.0,0.0
2021-05-11,54.720001220703125,55.13800048828125,54.45199966430664,54.939998626708984,388500,0.0,0.0,0.0
2021-05-12,54.79399871826172,55.231998443603516,53.2140007019043,53.237998962402344,172500,0.0,0.0,0.0
2021-05-13,53.20000076293945,54.02399826049805,52.959999084472656,53.52799987792969,88000,0.0,0.0,0.0
2021-05-14,54.0,54.31999969482422,53.816001892089844,54.16400146484375,74000,0.0,0.0,0.0
2021-05-17,54.07600021362305,54.380001068115234,53.880001068115234,54.20000076293945,49500,0.0,0.0,0.0
2021-05-18,54.24399948120117,54.534000396728516,54.24399948120117,54.52399826049805,44500,0.0,0.0,0.0
2021-05-19,53.678001403808594,53.85200119018555,53.25400161743164,53.599998474121094,83000,0.0,0.0,0.0
2021-05-20,53.5359992980957,53.68199920654297,53.25199890136719,53.35599899291992,63500,0.0,0.0,0.0
2021-05-21,52.96200180053711,52.96200180053711,51.72200012207031,51.939998626708984,158500,0.0,0.0,0.0
2021-05-24,51.75600051879883,51.784000396728516,50.97200012207031,51.0099983215332,229500,0.0,0.0,0.0
2021-05-25,51.279998779296875,52.189998626708984,51.19599914550781,51.70600128173828,125000,0.0,0.0,0.0
2021-05-26,51.68000030517578,51.68000030517578,51.0620002746582,51.31399917602539,104000,0.0,0.0,0.0
2021-05-27,52.15399932861328,53.0,52.15399932861328,52.46200180053711,213000,0.0,0.0,0.0
2021-05-28,52.76599884033203,52.95800018310547,52.14799880981445,52.630001068115234,156000,0.0,0.0,0.0
2021-06-01,53.20199966430664,53.66600036621094,52.93199920654297,53.66600036621094,410500,0.0,0.0,0.0
2021-06-02,53.54399871826172,53.67599868774414,53.395999908447266,53.470001220703125,130000,0.0,0.0,0.0
2021-06-03,52.58399963378906,53.27000045776367,52.5,53.24399948120117,110500,0.0,0.0,0.0
2021-06-04,53.077999114990234,53.189998626708984,52.78200149536133,53.141998291015625,53500,0.0,0.0,0.0
2021-06-07,53.06800079345703,53.11399841308594,52.86199951171875,53.007999420166016,439000,0.0,0.0,0.0
2021-06-08,52.40599822998047,52.518001556396484,52.04600143432617,52.4119987487793,193000,0.0,0.0,0.0
2021-06-09,52.41600036621094,52.47200012207031,51.72200012207031,51.75,78000,0.0,0.0,0.0
2021-06-10,51.720001220703125,51.86199951171875,51.43199920654297,51.86199951171875,32500,0.0,0.0,0.0
2021-06-11,52.130001068115234,52.4119987487793,51.880001068115234,51.90999984741211,334500,0.0,0.0,0.0
2021-06-14,51.470001220703125,51.8120002746582,51.36399841308594,51.481998443603516,447500,0.0,0.0,0.0
2021-06-15,51.487998962402344,51.70000076293945,51.47999954223633,51.70000076293945,135000,0.0,0.0,0.0
2021-06-16,52.18000030517578,53.0620002746582,52.18000030517578,52.55799865722656,117000,0.0,0.0,0.0
2021-06-17,49.88999938964844,50.09600067138672,46.79999923706055,47.00600051879883,532000,0.0,0.0,0.0
2021-06-18,47.560001373291016,47.641998291015625,45.832000732421875,46.23400115966797,236500,0.0,0.0,0.0
2021-06-21,46.91999816894531,48.422000885009766,46.54600143432617,48.3120002746582,442000,0.0,0.0,0.0
2021-06-22,47.96799850463867,48.14400100708008,47.7239990234375,47.77199935913086,165500,0.0,0.0,0.0
2021-06-23,48.77399826049805,49.36800003051758,48.7239990234375,48.90399932861328,240500,0.0,0.0,0.0
2021-06-24,49.39799880981445,49.715999603271484,49.178001403808594,49.47800064086914,115500,0.0,0.0,0.0
2021-06-25,49.61000061035156,49.61000061035156,49.0099983215332,49.150001525878906,65500,0.0,0.0,0.0
2021-06-28,49.89799880981445,50.400001525878906,49.784000396728516,50.20199966430664,168000,0.0,0.0,0.0
2021-06-29,49.948001861572266,50.268001556396484,49.7239990234375,50.16600036621094,61500,0.0,0.0,0.0
2021-06-30,50.49800109863281,52.13600158691406,50.433998107910156,51.93199920654297,106000,0.0,0.0,0.0
2021-07-01,51.970001220703125,52.236000061035156,51.46799850463867,51.61600112915039,75000,0.0,0.0,0.0
2021-07-02,52.060001373291016,52.20000076293945,51.854000091552734,52.15999984741211,31000,0.0,0.0,0.0
2021-07-06,53.63399887084961,53.63399887084961,51.80799865722656,52.02000045776367,186000,0.0,0.0,0.0
2021-07-07,53.0,53.597999572753906,52.63600158691406,53.44599914550781,147000,0.0,0.0,0.0
2021-07-08,52.194000244140625,52.58000183105469,52.071998596191406,52.358001708984375,67000,0.0,0.0,0.0
2021-07-09,52.2859992980957,52.68600082397461,52.26599884033203,52.57400131225586,39500,0.0,0.0,0.0
2021-07-12,52.599998474121094,53.47999954223633,52.52399826049805,53.34600067138672,233000,0.0,0.0,0.0
2021-07-13,53.167999267578125,53.167999267578125,52.82600021362305,52.854000091552734,33500,0.0,0.0,0.0
2021-07-14,52.9640007019043,53.018001556396484,52.400001525878906,52.83399963378906,40000,0.0,0.0,0.0
2021-07-15,51.82600021362305,52.0880012512207,50.15399932861328,51.0620002746582,149000,0.0,0.0,0.0
2021-07-16,50.34199905395508,50.35599899291992,48.92599868774414,48.97600173950195,162000,0.0,0.0,0.0
2021-07-19,48.4640007019043,48.992000579833984,48.24399948120117,48.507999420166016,435000,0.0,0.0,0.0
2021-07-20,48.189998626708984,49.41600036621094,48.189998626708984,49.316001892089844,126500,0.0,0.0,0.0
2021-07-21,49.470001220703125,49.9739990234375,49.444000244140625,49.66999816894531,73000,0.0,0.0,0.0
2021-07-22,49.939998626708984,50.902000427246094,49.599998474121094,50.72200012207031,73500,0.0,0.0,0.0
2021-07-23,50.939998626708984,50.939998626708984,49.6879997253418,49.93000030517578,44000,0.0,0.0,0.0
2021-07-26,50.284000396728516,50.53200149536133,49.66999816894531,49.75600051879883,899000,0.0,0.0,0.0
2021-07-27,49.0,49.09600067138672,48.37799835205078,48.487998962402344,67000,0.0,0.0,0.0
2021-07-28,48.79999923706055,49.02199935913086,48.6619987487793,48.96200180053711,30500,0.0,0.0,0.0
2021-07-29,49.70399856567383,49.80799865722656,49.36199951171875,49.36199951171875,31500,0.0,0.0,0.0
2021-07-30,49.76599884033203,49.76599884033203,49.167999267578125,49.61800003051758,40500,0.0,0.0,0.0
2021-08-02,50.0099983215332,50.290000915527344,49.79600143432617,49.97999954223633,678000,0.0,0.0,0.0
2021-08-03,49.79600143432617,49.79600143432617,49.209999084472656,49.31800079345703,81500,0.0,0.0,0.0
2021-08-04,49.74599838256836,49.928001403808594,49.321998596191406,49.400001525878906,49500,0.0,0.0,0.0
2021-08-05,49.20399856567383,49.75199890136719,49.18000030517578,49.428001403808594,23500,0.0,0.0,0.0
2021-08-06,49.667999267578125,49.667999267578125,49.077999114990234,49.077999114990234,36000,0.0,0.0,0.0
2021-08-09,48.86000061035156,49.06399917602539,48.5,48.50199890136719,543000,0.0,0.0,0.0
2021-08-10,48.56399917602539,49.630001068115234,48.56399917602539,49.30799865722656,56000,0.0,0.0,0.0
2021-08-11,49.152000427246094,49.152000427246094,48.737998962402344,49.08599853515625,55000,0.0,0.0,0.0
2021-08-12,49.02000045776367,49.141998291015625,48.79399871826172,49.02000045776367,61000,0.0,0.0,0.0
2021-08-13,49.391998291015625,49.650001525878906,49.21200180053711,49.25199890136719,54000,0.0,0.0,0.0
2021-08-16,49.2760009765625,49.2760009765625,48.08399963378906,48.56999969482422,95500,0.0,0.0,0.0
2021-08-17,47.672000885009766,47.672000885009766,46.08599853515625,46.37799835205078,165500,0.0,0.0,0.0
2021-08-18,46.236000061035156,46.242000579833984,45.0880012512207,45.20199966430664,111000,0.0,0.0,0.0
2021-08-19,43.922000885009766,44.400001525878906,43.0,43.19200134277344,249000,0.0,0.0,0.0
2021-08-20,43.0,43.099998474121094,42.43199920654297,42.54199981689453,158500,0.0,0.0,0.0
2021-08-23,44.14799880981445,45.20199966430664,44.077999114990234,44.58000183105469,185000,0.0,0.0,0.0
2021-08-24,45.92399978637695,46.1879997253418,45.82400131225586,46.12799835205078,141500,0.0,0.0,0.0
2021-08-25,46.12799835205078,46.12799835205078,45.25,45.257999420166016,134500,0.0,0.0,0.0
2021-08-26,44.55400085449219,44.7140007019043,44.400001525878906,44.58399963378906,43000,0.0,0.0,0.0
2021-08-27,44.91600036621094,45.47999954223633,44.90599822998047,45.08399963378906,45500,0.0,0.0,0.0
2021-08-30,45.880001068115234,46.720001220703125,45.880001068115234,46.698001861572266,1647000,0.0,0.0,0.0
2021-08-31,46.5260009765625,46.72999954223633,46.060001373291016,46.20399856567383,164500,0.0,0.0,0.0
2021-09-01,45.80799865722656,46.055999755859375,45.36800003051758,45.65999984741211,90000,0.0,0.0,0.0
2021-09-02,45.14799880981445,45.14799880981445,44.62799835205078,44.95800018310547,92000,0.0,0.0,0.0
2021-09-03,44.7599983215332,45.54399871826172,44.630001068115234,45.327999114990234,112000,0.0,0.0,0.0
2021-09-07,44.5620002746582,44.63399887084961,43.869998931884766,44.215999603271484,1430000,0.0,0.0,0.0
2021-09-08,43.72200012207031,43.72200012207031,41.327999114990234,42.097999572753906,489000,0.0,0.0,0.0
2021-09-09,41.93199920654297,41.95000076293945,40.172000885009766,40.672000885009766,494500,0.0,0.0,0.0
2021-09-10,41.04399871826172,41.06800079345703,39.604000091552734,39.70000076293945,390500,0.0,0.0,0.0
2021-09-13,40.25199890136719,40.25199890136719,38.650001525878906,38.88600158691406,355500,0.0,0.0,0.0
2021-09-14,37.448001861572266,37.448001861572266,36.14799880981445,36.948001861572266,453500,0.0,0.0,0.0
2021-09-15,37.00199890136719,37.65599822998047,36.99599838256836,37.597999572753906,268500,0.0,0.0,0.0
2021-09-16,37.939998626708984,38.34400177001953,37.625999450683594,38.00400161743164,212000,0.0,0.0,0.0
2021-09-17,38.07400131225586,38.07400131225586,37.152000427246094,37.58599853515625,217500,0.0,0.0,0.0
2021-09-20,36.40999984741211,36.50199890136719,34.624000549316406,35.34600067138672,437500,0.0,0.0,0.0
2021-09-21,36.018001556396484,36.10200119018555,35.39400100708008,35.619998931884766,185000,0.0,0.0,0.0
2021-09-22,37.18600082397461,38.60200119018555,37.13800048828125,37.75400161743164,518000,0.0,0.0,0.0
2021-09-23,37.2140007019043,37.369998931884766,36.7760009765625,37.15399932861328,139500,0.0,0.0,0.0
2021-09-24,36.36600112915039,36.737998962402344,36.13199996948242,36.49399948120117,252500,0.0,0.0,0.0
2021-09-27,36.57600021362305,36.731998443603516,36.20000076293945,36.529998779296875,120500,0.0,0.0,0.0
2021-09-28,36.00400161743164,36.00400161743164,34.757999420166016,34.970001220703125,325000,0.0,0.0,0.0
2021-09-29,35.39400100708008,35.50199890136719,34.38999938964844,34.529998779296875,154000,0.0,0.0,0.0
2021-09-30,35.375999450683594,35.82400131225586,35.14400100708008,35.66999816894531,177000,0.0,0.0,0.0
2021-10-01,35.88399887084961,36.0260009765625,35.400001525878906,35.922000885009766,150000,0.0,0.0,0.0
2021-10-04,35.63600158691406,35.88999938964844,35.0,35.5099983215332,130000,0.0,0.0,0.0
2021-10-05,35.36399841308594,35.9119987487793,35.3380012512207,35.54199981689453,219500,0.0,0.0,0.0
2021-10-06,34.64400100708008,35.45800018310547,34.47999954223633,35.36800003051758,182000,0.0,0.0,0.0
2021-10-07,35.402000427246094,37.369998931884766,35.402000427246094,36.763999938964844,211500,0.0,0.0,0.0
2021-10-08,38.33399963378906,38.965999603271484,38.10599899291992,38.70199966430664,762500,0.0,0.0,0.0
2021-10-11,40.00400161743164,40.124000549316406,39.38600158691406,39.39400100708008,255500,0.0,0.0,0.0
2021-10-12,38.63999938964844,38.98400115966797,38.07600021362305,38.332000732421875,429500,0.0,0.0,0.0
2021-10-13,38.47999954223633,40.15999984741211,38.40999984741211,39.29600143432617,333500,0.0,0.0,0.0
2021-10-14,39.84600067138672,40.332000732421875,39.61000061035156,39.79999923706055,250000,0.0,0.0,0.0
2021-10-15,39.402000427246094,39.43000030517578,38.46799850463867,38.72800064086914,270500,0.0,0.0,0.0
2021-10-18,37.4739990234375,38.13600158691406,37.2599983215332,37.59000015258789,249000,0.0,0.0,0.0
2021-10-19,38.604000091552734,39.29800033569336,38.604000091552734,39.2760009765625,267500,0.0,0.0,0.0
2021-10-20,38.42599868774414,38.891998291015625,37.99599838256836,38.709999084472656,183500,0.0,0.0,0.0
2021-10-21,37.698001861572266,37.75,37.099998474121094,37.64799880981445,293500,0.0,0.0,0.0
2021-10-22,37.67399978637695,38.0,37.43600082397461,37.74399948120117,89000,0.0,0.0,0.0
2021-10-25,37.944000244140625,38.641998291015625,37.944000244140625,38.5099983215332,156500,0.0,0.0,0.0
2021-10-26,37.59600067138672,37.63999938964844,36.50199890136719,37.20000076293945,306000,0.0,0.0,0.0
2021-10-27,36.75600051879883,37.07600021362305,36.15800094604492,36.444000244140625,365000,0.0,0.0,0.0
2021-10-28,37.301998138427734,37.402000427246094,37.0,37.0,129000,0.0,0.0,0.0
2021-10-29,36.60200119018555,37.29199981689453,36.40999984741211,37.14799880981445,78000,0.0,0.0,0.0
2021-11-01,38.39799880981445,38.534000396728516,38.077999114990234,38.34199905395508,158000,0.0,0.0,0.0
2021-11-02,37.981998443603516,37.981998443603516,37.49399948120117,37.52000045776367,48500,0.0,0.0,0.0
2021-11-03,37.040000915527344,37.349998474121094,36.832000732421875,37.215999603271484,69500,0.0,0.0,0.0
2021-11-04,38.130001068115234,38.18199920654297,37.11000061035156,37.31399917602539,198500,0.0,0.0,0.0
2021-11-05,38.04999923706055,38.19200134277344,37.689998626708984,37.891998291015625,124000,0.0,0.0,0.0
2021-11-08,38.20000076293945,38.89799880981445,37.94200134277344,38.65599822998047,155500,0.0,0.0,0.0
2021-11-09,38.56399917602539,38.83399963378906,37.599998474121094,37.61000061035156,310500,0.0,0.0,0.0
2021-11-10,38.20000076293945,38.512001037597656,37.5,37.59000015258789,168500,0.0,0.0,0.0
2021-11-11,38.41600036621094,38.70000076293945,38.237998962402344,38.49800109863281,129000,0.0,0.0,0.0
2021-11-12,38.5,39.513999938964844,38.316001892089844,39.40599822998047,282500,0.0,0.0,0.0
2021-11-15,39.66999816894531,40.507999420166016,39.66999816894531,40.284000396728516,249500,0.0,0.0,0.0
2021-11-16,40.28200149536133,40.5,40.040000915527344,40.172000885009766,114500,0.0,0.0,0.0
2021-11-17,40.189998626708984,40.933998107910156,40.189998626708984,40.933998107910156,151500,0.0,0.0,0.0
2021-11-18,40.41600036621094,40.41600036621094,39.63199996948242,39.70800018310547,106500,0.0,0.0,0.0
2021-11-19,38.66400146484375,38.95000076293945,38.31999969482422,38.36199951171875,312000,0.0,0.0,0.0
2021-11-22,38.0359992980957,38.14799880981445,36.31999969482422,36.36000061035156,422500,0.0,0.0,0.0
2021-11-23,35.96200180053711,35.96200180053711,34.19200134277344,34.75199890136719,349500,0.0,0.0,0.0
2021-11-24,34.76599884033203,34.76599884033203,34.400001525878906,34.5,126000,0.0,0.0,0.0
2021-11-26,33.72600173950195,33.72600173950195,31.530000686645508,32.81399917602539,417000,0.0,0.0,0.0
2021-11-29,33.91400146484375,33.91400146484375,33.20600128173828,33.262001037597656,515000,0.0,0.0,0.0
2021-11-30,32.95000076293945,33.56800079345703,31.79199981689453,32.18199920654297,220500,0.0,0.0,0.0
2021-12-01,32.58399963378906,32.869998931884766,32.290000915527344,32.35599899291992,151500,0.0,0.0,0.0
2021-12-02,32.43600082397461,33.22200012207031,32.43600082397461,33.04399871826172,137000,0.0,0.0,0.0
2021-12-03,33.77799987792969,34.03200149536133,33.41999816894531,33.448001861572266,114500,0.0,0.0,0.0
2021-12-06,33.6619987487793,34.52799987792969,32.83000183105469,34.52799987792969,145000,0.0,0.0,0.0
2021-12-07,34.56800079345703,34.88999938964844,34.391998291015625,34.40399932861328,85500,0.0,0.0,0.0
2021-12-08,34.25400161743164,34.902000427246094,34.25400161743164,34.571998596191406,69000,0.0,0.0,0.0
2021-12-09,33.9379997253418,33.9379997253418,32.641998291015625,33.67399978637695,130500,0.0,0.0,0.0
2021-12-10,33.040000915527344,33.16999816894531,32.27199935913086,32.694000244140625,154500,0.0,0.0,0.0
2021-12-13,32.641998291015625,32.93199920654297,31.049999237060547,31.309999465942383,208000,0.0,0.0,0.0
2021-12-14,30.055999755859375,30.79800033569336,29.920000076293945,30.11199951171875,298500,0.0,0.0,0.0
2021-12-15,29.381999969482422,29.802000045776367,28.61199951171875,29.719999313354492,394500,0.0,0.0,0.0
2021-12-16,31.09600067138672,32.29600143432617,31.09600067138672,32.0880012512207,212500,0.0,0.0,0.0
2021-12-17,33.20000076293945,33.87200164794922,32.56800079345703,33.06999969482422,267000,0.0,0.0,0.0
2021-12-20,32.38800048828125,32.56999969482422,31.884000778198242,32.47200012207031,196000,0.0,0.0,0.0
2021-12-21,33.875999450683594,33.875999450683594,33.33399963378906,33.33399963378906,134500,0.0,0.0,0.0
2021-12-22,34.15800094604492,35.402000427246094,34.099998474121094,35.19200134277344,191500,0.0,0.0,0.0
2021-12-23,35.5,36.448001861572266,35.099998474121094,36.28799819946289,175000,0.0,0.0,0.0
2021-12-27,36.731998443603516,37.20000076293945,36.099998474121094,36.624000549316406,167000,0.0,0.0,0.0
2021-12-28,36.86600112915039,37.5880012512207,36.86600112915039,36.99599838256836,152000,0.0,0.0,0.0
2021-12-29,36.619998931884766,37.16400146484375,36.58599853515625,36.928001403808594,145500,0.0,0.0,0.0
2021-12-30,36.85200119018555,37.4900016784668,36.47200012207031,36.47200012207031,101000,0.0,0.0,0.0
2021-12-31,35.20800018310547,35.52199935913086,34.604000091552734,35.23400115966797,173000,0.0,0.0,0.0
2022-01-03,35.08399963378906,35.2599983215332,33.8380012512207,33.86600112915039,149500,0.0,0.0,0.0
2022-01-04,35.20600128173828,35.3380012512207,34.599998474121094,34.821998596191406,81000,0.0,0.0,0.0
2022-01-05,35.327999114990234,35.61199951171875,34.507999420166016,34.79600143432617,96500,0.0,0.0,0.0
2022-01-06,34.349998474121094,34.9640007019043,34.20000076293945,34.810001373291016,224000,0.0,0.0,0.0
2022-01-07,35.36000061035156,36.11399841308594,35.178001403808594,35.91999816894531,116000,0.0,0.0,0.0
2022-01-10,35.65800094604492,35.70600128173828,35.327999114990234,35.52799987792969,92000,0.0,0.0,0.0
2022-01-11,35.60200119018555,35.986000061035156,34.599998474121094,35.61800003051758,259000,0.0,0.0,0.0
2022-01-12,36.06999969482422,36.231998443603516,35.391998291015625,35.667999267578125,47000,0.0,0.0,0.0
2022-01-13,35.30799865722656,35.369998931884766,34.7760009765625,35.0620002746582,167000,0.0,0.0,0.0
2022-01-14,34.959999084472656,35.70199966430664,34.70600128173828,34.90399932861328,73000,0.0,0.0,0.0
2022-01-18,35.354000091552734,35.70000076293945,35.349998474121094,35.391998291015625,86000,0.0,0.0,0.0
2022-01-19,36.79800033569336,37.97200012207031,36.79800033569336,37.2140007019043,266000,0.0,0.0,0.0
2022-01-20,38.58000183105469,38.77799987792969,38.04399871826172,38.577999114990234,266000,0.0,0.0,0.0
2022-01-21,39.599998474121094,39.895999908447266,39.04800033569336,39.18600082397461,315000,0.0,0.0,0.0
2022-01-24,39.91999816894531,40.18600082397461,39.08599853515625,39.77199935913086,668000,0.0,0.0,0.0
2022-01-25,40.25199890136719,41.198001861572266,40.20800018310547,41.13399887084961,534500,0.0,0.0,0.0
2022-01-26,43.0,44.305999755859375,42.91999816894531,43.42399978637695,537500,0.0,0.0,0.0
2022-01-27,42.53799819946289,44.577999114990234,42.439998626708984,44.42599868774414,430500,0.0,0.0,0.0
2022-01-28,43.52399826049805,44.448001861572266,42.94599914550781,44.141998291015625,245000,0.0,0.0,0.0
2022-01-31,45.27799987792969,45.50600051879883,43.70600128173828,43.944000244140625,191500,0.0,0.0,0.0
2022-02-01,44.369998931884766,44.486000061035156,43.481998443603516,43.84199905395508,102000,0.0,0.0,0.0
2022-02-02,44.79800033569336,44.95600128173828,44.055999755859375,44.08399963378906,225000,0.0,0.0,0.0
2022-02-03,44.172000885009766,44.268001556396484,42.53200149536133,43.13999938964844,210500,0.0,0.0,0.0
2022-02-04,42.79999923706055,43.11199951171875,42.599998474121094,42.604000091552734,145500,0.0,0.0,0.0
2022-02-07,41.49800109863281,42.22999954223633,41.09199905395508,42.0620002746582,232000,0.0,0.0,0.0
2022-02-08,42.04199981689453,42.486000061035156,41.689998626708984,41.69599914550781,123500,0.0,0.0,0.0
2022-02-09,42.75600051879883,42.7599983215332,42.15599822998047,42.369998931884766,124500,0.0,0.0,0.0
2022-02-10,43.077999114990234,43.44200134277344,41.80400085449219,41.981998443603516,100500,0.0,0.0,0.0
2022-02-11,41.03799819946289,43.69599914550781,40.6879997253418,43.28799819946289,582000,0.0,0.0,0.0
2022-02-14,43.14400100708008,44.374000549316406,42.86000061035156,44.2400016784668,247000,0.0,0.0,0.0
2022-02-15,42.00400161743164,42.018001556396484,40.801998138427734,41.68000030517578,227500,0.0,0.0,0.0
2022-02-16,42.529998779296875,42.64400100708008,42.31999969482422,42.619998931884766,96000,0.0,0.0,0.0
2022-02-17,44.178001403808594,44.237998962402344,43.53799819946289,44.11399841308594,219000,0.0,0.0,0.0
2022-02-18,44.198001861572266,44.198001861572266,42.895999908447266,43.560001373291016,119000,0.0,0.0,0.0
2022-02-22,44.88600158691406,45.007999420166016,43.763999938964844,44.00199890136719,300500,0.0,0.0,0.0
2022-02-23,45.0,46.29600143432617,44.95000076293945,46.29600143432617,633000,0.0,0.0,0.0
2022-02-24,49.529998779296875,49.529998779296875,43.03799819946289,44.7239990234375,1406500,0.0,0.0,0.0
2022-02-25,43.83000183105469,44.81999969482422,43.448001861572266,44.39799880981445,364000,0.0,0.0,0.0
2022-02-28,46.65599822998047,46.933998107910156,45.6619987487793,46.698001861572266,447000,0.0,0.0,0.0
2022-03-01,49.84000015258789,50.69599914550781,47.00600051879883,47.86800003051758,575500,0.0,0.0,0.0
2022-03-02,48.79999923706055,49.99599838256836,48.321998596191406,49.900001525878906,663000,0.0,0.0,0.0
2022-03-03,51.715999603271484,51.91600036621094,50.60200119018555,51.91600036621094,690500,0.0,0.0,0.0
2022-03-04,55.0,56.29999923706055,54.20000076293945,56.13399887084961,1225000,0.0,0.0,0.0
2022-03-07,55.279998779296875,56.720001220703125,53.012001037597656,55.94200134277344,1604500,0.0,0.0,0.0
2022-03-08,56.86199951171875,59.641998291015625,54.22999954223633,59.0,1860500,0.0,0.0,0.0
2022-03-09,55.0,57.619998931884766,53.599998474121094,55.09199905395508,1053000,0.0,0.0,0.0
2022-03-10,54.88399887084961,55.34000015258789,53.11399841308594,54.215999603271484,526500,0.0,0.0,0.0
2022-03-11,51.689998626708984,52.13999938964844,51.0,51.95000076293945,630000,0.0,0.0,0.0
2022-03-14,47.31399917602539,47.31399917602539,43.4119987487793,44.487998962402344,1746000,0.0,0.0,0.0
2022-03-15,45.242000579833984,45.9119987487793,44.428001403808594,45.237998962402344,662500,0.0,0.0,0.0
2022-03-16,45.948001861572266,46.05400085449219,44.108001708984375,44.72200012207031,723000,0.0,0.0,0.0
2022-03-17,46.04800033569336,47.395999908447266,45.8120002746582,46.68000030517578,619500,0.0,0.0,0.0
2022-03-18,46.986000061035156,47.65399932861328,46.082000732421875,46.37799835205078,261500,0.0,0.0,0.0
2022-03-21,47.56399917602539,48.4900016784668,46.63999938964844,48.4900016784668,411000,0.0,0.0,0.0
2022-03-22,47.599998474121094,47.74599838256836,46.00199890136719,46.58399963378906,296000,0.0,0.0,0.0
2022-03-23,47.49599838256836,47.54399871826172,46.04800033569336,46.854000091552734,190000,0.0,0.0,0.0
2022-03-24,47.0,47.58000183105469,46.60599899291992,47.18600082397461,276500,0.0,0.0,0.0
2022-03-25,46.560001373291016,46.64400100708008,42.7599983215332,43.459999084472656,698000,0.0,0.0,0.0
2022-03-28,41.790000915527344,42.24599838256836,40.84000015258789,41.47999954223633,524000,0.0,0.0,0.0
2022-03-29,39.39799880981445,39.91600036621094,38.566001892089844,39.7239990234375,842000,0.0,0.0,0.0
2022-03-30,41.4900016784668,42.19200134277344,41.10200119018555,42.19200134277344,933000,0.0,0.0,0.0
2022-03-31,42.02399826049805,42.599998474121094,41.779998779296875,41.779998779296875,335000,0.0,0.0,0.0
2022-04-01,43.22999954223633,43.29999923706055,41.91600036621094,42.38600158691406,174500,0.0,0.0,0.0
2022-04-04,42.790000915527344,42.790000915527344,42.15399932861328,42.597999572753906,166500,0.0,0.0,0.0
2022-04-05,42.709999084472656,42.97999954223633,41.099998474121094,41.099998474121094,341500,0.0,0.0,0.0
2022-04-06,41.54600143432617,41.84400177001953,40.20800018310547,40.917999267578125,322500,0.0,0.0,0.0
2022-04-07,42.0,42.119998931884766,41.3120002746582,41.79999923706055,172500,0.0,0.0,0.0
2022-04-08,44.97600173950195,45.89799880981445,44.20000076293945,45.0,1010000,0.0,0.0,0.0
2022-04-11,45.81399917602539,46.37200164794922,44.95199966430664,45.36800003051758,477000,0.0,0.0,0.0
2022-04-12,45.104000091552734,45.104000091552734,43.08399963378906,43.20000076293945,390500,0.0,0.0,0.0
2022-04-13,44.47800064086914,44.64799880981445,43.02000045776367,43.231998443603516,419000,0.0,0.0,0.0
2022-04-14,44.0,44.11600112915039,43.400001525878906,43.731998443603516,121500,0.0,0.0,0.0
2022-04-18,44.72999954223633,45.847999572753906,44.395999908447266,45.18000030517578,449500,0.0,0.0,0.0
2022-04-19,44.152000427246094,44.481998443603516,43.70800018310547,44.30400085449219,195000,0.0,0.0,0.0
2022-04-20,44.61399841308594,46.39400100708008,44.61399841308594,45.79999923706055,207500,0.0,0.0,0.0
2022-04-21,45.40800094604492,45.79999923706055,44.37200164794922,44.87799835205078,198000,0.0,0.0,0.0
2022-04-22,44.54800033569336,44.816001892089844,43.89799880981445,43.89799880981445,113000,0.0,0.0,0.0
2022-04-25,39.790000915527344,40.077999114990234,39.012001037597656,39.79999923706055,748000,0.0,0.0,0.0
2022-04-26,40.77000045776367,41.78799819946289,40.27799987792969,40.869998931884766,223000,0.0,0.0,0.0
2022-04-27,41.20000076293945,41.624000549316406,40.78200149536133,41.1879997253418,235000,0.0,0.0,0.0
2022-04-28,41.47800064086914,41.79600143432617,41.10599899291992,41.35599899291992,102000,0.0,0.0,0.0
2022-04-29,42.63199996948242,43.082000732421875,42.20399856567383,42.61199951171875,232000,0.0,0.0,0.0
2022-05-02,41.70000076293945,41.902000427246094,40.395999908447266,41.15399932861328,230000,0.0,0.0,0.0
2022-05-03,41.301998138427734,42.35200119018555,41.301998138427734,41.83599853515625,169500,0.0,0.0,0.0
2022-05-04,41.645999908447266,41.99800109863281,41.42599868774414,41.95399856567383,73500,0.0,0.0,0.0
2022-05-05,41.417999267578125,41.487998962402344,40.349998474121094,40.45199966430664,177000,0.0,0.0,0.0
2022-05-06,38.9379997253418,38.9379997253418,37.17599868774414,37.7599983215332,503500,0.0,0.0,0.0
2022-05-09,37.75199890136719,39.599998474121094,37.51599884033203,39.20399856567383,661500,0.0,0.0,0.0
2022-05-10,38.08000183105469,38.70000076293945,38.040000915527344,38.22999954223633,136000,0.0,0.0,0.0
2022-05-11,37.7599983215332,38.45000076293945,37.5,37.5260009765625,111500,0.0,0.0,0.0
2022-05-12,35.85599899291992,35.85599899291992,34.63600158691406,35.20399856567383,491000,0.0,0.0,0.0
2022-05-13,35.880001068115234,36.36600112915039,35.832000732421875,35.84000015258789,169500,0.0,0.0,0.0
2022-05-16,36.13999938964844,37.70000076293945,36.13999938964844,37.630001068115234,118000,0.0,0.0,0.0
2022-05-17,38.2599983215332,38.597999572753906,37.619998931884766,38.12799835205078,128000,0.0,0.0,0.0
2022-05-18,37.801998138427734,38.237998962402344,36.805999755859375,36.805999755859375,80500,0.0,0.0,0.0
2022-05-19,36.66400146484375,37.64400100708008,36.59600067138672,37.167999267578125,70500,0.0,0.0,0.0
2022-05-20,37.20000076293945,37.63199996948242,35.80400085449219,36.48400115966797,159000,0.0,0.0,0.0
2022-05-23,37.18199920654297,37.395999908447266,36.821998596191406,37.06399917602539,62500,0.0,0.0,0.0
2022-05-24,36.93000030517578,37.349998474121094,36.93000030517578,37.290000915527344,103000,0.0,0.0,0.0
2022-05-25,37.20800018310547,37.34400177001953,36.97600173950195,37.31800079345703,71000,0.0,0.0,0.0
2022-05-26,37.007999420166016,37.39799880981445,37.00400161743164,37.321998596191406,57500,0.0,0.0,0.0
2022-05-27,38.09600067138672,38.400001525878906,38.08000183105469,38.39799880981445,70500,0.0,0.0,0.0
2022-05-31,37.79999923706055,37.959999084472656,36.61600112915039,36.9119987487793,120500,0.0,0.0,0.0
2022-06-01,37.28799819946289,37.4119987487793,36.91999816894531,37.029998779296875,55000,0.0,0.0,0.0
2022-06-02,37.55400085449219,38.22200012207031,37.20000076293945,38.14400100708008,113000,0.0,0.0,0.0
2022-06-03,37.85200119018555,37.85200119018555,36.49599838256836,36.49599838256836,126000,0.0,0.0,0.0
2022-06-06,37.29600143432617,37.395999908447266,36.93000030517578,37.20000076293945,136500,0.0,0.0,0.0
2022-06-07,36.332000732421875,36.93199920654297,36.332000732421875,36.821998596191406,131000,0.0,0.0,0.0
2022-06-08,36.29999923706055,36.41600036621094,35.84400177001953,36.02799987792969,144500,0.0,0.0,0.0
2022-06-09,35.599998474121094,35.95399856567383,35.448001861572266,35.6879997253418,83500,0.0,0.0,0.0
2022-06-10,35.220001220703125,35.78200149536133,34.560001373291016,35.7760009765625,155000,0.0,0.0,0.0
2022-06-13,34.25600051879883,34.29199981689453,33.17399978637695,33.24599838256836,341500,0.0,0.0,0.0
2022-06-14,33.44599914550781,33.79600143432617,33.34000015258789,33.625999450683594,88000,0.0,0.0,0.0
2022-06-15,34.61800003051758,34.85200119018555,34.29999923706055,34.50400161743164,125500,0.0,0.0,0.0
2022-06-16,34.5,35.08599853515625,34.402000427246094,34.895999908447266,110000,0.0,0.0,0.0
2022-06-17,34.05400085449219,34.236000061035156,33.5620002746582,33.58399963378906,321000,0.0,0.0,0.0
2022-06-21,34.981998443603516,35.52199935913086,34.731998443603516,34.87799835205078,133500,0.0,0.0,0.0
2022-06-22,34.599998474121094,34.762001037597656,34.470001220703125,34.62799835205078,35000,0.0,0.0,0.0
2022-06-23,34.70199966430664,34.91999816894531,34.11199951171875,34.29800033569336,63000,0.0,0.0,0.0
2022-06-24,34.5880012512207,35.0620002746582,34.56999969482422,34.92599868774414,49000,0.0,0.0,0.0
2022-06-27,35.667999267578125,35.854000091552734,34.768001556396484,34.82600021362305,59500,0.0,0.0,0.0
2022-06-28,35.152000427246094,35.152000427246094,34.63999938964844,34.84600067138672,74000,0.0,0.0,0.0
2022-06-29,37.15999984741211,37.400001525878906,35.63199996948242,36.540000915527344,199500,0.0,0.0,0.0
2022-06-30,34.9379997253418,35.96799850463867,34.65599822998047,35.71799850463867,127500,0.0,0.0,0.0
2022-07-01,35.83399963378906,36.369998931884766,35.75,36.21799850463867,60500,0.0,0.0,0.0
2022-07-05,35.29800033569336,35.981998443603516,35.29800033569336,35.900001525878906,65000,0.0,0.0,0.0
2022-07-06,36.18000030517578,36.66400146484375,35.369998931884766,35.625999450683594,77000,0.0,0.0,0.0
2022-07-07,36.61600112915039,37.36000061035156,36.57400131225586,37.172000885009766,179000,0.0,0.0,0.0
2022-07-08,38.540000915527344,40.28200149536133,38.4900016784668,40.04999923706055,327500,0.0,0.0,0.0
2022-07-11,40.512001037597656,40.57600021362305,39.402000427246094,39.63600158691406,125500,0.0,0.0,0.0
2022-07-12,39.2400016784668,39.577999114990234,37.481998443603516,37.63800048828125,115000,0.0,0.0,0.0
2022-07-13,36.970001220703125,37.0880012512207,36.22600173950195,36.737998962402344,71500,0.0,0.0,0.0
2022-07-14,35.402000427246094,35.72800064086914,34.84400177001953,35.5880012512207,104500,0.0,0.0,0.0
2022-07-15,34.43199920654297,34.43600082397461,34.0,34.20399856567383,133500,0.0,0.0,0.0
2022-07-18,34.678001403808594,34.86000061035156,34.16400146484375,34.237998962402344,91000,0.0,0.0,0.0
2022-07-19,34.891998291015625,35.07400131225586,34.428001403808594,34.678001403808594,55000,0.0,0.0,0.0
2022-07-20,34.560001373291016,34.970001220703125,34.400001525878906,34.599998474121094,96000,0.0,0.0,0.0
2022-07-21,34.52199935913086,35.040000915527344,34.27000045776367,35.02199935913086,56000,0.0,0.0,0.0
2022-07-22,36.27399826049805,38.051998138427734,36.27399826049805,37.65399932861328,193500,0.0,0.0,0.0
2022-07-25,37.652000427246094,37.652000427246094,37.220001220703125,37.242000579833984,31500,0.0,0.0,0.0
2022-07-26,36.89799880981445,37.349998474121094,36.67599868774414,37.34400177001953,77500,0.0,0.0,0.0
2022-07-27,37.61000061035156,37.88600158691406,37.20000076293945,37.69599914550781,70000,0.0,0.0,0.0
2022-07-28,38.599998474121094,38.832000732421875,38.400001525878906,38.683998107910156,83000,0.0,0.0,0.0
2022-07-29,39.0359992980957,39.70399856567383,38.79800033569336,39.35200119018555,137000,0.0,0.0,0.0
2022-08-01,40.29999923706055,41.21200180053711,40.27399826049805,40.667999267578125,215500,0.0,0.0,0.0
2022-08-02,40.599998474121094,40.599998474121094,37.555999755859375,38.099998474121094,149500,0.0,0.0,0.0
2022-08-03,37.534000396728516,37.60200119018555,36.97600173950195,37.47200012207031,77000,0.0,0.0,0.0
2022-08-04,38.61600112915039,38.981998443603516,38.30799865722656,38.4379997253418,155000,0.0,0.0,0.0
2022-08-05,38.95800018310547,39.92399978637695,38.95800018310547,39.52799987792969,87000,0.0,0.0,0.0
2022-08-08,41.0359992980957,41.810001373291016,41.0359992980957,41.48400115966797,157000,0.0,0.0,0.0
2022-08-09,41.41600036621094,41.900001525878906,41.040000915527344,41.130001068115234,97500,0.0,0.0,0.0
2022-08-10,41.380001068115234,41.8120002746582,41.380001068115234,41.56800079345703,80500,0.0,0.0,0.0
2022-08-11,42.25,42.560001373291016,42.0359992980957,42.209999084472656,64000,0.0,0.0,0.0
2022-08-12,41.86199951171875,41.91999816894531,40.928001403808594,41.04999923706055,91000,0.0,0.0,0.0
2022-08-15,39.80400085449219,40.52000045776367,39.44200134277344,40.0,111000,0.0,0.0,0.0
2022-08-16,39.28799819946289,40.03799819946289,39.28799819946289,39.900001525878906,45500,0.0,0.0,0.0
2022-08-17,39.83000183105469,39.9119987487793,39.59000015258789,39.75199890136719,39500,0.0,0.0,0.0
2022-08-18,40.03799819946289,40.11199951171875,39.7140007019043,40.0,34500,0.0,0.0,0.0
2022-08-19,39.58399963378906,39.58399963378906,39.00400161743164,39.41600036621094,61000,0.0,0.0,0.0
2022-08-22,37.577999114990234,37.577999114990234,36.400001525878906,36.88600158691406,218500,0.0,0.0,0.0
2022-08-23,36.801998138427734,37.257999420166016,36.6879997253418,36.731998443603516,122500,0.0,0.0,0.0
2022-08-24,37.198001861572266,37.9119987487793,37.198001861572266,37.84000015258789,45000,0.0,0.0,0.0
2022-08-25,38.7140007019043,40.13999938964844,38.7140007019043,39.86600112915039,85000,0.0,0.0,0.0
2022-08-26,40.215999603271484,40.75,38.88199996948242,39.167999267578125,91000,0.0,0.0,0.0
2022-08-29,39.19599914550781,39.79999923706055,39.19599914550781,39.78200149536133,97000,0.0,0.0,0.0
2022-08-30,39.082000732421875,39.20199966430664,38.42599868774414,38.652000427246094,43500,0.0,0.0,0.0
2022-08-31,38.42599868774414,38.599998474121094,38.290000915527344,38.529998779296875,24500,0.0,0.0,0.0
2022-09-01,37.90599822998047,37.90599822998047,36.97600173950195,37.15800094604492,161500,0.0,0.0,0.0
2022-09-02,37.36199951171875,37.715999603271484,37.19599914550781,37.42599868774414,46500,0.0,0.0,0.0
2022-09-06,37.395999908447266,37.395999908447266,36.082000732421875,36.869998931884766,92000,0.0,0.0,0.0
2022-09-07,37.013999938964844,38.0,37.013999938964844,37.82600021362305,36000,0.0,0.0,0.0
2022-09-08,38.624000549316406,40.36000061035156,38.624000549316406,39.71799850463867,124500,0.0,0.0,0.0
2022-09-09,40.19200134277344,40.4379997253418,39.832000732421875,40.27199935913086,73000,0.0,0.0,0.0
2022-09-12,41.63399887084961,42.29199981689453,41.30799865722656,42.20000076293945,190000,0.0,0.0,0.0
2022-09-13,39.7760009765625,40.69200134277344,38.63399887084961,38.9640007019043,155500,0.0,0.0,0.0
2022-09-14,39.178001403808594,40.29399871826172,39.178001403808594,39.99599838256836,54000,0.0,0.0,0.0
2022-09-15,39.84400177001953,40.25600051879883,39.316001892089844,39.68199920654297,121500,0.0,0.0,0.0
2022-09-16,38.95399856567383,39.349998474121094,38.805999755859375,39.31399917602539,47000,0.0,0.0,0.0
2022-09-19,39.034000396728516,41.37799835205078,39.034000396728516,41.10599899291992,92500,0.0,0.0,0.0
2022-09-20,39.20600128173828,40.18600082397461,39.130001068115234,40.150001525878906,138500,0.0,0.0,0.0
2022-09-21,40.61399841308594,40.61399841308594,39.0,39.77000045776367,56500,0.0,0.0,0.0
2022-09-22,40.39799880981445,40.54600143432617,40.12799835205078,40.12799835205078,55000,0.0,0.0,0.0
2022-09-23,39.31800079345703,39.31800079345703,37.869998931884766,38.257999420166016,81000,0.0,0.0,0.0
2022-09-26,38.20000076293945,38.56999969482422,37.62200164794922,37.763999938964844,77500,0.0,0.0,0.0
2022-09-27,38.422000885009766,39.354000091552734,38.422000885009766,38.50199890136719,77500,0.0,0.0,0.0
2022-09-28,39.15800094604492,40.20000076293945,39.02799987792969,40.007999420166016,55000,0.0,0.0,0.0
2022-09-29,41.05799865722656,41.41400146484375,40.78200149536133,40.9739990234375,136000,0.0,0.0,0.0
2022-09-30,40.757999420166016,41.38399887084961,40.17599868774414,40.17599868774414,86000,0.0,0.0,0.0
2022-10-03,41.400001525878906,41.87799835205078,40.97800064086914,41.15599822998047,137000,0.0,0.0,0.0
2022-10-04,42.56999969482422,43.64799880981445,42.56999969482422,43.0,218000,0.0,0.0,0.0
2022-10-05,42.15599822998047,42.15599822998047,40.82400131225586,41.75199890136719,99000,0.0,0.0,0.0
2022-10-06,42.34400177001953,42.737998962402344,41.34000015258789,41.84600067138672,142000,0.0,0.0,0.0
2022-10-07,41.57400131225586,41.917999267578125,40.44200134277344,40.61800003051758,80000,0.0,0.0,0.0
2022-10-10,41.64400100708008,41.65999984741211,39.8120002746582,40.30799865722656,85500,0.0,0.0,0.0
2022-10-11,40.20000076293945,40.20000076293945,39.236000061035156,39.444000244140625,95500,0.0,0.0,0.0
2022-10-12,39.380001068115234,39.95399856567383,39.09600067138672,39.928001403808594,102000,0.0,0.0,0.0
2022-10-13,37.895999908447266,39.45199966430664,37.650001525878906,39.060001373291016,114500,0.0,0.0,0.0
2022-10-14,38.599998474121094,38.66999816894531,36.94599914550781,37.06999969482422,125500,0.0,0.0,0.0
2022-10-17,37.40599822998047,37.832000732421875,36.891998291015625,36.92599868774414,158000,0.0,0.0,0.0
2022-10-18,37.422000885009766,37.73400115966797,37.236000061035156,37.3120002746582,70500,0.0,0.0,0.0
2022-10-19,37.00199890136719,37.0260009765625,36.45600128173828,36.86000061035156,60500,0.0,0.0,0.0
2022-10-20,37.512001037597656,38.7599983215332,37.512001037597656,38.310001373291016,72500,0.0,0.0,0.0
2022-10-21,37.02000045776367,37.5359992980957,36.459999084472656,37.38999938964844,132500,0.0,0.0,0.0
2022-10-24,37.35599899291992,37.35599899291992,36.459999084472656,36.582000732421875,130000,0.0,0.0,0.0
2022-10-25,35.75199890136719,36.02399826049805,35.22200012207031,35.880001068115234,152500,0.0,0.0,0.0
2022-10-26,36.3380012512207,36.60200119018555,35.78200149536133,36.40399932861328,82500,0.0,0.0,0.0
2022-10-27,36.18000030517578,36.18000030517578,35.52799987792969,36.07400131225586,41500,0.0,0.0,0.0
2022-10-28,35.736000061035156,35.736000061035156,35.02799987792969,35.2859992980957,247500,0.0,0.0,0.0
2022-10-31,34.07600021362305,34.42399978637695,33.698001861572266,34.32600021362305,134500,0.0,0.0,0.0
2022-11-01,35.62799835205078,36.0,34.801998138427734,34.86800003051758,77500,0.0,0.0,0.0
2022-11-02,35.03200149536133,35.17599868774414,34.2400016784668,34.24800109863281,89500,0.0,0.0,0.0
2022-11-03,33.391998291015625,33.79999923706055,33.172000885009766,33.34199905395508,102500,0.0,0.0,0.0
2022-11-04,35.31800079345703,35.40999984741211,34.24599838256836,34.79999923706055,110500,0.0,0.0,0.0
2022-11-07,34.60200119018555,35.77199935913086,34.60200119018555,35.150001525878906,115500,0.0,0.0,0.0
2022-11-08,34.79399871826172,35.88399887084961,34.7140007019043,35.465999603271484,99500,0.0,0.0,0.0
2022-11-09,34.869998931884766,35.310001373291016,34.198001861572266,34.49599838256836,61500,0.0,0.0,0.0
2022-11-10,35.10200119018555,36.65999984741211,35.10200119018555,36.65999984741211,142000,0.0,0.0,0.0
2022-11-11,37.45199966430664,37.895999908447266,37.05799865722656,37.61600112915039,282500,0.0,0.0,0.0
2022-11-14,37.060001373291016,37.82400131225586,37.060001373291016,37.518001556396484,61000,0.0,0.0,0.0
2022-11-15,38.2760009765625,39.02000045776367,38.24800109863281,38.9739990234375,116000,0.0,0.0,0.0
2022-11-16,38.779998779296875,38.779998779296875,37.90599822998047,38.39799880981445,49000,0.0,0.0,0.0
2022-11-17,36.970001220703125,37.262001037597656,36.66400146484375,37.150001525878906,88000,0.0,0.0,0.0
2022-11-18,36.21200180053711,36.487998962402344,35.91600036621094,36.03799819946289,127000,0.0,0.0,0.0
2022-11-21,34.97200012207031,34.97200012207031,33.93000030517578,34.672000885009766,222000,0.0,0.0,0.0
2022-11-22,34.75600051879883,34.89799880981445,34.36800003051758,34.5260009765625,70000,0.0,0.0,0.0
2022-11-23,34.801998138427734,35.15800094604492,34.59000015258789,35.00600051879883,159500,0.0,0.0,0.0
2022-11-25,33.790000915527344,34.2859992980957,33.599998474121094,34.0099983215332,182000,0.0,0.0,0.0
2022-11-28,34.263999938964844,34.263999938964844,33.90999984741211,34.167999267578125,62000,0.0,0.0,0.0
2022-11-29,34.19599914550781,34.5,33.84000015258789,33.92399978637695,59500,0.0,0.0,0.0
2022-11-30,35.40399932861328,35.40399932861328,34.39799880981445,34.93600082397461,161500,0.0,0.0,0.0
2022-12-01,35.33599853515625,36.19599914550781,34.68000030517578,36.0880012512207,195000,0.0,0.0,0.0
2022-12-02,34.84600067138672,35.56800079345703,34.715999603271484,35.27399826049805,297500,0.0,0.0,0.0
2022-12-05,35.38399887084961,35.48400115966797,34.43000030517578,34.75400161743164,229500,0.0,0.0,0.0
2022-12-06,34.380001068115234,34.895999908447266,34.18199920654297,34.31999969482422,189500,0.0,0.0,0.0
2022-12-07,34.369998931884766,34.67399978637695,34.141998291015625,34.2400016784668,184500,0.0,0.0,0.0
2022-12-08,34.678001403808594,35.95199966430664,34.678001403808594,35.81999969482422,139500,0.0,0.0,0.0
2022-12-09,35.83399963378906,36.43000030517578,35.70600128173828,36.11600112915039,240000,0.0,0.0,0.0
2022-12-12,35.85200119018555,35.85200119018555,34.77799987792969,34.895999908447266,269000,0.0,0.0,0.0
2022-12-13,36.43600082397461,37.0,35.70000076293945,35.84199905395508,188000,0.0,0.0,0.0
2022-12-14,35.36399841308594,35.58399963378906,35.31800079345703,35.58399963378906,29000,0.0,0.0,0.0
2022-12-15,35.00199890136719,35.0260009765625,32.64799880981445,33.36000061035156,556500,0.0,0.0,0.0
2022-12-16,32.01599884033203,32.439998626708984,31.799999237060547,31.95400047302246,255000,0.0,0.0,0.0
2022-12-19,31.97800064086914,31.97800064086914,30.790000915527344,30.850000381469727,251500,0.0,0.0,0.0
2022-12-20,31.131999969482422,32.34000015258789,30.93400001525879,32.119998931884766,212000,0.0,0.0,0.0
2022-12-21,31.464000701904297,31.72800064086914,30.868000030517578,31.309999465942383,208000,0.0,0.0,0.0
2022-12-22,31.5,31.961999893188477,30.8700008392334,31.15399932861328,108000,0.0,0.0,0.0
2022-12-23,31.68600082397461,32.60599899291992,31.68600082397461,32.60599899291992,220000,0.0,0.0,0.0
2022-12-27,33.2140007019043,34.13199996948242,33.2140007019043,34.03799819946289,272500,0.0,0.0,0.0
2022-12-28,33.00199890136719,33.20600128173828,32.492000579833984,33.15399932861328,243000,0.0,0.0,0.0
2022-12-29,32.85200119018555,34.01599884033203,32.85200119018555,33.53200149536133,153500,0.0,0.0,0.0
2022-12-30,33.066001892089844,33.22600173950195,32.560001373291016,33.02199935913086,166000,0.0,0.0,0.0
2023-01-03,33.13199996948242,33.29800033569336,31.0,31.652000427246094,302000,0.0,0.0,0.0
2023-01-04,32.11199951171875,33.45399856567383,32.11199951171875,33.24599838256836,193000,0.0,0.0,0.0
2023-01-05,33.10200119018555,33.301998138427734,32.0,32.321998596191406,165000,0.0,0.0,0.0
2023-01-06,32.970001220703125,33.63199996948242,32.518001556396484,33.36600112915039,129500,0.0,0.0,0.0
2023-01-09,32.917999267578125,33.29999923706055,32.70000076293945,32.86399841308594,59500,0.0,0.0,0.0
2023-01-10,33.18000030517578,33.236000061035156,32.715999603271484,32.959999084472656,65500,0.0,0.0,0.0
2023-01-11,32.70000076293945,33.040000915527344,32.49800109863281,32.900001525878906,119000,0.0,0.0,0.0
2023-01-12,32.821998596191406,33.34600067138672,32.1619987487793,33.17599868774414,193000,0.0,0.0,0.0
2023-01-13,32.52799987792969,33.321998596191406,32.44599914550781,33.2239990234375,225000,0.0,0.0,0.0
2023-01-17,32.38800048828125,32.40399932861328,31.68199920654297,32.36800003051758,374500,0.0,0.0,0.0
2023-01-18,33.16999816894531,33.29199981689453,31.459999084472656,31.77199935913086,351500,0.0,0.0,0.0
2023-01-19,31.399999618530273,32.933998107910156,31.097999572753906,32.52799987792969,477000,0.0,0.0,0.0
2023-01-20,32.0,32.28799819946289,31.850000381469727,32.13600158691406,260500,0.0,0.0,0.0
2023-01-23,31.649999618530273,32.018001556396484,31.549999237060547,31.604000091552734,321000,0.0,0.0,0.0
2023-01-24,31.56999969482422,32.422000885009766,31.31999969482422,32.29800033569336,199500,0.0,0.0,0.0
2023-01-25,31.992000579833984,31.992000579833984,31.200000762939453,31.492000579833984,223000,0.0,0.0,0.0
2023-01-26,31.437999725341797,31.527999877929688,30.865999221801758,30.95400047302246,292000,0.0,0.0,0.0
2023-01-27,30.356000900268555,30.36199951171875,29.760000228881836,29.93600082397461,349000,0.0,0.0,0.0
2023-01-30,30.323999404907227,30.493999481201172,30.0,30.31399917602539,148500,0.0,0.0,0.0
2023-01-31,29.881999969482422,30.860000610351562,29.775999069213867,30.615999221801758,141000,0.0,0.0,0.0
2023-02-01,31.399999618530273,31.63800048828125,30.222000122070312,31.148000717163086,320000,0.0,0.0,0.0
2023-02-02,31.07200050354004,31.152000427246094,30.472000122070312,30.676000595092773,112500,0.0,0.0,0.0
2023-02-03,29.983999252319336,30.288000106811523,29.607999801635742,30.11199951171875,269500,0.0,0.0,0.0
2023-02-06,29.56599998474121,29.851999282836914,28.799999237060547,29.775999069213867,418000,0.0,0.0,0.0
2023-02-07,30.36400032043457,31.0,30.299999237060547,30.6560001373291,365500,0.0,0.0,0.0
2023-02-08,30.67799949645996,30.67799949645996,30.327999114990234,30.525999069213867,131500,0.0,0.0,0.0
2023-02-09,30.356000900268555,30.356000900268555,29.746000289916992,29.97800064086914,237000,0.0,0.0,0.0
2023-02-10,29.27199935913086,29.27199935913086,28.43000030517578,28.479999542236328,342500,0.0,0.0,0.0
2023-02-13,28.799999237060547,29.083999633789062,28.45800018310547,29.010000228881836,171000,0.0,0.0,0.0
2023-02-14,28.763999938964844,29.13599967956543,27.142000198364258,27.93600082397461,569500,0.0,0.0,0.0
2023-02-15,26.841999053955078,27.489999771118164,26.601999282836914,27.200000762939453,478500,0.0,0.0,0.0
2023-02-16,27.238000869750977,28.56999969482422,27.101999282836914,28.031999588012695,563000,0.0,0.0,0.0
2023-02-17,27.29800033569336,27.99799919128418,27.1200008392334,27.739999771118164,154000,0.0,0.0,0.0
2023-02-21,28.09600067138672,28.746000289916992,27.99799919128418,28.187999725341797,194500,0.0,0.0,0.0
2023-02-22,27.9060001373291,28.31599998474121,27.336000442504883,27.423999786376953,126000,0.0,0.0,0.0
2023-02-23,27.049999237060547,27.118000030517578,26.5,26.79599952697754,229000,0.0,0.0,0.0
2023-02-24,25.799999237060547,26.243999481201172,25.43000030517578,26.118000030517578,897500,0.0,0.0,0.0
2023-02-27,27.139999389648438,27.149999618530273,26.392000198364258,26.426000595092773,197500,0.0,0.0,0.0
2023-02-28,26.01799964904785,26.445999145507812,25.893999099731445,26.239999771118164,120000,0.0,0.0,0.0
2023-03-01,26.420000076293945,26.88800048828125,26.40999984741211,26.610000610351562,63500,0.0,0.0,0.0
2023-03-02,26.389999389648438,26.923999786376953,26.389999389648438,26.70199966430664,89500,0.0,0.0,0.0
2023-03-03,26.77400016784668,27.131999969482422,26.555999755859375,26.99799919128418,104500,0.0,0.0,0.0
2023-03-06,26.472000122070312,26.917999267578125,26.118000030517578,26.676000595092773,173500,0.0,0.0,0.0
2023-03-07,26.238000869750977,26.45599937438965,25.48200035095215,25.709999084472656,211000,0.0,0.0,0.0
2023-03-08,26.0,26.18600082397461,25.27400016784668,25.50200080871582,132500,0.0,0.0,0.0
2023-03-09,25.327999114990234,26.054000854492188,25.118000030517578,25.72599983215332,144000,0.0,0.0,0.0
2023-03-10,25.781999588012695,26.00200080871582,25.299999237060547,25.579999923706055,114000,0.0,0.0,0.0
2023-03-13,26.191999435424805,27.606000900268555,26.191999435424805,27.354000091552734,608500,0.0,0.0,0.0
2023-03-14,27.851999282836914,28.360000610351562,27.493999481201172,27.700000762939453,1000500,0.0,0.0,0.0
2023-03-15,27.22599983215332,27.29400062561035,26.52199935913086,27.115999221801758,231500,0.0,0.0,0.0
2023-03-16,26.8799991607666,26.8799991607666,26.007999420166016,26.327999114990234,465500,0.0,0.0,0.0
2023-03-17,26.173999786376953,26.20599937438965,25.56399917602539,25.913999557495117,160000,0.0,0.0,0.0
2023-03-20,26.06999969482422,26.239999771118164,25.63800048828125,26.04400062561035,124500,0.0,0.0,0.0
2023-03-21,26.079999923706055,26.238000869750977,25.70199966430664,25.945999145507812,86000,0.0,0.0,0.0
2023-03-22,26.277999877929688,27.365999221801758,26.277999877929688,26.65399932861328,124500,0.0,0.0,0.0
2023-03-23,26.600000381469727,26.920000076293945,26.357999801635742,26.50200080871582,180000,0.0,0.0,0.0
2023-03-24,26.57200050354004,26.573999404907227,25.940000534057617,26.489999771118164,91000,0.0,0.0,0.0
2023-03-27,25.964000701904297,26.29199981689453,25.940000534057617,26.18199920654297,77500,0.0,0.0,0.0
2023-03-28,25.95400047302246,26.3799991607666,25.90999984741211,26.312000274658203,59500,0.0,0.0,0.0
2023-03-29,26.761999130249023,26.941999435424805,26.459999084472656,26.6200008392334,72500,0.0,0.0,0.0
2023-03-30,27.489999771118164,27.535999298095703,26.8799991607666,26.8799991607666,346500,0.0,0.0,0.0
2023-03-31,26.988000869750977,27.375999450683594,26.920000076293945,27.007999420166016,480500,0.0,0.0,0.0
2023-04-03,27.534000396728516,27.700000762939453,26.809999465942383,26.992000579833984,221500,0.0,0.0,0.0
2023-04-04,27.23200035095215,27.395999908447266,26.610000610351562,26.974000930786133,90500,0.0,0.0,0.0
2023-04-05,26.986000061035156,27.1200008392334,26.20199966430664,26.31999969482422,94500,0.0,0.0,0.0
2023-04-06,26.600000381469727,27.25,26.323999404907227,27.100000381469727,134000,0.0,0.0,0.0
2023-04-10,26.86199951171875,26.86199951171875,26.00200080871582,26.200000762939453,98500,0.0,0.0,0.0
2023-04-11,26.600000381469727,27.13800048828125,26.488000869750977,26.777999877929688,236000,0.0,0.0,0.0
2023-04-12,26.899999618530273,27.312000274658203,26.625999450683594,27.125999450683594,290500,0.0,0.0,0.0
2023-04-13,27.3439998626709,28.347999572753906,27.077999114990234,27.959999084472656,511000,0.0,0.0,0.0
2023-04-14,27.81399917602539,28.187999725341797,27.402000427246094,27.841999053955078,120000,0.0,0.0,0.0
2023-04-17,28.299999237060547,29.200000762939453,28.299999237060547,28.8799991607666,295000,0.0,0.0,0.0
2023-04-18,29.926000595092773,30.489999771118164,29.70800018310547,30.052000045776367,546000,0.0,0.0,0.0
2023-04-19,29.92799949645996,30.100000381469727,29.299999237060547,29.76799964904785,118000,0.0,0.0,0.0
2023-04-20,29.874000549316406,30.170000076293945,29.167999267578125,29.38599967956543,145000,0.0,0.0,0.0
2023-04-21,30.01799964904785,30.04599952697754,29.51799964904785,29.648000717163086,92500,0.0,0.0,0.0
2023-04-24,28.76799964904785,28.76799964904785,28.07200050354004,28.323999404907227,167500,0.0,0.0,0.0
2023-04-25,27.763999938964844,28.007999420166016,27.222000122070312,27.45400047302246,144000,0.0,0.0,0.0
2023-04-26,27.88800048828125,28.190000534057617,27.673999786376953,28.010000228881836,83500,0.0,0.0,0.0
2023-04-27,27.38599967956543,27.941999435424805,27.275999069213867,27.601999282836914,146000,0.0,0.0,0.0
2023-04-28,27.719999313354492,28.281999588012695,27.719999313354492,27.79400062561035,97500,0.0,0.0,0.0
2023-05-01,27.97599983215332,28.062000274658203,26.739999771118164,26.850000381469727,346000,0.0,0.0,0.0
2023-05-02,26.610000610351562,26.841999053955078,26.360000610351562,26.503999710083008,174500,0.0,0.0,0.0
2023-05-03,26.729999542236328,26.729999542236328,26.200000762939453,26.33799934387207,75500,0.0,0.0,0.0
2023-05-04,26.389999389648438,27.170000076293945,26.20199966430664,26.850000381469727,74000,0.0,0.0,0.0
2023-05-05,27.0,27.756000518798828,27.0,27.700000762939453,108000,0.0,0.0,0.0
2023-05-08,28.700000762939453,29.224000930786133,28.642000198364258,28.788000106811523,180500,0.0,0.0,0.0
2023-05-09,29.0,29.393999099731445,28.84000015258789,29.013999938964844,175500,0.0,0.0,0.0
2023-05-10,29.672000885009766,29.90999984741211,29.43199920654297,29.667999267578125,201000,0.0,0.0,0.0
2023-05-11,29.722000122070312,29.722000122070312,28.399999618530273,28.61199951171875,159500,0.0,0.0,0.0
2023-05-12,28.600000381469727,28.600000381469727,27.799999237060547,27.8439998626709,74000,0.0,0.0,0.0
2023-05-15,28.163999557495117,28.607999801635742,28.1200008392334,28.194000244140625,107500,0.0,0.0,0.0
2023-05-16,28.100000381469727,28.194000244140625,27.601999282836914,27.601999282836914,54000,0.0,0.0,0.0
2023-05-17,27.577999114990234,27.780000686645508,27.290000915527344,27.540000915527344,63000,0.0,0.0,0.0
2023-05-18,27.101999282836914,27.215999603271484,26.899999618530273,27.200000762939453,113500,0.0,0.0,0.0
2023-05-19,27.988000869750977,28.285999298095703,27.70199966430664,27.804000854492188,73500,0.0,0.0,0.0
2023-05-22,27.878000259399414,28.020000457763672,27.474000930786133,27.5,45000,0.0,0.0,0.0
2023-05-23,26.93600082397461,27.280000686645508,26.700000762939453,26.860000610351562,118000,0.0,0.0,0.0
2023-05-24,26.22800064086914,26.3799991607666,25.84000015258789,26.200000762939453,316500,0.0,0.0,0.0
2023-05-25,26.115999221801758,26.577999114990234,25.802000045776367,26.115999221801758,95500,0.0,0.0,0.0
2023-05-26,26.472000122070312,26.722000122070312,26.27400016784668,26.27400016784668,99500,0.0,0.0,0.0
2023-05-30,26.101999282836914,26.1299991607666,25.70800018310547,25.93000030517578,138500,0.0,0.0,0.0
2023-05-31,25.673999786376953,25.673999786376953,25.15399932861328,25.260000228881836,256000,0.0,0.0,0.0
2023-06-01,25.399999618530273,25.988000869750977,25.384000778198242,25.8439998626709,119500,0.0,0.0,0.0
2023-06-02,26.3799991607666,26.38800048828125,25.979999542236328,26.20800018310547,171000,0.0,0.0,0.0
2023-06-05,26.11400032043457,26.172000885009766,25.82200050354004,26.076000213623047,47000,0.0,0.0,0.0
2023-06-06,25.899999618530273,26.1560001373291,25.691999435424805,26.107999801635742,31500,0.0,0.0,0.0
2023-06-07,26.17799949645996,26.22599983215332,25.559999465942383,25.714000701904297,95500,0.0,0.0,0.0
2023-06-08,25.365999221801758,25.6200008392334,25.0,25.125999450683594,123000,0.0,0.0,0.0
2023-06-09,24.56399917602539,24.610000610351562,24.02400016784668,24.50200080871582,352500,0.0,0.0,0.0
2023-06-12,24.555999755859375,25.1200008392334,24.555999755859375,25.02400016784668,466500,0.0,0.0,0.0
2023-06-13,25.513999938964844,25.525999069213867,24.944000244140625,25.055999755859375,204500,0.0,0.0,0.0
2023-06-14,25.691999435424805,26.035999298095703,25.398000717163086,25.540000915527344,200500,0.0,0.0,0.0
2023-06-15,25.263999938964844,25.93000030517578,25.263999938964844,25.74799919128418,57000,0.0,0.0,0.0
2023-06-16,25.972000122070312,26.356000900268555,25.805999755859375,26.13599967956543,115000,0.0,0.0,0.0
2023-06-20,25.766000747680664,25.766000747680664,25.097999572753906,25.643999099731445,113000,0.0,0.0,0.0
2023-06-21,25.222000122070312,25.392000198364258,24.827999114990234,24.922000885009766,126500,0.0,0.0,0.0
2023-06-22,24.445999145507812,24.445999145507812,23.381999969482422,23.77199935913086,373500,0.0,0.0,0.0
2023-06-23,23.74799919128418,23.781999588012695,23.61400032043457,23.72800064086914,102500,0.0,0.0,0.0
2023-06-26,24.540000915527344,24.756000518798828,24.079999923706055,24.079999923706055,100500,0.0,0.0,0.0
2023-06-27,24.246000289916992,24.266000747680664,23.881999969482422,24.02400016784668,77500,0.0,0.0,0.0
2023-06-28,22.6560001373291,23.285999298095703,22.393999099731445,23.27199935913086,314000,0.0,0.0,0.0
2023-06-29,22.461999893188477,22.874000549316406,22.461999893188477,22.70599937438965,181000,0.0,0.0,0.0
2023-06-30,23.097999572753906,23.194000244140625,22.639999389648438,22.756000518798828,129500,0.0,0.0,0.0
2023-07-03,23.010000228881836,23.29800033569336,22.642000198364258,22.68400001525879,83000,0.0,0.0,0.0
2023-07-05,23.100000381469727,23.371999740600586,22.76799964904785,23.219999313354492,130500,0.0,0.0,0.0
2023-07-06,23.152000427246094,23.200000762939453,22.676000595092773,22.937999725341797,67500,0.0,0.0,0.0
2023-07-07,22.86400032043457,23.281999588012695,22.86400032043457,23.100000381469727,47000,0.0,0.0,0.0
2023-07-10,22.402000427246094,23.055999755859375,22.195999145507812,22.920000076293945,165500,0.0,0.0,0.0
2023-07-11,22.719999313354492,23.190000534057617,22.719999313354492,23.079999923706055,78500,0.0,0.0,0.0
2023-07-12,23.70199966430664,23.947999954223633,23.586000442504883,23.72800064086914,167500,0.0,0.0,0.0
2023-07-13,23.781999588012695,23.979999542236328,23.601999282836914,23.881999969482422,156000,0.0,0.0,0.0
2023-07-14,23.426000595092773,23.676000595092773,23.239999771118164,23.549999237060547,145000,0.0,0.0,0.0
2023-07-17,23.753999710083008,24.038000106811523,23.493999481201172,23.784000396728516,171000,0.0,0.0,0.0
2023-07-18,24.243999481201172,24.49799919128418,23.95599937438965,24.3439998626709,287500,0.0,0.0,0.0
2023-07-19,24.242000579833984,24.25,23.899999618530273,24.17799949645996,162000,0.0,0.0,0.0
2023-07-20,23.899999618530273,24.02400016784668,23.40999984741211,23.648000717163086,156500,0.0,0.0,0.0
2023-07-21,23.81599998474121,23.97800064086914,23.68600082397461,23.851999282836914,99000,0.0,0.0,0.0
2023-07-24,23.802000045776367,24.038000106811523,23.5,23.652000427246094,134500,0.0,0.0,0.0
2023-07-25,23.81800079345703,23.889999389648438,23.601999282836914,23.739999771118164,87000,0.0,0.0,0.0
2023-07-26,23.266000747680664,23.42799949645996,23.020000457763672,23.381999969482422,121500,0.0,0.0,0.0
2023-07-27,22.93400001525879,23.031999588012695,22.606000900268555,22.802000045776367,152500,0.0,0.0,0.0
2023-07-28,22.719999313354492,23.368000030517578,22.68000030517578,23.00200080871582,243500,0.0,0.0,0.0
2023-07-31,23.43400001525879,23.799999237060547,23.42799949645996,23.666000366210938,116000,0.0,0.0,0.0
2023-08-01,22.836000442504883,22.950000762939453,22.639999389648438,22.8700008392334,148000,0.0,0.0,0.0
2023-08-02,22.950000762939453,23.17799949645996,22.70400047302246,22.993999481201172,69000,0.0,0.0,0.0
2023-08-03,23.030000686645508,23.305999755859375,22.93400001525879,23.148000717163086,109000,0.0,0.0,0.0
2023-08-04,23.086000442504883,23.459999084472656,23.007999420166016,23.284000396728516,55500,0.0,0.0,0.0
2023-08-07,23.34600067138672,23.34600067138672,22.790000915527344,22.940000534057617,84500,0.0,0.0,0.0
2023-08-08,22.464000701904297,22.756000518798828,22.329999923706055,22.70800018310547,112000,0.0,0.0,0.0
2023-08-09,22.562000274658203,22.92799949645996,22.562000274658203,22.884000778198242,38500,0.0,0.0,0.0
2023-08-10,23.31999969482422,24.11400032043457,23.31999969482422,23.81800079345703,204500,0.0,0.0,0.0
2023-08-11,24.11400032043457,24.214000701904297,23.777999877929688,23.913999557495117,95000,0.0,0.0,0.0
2023-08-14,23.323999404907227,23.538000106811523,23.020000457763672,23.50200080871582,91500,0.0,0.0,0.0
2023-08-15,22.770000457763672,22.979999542236328,22.736000061035156,22.739999771118164,101500,0.0,0.0,0.0
2023-08-16,22.399999618530273,22.836000442504883,22.299999237060547,22.356000900268555,188000,0.0,0.0,0.0
2023-08-17,22.75,22.79599952697754,22.360000610351562,22.527999877929688,62000,0.0,0.0,0.0
2023-08-18,22.790000915527344,23.239999771118164,22.790000915527344,23.167999267578125,122500,0.0,0.0,0.0
2023-08-21,22.878000259399414,23.054000854492188,22.676000595092773,22.97599983215332,74000,0.0,0.0,0.0
2023-08-22,23.597999572753906,23.643999099731445,22.989999771118164,23.082000732421875,88000,0.0,0.0,0.0
2023-08-23,23.770000457763672,23.799999237060547,23.27400016784668,23.63599967956543,72500,0.0,0.0,0.0
2023-08-24,23.106000900268555,23.194000244140625,22.746000289916992,22.81800079345703,105000,0.0,0.0,0.0
2023-08-25,22.902000427246094,22.97599983215332,22.399999618530273,22.639999389648438,109000,0.0,0.0,0.0
2023-08-28,23.059999465942383,23.312000274658203,22.836000442504883,23.06399917602539,208000,0.0,0.0,0.0
2023-08-29,22.666000366210938,23.200000762939453,22.5,23.0,150000,0.0,0.0,0.0
2023-08-30,22.84000015258789,22.889999389648438,22.600000381469727,22.739999771118164,83500,0.0,0.0,0.0
2023-08-31,22.711999893188477,22.74799919128418,22.399999618530273,22.673999786376953,119500,0.0,0.0,0.0
2023-09-01,22.634000778198242,22.695999145507812,22.520000457763672,22.52199935913086,59000,0.0,0.0,0.0
2023-09-05,22.236000061035156,22.628000259399414,22.15999984741211,22.56599998474121,78000,0.0,0.0,0.0
2023-09-06,22.076000213623047,22.507999420166016,21.81599998474121,22.469999313354492,153500,0.0,0.0,0.0
2023-09-07,22.22800064086914,22.54599952697754,22.15399932861328,22.43000030517578,80500,0.0,0.0,0.0
2023-09-08,22.422000885009766,22.422000885009766,22.0,22.027999877929688,160000,0.0,0.0,0.0
2023-09-11,22.486000061035156,22.555999755859375,22.15999984741211,22.527999877929688,137000,0.0,0.0,0.0
2023-09-12,22.527999877929688,22.986000061035156,22.437999725341797,22.799999237060547,175000,0.0,0.0,0.0
2023-09-13,22.913999557495117,23.26799964904785,22.913999557495117,23.073999404907227,134500,0.0,0.0,0.0
2023-09-14,23.076000213623047,23.327999114990234,22.923999786376953,22.97800064086914,76000,0.0,0.0,0.0
2023-09-15,23.45800018310547,23.461999893188477,22.90999984741211,23.038000106811523,148000,0.0,0.0,0.0
2023-09-18,22.95800018310547,23.06599998474121,22.601999282836914,22.98200035095215,107500,0.0,0.0,0.0
2023-09-19,23.32200050354004,23.469999313354492,23.200000762939453,23.22800064086914,71000,0.0,0.0,0.0
2023-09-20,23.600000381469727,23.871999740600586,23.222000122070312,23.242000579833984,174500,0.0,0.0,0.0
2023-09-21,23.097999572753906,23.392000198364258,23.010000228881836,23.288000106811523,47000,0.0,0.0,0.0
2023-09-22,23.42799949645996,23.459999084472656,23.011999130249023,23.04599952697754,76000,0.0,0.0,0.0
2023-09-25,22.799999237060547,22.892000198364258,22.634000778198242,22.77199935913086,51000,0.0,0.0,0.0
2023-09-26,22.56800079345703,22.899999618530273,22.3799991607666,22.58799934387207,101000,0.0,0.0,0.0
2023-09-27,22.81999969482422,22.937999725341797,22.40999984741211,22.511999130249023,68500,0.0,0.0,0.0
2023-09-28,22.847999572753906,23.600000381469727,22.847999572753906,23.47599983215332,140000,0.0,0.0,0.0
2023-09-29,23.483999252319336,23.496000289916992,22.93400001525879,23.016000747680664,95500,0.0,0.0,0.0
2023-10-02,22.408000946044922,22.423999786376953,22.139999389648438,22.29800033569336,209000,0.0,0.0,0.0
2023-10-03,21.799999237060547,21.97599983215332,21.600000381469727,21.77199935913086,213500,0.0,0.0,0.0
2023-10-04,21.691999435424805,21.714000701904297,21.302000045776367,21.6299991607666,132000,0.0,0.0,0.0
2023-10-05,21.416000366210938,21.416000366210938,21.083999633789062,21.20599937438965,106500,0.0,0.0,0.0
2023-10-06,21.13599967956543,21.6299991607666,21.0,21.329999923706055,136500,0.0,0.0,0.0
2023-10-09,20.947999954223633,21.058000564575195,20.604000091552734,21.058000564575195,223000,0.0,0.0,0.0
2023-10-10,20.841999053955078,21.714000701904297,20.827999114990234,21.690000534057617,121500,0.0,0.0,0.0
2023-10-11,21.42799949645996,21.5939998626709,21.36400032043457,21.54800033569336,92000,0.0,0.0,0.0
2023-10-12,21.347999572753906,21.378000259399414,20.851999282836914,20.91200065612793,85000,0.0,0.0,0.0
2023-10-13,20.941999435424805,21.167999267578125,20.799999237060547,21.167999267578125,88500,0.0,0.0,0.0
2023-10-16,21.00200080871582,21.200000762939453,20.996000289916992,21.197999954223633,63000,0.0,0.0,0.0
2023-10-17,20.718000411987305,21.125999450683594,20.631999969482422,21.031999588012695,121000,0.0,0.0,0.0
2023-10-18,20.77199935913086,20.979999542236328,20.444000244140625,20.93600082397461,160500,0.0,0.0,0.0
2023-10-19,20.513999938964844,20.6299991607666,20.389999389648438,20.488000869750977,177500,0.0,0.0,0.0
2023-10-20,20.381999969482422,20.606000900268555,20.31999969482422,20.351999282836914,183500,0.0,0.0,0.0
2023-10-23,20.520000457763672,21.030000686645508,20.42799949645996,20.79800033569336,262500,0.0,0.0,0.0
2023-10-24,20.59600067138672,20.799999237060547,20.422000885009766,20.739999771118164,81500,0.0,0.0,0.0
2023-10-25,20.781999588012695,21.059999465942383,20.56999969482422,20.68400001525879,156000,0.0,0.0,0.0
2023-10-26,20.68400001525879,21.016000747680664,20.513999938964844,20.827999114990234,86000,0.0,0.0,0.0
2023-10-27,21.06800079345703,21.0939998626709,20.486000061035156,20.663999557495117,96500,0.0,0.0,0.0
2023-10-30,21.128000259399414,21.22800064086914,20.649999618530273,20.746000289916992,265000,0.0,0.0,0.0
2023-10-31,20.8700008392334,20.968000411987305,20.591999053955078,20.691999435424805,104000,0.0,0.0,0.0
2023-11-01,20.736000061035156,21.0,20.360000610351562,20.43000030517578,89500,0.0,0.0,0.0
2023-11-02,20.601999282836914,20.709999084472656,20.341999053955078,20.530000686645508,144000,0.0,0.0,0.0
2023-11-03,20.642000198364258,20.738000869750977,20.3700008392334,20.643999099731445,155000,0.0,0.0,0.0
2023-11-06,20.6200008392334,20.68400001525879,20.246000289916992,20.47599983215332,99500,0.0,0.0,0.0
2023-11-07,19.780000686645508,19.832000732421875,19.493999481201172,19.516000747680664,304500,0.0,0.0,0.0
2023-11-08,19.011999130249023,19.520000457763672,18.947999954223633,19.43400001525879,220500,0.0,0.0,0.0
2023-11-09,18.84000015258789,18.84000015258789,18.351999282836914,18.398000717163086,474000,0.0,0.0,0.0
2023-11-10,17.91200065612793,18.20400047302246,17.761999130249023,17.865999221801758,463500,0.0,0.0,0.0
2023-11-13,17.672000885009766,18.236000061035156,17.61400032043457,18.200000762939453,319500,0.0,0.0,0.0
2023-11-14,18.715999603271484,19.04599952697754,18.6299991607666,18.84000015258789,695000,0.0,0.0,0.0
2023-11-15,18.736000061035156,19.3439998626709,18.52400016784668,19.076000213623047,271000,0.0,0.0,0.0
2023-11-16,19.04599952697754,19.3700008392334,19.04599952697754,19.197999954223633,188000,0.0,0.0,0.0
2023-11-17,19.190000534057617,19.483999252319336,19.167999267578125,19.45199966430664,174500,0.0,0.0,0.0
2023-11-20,19.79400062561035,20.073999404907227,19.79400062561035,19.899999618530273,177000,0.0,0.0,0.0
2023-11-21,19.878000259399414,20.097999572753906,19.809999465942383,19.8700008392334,104500,0.0,0.0,0.0
2023-11-22,19.399999618530273,19.54800033569336,19.29199981689453,19.486000061035156,91000,0.0,0.0,0.0
2023-11-24,19.365999221801758,19.884000778198242,19.365999221801758,19.884000778198242,53500,0.0,0.0,0.0
2023-11-27,19.559999465942383,19.881999969482422,19.399999618530273,19.738000869750977,203500,0.0,0.0,0.0
2023-11-28,19.413999557495117,19.610000610351562,19.18400001525879,19.43000030517578,178500,0.0,0.0,0.0
2023-11-29,18.926000595092773,19.06999969482422,18.756000518798828,18.972000122070312,175500,0.0,0.0,0.0
2023-11-30,18.908000946044922,18.97800064086914,18.604000091552734,18.70400047302246,198500,0.0,0.0,0.0
2023-12-01,18.506000518798828,18.628000259399414,18.288000106811523,18.5,209000,0.0,0.0,0.0
2023-12-04,18.0,18.100000381469727,17.739999771118164,17.988000869750977,253500,0.0,0.0,0.0
2023-12-05,17.733999252319336,17.781999588012695,17.049999237060547,17.285999298095703,468500,0.0,0.0,0.0
2023-12-06,17.832000732421875,17.969999313354492,17.402000427246094,17.535999298095703,195000,0.0,0.0,0.0
2023-12-07,18.010000228881836,18.18000030517578,17.790000915527344,17.95599937438965,209500,0.0,0.0,0.0
2023-12-08,17.77199935913086,17.833999633789062,17.389999389648438,17.408000946044922,228500,0.0,0.0,0.0
2023-12-11,17.516000747680664,17.847999572753906,17.354000091552734,17.72800064086914,176500,0.0,0.0,0.0
2023-12-12,17.860000610351562,18.125999450683594,17.756000518798828,18.106000900268555,485000,0.0,0.0,0.0
2023-12-13,18.058000564575195,18.535999298095703,17.645999908447266,18.535999298095703,208500,0.0,0.0,0.0
2023-12-14,19.309999465942383,20.558000564575195,19.309999465942383,20.392000198364258,871000,0.0,0.0,0.0
2023-12-15,20.841999053955078,21.989999771118164,20.760000228881836,21.65399932861328,671000,0.0,0.0,0.0
2023-12-18,21.850000381469727,22.308000564575195,21.652000427246094,21.799999237060547,209000,0.0,0.0,0.0
2023-12-19,22.176000595092773,22.940000534057617,22.176000595092773,22.65399932861328,295000,0.0,0.0,0.0
2023-12-20,22.48200035095215,22.555999755859375,21.916000366210938,21.989999771118164,167500,0.0,0.0,0.0
2023-12-21,22.309999465942383,22.450000762939453,21.75,22.389999389648438,136500,0.0,0.0,0.0
2023-12-22,22.827999114990234,22.941999435424805,22.121999740600586,22.170000076293945,125000,0.0,0.0,0.0
2023-12-26,22.02400016784668,22.058000564575195,21.535999298095703,21.583999633789062,217500,0.0,0.0,0.0
2023-12-27,21.527999877929688,21.832000732421875,21.125999450683594,21.29800033569336,190500,0.0,0.0,0.0
2023-12-28,20.974000930786133,21.145999908447266,20.700000762939453,20.83799934387207,166500,0.0,0.0,0.0
2023-12-29,20.527999877929688,20.600000381469727,20.218000411987305,20.218000411987305,223500,0.0,0.0,0.0
2024-01-02,20.11199951171875,20.190000534057617,19.761999130249023,19.95800018310547,189000,0.0,0.0,0.0
2024-01-03,19.746000289916992,19.808000564575195,19.450000762939453,19.763999938964844,164500,0.0,0.0,0.0
2024-01-04,19.41200065612793,19.520000457763672,19.04599952697754,19.134000778198242,236500,0.0,0.0,0.0
2024-01-05,19.06399917602539,19.327999114990234,18.937999725341797,18.964000701904297,155000,0.0,0.0,0.0
2024-01-08,18.5,18.61400032043457,18.288000106811523,18.422000885009766,312000,0.0,0.0,0.0
2024-01-09,18.31999969482422,18.332000732421875,17.899999618530273,18.030000686645508,465500,0.0,0.0,0.0
2024-01-10,18.304000854492188,18.507999420166016,18.049999237060547,18.440000534057617,280500,0.0,0.0,0.0
2024-01-11,18.54599952697754,18.577999114990234,18.076000213623047,18.277999877929688,184000,0.0,0.0,0.0
2024-01-12,18.350000381469727,18.5,17.865999221801758,18.038000106811523,497000,0.0,0.0,0.0
2024-01-16,17.375999450683594,17.447999954223633,17.143999099731445,17.246000289916992,655500,0.0,0.0,0.0
2024-01-17,16.968000411987305,17.079999923706055,16.65999984741211,16.940000534057617,497000,0.0,0.0,0.0
2024-01-18,17.200000762939453,17.40399932861328,17.142000198364258,17.371999740600586,210000,0.0,0.0,0.0
2024-01-19,17.299999237060547,17.49799919128418,17.13800048828125,17.483999252319336,160000,0.0,0.0,0.0
2024-01-22,17.049999237060547,17.395999908447266,17.0,17.285999298095703,168500,0.0,0.0,0.0
2024-01-23,17.336000442504883,17.70199966430664,17.302000045776367,17.48200035095215,160000,0.0,0.0,0.0
2024-01-24,17.88599967956543,17.965999603271484,17.601999282836914,17.823999404907227,325000,0.0,0.0,0.0
2024-01-25,17.642000198364258,17.642000198364258,17.176000595092773,17.351999282836914,233500,0.0,0.0,0.0
2024-01-26,17.422000885009766,17.77400016784668,17.4060001373291,17.68400001525879,236500,0.0,0.0,0.0
2024-01-29,17.836000442504883,18.17799949645996,17.833999633789062,18.170000076293945,459500,0.0,0.0,0.0
2024-01-30,18.139999389648438,18.139999389648438,17.868000030517578,17.988000869750977,244000,0.0,0.0,0.0
2024-01-31,18.038000106811523,18.323999404907227,17.950000762939453,18.055999755859375,262500,0.0,0.0,0.0
2024-02-01,17.6299991607666,17.979999542236328,17.530000686645508,17.75,184500,0.0,0.0,0.0
2024-02-02,17.437999725341797,17.579999923706055,17.13800048828125,17.440000534057617,265500,0.0,0.0,0.0
2024-02-05,17.332000732421875,17.607999801635742,17.332000732421875,17.488000869750977,89500,0.0,0.0,0.0
2024-02-06,17.43600082397461,17.670000076293945,17.368000030517578,17.468000411987305,54500,0.0,0.0,0.0
2024-02-07,17.031999588012695,17.145999908447266,16.469999313354492,16.50200080871582,569000,0.0,0.0,0.0
2024-02-08,16.200000762939453,16.649999618530273,16.011999130249023,16.375999450683594,327000,0.0,0.0,0.0
2024-02-09,16.145999908447266,16.31399917602539,15.84000015258789,15.92199993133545,438500,0.0,0.0,0.0
2024-02-12,16.3700008392334,16.573999404907227,16.101999282836914,16.479999542236328,308000,0.0,0.0,0.0
2024-02-13,16.149999618530273,16.163999557495117,15.699999809265137,15.95199966430664,354500,0.0,0.0,0.0
2024-02-14,16.857999801635742,17.261999130249023,16.857999801635742,17.209999084472656,462500,0.0,0.0,0.0
2024-02-15,17.468000411987305,17.93000030517578,17.36199951171875,17.56599998474121,384000,0.0,0.0,0.0
2024-02-16,17.479999542236328,17.850000381469727,17.36400032043457,17.486000061035156,146500,0.0,0.0,0.0
2024-02-20,17.920000076293945,18.200000762939453,17.63599967956543,18.0,400500,0.0,0.0,0.0
2024-02-21,17.90999984741211,17.90999984741211,17.083999633789062,17.54800033569336,227500,0.0,0.0,0.0
2024-02-22,17.450000762939453,17.945999145507812,17.450000762939453,17.781999588012695,236000,0.0,0.0,0.0
2024-02-23,17.86400032043457,18.327999114990234,17.86400032043457,17.940000534057617,265500,0.0,0.0,0.0
2024-02-26,17.586000442504883,17.691999435424805,17.399999618530273,17.597999572753906,163500,0.0,0.0,0.0
2024-02-27,17.72599983215332,17.854000091552734,17.281999588012695,17.323999404907227,159500,0.0,0.0,0.0
2024-02-28,16.841999053955078,17.18000030517578,16.836000442504883,17.058000564575195,131000,0.0,0.0,0.0
2024-02-29,17.326000213623047,17.43600082397461,17.152000427246094,17.378000259399414,55500,0.0,0.0,0.0
2024-03-01,17.299999237060547,17.700000762939453,17.173999786376953,17.511999130249023,364500,0.0,0.0,0.0
2024-03-04,17.450000762939453,17.799999237060547,17.36199951171875,17.697999954223633,196000,0.0,0.0,0.0
2024-03-05,17.399999618530273,17.520000457763672,17.148000717163086,17.45400047302246,128000,0.0,0.0,0.0
2024-03-06,18.648000717163086,19.540000915527344,18.648000717163086,19.106000900268555,988500,0.0,0.0,0.0
2024-03-07,19.167999267578125,19.356000900268555,18.8700008392334,19.007999420166016,385500,0.0,0.0,0.0
2024-03-08,19.239999771118164,19.239999771118164,18.492000579833984,18.79199981689453,202500,0.0,0.0,0.0
2024-03-11,19.040000915527344,19.100000381469727,18.763999938964844,18.965999603271484,223000,0.0,0.0,0.0
2024-03-12,18.770000457763672,19.219999313354492,18.54199981689453,19.13800048828125,380500,0.0,0.0,0.0
2024-03-13,19.66200065612793,19.79400062561035,19.402000427246094,19.469999313354492,361500,0.0,0.0,0.0
2024-03-14,20.04599952697754,20.15999984741211,19.4060001373291,19.66200065612793,310000,0.0,0.0,0.0
2024-03-15,20.224000930786133,20.224000930786133,19.802000045776367,19.84000015258789,371500,0.0,0.0,0.0
2024-03-18,19.5,19.577999114990234,18.79599952697754,19.003999710083008,382000,0.0,0.0,0.0
2024-03-19,18.440000534057617,18.488000869750977,17.913999557495117,18.34600067138672,437500,0.0,0.0,0.0
2024-03-20,18.277999877929688,18.875999450683594,18.23200035095215,18.832000732421875,266500,0.0,0.0,0.0
2024-03-21,18.781999588012695,18.937999725341797,18.350000381469727,18.709999084472656,367500,0.0,0.0,0.0
2024-03-22,18.413999557495117,18.513999938964844,18.163999557495117,18.173999786376953,182000,0.0,0.0,0.0
2024-03-25,18.549999237060547,18.8799991607666,18.465999603271484,18.530000686645508,178500,0.0,0.0,0.0
2024-03-26,18.615999221801758,18.615999221801758,18.253999710083008,18.31800079345703,102500,0.0,0.0,0.0
2024-03-27,17.895999908447266,18.229999542236328,17.73200035095215,18.224000930786133,233000,0.0,0.0,0.0
2024-03-28,18.621999740600586,18.799999237060547,18.600000381469727,18.70400047302246,191500,0.0,0.0,0.0
2024-04-01,18.503999710083008,18.503999710083008,18.224000930786133,18.479999542236328,236500,0.0,0.0,0.0
2024-04-02,18.576000213623047,18.63599967956543,18.31999969482422,18.38800048828125,318500,0.0,0.0,0.0
2024-04-03,18.549999237060547,18.902000427246094,18.45400047302246,18.780000686645508,371500,0.0,0.0,0.0
2024-04-04,19.18000030517578,19.200000762939453,18.770000457763672,18.770000457763672,283500,0.0,0.0,0.0
2024-04-05,18.384000778198242,18.525999069213867,18.1299991607666,18.45599937438965,356000,0.0,0.0,0.0
2024-04-08,19.124000549316406,19.437999725341797,18.865999221801758,19.312000274658203,412500,0.0,0.0,0.0
2024-04-09,19.760000228881836,20.076000213623047,19.468000411987305,20.058000564575195,820000,0.0,0.0,0.0
2024-04-10,19.459999084472656,19.67799949645996,19.143999099731445,19.309999465942383,536000,0.0,0.0,0.0
2024-04-11,19.384000778198242,19.384000778198242,18.908000946044922,19.29199981689453,450000,0.0,0.0,0.0
2024-04-12,19.84600067138672,19.945999145507812,19.219999313354492,19.290000915527344,668500,0.0,0.0,0.0
2024-04-15,18.950000762939453,19.18000030517578,18.733999252319336,18.983999252319336,425500,0.0,0.0,0.0
2024-04-16,18.81999969482422,18.988000869750977,18.447999954223633,18.658000946044922,261500,0.0,0.0,0.0
2024-04-17,18.802000045776367,19.25,18.621999740600586,18.93000030517578,291500,0.0,0.0,0.0
2024-04-18,19.04400062561035,19.24799919128418,18.833999633789062,18.884000778198242,236000,0.0,0.0,0.0
2024-04-19,18.743999481201172,18.93000030517578,18.531999588012695,18.850000381469727,254500,0.0,0.0,0.0
2024-04-22,18.492000579833984,18.898000717163086,18.399999618530273,18.606000900268555,250000,0.0,0.0,0.0
2024-04-23,18.450000762939453,18.90999984741211,18.3700008392334,18.736000061035156,176000,0.0,0.0,0.0
2024-04-24,18.663999557495117,18.663999557495117,18.399999618530273,18.42799949645996,203500,0.0,0.0,0.0
2024-04-25,18.18000030517578,18.299999237060547,17.889999389648438,18.058000564575195,694000,0.0,0.0,0.0
2024-04-26,17.652000427246094,17.809999465942383,17.525999069213867,17.601999282836914,552000,0.0,0.0,0.0
2024-04-29,17.59600067138672,18.091999053955078,17.559999465942383,17.993999481201172,380500,0.0,0.0,0.0
2024-04-30,17.52199935913086,17.6560001373291,17.170000076293945,17.559999465942383,606500,0.0,0.0,0.0
2024-05-01,17.29599952697754,17.606000900268555,17.29599952697754,17.45400047302246,275000,0.0,0.0,0.0
2024-05-02,17.166000366210938,17.368000030517578,16.902000427246094,17.22800064086914,367000,0.0,0.0,0.0
2024-05-03,17.445999145507812,17.54800033569336,17.101999282836914,17.43000030517578,340500,0.0,0.0,0.0
2024-05-06,17.969999313354492,18.18000030517578,17.916000366210938,17.979999542236328,272500,0.0,0.0,0.0
2024-05-07,17.95800018310547,18.110000610351562,17.804000854492188,17.8700008392334,200500,0.0,0.0,0.0
2024-05-08,17.600000381469727,17.79599952697754,17.43199920654297,17.63599967956543,406000,0.0,0.0,0.0
2024-05-09,17.530000686645508,17.959999084472656,17.530000686645508,17.860000610351562,239000,0.0,0.0,0.0
2024-05-10,18.399999618530273,18.402000427246094,17.945999145507812,18.121999740600586,1041500,0.0,0.0,0.0
2024-05-13,18.035999298095703,18.131999969482422,17.628000259399414,17.785999298095703,993000,0.0,0.0,0.0
2024-05-14,17.74799919128418,18.17799949645996,17.667999267578125,17.992000579833984,404000,0.0,0.0,0.0
2024-05-15,18.600000381469727,18.719999313354492,18.010000228881836,18.59000015258789,982000,0.0,0.0,0.0
2024-05-16,18.597999572753906,18.597999572753906,18.115999221801758,18.256000518798828,530500,0.0,0.0,0.0
2024-05-17,18.260000228881836,18.65999984741211,18.149999618530273,18.601999282836914,951500,0.0,0.0,0.0
2024-05-20,18.583999633789062,19.125999450683594,18.38599967956543,19.09600067138672,1730000,0.0,0.0,0.0
2024-05-21,18.95199966430664,19.222000122070312,18.761999130249023,18.959999084472656,1046000,0.0,0.0,0.0
2024-05-22,18.6299991607666,18.6299991607666,18.312000274658203,18.351999282836914,636500,0.0,0.0,0.0
2024-05-23,18.290000915527344,18.29599952697754,17.743999481201172,17.81999969482422,617000,0.0,0.0,0.0
2024-05-24,17.836000442504883,17.8799991607666,17.719999313354492,17.790000915527344,502500,0.0,0.0,0.0
2024-05-28,18.0,18.17799949645996,17.88800048828125,18.040000915527344,470000,0.0,0.0,0.0
2024-05-29,17.577999114990234,17.79800033569336,17.489999771118164,17.634000778198242,745500,0.0,0.0,0.0
2024-05-30,17.326000213623047,17.67799949645996,17.25,17.5,369500,0.0,0.0,0.0
2024-05-31,17.49799919128418,17.52400016784668,16.649999618530273,16.827999114990234,1244500,0.0,0.0,0.0
2024-06-03,16.923999786376953,17.219999313354492,16.892000198364258,16.989999771118164,439500,0.0,0.0,0.0
2024-06-04,16.902000427246094,16.95599937438965,16.642000198364258,16.81800079345703,436500,0.0,0.0,0.0
2024-06-05,17.04400062561035,17.239999771118164,16.959999084472656,17.18600082397461,370500,0.0,0.0,0.0
2024-06-06,17.128000259399414,17.332000732421875,17.079999923706055,17.15999984741211,242500,0.0,0.0,0.0
2024-06-07,16.992000579833984,16.992000579833984,16.56800079345703,16.719999313354492,731000,0.0,0.0,0.0
2024-06-10,16.68600082397461,16.718000411987305,16.25,16.6299991607666,502000,0.0,0.0,0.0
2024-06-11,16.299999237060547,16.43600082397461,16.222000122070312,16.332000732421875,496500,0.0,0.0,0.0
2024-06-12,16.788000106811523,16.79599952697754,16.5,16.5939998626709,611000,0.0,0.0,0.0
2024-06-13,16.579999923706055,16.667999267578125,16.152000427246094,16.305999755859375,575500,0.0,0.0,0.0
2024-06-14,16.285999298095703,16.527999877929688,16.219999313354492,16.417999267578125,313000,0.0,0.0,0.0
2024-06-17,16.36199951171875,16.474000930786133,16.104000091552734,16.416000366210938,294500,0.0,0.0,0.0
2024-06-18,16.134000778198242,16.450000762939453,16.035999298095703,16.356000900268555,373000,0.0,0.0,0.0
2024-06-20,16.643999099731445,17.158000946044922,16.56999969482422,16.969999313354492,566000,0.0,0.0,0.0
2024-06-21,18.0,18.714000701904297,17.399999618530273,17.5,1713000,0.0,0.0,0.0
2024-06-24,18.5,18.54599952697754,17.724000930786133,17.945999145507812,969000,0.0,0.0,0.0
2024-06-25,17.573999404907227,17.718000411987305,17.219999313354492,17.3439998626709,628000,0.0,0.0,0.0
2024-06-26,17.22800064086914,17.31399917602539,16.808000564575195,17.148000717163086,400500,0.0,0.0,0.0
2024-06-27,17.121999740600586,17.29800033569336,17.052000045776367,17.238000869750977,186000,0.0,0.0,0.0
2024-06-28,17.780000686645508,18.006000518798828,17.709999084472656,17.81800079345703,620500,0.0,0.0,0.0
2024-07-01,18.163999557495117,18.29800033569336,17.70599937438965,17.913999557495117,485500,0.0,0.0,0.0
2024-07-02,18.389999389648438,18.739999771118164,18.329999923706055,18.65399932861328,781000,0.0,0.0,0.0
2024-07-03,18.961999893188477,19.392000198364258,18.672000885009766,18.95199966430664,768000,0.0,0.0,0.0
2024-07-05,18.84600067138672,19.059999465942383,18.649999618530273,18.889999389648438,317000,0.0,0.0,0.0
2024-07-08,18.643999099731445,18.829999923706055,18.399999618530273,18.549999237060547,201500,0.0,0.0,0.0
2024-07-09,18.45400047302246,18.54800033569336,17.93400001525879,18.00200080871582,412500,0.0,0.0,0.0
2024-07-10,18.33799934387207,18.341999053955078,18.086000442504883,18.20400047302246,181500,0.0,0.0,0.0
2024-07-11,18.209999084472656,18.554000854492188,18.209999084472656,18.312000274658203,304000,0.0,0.0,0.0
2024-07-12,17.82200050354004,18.076000213623047,17.75200080871582,17.83799934387207,620000,0.0,0.0,0.0
2024-07-15,17.6560001373291,17.781999588012695,17.423999786376953,17.450000762939453,588000,0.0,0.0,0.0
2024-07-16,17.371999740600586,17.714000701904297,17.145999908447266,17.694000244140625,467500,0.0,0.0,0.0
2024-07-17,17.718000411987305,17.756000518798828,17.493999481201172,17.576000213623047,206000,0.0,0.0,0.0
2024-07-18,17.43600082397461,17.488000869750977,16.986000061035156,17.034000396728516,485000,0.0,0.0,0.0
2024-07-19,16.856000900268555,17.049999237060547,16.67799949645996,16.79400062561035,484500,0.0,0.0,0.0
2024-07-22,16.606000900268555,16.757999420166016,16.503999710083008,16.757999420166016,476500,0.0,0.0,0.0
2024-07-23,16.6560001373291,17.077999114990234,16.6560001373291,17.062000274658203,312000,0.0,0.0,0.0
2024-07-24,17.290000915527344,17.378000259399414,17.09600067138672,17.170000076293945,426500,0.0,0.0,0.0
2024-07-25,16.676000595092773,16.809999465942383,16.562000274658203,16.652000427246094,515000,0.0,0.0,0.0
2024-07-26,16.715999603271484,16.715999603271484,16.43000030517578,16.58799934387207,332000,0.0,0.0,0.0
2024-07-29,16.969999313354492,16.969999313354492,16.56800079345703,16.600000381469727,205000,0.0,0.0,0.0
2024-07-30,16.464000701904297,16.510000228881836,16.261999130249023,16.399999618530273,366000,0.0,0.0,0.0
2024-07-31,17.052000045776367,17.176000595092773,16.920000076293945,16.92799949645996,473000,0.0,0.0,0.0
2024-08-01,17.059999465942383,17.059999465942383,16.479999542236328,16.6299991607666,319000,0.0,0.0,0.0
2024-08-02,16.535999298095703,16.600000381469727,16.29599952697754,16.40999984741211,328000,0.0,0.0,0.0
2024-08-05,15.6899995803833,15.970000267028809,15.503999710083008,15.557999610900879,1083500,0.0,0.0,0.0
2024-08-06,15.800000190734863,16.200000762939453,15.729999542236328,16.06800079345703,366000,0.0,0.0,0.0
2024-08-07,16.600000381469727,16.6560001373291,16.131999969482422,16.288000106811523,332000,0.0,0.0,0.0
2024-08-08,16.6200008392334,16.974000930786133,16.6200008392334,16.916000366210938,309500,0.0,0.0,0.0
2024-08-09,16.992000579833984,16.992000579833984,16.56399917602539,16.601999282836914,188500,0.0,0.0,0.0
2024-08-12,17.0,17.1299991607666,16.718000411987305,16.875999450683594,281000,0.0,0.0,0.0
2024-08-13,17.173999786376953,17.304000854492188,17.09000015258789,17.18000030517578,350500,0.0,0.0,0.0
2024-08-14,17.170000076293945,17.215999603271484,16.902000427246094,17.07200050354004,272000,0.0,0.0,0.0
2024-08-15,17.209999084472656,17.447999954223633,17.176000595092773,17.27400016784668,920500,0.0,0.0,0.0
2024-08-16,17.32200050354004,17.469999313354492,17.190000534057617,17.38599967956543,254500,0.0,0.0,0.0
2024-08-19,16.979999542236328,17.304000854492188,16.850000381469727,17.152000427246094,193500,0.0,0.0,0.0
2024-08-20,17.288000106811523,17.371999740600586,16.959999084472656,17.0,158500,0.0,0.0,0.0
2024-08-21,17.711999893188477,17.746000289916992,17.375999450683594,17.41200065612793,555000,0.0,0.0,0.0
2024-08-22,17.472000122070312,17.472000122070312,17.0,17.00200080871582,154000,0.0,0.0,0.0
2024-08-23,17.20599937438965,17.558000564575195,17.194000244140625,17.558000564575195,446500,0.0,0.0,0.0
2024-08-26,17.76799964904785,17.850000381469727,17.600000381469727,17.700000762939453,254000,0.0,0.0,0.0
2024-08-27,17.695999145507812,18.016000747680664,17.437999725341797,17.84000015258789,383500,0.0,0.0,0.0
2024-08-28,17.54800033569336,17.562000274658203,17.233999252319336,17.31800079345703,200000,0.0,0.0,0.0
2024-08-29,17.56399917602539,18.003999710083008,17.559999465942383,17.8799991607666,277000,0.0,0.0,0.0
2024-08-30,17.856000900268555,17.93199920654297,17.601999282836914,17.719999313354492,168500,0.0,0.0,0.0
2024-09-03,17.558000564575195,17.558000564575195,17.083999633789062,17.357999801635742,242000,0.0,0.0,0.0
2024-09-04,17.148000717163086,17.422000885009766,17.076000213623047,17.194000244140625,288500,0.0,0.0,0.0
2024-09-05,17.43000030517578,17.559999465942383,17.22599983215332,17.260000228881836,213500,0.0,0.0,0.0
2024-09-06,17.402000427246094,17.469999313354492,16.643999099731445,16.780000686645508,464000,0.0,0.0,0.0
2024-09-09,17.18199920654297,17.413999557495117,17.06800079345703,17.40399932861328,204500,0.0,0.0,0.0
2024-09-10,17.649999618530273,17.8439998626709,17.43199920654297,17.804000854492188,227500,0.0,0.0,0.0
2024-09-11,18.02199935913086,18.68199920654297,17.93600082397461,18.65999984741211,813000,0.0,0.0,0.0
2024-09-12,19.027999877929688,19.299999237060547,18.742000579833984,19.27400016784668,592500,0.0,0.0,0.0
2024-09-13,19.579999923706055,19.700000762939453,19.299999237060547,19.63599967956543,837500,0.0,0.0,0.0
2024-09-16,19.634000778198242,19.799999237060547,19.54199981689453,19.743999481201172,780500,0.0,0.0,0.0
2024-09-17,19.899999618530273,20.520000457763672,19.847999572753906,20.492000579833984,986500,0.0,0.0,0.0
2024-09-18,20.09000015258789,20.09000015258789,19.302000045776367,19.347999572753906,718500,0.0,0.0,0.0
2024-09-19,19.986000061035156,20.18600082397461,19.76799964904785,19.913999557495117,383000,0.0,0.0,0.0
2024-09-20,19.534000396728516,19.760000228881836,19.40399932861328,19.54199981689453,333000,0.0,0.0,0.0
2024-09-23,19.200000762939453,19.327999114990234,18.950000762939453,19.04800033569336,648000,0.0,0.0,0.0
2024-09-24,19.354000091552734,19.573999404907227,19.31399917602539,19.559999465942383,228500,0.0,0.0,0.0
2024-09-25,19.243999481201172,19.357999801635742,18.922000885009766,19.0939998626709,263000,0.0,0.0,0.0
2024-09-26,19.374000549316406,19.450000762939453,19.167999267578125,19.260000228881836,341000,0.0,0.0,0.0
2024-09-27,18.93000030517578,19.20800018310547,18.549999237060547,18.59000015258789,656500,0.0,0.0,0.0
2024-09-30,18.299999237060547,18.441999435424805,18.020000457763672,18.332000732421875,561500,0.0,0.0,0.0
2024-10-01,18.34000015258789,18.583999633789062,18.1200008392334,18.43199920654297,347500,0.0,0.0,0.0
2024-10-02,18.809999465942383,18.809999465942383,18.52199935913086,18.77199935913086,411000,0.0,0.0,0.0
2024-10-03,18.173999786376953,18.465999603271484,18.073999404907227,18.437999725341797,392000,0.0,0.0,0.0
2024-10-04,18.474000930786133,18.65999984741211,18.290000915527344,18.600000381469727,985000,0.0,0.0,0.0
2024-10-07,18.643999099731445,18.945999145507812,18.468000411987305,18.9060001373291,1098000,0.0,0.0,0.0
2024-10-08,18.652000427246094,18.889999389648438,18.299999237060547,18.81399917602539,2486000,0.0,0.0,0.0
2024-10-09,18.658000946044922,19.194000244140625,18.582000732421875,19.125999450683594,350000,0.0,0.0,0.0
2024-10-10,19.347999572753906,19.739999771118164,19.229999542236328,19.73200035095215,424500,0.0,0.0,0.0
2024-10-11,19.68000030517578,19.79599952697754,19.45599937438965,19.687999725341797,1604000,0.0,0.0,0.0
2024-10-14,19.013999938964844,19.176000595092773,18.83799934387207,19.04199981689453,1581000,0.0,0.0,0.0
2024-10-15,18.579999923706055,18.75200080871582,18.375999450683594,18.56999969482422,716000,0.0,0.0,0.0
2024-10-16,18.715999603271484,18.854000091552734,18.56999969482422,18.847999572753906,314000,0.0,0.0,0.0
2024-10-17,18.92799949645996,19.20599937438965,18.908000946044922,19.13599967956543,262000,0.0,0.0,0.0
2024-10-18,19.579999923706055,19.93199920654297,19.45400047302246,19.892000198364258,1024500,0.0,0.0,0.0
2024-10-21,19.6560001373291,19.670000076293945,19.17799949645996,19.469999313354492,1136500,0.0,0.0,0.0
2024-10-22,19.753999710083008,19.917999267578125,19.591999053955078,19.881999969482422,682000,0.0,0.0,0.0
2024-10-23,19.601999282836914,19.709999084472656,19.29199981689453,19.506000518798828,481500,0.0,0.0,0.0
2024-10-24,20.874000549316406,21.408000946044922,20.56399917602539,21.266000747680664,2747000,0.0,0.0,0.0
2024-10-25,21.889999389648438,22.261999130249023,21.666000366210938,21.809999465942383,1756500,0.0,0.0,0.0
2024-10-28,22.31599998474121,22.38800048828125,21.9060001373291,22.34000015258789,776000,0.0,0.0,0.0
2024-10-29,22.777999877929688,22.784000396728516,22.04199981689453,22.200000762939453,1391500,0.0,0.0,0.0
2024-10-30,20.95199966430664,21.270000457763672,20.770000457763672,21.115999221801758,1300500,0.0,0.0,0.0
2024-10-31,20.878000259399414,20.895999908447266,20.329999923706055,20.579999923706055,1738000,0.0,0.0,0.0
2024-11-01,20.902000427246094,20.902000427246094,20.224000930786133,20.288000106811523,646500,0.0,0.0,0.0
2024-11-04,19.808000564575195,19.881999969482422,19.34600067138672,19.79400062561035,1129000,0.0,0.0,0.0
2024-11-05,20.02199935913086,20.062000274658203,19.628000259399414,19.738000869750977,828000,0.0,0.0,0.0
2024-11-06,19.091999053955078,19.218000411987305,18.86199951171875,19.062000274658203,1021500,0.0,0.0,0.0
2024-11-07,19.013999938964844,19.08799934387207,18.687999725341797,18.823999404907227,740500,0.0,0.0,0.0
2024-11-08,18.525999069213867,18.525999069213867,18.106000900268555,18.20400047302246,1316000,0.0,0.0,0.0
2024-11-11,18.20800018310547,18.299999237060547,17.899999618530273,18.06999969482422,1189000,0.0,0.0,0.0
2024-11-12,17.79599952697754,17.79599952697754,17.25200080871582,17.368000030517578,1325000,0.0,0.0,0.0
2024-11-13,17.29599952697754,17.350000381469727,17.100000381469727,17.13599967956543,1802000,0.0,0.0,0.0
2024-11-14,17.077999114990234,17.398000717163086,17.0,17.34600067138672,1857500,0.0,0.0,0.0
2024-11-15,17.54400062561035,17.697999954223633,17.31800079345703,17.493999481201172,890500,0.0,0.0,0.0
2024-11-18,18.148000717163086,18.558000564575195,18.104000091552734,18.507999420166016,1346500,0.0,0.0,0.0
2024-11-19,18.687999725341797,19.049999237060547,18.628000259399414,19.016000747680664,1481500,0.0,0.0,0.0
2024-11-20,19.0,19.0,18.54199981689453,18.676000595092773,816500,0.0,0.0,0.0
2024-11-21,18.93400001525879,19.077999114990234,18.68000030517578,18.8799991607666,1684000,0.0,0.0,0.0
2024-11-22,18.573999404907227,18.658000946044922,18.200000762939453,18.3799991607666,1362500,0.0,0.0,0.0
2024-11-25,18.086000442504883,18.200000762939453,17.799999237060547,17.81999969482422,709500,0.0,0.0,0.0
2024-11-26,18.027999877929688,18.15999984741211,17.850000381469727,17.899999618530273,2431000,0.0,0.0,0.0
2024-11-27,17.899999618530273,18.107999801635742,17.74799919128418,17.854000091552734,2363000,0.0,0.0,0.0
2024-11-29,17.79199981689453,18.082000732421875,17.70400047302246,18.04800033569336,778000,0.0,0.0,0.0
2024-12-02,18.086000442504883,18.1560001373291,17.95800018310547,18.01799964904785,348000,0.0,0.0,0.0
2024-12-03,18.062000274658203,18.0939998626709,17.823999404907227,17.841999053955078,1045000,0.0,0.0,0.0
2024-12-04,17.996000289916992,18.145999908447266,17.8439998626709,17.99799919128418,407500,0.0,0.0,0.0
2024-12-05,17.84000015258789,17.850000381469727,17.65399932861328,17.68600082397461,396500,0.0,0.0,0.0
2024-12-06,17.597999572753906,17.788000106811523,17.538000106811523,17.552000045776367,301000,0.0,0.0,0.0
2024-12-09,18.1200008392334,18.253999710083008,17.757999420166016,17.79400062561035,2568500,0.0,0.0,0.0
2024-12-10,17.670000076293945,17.804000854492188,17.43000030517578,17.697999954223633,1165500,0.0,0.0,0.0
2024-12-11,17.56399917602539,18.107999801635742,17.558000564575195,17.908000946044922,625500,0.0,0.0,0.0
2024-12-12,17.694000244140625,17.908000946044922,17.65999984741211,17.81800079345703,358000,0.0,0.0,0.0
2024-12-13,17.72599983215332,17.72599983215332,17.365999221801758,17.465999603271484,570500,0.0,0.0,0.0
2024-12-16,17.488000869750977,17.642000198364258,17.242000579833984,17.333999633789062,488500,0.0,0.0,0.0
2024-12-17,17.121999740600586,17.218000411987305,17.049999237060547,17.20199966430664,458500,0.0,0.0,0.0
2024-12-18,17.007999420166016,17.02199935913086,16.47800064086914,16.583999633789062,1209000,0.0,0.0,0.0
2024-12-19,16.600000381469727,16.781999588012695,16.540000915527344,16.68600082397461,543500,0.0,0.0,0.0
2024-12-20,16.889999389648438,16.98200035095215,16.700000762939453,16.841999053955078,435000,0.0,0.0,0.0
2024-12-23,17.030000686645508,17.100000381469727,16.878000259399414,17.04199981689453,272000,0.0,0.0,0.0
2024-12-24,17.167999267578125,17.360000610351562,17.167999267578125,17.329999923706055,295000,0.0,0.0,0.0
2024-12-26,17.007999420166016,17.100000381469727,16.93199920654297,16.989999771118164,443000,0.0,0.0,0.0
2024-12-27,16.823999404907227,16.826000213623047,16.652000427246094,16.763999938964844,280000,0.0,0.0,0.0
2024-12-30,16.719999313354492,16.790000915527344,16.520000457763672,16.54599952697754,419000,0.0,0.0,0.0
2024-12-31,16.615999221801758,16.84600067138672,16.61199951171875,16.70400047302246,255500,0.0,0.0,0.0
2025-01-02,16.847999572753906,16.947999954223633,16.667999267578125,16.75,327000,0.0,0.0,0.0
2025-01-03,16.865999221801758,17.06399917602539,16.865999221801758,16.941999435424805,177000,0.0,0.0,0.0
2025-01-06,17.055999755859375,17.0939998626709,16.829999923706055,16.88599967956543,325000,0.0,0.0,0.0
2025-01-07,17.031999588012695,17.145999908447266,16.86199951171875,17.020000457763672,423500,0.0,0.0,0.0
2025-01-08,16.92799949645996,17.06999969482422,16.757999420166016,17.01799964904785,287000,0.0,0.0,0.0
2025-01-10,17.50200080871582,17.559999465942383,17.260000228881836,17.357999801635742,471500,0.0,0.0,0.0
2025-01-13,17.049999237060547,17.308000564575195,16.97599983215332,17.242000579833984,483500,0.0,0.0,0.0
2025-01-14,17.0939998626709,17.31999969482422,17.04800033569336,17.229999542236328,451500,0.0,0.0,0.0
2025-01-15,17.70199966430664,17.70400047302246,17.336000442504883,17.68000030517578,786500,0.0,0.0,0.0
2025-01-16,17.479999542236328,17.479999542236328,17.187999725341797,17.23200035095215,357000,0.0,0.0,0.0
2025-01-17,17.402000427246094,17.506000518798828,17.270000457763672,17.441999435424805,338000,0.0,0.0,0.0
2025-01-21,17.304000854492188,17.607999801635742,17.22800064086914,17.507999420166016,950500,0.0,0.0,0.0
2025-01-22,17.802000045776367,18.158000946044922,17.788000106811523,18.054000854492188,2113000,0.0,0.0,0.0
2025-01-23,18.20800018310547,18.284000396728516,18.100000381469727,18.209999084472656,798500,0.0,0.0,0.0
2025-01-24,18.371999740600586,18.408000946044922,18.010000228881836,18.055999755859375,589500,0.0,0.0,0.0
2025-01-27,17.753999710083008,17.763999938964844,17.506000518798828,17.5939998626709,507000,0.0,0.0,0.0
2025-01-28,17.513999938964844,17.59000015258789,17.399999618530273,17.474000930786133,209500,0.0,0.0,0.0
2025-01-29,17.54800033569336,17.805999755859375,17.51799964904785,17.6299991607666,183500,0.0,0.0,0.0
2025-01-30,18.167999267578125,18.167999267578125,17.884000778198242,18.134000778198242,563000,0.0,0.0,0.0
2025-01-31,18.200000762939453,18.700000762939453,18.200000762939453,18.486000061035156,881000,0.0,0.0,0.0
2025-02-03,18.447999954223633,18.628000259399414,18.1200008392334,18.503999710083008,857000,0.0,0.0,0.0
2025-02-04,18.284000396728516,18.54599952697754,18.149999618530273,18.229999542236328,452500,0.0,0.0,0.0
2025-02-05,18.239999771118164,18.3799991607666,18.1200008392334,18.197999954223633,616500,0.0,0.0,0.0
2025-02-06,17.993999481201172,18.091999053955078,17.82200050354004,17.959999084472656,795000,0.0,0.0,0.0
2025-02-07,17.93199920654297,17.99799919128418,17.719999313354492,17.770000457763672,408500,0.0,0.0,0.0
2025-02-10,18.030000686645508,18.200000762939453,17.969999313354492,18.013999938964844,394000,0.0,0.0,0.0
2025-02-11,17.996000289916992,18.079999923706055,17.86400032043457,17.983999252319336,236500,0.0,0.0,0.0
2025-02-12,17.868000030517578,17.899999618530273,17.66200065612793,17.854000091552734,319500,0.0,0.0,0.0
2025-02-13,17.97599983215332,18.25200080871582,17.899999618530273,18.243999481201172,587500,0.0,0.0,0.0
2025-02-14,18.187999725341797,18.242000579833984,17.857999801635742,17.895999908447266,485000,0.0,0.0,0.0
2025-02-18,18.030000686645508,18.08799934387207,17.808000564575195,18.031999588012695,400000,0.0,0.0,0.0
2025-02-19,17.988000869750977,18.058000564575195,17.68400001525879,17.823999404907227,414000,0.0,0.0,0.0
2025-02-20,17.917999267578125,18.110000610351562,17.895999908447266,17.920000076293945,244500,0.0,0.0,0.0
2025-02-21,17.805999755859375,17.875999450683594,17.700000762939453,17.738000869750977,324000,0.0,0.0,0.0
2025-02-24,17.437999725341797,17.468000411987305,17.172000885009766,17.173999786376953,1206500,0.0,0.0,0.0
2025-02-25,17.18600082397461,17.191999435424805,16.826000213623047,17.016000747680664,1161500,0.0,0.0,0.0
2025-02-26,16.913999557495117,17.1200008392334,16.902000427246094,16.979999542236328,250000,0.0,0.0,0.0
2025-02-27,16.926000595092773,16.926000595092773,16.756000518798828,16.82200050354004,573000,0.0,0.0,0.0
2025-02-28,16.756000518798828,16.965999603271484,16.6200008392334,16.899999618530273,2422500,0.0,0.0,0.0
2025-03-03,17.243999481201172,17.413999557495117,17.054000854492188,17.145999908447266,2391500,0.0,0.0,0.0
2025-03-04,17.0939998626709,17.398000717163086,17.0,17.31800079345703,312500,0.0,0.0,0.0
2025-03-05,17.200000762939453,17.31399917602539,17.152000427246094,17.308000564575195,532000,0.0,0.0,0.0
2025-03-06,17.31999969482422,17.464000701904297,17.236000061035156,17.260000228881836,330000,0.0,0.0,0.0
2025-03-07,17.3799991607666,17.511999130249023,17.218000411987305,17.392000198364258,267000,0.0,0.0,0.0
2025-03-10,17.503999710083008,17.503999710083008,17.115999221801758,17.139999389648438,365500,0.0,0.0,0.0
2025-03-11,17.261999130249023,17.469999313354492,17.191999435424805,17.280000686645508,301000,0.0,0.0,0.0
2025-03-12,17.378000259399414,17.493999481201172,17.285999298095703,17.389999389648438,276500,0.0,0.0,0.0
2025-03-13,17.29599952697754,17.6299991607666,17.261999130249023,17.573999404907227,400000,0.0,0.0,0.0
2025-03-14,17.8700008392334,17.898000717163086,17.56599998474121,17.649999618530273,620500,0.0,0.0,0.0
2025-03-17,17.649999618530273,17.83799934387207,17.642000198364258,17.73200035095215,331500,0.0,0.0,0.0
2025-03-18,17.766000747680664,17.823999404907227,17.600000381469727,17.724000930786133,513000,0.0,0.0,0.0
2025-03-19,17.601999282836914,17.67799949645996,17.5,17.56999969482422,765000,0.0,0.0,0.0
2025-03-20,17.350000381469727,17.420000076293945,17.299999237060547,17.41200065612793,450000,0.0,0.0,0.0
2025-03-21,17.464000701904297,17.555999755859375,17.417999267578125,17.52400016784668,245000,0.0,0.0,0.0
2025-03-24,17.459999084472656,17.496000289916992,17.350000381469727,17.423999786376953,290000,0.0,0.0,0.0
2025-03-25,17.652000427246094,17.700000762939453,17.525999069213867,17.549999237060547,668000,0.0,0.0,0.0
2025-03-26,17.715999603271484,17.860000610351562,17.639999389648438,17.75,2467000,0.0,0.0,0.0
2025-03-27,17.72800064086914,17.98200035095215,17.687999725341797,17.916000366210938,975000,0.0,0.0,0.0
2025-03-28,17.974000930786133,17.97800064086914,17.672000885009766,17.784000396728516,947000,0.0,0.0,0.0
2025-03-31,17.996000289916992,18.15399932861328,17.753999710083008,18.110000610351562,992000,0.0,0.0,0.0
2025-04-01,18.104000091552734,18.222000122070312,17.968000411987305,18.059999465942383,759000,0.0,0.0,0.0
2025-04-02,17.996000289916992,17.996000289916992,17.687999725341797,17.804000854492188,693500,0.0,0.0,0.0
2025-04-03,17.214000701904297,17.29800033569336,16.898000717163086,16.968000411987305,1608000,0.0,0.0,0.0
2025-04-04,16.799999237060547,16.968000411987305,16.639999389648438,16.81399917602539,1265000,0.0,0.0,0.0
2025-04-07,16.639999389648438,16.986000061035156,16.47800064086914,16.604000091552734,1455500,0.0,0.0,0.0
2025-04-08,16.81599998474121,16.81599998474121,16.479999542236328,16.5939998626709,541500,0.0,0.0,0.0
2025-04-09,16.600000381469727,16.91200065612793,16.510000228881836,16.799999237060547,687500,0.0,0.0,0.0
2025-04-10,16.77199935913086,16.88800048828125,16.56399917602539,16.756000518798828,466000,0.0,0.0,0.0
2025-04-11,16.802000045776367,16.920000076293945,16.742000579833984,16.785999298095703,353000,0.0,0.0,0.0
2025-04-14,17.299999237060547,17.540000915527344,17.24799919128418,17.43000030517578,750500,0.0,0.0,0.0
2025-04-15,17.65399932861328,17.84000015258789,17.520000457763672,17.753999710083008,630000,0.0,0.0,0.0
2025-04-16,17.81399917602539,17.875999450683594,17.695999145507812,17.729999542236328,718000,0.0,0.0,0.0
2025-04-17,17.357999801635742,17.54599952697754,17.323999404907227,17.47599983215332,439000,0.0,0.0,0.0
2025-04-21,17.26799964904785,17.290000915527344,17.04199981689453,17.13599967956543,465500,0.0,0.0,0.0
2025-04-22,17.167999267578125,17.309999465942383,17.003999710083008,17.02400016784668,384000,0.0,0.0,0.0
2025-04-23,17.209999084472656,17.327999114990234,16.979999542236328,17.152000427246094,629000,0.0,0.0,0.0
2025-04-24,17.399999618530273,17.40999984741211,17.281999588012695,17.33799934387207,317500,0.0,0.0,0.0
2025-04-25,17.187999725341797,17.214000701904297,17.06999969482422,17.163999557495117,315500,0.0,0.0,0.0
2025-04-28,17.459999084472656,17.54199981689453,17.31399917602539,17.347999572753906,574000,0.0,0.0,0.0
2025-04-29,17.336000442504883,17.33799934387207,17.100000381469727,17.15399932861328,196500,0.0,0.0,0.0
2025-04-30,17.055999755859375,17.200000762939453,17.00200080871582,17.200000762939453,458500,0.0,0.0,0.0
2025-05-01,17.290000915527344,17.3700008392334,17.172000885009766,17.238000869750977,274000,0.0,0.0,0.0
2025-05-02,17.398000717163086,17.472000122070312,17.26799964904785,17.365999221801758,196500,0.0,0.0,0.0
2025-05-05,17.341999053955078,17.38599967956543,17.15999984741211,17.238000869750977,256500,0.0,0.0,0.0
2025-05-06,17.582000732421875,17.829999923706055,17.52199935913086,17.784000396728516,799000,0.0,0.0,0.0
2025-05-07,17.917999267578125,17.972000122070312,17.56999969482422,17.6200008392334,523000,0.0,0.0,0.0
2025-05-08,17.829999923706055,18.36199951171875,17.75,17.781999588012695,455000,0.0,0.0,0.0
2025-05-09,17.926000595092773,17.947999954223633,17.784000396728516,17.878000259399414,257000,0.0,0.0,0.0
2025-05-12,17.57200050354004,17.600000381469727,17.214000701904297,17.239999771118164,611500,0.0,0.0,0.0
2025-05-13,17.32200050354004,17.507999420166016,17.31599998474121,17.423999786376953,360500,0.0,0.0,0.0
2025-05-14,17.68600082397461,17.68600082397461,17.305999755859375,17.392000198364258,325000,0.0,0.0,0.0
2025-05-15,17.672000885009766,17.68199920654297,17.538000106811523,17.562000274658203,349500,0.0,0.0,0.0
2025-05-16,17.559999465942383,17.694000244140625,17.378000259399414,17.538000106811523,293000,0.0,0.0,0.0
2025-05-19,17.586000442504883,17.8799991607666,17.555999755859375,17.808000564575195,443000,0.0,0.0,0.0
2025-05-20,18.142000198364258,18.600000381469727,18.059999465942383,18.5939998626709,1984500,0.0,0.0,0.0
2025-05-21,18.600000381469727,19.06800079345703,18.600000381469727,18.878000259399414,1809000,0.0,0.0,0.0
2025-05-22,18.530000686645508,18.597999572753906,18.290000915527344,18.416000366210938,976000,0.0,0.0,0.0
2025-05-23,18.190000534057617,18.399999618530273,18.115999221801758,18.239999771118164,1084000,0.0,0.0,0.0
2025-05-27,17.95400047302246,18.059999465942383,17.829999923706055,17.902000427246094,1066500,0.0,0.0,0.0
2025-05-28,17.799999237060547,17.81800079345703,17.576000213623047,17.690000534057617,2943500,0.0,0.0,0.0
2025-05-29,17.722000122070312,17.86400032043457,17.670000076293945,17.83799934387207,1179500,0.0,0.0,0.0
2025-05-30,17.621999740600586,17.770000457763672,17.516000747680664,17.756000518798828,1039000,0.0,0.0,0.0
2025-06-02,18.010000228881836,18.142000198364258,17.832000732421875,18.13599967956543,1381500,0.0,0.0,0.0
2025-06-03,18.40999984741211,18.516000747680664,18.266000747680664,18.513999938964844,1295000,0.0,0.0,0.0
2025-06-04,18.290000915527344,18.3439998626709,18.200000762939453,18.332000732421875,919500,0.0,0.0,0.0
2025-06-05,18.493999481201172,18.624000549316406,18.31599998474121,18.465999603271484,2479000,0.0,0.0,0.0
2025-06-06,18.899999618530273,19.190000534057617,18.84600067138672,19.131999969482422,2191000,0.0,0.0,0.0
2025-06-09,19.534000396728516,19.790000915527344,19.469999313354492,19.719999313354492,1802000,0.0,0.0,0.0
2025-06-10,19.52199935913086,19.6200008392334,19.281999588012695,19.416000366210938,1368000,0.0,0.0,0.0
2025-06-11,19.59600067138672,19.79199981689453,19.45400047302246,19.531999588012695,1610500,0.0,0.0,0.0
2025-06-12,19.176000595092773,19.40999984741211,19.118000030517578,19.398000717163086,1339500,0.0,0.0,0.0
2025-06-13,19.27400016784668,19.31399917602539,18.847999572753906,18.881999969482422,1171000,0.0,0.0,0.0
2025-06-16,19.139999389648438,19.187999725341797,18.802000045776367,18.871999740600586,921500,0.0,0.0,0.0
2025-06-17,19.091999053955078,19.197999954223633,19.027999877929688,19.158000946044922,888500,0.0,0.0,0.0
2025-06-18,19.29400062561035,19.29599952697754,19.058000564575195,19.09600067138672,1215000,0.0,0.0,0.0
2025-06-20,19.18000030517578,19.229999542236328,19.006000518798828,19.18000030517578,929500,0.0,0.0,0.0
2025-06-23,19.562000274658203,19.739999771118164,19.492000579833984,19.63800048828125,1302000,0.0,0.0,0.0
2025-06-24,19.48200035095215,19.48200035095215,19.257999420166016,19.43000030517578,1294500,0.0,0.0,0.0
2025-06-25,19.233999252319336,19.54199981689453,19.152000427246094,19.527999877929688,903000,0.0,0.0,0.0
2025-06-26,19.804000854492188,20.945999145507812,19.75200080871582,20.781999588012695,3223000,0.0,0.0,0.0
2025-06-27,20.464000701904297,20.829999923706055,20.347999572753906,20.70599937438965,1834500,0.0,0.0,0.0
2025-06-30,20.371999740600586,20.479999542236328,19.8799991607666,20.121999740600586,2013000,0.0,0.0,0.0
2025-07-01,20.3439998626709,20.38599967956543,19.961999893188477,20.23200035095215,1637000,0.0,0.0,0.0
2025-07-02,20.709999084472656,21.222000122070312,20.610000610351562,21.209999084472656,2835500,0.0,0.0,0.0
2025-07-03,20.634000778198242,20.850000381469727,20.583999633789062,20.808000564575195,1673000,0.0,0.0,0.0
2025-07-07,20.211999893188477,20.29199981689453,20.058000564575195,20.29199981689453,1455500,0.0,0.0,0.0
2025-07-08,20.31800079345703,20.375999450683594,20.02400016784668,20.239999771118164,1015000,0.0,0.0,0.0
2025-07-09,20.04800033569336,20.281999588012695,19.90999984741211,20.25,1276500,0.0,0.0,0.0
2025-07-10,20.79199981689453,21.077999114990234,20.40399932861328,20.979999542236328,2151000,0.0,0.0,0.0
2025-07-11,21.219999313354492,22.299999237060547,21.20400047302246,22.209999084472656,3203500,0.0,0.0,0.0
2025-07-14,21.73200035095215,22.06999969482422,21.559999465942383,21.82200050354004,2278500,0.0,0.0,0.0
2025-07-15,22.18400001525879,22.18400001525879,21.76799964904785,21.826000213623047,1049500,0.0,0.0,0.0
2025-07-16,22.41200065612793,22.576000213623047,22.17799949645996,22.576000213623047,1317500,0.0,0.0,0.0
2025-07-17,22.59000015258789,23.479999542236328,22.43600082397461,23.447999954223633,1808500,0.0,0.0,0.0
2025-07-18,23.860000610351562,23.860000610351562,22.784000396728516,22.8439998626709,2971500,0.0,0.0,0.0
2025-07-21,23.200000762939453,23.503999710083008,23.0,23.062000274658203,1213000,0.0,0.0,0.0
2025-07-22,23.016000747680664,23.416000366210938,22.95199966430664,23.389999389648438,880000,0.0,0.0,0.0
2025-07-23,23.073999404907227,23.61199951171875,23.016000747680664,23.40399932861328,1117500,0.0,0.0,0.0
2025-07-24,22.979999542236328,23.11400032043457,22.510000228881836,22.573999404907227,1677500,0.0,0.0,0.0
2025-07-25,22.5,22.5,22.06399917602539,22.34600067138672,1311000,0.0,0.0,0.0
2025-07-28,22.724000930786133,22.780000686645508,22.266000747680664,22.493999481201172,1755000,0.0,0.0,0.0
2025-07-29,22.631999969482422,22.961999893188477,22.47599983215332,22.902000427246094,924000,0.0,0.0,0.0
2025-07-30,22.93199920654297,22.93199920654297,21.5,21.68400001525879,3444500,0.0,0.0,0.0
2025-07-31,22.18199920654297,22.239999771118164,21.469999313354492,21.73200035095215,1667500,0.0,0.0,0.0
2025-08-01,22.23200035095215,22.270000457763672,21.833999633789062,22.02199935913086,1565000,0.0,0.0,0.0
2025-08-04,21.700000762939453,22.054000854492188,21.576000213623047,21.781999588012695,1261000,0.0,0.0,0.0
2025-08-05,21.42799949645996,21.847999572753906,21.350000381469727,21.47800064086914,1056500,0.0,0.0,0.0
2025-08-06,20.920000076293945,21.06999969482422,20.670000076293945,20.881999969482422,1661500,0.0,0.0,0.0
2025-08-07,21.049999237060547,21.20400047302246,20.923999786376953,21.131999969482422,979000,0.0,0.0,0.0
2025-08-08,20.672000885009766,20.892000198364258,20.464000701904297,20.489999771118164,2363500,0.0,0.0,0.0
2025-08-11,20.805999755859375,21.091999053955078,20.75200080871582,20.941999435424805,907000,0.0,0.0,0.0
2025-08-12,20.658000946044922,20.77199935913086,20.479999542236328,20.56599998474121,651000,0.0,0.0,0.0
2025-08-13,20.59000015258789,20.739999771118164,20.465999603271484,20.709999084472656,571500,0.0,0.0,0.0
2025-08-14,20.79800033569336,20.989999771118164,20.59000015258789,20.937999725341797,664500,0.0,0.0,0.0
2025-08-15,20.441999435424805,20.549999237060547,20.332000732421875,20.38599967956543,1575000,0.0,0.0,0.0
2025-08-18,20.464000701904297,20.582000732421875,20.350000381469727,20.43199920654297,750500,0.0,0.0,0.0
2025-08-19,20.479999542236328,20.59600067138672,20.172000885009766,20.22599983215332,812500,0.0,0.0,0.0
2025-08-20,20.423999786376953,20.562000274658203,20.131999969482422,20.336000442504883,659000,0.0,0.0,0.0
2025-08-21,20.143999099731445,20.305999755859375,20.031999588012695,20.260000228881836,793000,0.0,0.0,0.0
2025-08-22,20.520000457763672,20.760000228881836,20.38800048828125,20.54199981689453,929500,0.0,0.0,0.0
2025-08-25,20.166000366210938,20.25,19.97599983215332,20.04400062561035,1052500,0.0,0.0,0.0
2025-08-26,19.972000122070312,20.149999618530273,19.851999282836914,20.115999221801758,719500,0.0,0.0,0.0
2025-08-27,19.913999557495117,19.996000289916992,19.695999145507812,19.95800018310547,799000,0.0,0.0,0.0
2025-08-28,20.131999969482422,20.200000762939453,20.020000457763672,20.167999267578125,1072000,0.0,0.0,0.0
2025-08-29,19.937999725341797,20.25,19.874000549316406,20.233999252319336,1002000,0.0,0.0,0.0
2025-09-02,20.371999740600586,20.826000213623047,20.260000228881836,20.81999969482422,2752500,0.0,0.0,0.0
2025-09-03,21.034000396728516,21.200000762939453,20.854000091552734,20.92799949645996,1946000,0.0,0.0,0.0
2025-09-04,20.673999786376953,20.722000122070312,20.45400047302246,20.510000228881836,1331000,0.0,0.0,0.0
2025-09-05,20.54400062561035,20.714000701904297,20.110000610351562,20.33799934387207,1423000,0.0,0.0,0.0
2025-09-08,20.663999557495117,20.8700008392334,20.604000091552734,20.79599952697754,2728500,0.0,0.0,0.0
2025-09-09,20.666000366210938,20.860000610351562,20.402000427246094,20.777999877929688,2083500,0.0,0.0,0.0
2025-09-10,21.531999588012695,21.77400016784668,21.408000946044922,21.511999130249023,1734500,0.0,0.0,0.0
2025-09-11,21.6560001373291,21.826000213623047,21.58799934387207,21.742000579833984,1429500,0.0,0.0,0.0
2025-09-12,22.243999481201172,22.43400001525879,21.945999145507812,22.131999969482422,1787500,0.0,0.0,0.0
2025-09-15,21.63599967956543,21.88599967956543,21.45800018310547,21.871999740600586,1640000,0.0,0.0,0.0
2025-09-16,21.687999725341797,21.687999725341797,21.356000900268555,21.459999084472656,903000,0.0,0.0,0.0
2025-09-17,21.194000244140625,21.275999069213867,20.799999237060547,21.052000045776367,1406000,0.0,0.0,0.0
2025-09-18,21.038000106811523,21.326000213623047,20.826000213623047,21.097999572753906,1101500,0.0,0.0,0.0
2025-09-19,20.86199951171875,21.035999298095703,20.770000457763672,20.969999313354492,1270500,0.0,0.0,0.0
2025-09-22,21.437999725341797,21.73200035095215,21.350000381469727,21.672000885009766,1603500,0.0,0.0,0.0
2025-09-23,22.399999618530273,22.43400001525879,22.11199951171875,22.357999801635742,2655500,0.0,0.0,0.0
2025-09-24,22.474000930786133,22.474000930786133,21.993999481201172,22.06800079345703,1384500,0.0,0.0,0.0
2025-09-25,22.672000885009766,23.04599952697754,22.347999572753906,23.006000518798828,4033500,0.0,0.0,0.0
2025-09-26,23.11199951171875,23.395999908447266,23.040000915527344,23.18199920654297,2433000,0.0,0.0,0.0
2025-09-29,23.148000717163086,23.33799934387207,22.742000579833984,23.06999969482422,2910000,0.0,0.0,0.0
2025-09-30,22.59600067138672,22.8700008392334,22.45199966430664,22.833999633789062,1419500,0.0,0.0,0.0
2025-10-01,22.70199966430664,23.013999938964844,22.618000030517578,22.829999923706055,1739000,0.0,0.0,0.0
2025-10-02,22.95400047302246,22.95400047302246,22.06800079345703,22.81599998474121,2655000,0.0,0.0,0.0
2025-10-03,22.850000381469727,23.18600082397461,22.804000854492188,23.13599967956543,3356000,0.0,0.0,0.0
2025-10-06,23.531999588012695,24.33799934387207,23.525999069213867,24.266000747680664,5858500,0.0,0.0,0.0
2025-10-07,24.695999145507812,25.040000915527344,24.191999435424805,24.591999053955078,4008500,0.0,0.0,0.0
2025-10-08,25.875999450683594,26.988000869750977,25.76799964904785,26.856000900268555,6230000,0.0,0.0,0.0
2025-10-09,27.246000289916992,27.332000732421875,25.642000198364258,25.88599967956543,7252000,0.0,0.0,0.0
2025-10-10,26.618000030517578,26.917999267578125,25.61400032043457,25.9060001373291,3988000,0.0,0.0,0.0
2025-10-13,26.52400016784668,27.31599998474121,26.389999389648438,26.97800064086914,3262500,0.0,0.0,0.0
2025-10-14,26.926000595092773,28.115999221801758,26.5,27.67799949645996,3127000,0.0,0.0,0.0
2025-10-15,28.25200080871582,28.333999633789062,27.639999389648438,28.172000885009766,3273500,0.0,0.0,0.0
2025-10-16,28.892000198364258,29.697999954223633,28.799999237060547,29.52400016784668,5459500,0.0,0.0,0.0
2025-10-17,28.142000198364258,28.176000595092773,26.5,26.52400016784668,7702000,0.0,0.0,0.0
2025-10-20,26.993999481201172,27.600000381469727,26.81800079345703,27.586000442504883,3181000,0.0,0.0,0.0
2025-10-21,25.892000198364258,26.059999465942383,25.22599983215332,25.687999725341797,4267000,0.0,0.0,0.0
2025-10-22,26.003999710083008,26.95800018310547,25.496000289916992,26.464000701904297,4286500,0.0,0.0,0.0
2025-10-23,26.667999267578125,26.920000076293945,26.305999755859375,26.347999572753906,1743500,0.0,0.0,0.0
2025-10-24,26.341999053955078,26.67799949645996,26.003999710083008,26.055999755859375,1027500,0.0,0.0,0.0
2025-10-27,25.788000106811523,25.788000106811523,25.22800064086914,25.483999252319336,2039000,0.0,0.0,0.0
2025-10-28,24.95199966430664,25.645999908447266,24.884000778198242,25.576000213623047,2329000,0.0,0.0,0.0
2025-10-29,25.945999145507812,26.016000747680664,25.45199966430664,25.582000732421875,1578000,0.0,0.0,0.0
2025-10-30,25.884000778198242,26.583999633789062,25.742000579833984,26.47599983215332,1649500,0.0,0.0,0.0
2025-10-31,26.70800018310547,26.733999252319336,26.06800079345703,26.333999633789062,1028500,0.0,0.0,0.0
2025-11-03,26.624000549316406,26.68199920654297,25.961999893188477,26.197999954223633,1082500,0.0,0.0,0.0
2025-11-04,25.836000442504883,25.950000762939453,25.3799991607666,25.416000366210938,1788500,0.0,0.0,0.0
2025-11-05,25.75200080871582,26.040000915527344,25.600000381469727,25.922000885009766,1056000,0.0,0.0,0.0
2025-11-06,25.58799934387207,25.799999237060547,24.851999282836914,25.08799934387207,1290500,0.0,0.0,0.0
2025-11-07,25.224000930786133,25.468000411987305,24.965999603271484,25.29800033569336,1335000,0.0,0.0,0.0
2025-11-10,25.610000610351562,26.09000015258789,25.520000457763672,25.97599983215332,1753000,0.0,0.0,0.0
2025-11-11,26.24799919128418,26.597999572753906,25.992000579833984,26.444000244140625,1974500,0.0,0.0,0.0
2025-11-12,26.222000122070312,26.937999725341797,26.110000610351562,26.856000900268555,1798000,0.0,0.0,0.0
2025-11-13,26.68400001525879,26.84000015258789,25.959999084472656,26.00200080871582,1860000,0.0,0.0,0.0
2025-11-14,25.236000061035156,25.854000091552734,24.959999084472656,25.579999923706055,1615000,0.0,0.0,0.0
2025-11-17,25.167999267578125,25.604000091552734,24.90399932861328,25.261999130249023,1638500,0.0,0.0,0.0
2025-11-18,25.3799991607666,25.770000457763672,25.083999633789062,25.610000610351562,1045500,0.0,0.0,0.0
2025-11-19,25.621999740600586,25.788000106811523,25.214000701904297,25.25200080871582,1044000,0.0,0.0,0.0
2025-11-20,25.799999237060547,25.968000411987305,24.979999542236328,25.054000854492188,1493000,0.0,0.0,0.0
2025-11-21,25.0,25.31999969482422,24.6200008392334,24.940000534057617,1422500,0.0,0.0,0.0
2025-11-24,25.167999267578125,25.530000686645508,25.062000274658203,25.440000534057617,1046500,0.0,0.0,0.0
2025-11-25,25.375999450683594,25.506000518798828,25.104000091552734,25.357999801635742,654500,0.0,0.0,0.0
2025-11-26,25.65999984741211,25.979999542236328,25.459999084472656,25.90999984741211,1417000,0.0,0.0,0.0
2025-11-28,26.257999420166016,26.719999313354492,26.200000762939453,26.486000061035156,1742000,0.0,0.0,0.0
2025-12-01,26.56999969482422,26.804000854492188,25.8439998626709,26.0,1899500,0.0,0.0,0.0
2025-12-02,26.591999053955078,26.788000106811523,26.224000930786133,26.785999298095703,1934000,0.0,0.0,0.0
2025-12-03,26.52199935913086,27.0,26.263999938964844,26.93600082397461,1139000,0.0,0.0,0.0
2025-12-04,26.29400062561035,26.58799934387207,26.04599952697754,26.45599937438965,1446500,0.0,0.0,0.0
2025-12-05,26.59600067138672,26.75,26.384000778198242,26.600000381469727,766000,0.0,0.0,0.0
2025-12-08,27.0,27.034000396728516,26.540000915527344,26.784000396728516,1643500,0.0,0.0,0.0
2025-12-09,26.829999923706055,27.535999298095703,26.586000442504883,27.47800064086914,3190000,0.0,0.0,0.0
2025-12-10,26.88800048828125,26.922000885009766,26.465999603271484,26.892000198364258,2441500,0.0,0.0,0.0
2025-12-11,26.777999877929688,27.312000274658203,26.72800064086914,27.29400062561035,2557500,0.0,0.0,0.0
2025-12-12,28.0,28.073999404907227,26.940000534057617,27.299999237060547,2582000,0.0,0.0,0.0
2025-12-15,28.378000259399414,28.920000076293945,28.302000045776367,28.67799949645996,3710500,0.0,0.0,0.0
2025-12-16,28.878000259399414,29.48200035095215,28.83799934387207,29.222000122070312,2408500,0.0,0.0,0.0
2025-12-17,29.573999404907227,30.1200008392334,29.336000442504883,29.895999908447266,3352000,0.0,0.0,0.0
2025-12-18,31.0,31.118000030517578,30.492000579833984,30.79199981689453,3019500,0.0,0.0,0.0
2025-12-19,30.61199951171875,31.31599998474121,30.579999923706055,31.211999893188477,2666000,0.0,0.0,0.0
2025-12-22,32.380001068115234,32.380001068115234,31.459999084472656,32.099998474121094,3432000,0.0,0.0,0.0
2025-12-23,33.27399826049805,34.14400100708008,33.04800033569336,33.84000015258789,6510500,0.0,0.0,0.0
2025-12-24,32.14400100708008,32.19200134277344,30.496000289916992,31.299999237060547,8130000,0.0,0.0,0.0
2025-12-26,33.46799850463867,35.19200134277344,33.145999908447266,35.18199920654297,5604000,0.0,0.0,0.0
2025-12-29,30.020000457763672,30.356000900268555,29.200000762939453,30.211999893188477,8060500,0.0,0.0,0.0
2025-12-30,30.486000061035156,30.860000610351562,29.40399932861328,29.40999984741211,5318500,0.0,0.0,0.0
2025-12-31,28.90999984741211,29.48200035095215,28.799999237060547,29.076000213623047,3421000,0.0,0.0,0.0
2026-01-02,30.040000915527344,30.18199920654297,29.402000427246094,29.79599952697754,1943000,0.0,0.0,0.0
2026-01-05,31.115999221801758,31.510000228881836,30.88800048828125,30.92799949645996,2598500,0.0,0.0,0.0
2026-01-06,32.20399856567383,33.33399963378906,32.150001525878906,33.07400131225586,3451000,0.0,0.0,0.0
2026-01-07,31.483999252319336,32.09000015258789,31.0,32.05400085449219,3542000,0.0,0.0,0.0
2026-01-08,31.381999969482422,32.54199981689453,31.121999740600586,32.400001525878906,2195500,0.0,0.0,0.0
2026-01-09,33.38800048828125,33.847999572753906,33.00400161743164,33.24599838256836,2643000,0.0,0.0,0.0
2026-01-12,33.8120002746582,34.347999572753906,33.672000885009766,33.88600158691406,2126500,0.0,0.0,0.0
2026-01-13,34.16600036621094,34.50400161743164,33.13199996948242,33.27000045776367,2876500,0.0,0.0,0.0
2026-01-14,33.694000244140625,34.20399856567383,33.2859992980957,34.034000396728516,2392000,0.0,0.0,0.0
2026-01-15,32.70000076293945,33.43199920654297,32.48400115966797,33.104000091552734,2389000,0.0,0.0,0.0
2026-01-16,31.809999465942383,32.731998443603516,31.586000442504883,32.619998931884766,4107000,0.0,0.0,0.0
2026-01-20,33.6879997253418,34.03799819946289,33.43000030517578,33.90800094604492,2683000,0.0,0.0,0.0
2026-01-21,33.900001525878906,34.27199935913086,33.189998626708984,33.75400161743164,2924500,0.0,0.0,0.0
2026-01-22,33.986000061035156,35.18199920654297,33.70000076293945,35.18199920654297,3891500,0.0,0.0,0.0
2026-01-23,36.04600143432617,36.9900016784668,35.84000015258789,36.948001861572266,5160000,0.0,0.0,0.0
2026-01-26,38.242000579833984,39.481998443603516,36.332000732421875,36.75400161743164,8632500,0.0,0.0,0.0
2026-01-27,35.513999938964844,35.63199996948242,33.7140007019043,34.99800109863281,6726500,0.0,0.0,0.0
2026-01-28,36.67399978637695,37.22999954223633,35.816001892089844,37.18199920654297,3904000,0.0,0.0,0.0
2026-01-29,38.46200180053711,38.95399856567383,35.167999267578125,36.49399948120117,6584000,0.0,0.0,0.0
2026-01-30,33.13199996948242,33.75400161743164,29.076000213623047,30.77199935913086,11070000,0.0,0.0,0.0
2026-02-02,31.559999465942383,31.881999969482422,30.016000747680664,31.22800064086914,4406500,0.0,0.0,0.0
2026-02-03,33.0,33.369998931884766,31.507999420166016,31.944000244140625,3014500,0.0,0.0,0.0
2026-02-04,33.29600143432617,33.551998138427734,31.31999969482422,32.060001373291016,2527500,0.0,0.0,0.0
2026-02-05,30.393999099731445,31.280000686645508,30.007999420166016,30.011999130249023,4848000,0.0,0.0,0.0
2026-02-06,30.600000381469727,31.527999877929688,30.54400062561035,30.97800064086914,2327500,0.0,0.0,0.0
2026-02-09,31.31399917602539,31.760000228881836,31.209999084472656,31.610000610351562,1243000,0.0,0.0,0.0
2026-02-10,31.714000701904297,31.833999633789062,30.941999435424805,31.01799964904785,1098500,0.0,0.0,0.0
2026-02-11,32.01599884033203,32.04199981689453,31.06599998474121,31.197999954223633,1197500,0.0,0.0,0.0
2026-02-12,31.18000030517578,31.43199920654297,29.399999618530273,29.399999618530273,2144000,0.0,0.0,0.0
2026-02-13,30.13800048828125,31.02400016784668,29.76799964904785,30.694000244140625,2181000,0.0,0.0,0.0
2026-02-17,30.3799991607666,30.920000076293945,29.944000244140625,30.70599937438965,1746500,0.0,0.0,0.0
2026-02-18,31.413999557495117,31.827999114990234,30.959999084472656,31.327999114990234,1321000,0.0,0.0,0.0
2026-02-19,30.493999481201172,30.77400016784668,30.239999771118164,30.583999633789062,894000,0.0,0.0,0.0
2026-02-20,31.1299991607666,31.93000030517578,31.07200050354004,31.920000076293945,2102500,0.0,0.0,0.0
2026-02-23,32.04999923706055,32.375999450683594,31.368000030517578,31.908000946044922,1210000,0.0,0.0,0.0
2026-02-24,31.18600082397461,32.59199905395508,31.18400001525879,32.540000915527344,1645500,0.0,0.0,0.0
2026-02-25,32.99399948120117,33.198001861572266,32.49800109863281,32.49800109863281,1967500,0.0,0.0,0.0
2026-02-26,31.993999481201172,32.486000061035156,31.559999465942383,32.486000061035156,1303500,0.0,0.0,0.0
2026-02-27,32.41600036621094,32.625999450683594,32.13999938964844,32.47800064086914,1105000,0.0,0.0,0.0
2026-03-02,31.871999740600586,32.400001525878906,31.70599937438965,32.19200134277344,1302500,0.0,0.0,0.0
2026-03-03,30.18600082397461,30.392000198364258,29.00200080871582,29.988000869750977,2499000,0.0,0.0,0.0
2026-03-04,30.65999984741211,30.70599937438965,30.280000686645508,30.327999114990234,798500,0.0,0.0,0.0
2026-03-05,29.823999404907227,29.92799949645996,29.423999786376953,29.558000564575195,1460500,0.0,0.0,0.0
2026-03-06,29.591999053955078,29.865999221801758,29.440000534057617,29.540000915527344,1223000,0.0,0.0,0.0
2026-03-09,29.667999267578125,30.739999771118164,29.45400047302246,30.643999099731445,1697000,0.0,0.0,0.0
2026-03-10,30.785999298095703,30.785999298095703,30.04800033569336,30.15999984741211,961000,0.0,0.0,0.0
2026-03-11,29.799999237060547,30.118000030517578,29.516000747680664,29.847999572753906,936000,0.0,0.0,0.0
2026-03-12,30.020000457763672,30.025999069213867,29.299999237060547,29.408000946044922,798500,0.0,0.0,0.0
2026-03-13,29.304000854492188,29.365999221801758,28.077999114990234,28.152000427246094,1784500,0.0,0.0,0.0
2026-03-16,28.857999801635742,29.341999053955078,28.715999603271484,29.22800064086914,810000,0.0,0.0,0.0
2026-03-17,29.38599967956543,29.6200008392334,29.055999755859375,29.170000076293945,472500,0.0,0.0,0.0
2026-03-18,27.788000106811523,28.357999801635742,27.00200080871582,27.06800079345703,2919500,0.0,0.0,0.0
2026-03-19,26.197999954223633,26.479999542236328,25.610000610351562,26.31800079345703,4573500,0.0,0.0,0.0
2026-03-20,26.31999969482422,26.479999542236328,25.365999221801758,25.591999053955078,2726500,0.0,0.0,0.0
2026-03-23,25.860000610351562,26.586000442504883,25.511999130249023,25.88800048828125,1792500,0.0,0.0,0.0
2026-03-24,25.54800033569336,25.860000610351562,25.100000381469727,25.634000778198242,1416000,0.0,0.0,0.0
2026-03-25,26.167999267578125,26.27199935913086,25.634000778198242,25.847999572753906,840000,0.0,0.0,0.0
2026-03-26,24.790000915527344,25.06800079345703,24.34600067138672,24.47599983215332,1732000,0.0,0.0,0.0
2026-03-27,24.916000366210938,25.624000549316406,24.799999237060547,25.08799934387207,1063000,0.0,0.0,0.0
2026-03-30,25.856000900268555,25.926000595092773,25.444000244140625,25.621999740600586,743500,0.0,0.0,0.0
2026-03-31,26.224000930786133,27.04400062561035,26.15399932861328,26.941999435424805,1294000,0.0,0.0,0.0
2026-04-01,26.691999435424805,27.51799964904785,26.559999465942383,26.93000030517578,1520000,0.0,0.0,0.0
2026-04-02,26.41200065612793,27.461999893188477,26.399999618530273,27.461999893188477,795500,0.0,0.0,0.0
2026-04-06,26.99799919128418,27.11199951171875,26.742000579833984,27.035999298095703,338000,0.0,0.0,0.0
2026-04-07,26.47800064086914,26.739999771118164,25.93000030517578,26.618000030517578,705000,0.0,0.0,0.0
2026-04-08,29.15999984741211,29.27199935913086,28.360000610351562,28.486000061035156,3073000,0.0,0.0,0.0
2026-04-09,28.239999771118164,28.479999542236328,27.827999114990234,28.329999923706055,864000,0.0,0.0,0.0
2026-04-10,27.6200008392334,27.8799991607666,27.50200080871582,27.785999298095703,394000,0.0,0.0,0.0
2026-04-13,27.82200050354004,28.673999786376953,27.634000778198242,28.672000885009766,562000,0.0,0.0,0.0
2026-04-14,28.309999465942383,28.902000427246094,28.266000747680664,28.893999099731445,530000,0.0,0.0,0.0
2026-04-15,28.72599983215332,28.895999908447266,28.41200065612793,28.57200050354004,868500,0.0,0.0,0.0
2026-04-16,28.658000946044922,28.73200035095215,28.20199966430664,28.270000457763672,777000,0.0,0.0,0.0
2026-04-17,28.6560001373291,29.06800079345703,28.447999954223633,28.510000228881836,1060500,0.0,0.0,0.0
2026-04-20,28.270000457763672,28.398000717163086,28.02400016784668,28.34000015258789,1000500,0.0,0.0,0.0
2026-04-21,28.32200050354004,28.54599952697754,27.624000549316406,27.624000549316406,1250500,0.0,0.0,0.0
2026-04-22,28.257999420166016,28.472000122070312,28.011999130249023,28.13800048828125,474000,0.0,0.0,0.0
2026-04-23,26.974000930786133,27.474000930786133,26.486000061035156,26.562000274658203,1622500,0.0,0.0,0.0
2026-04-24,26.989999771118164,27.336000442504883,26.90999984741211,27.288000106811523,522500,0.0,0.0,0.0
2026-04-27,26.84600067138672,26.989999771118164,26.639999389648438,26.718000411987305,727000,0.0,0.0,0.0
2026-04-28,26.450000762939453,26.691999435424805,26.229999542236328,26.513999938964844,783500,0.0,0.0,0.0
2026-04-29,26.200000762939453,26.718000411987305,26.121999740600586,26.399999618530273,671500,0.0,0.0,0.0
2026-04-30,26.898000717163086,27.93400001525879,26.711999893188477,27.70800018310547,1466500,0.0,0.0,0.0
2026-05-01,27.628000259399414,28.13800048828125,27.628000259399414,27.65999984741211,974500,0.0,0.0,0.0
2026-05-04,26.99799919128418,27.243999481201172,26.621999740600586,26.88599967956543,780500,0.0,0.0,0.0
2026-05-05,27.3439998626709,27.540000915527344,26.97800064086914,27.054000854492188,715000,0.0,0.0,0.0
2026-05-06,27.775999069213867,28.106000900268555,27.743999481201172,27.961999893188477,981000,0.0,0.0,0.0
2026-05-07,27.770000457763672,27.856000900268555,26.95199966430664,26.996000289916992,796000,0.0,0.0,0.0
2026-05-08,26.8700008392334,27.172000885009766,26.67799949645996,26.941999435424805,718500,0.0,0.0,0.0
2026-05-11,27.6299991607666,27.63800048828125,27.218000411987305,27.483999252319336,1125000,0.0,0.0,0.0
2026-05-12,26.79800033569336,27.222000122070312,26.375999450683594,27.20800018310547,638500,0.0,0.0,0.0
2026-05-13,26.917999267578125,27.694000244140625,26.917999267578125,27.354000091552734,1018500,0.0,0.0,0.0
2026-05-14,26.464000701904297,26.464000701904297,26.073999404907227,26.224000930786133,1084000,0.0,0.0,0.0
2026-05-15,25.724000930786133,25.90999984741211,25.554000854492188,25.753999710083008,1266000,0.0,0.0,0.0
2026-05-18,25.59000015258789,25.75,25.360000610351562,25.56999969482422,924800,0.0,5.0,0.0
2026-05-19,25.010000228881836,25.139999389648438,24.459999084472656,24.549999237060547,904900,0.0,0.0,0.0
2026-05-20,24.520000457763672,25.09000015258789,24.440000534057617,25.010000228881836,666100,0.0,0.0,0.0
2026-05-21,24.6200008392334,25.329999923706055,24.5,25.219999313354492,492800,0.0,0.0,0.0
2026-05-22,24.75,24.920000076293945,24.350000381469727,24.520000457763672,526300,0.0,0.0,0.0
2026-05-26,25.209999084472656,25.3799991607666,24.940000534057617,25.139999389648438,670200,0.0,0.0,0.0
2026-05-27,25.0,25.280000686645508,25.0,25.190000534057617,431600,0.0,0.0,0.0
2026-05-28,24.399999618530273,25.040000915527344,24.239999771118164,24.8700008392334,857000,0.0,0.0,0.0
2026-05-29,25.079999923706055,25.270000457763672,24.3799991607666,24.690000534057617,1349300,0.0,0.0,0.0
2026-06-01,24.3700008392334,24.940000534057617,24.360000610351562,24.81999969482422,660000,0.0,0.0,0.0
2026-06-02,24.8799991607666,25.09000015258789,24.600000381469727,24.950000762939453,507800,0.0,0.0,0.0
2026-06-03,24.479999542236328,24.489999771118164,23.68000030517578,23.729999542236328,1120500,0.0,0.0,0.0
2026-06-04,23.969999313354492,24.010000228881836,23.780000686645508,23.8700008392334,503400,0.0,0.0,0.0
2026-06-05,23.760000228881836,23.799999237060547,22.34000015258789,22.350000381469727,1462000,0.0,0.0,0.0
2026-06-08,22.020000457763672,22.139999389648438,21.6299991607666,22.049999237060547,1272800,0.0,0.0,0.0
2026-06-09,22.700000762939453,22.8799991607666,22.030000686645508,22.299999237060547,987700,0.0,0.0,0.0
2026-06-10,22.5,22.8700008392334,22.1200008392334,22.1299991607666,1438800,0.0,0.0,0.0
2026-06-11,22.520000457763672,23.299999237060547,22.5,23.209999084472656,1190600,0.0,0.0,0.0
2026-06-12,23.219999313354492,23.31999969482422,22.829999923706055,23.229999542236328,1030600,0.0,0.0,0.0
2026-06-15,24.56999969482422,24.81999969482422,24.350000381469727,24.399999618530273,982000,0.0,0.0,0.0
2026-06-16,24.75,24.920000076293945,24.440000534057617,24.579999923706055,550200,0.0,0.0,0.0
2026-06-17,24.6200008392334,24.700000762939453,23.68000030517578,23.709999084472656,909900,0.0,0.0,0.0
2026-06-18,23.6200008392334,23.65999984741211,23.079999923706055,23.229999542236328,787500,0.0,0.0,0.0
2026-06-22,22.940000534057617,23.1299991607666,22.739999771118164,22.889999389648438,464100,0.0,0.0,0.0
2026-06-23,22.399999618530273,22.549999237060547,22.18000030517578,22.34000015258789,1385700,0.0,0.0,0.0
2026-06-24,21.350000381469727,21.56999969482422,20.899999618530273,21.1200008392334,1346000,0.0,0.0,0.0
2026-06-25,21.6200008392334,21.65999984741211,21.229999542236328,21.520000457763672,2562700,0.0,0.0,0.0
2026-06-26,21.90999984741211,22.15999984741211,21.739999771118164,22.040000915527344,653600,0.0,0.0,0.0
2026-06-29,21.90999984741211,22.270000457763672,21.90999984741211,22.139999389648438,873800,0.0,0.0,0.0
2026-06-30,22.06999969482422,22.280000686645508,21.850000381469727,22.079999923706055,833300,0.0,0.0,0.0
2026-07-01,21.979999542236328,22.329999923706055,21.959999084472656,22.030000686645508,833900,0.0,0.0,0.0
2026-07-02,22.770000457763672,23.139999389648438,22.709999084472656,22.90999984741211,733400,0.0,0.0,0.0
2026-07-06,23.100000381469727,23.200000762939453,22.860000610351562,23.149999618530273,763700,0.0,0.0,0.0
2026-07-07,23.25,23.34000015258789,22.93000030517578,23.010000228881836,393200,0.0,0.0,0.0
2026-07-08,22.020000457763672,22.40999984741211,21.979999542236328,22.15999984741211,956100,0.0,0.0,0.0
2026-07-09,22.709999084472656,22.8799991607666,22.639999389648438,22.700000762939453,455600,0.0,0.0,0.0
2026-07-10,22.989999771118164,23.290000915527344,22.959999084472656,23.06999969482422,509500,0.0,0.0,0.0
2026-07-13,23.06999969482422,23.06999969482422,22.610000610351562,22.729999542236328,926200,0.0,0.0,0.0
2026-07-14,23.350000381469727,24.0,23.290000915527344,23.700000762939453,806900,0.0,0.0,0.0
2026-07-15,23.739999771118164,23.959999084472656,23.239999771118164,23.8700008392334,678700,0.0,0.0,0.0
2026-07-16,23.200000762939453,23.260000228881836,22.809999465942383,22.889999389648438,643400,0.0,0.0,0.0
2026-07-17,22.290000915527344,22.799999237060547,22.25,22.700000762939453,662900,0.0,0.0,0.0
2026-07-20,22.950000762939453,23.139999389648438,22.780000686645508,22.799999237060547,510500,0.0,0.0,0.0
2026-07-21,23.0,23.399999618530273,22.959999084472656,23.280000686645508,505600,0.0,0.0,0.0
2026-07-22,23.719999313354492,23.950000762939453,23.5,23.520000457763672,531600,0.0,0.0,0.0
2026-07-23,22.809999465942383,22.959999084472656,22.719999313354492,22.780000686645508,587100,0.0,0.0,0.0
2026-07-24,22.65999984741211,22.93000030517578,22.479999542236328,22.559999465942383,406400,0.0,0.0,0.0
2026-07-27,23.260000228881836,23.549999237060547,23.170000076293945,23.420000076293945,761700,0.0,0.0,0.0
2026-07-28,22.829999923706055,23.139999389648438,22.65999984741211,22.90999984741211,273600,0.0,0.0,0.0
2026-07-29,22.75,23.34000015258789,22.510000228881836,22.8799991607666,418600,0.0,0.0,0.0
2026-07-30,23.280000686645508,23.8700008392334,23.149999618530273,23.850000381469727,871100,0.0,0.0,0.0
2026-07-31,23.079999923706055,23.34000015258789,22.829999923706055,23.229999542236328,527100,0.0,0.0,0.0
2026-08-03,22.579999923706055,22.8700008392334,22.559999465942383,22.829999923706055,565500,0.0,0.0,0.0
2026-08-04,24.100000381469727,24.68000030517578,23.969999313354492,24.5,1685500,0.0,0.0,0.0
2026-08-05,24.600000381469727,25.020000457763672,24.559999465942383,24.81999969482422,971700,0.0,0.0,0.0
2026-08-06,24.90999984741211,25.15999984741211,24.760000228881836,24.889999389648438,760200,0.0,0.0,0.0
2026-08-07,24.93000030517578,25.229999542236328,24.770000457763672,25.049999237060547,1264400,0.0,0.0,0.0
2026-08-10,24.8700008392334,25.15999984741211,24.56999969482422,25.110000610351562,771100,0.0,0.0,0.0
2026-08-11,24.8700008392334,24.940000534057617,24.6299991607666,24.770000457763672,480700,0.0,0.0,0.0
2026-08-12,25.200000762939453,25.200000762939453,24.790000915527344,24.850000381469727,692200,0.0,0.0,0.0
2026-08-13,23.920000076293945,24.09000015258789,23.809999465942383,23.84000015258789,762000,0.0,0.0,0.0
2026-08-14,23.899999618530273,24.040000915527344,23.860000610351562,23.93000030517578,406800,0.0,0.0,0.0
2026-08-17,24.059999465942383,24.309999465942383,24.0,24.190000534057617,742900,0.0,0.0,0.0
2026-08-18,23.670000076293945,23.799999237060547,23.329999923706055,23.3799991607666,531300,0.0,0.0,0.0
2026-08-19,23.90999984741211,24.239999771118164,23.899999618530273,24.229999542236328,1339100,0.0,0.0,0.0
2026-08-20,24.040000915527344,24.280000686645508,23.8700008392334,24.200000762939453,781600,0.0,0.0,0.0
2026-08-21,24.5,24.510000228881836,24.15999984741211,24.450000762939453,1307100,0.0,0.0,0.0
2026-08-24,24.549999237060547,25.020000457763672,24.520000457763672,24.6299991607666,1173700,0.0,0.0,0.0
2026-08-25,23.84000015258789,24.329999923706055,23.84000015258789,24.31999969482422,694300,0.0,0.0,0.0
2026-08-26,24.31999969482422,24.329999923706055,23.979999542236328,23.989999771118164,636300,0.0,0.0,0.0
2026-08-27,23.799999237060547,24.610000610351562,23.65999984741211,24.579999923706055,592800,0.0,0.0,0.0
2026-08-28,26.190000534057617,26.649999618530273,25.6200008392334,25.790000915527344,2803000,0.0,0.0,0.0
2026-08-31,24.81999969482422,24.959999084472656,24.6299991607666,24.780000686645508,1255200,0.0,0.0,0.0
2026-09-01,24.1200008392334,24.1200008392334,23.65999984741211,23.68000030517578,1279700,0.0,0.0,0.0
2026-09-02,24.139999389648438,24.59000015258789,24.139999389648438,24.579999923706055,699900,0.0,0.0,0.0
2026-09-03,25.0,25.90999984741211,24.770000457763672,25.790000915527344,1740500,0.0,0.0,0.0
2026-09-04,25.43000030517578,25.440000534057617,25.079999923706055,25.309999465942383,736500,0.0,0.0,0.0
2026-09-08,24.6200008392334,24.790000915527344,24.389999389648438,24.43000030517578,993700,0.0,0.0,0.0
2026-09-09,24.809999465942383,24.969999313354492,24.530000686645508,24.56999969482422,968600,0.0,0.0,0.0
2026-09-10,23.579999923706055,23.690000534057617,23.18000030517578,23.229999542236328,1604300,0.0,0.0,0.0
2026-09-11,23.969999313354492,24.079999923706055,23.579999923706055,23.6200008392334,710200,0.0,0.0,0.0
2026-09-14,23.5,23.549999237060547,23.209999084472656,23.229999542236328,686700,0.0,0.0,0.0
2026-09-15,23.6200008392334,23.639999389648438,23.190000534057617,23.59000015258789,681800,0.0,0.0,0.0
2026-09-16,23.610000610351562,23.770000457763672,22.84000015258789,23.110000610351562,783900,0.0,0.0,0.0
2026-09-17,23.489999771118164,23.6299991607666,23.15999984741211,23.239999771118164,657700,0.0,0.0,0.0
