Date,Open,High,Low,Close,Volume,Dividends,Stock Splits,Capital Gains
2020-09-03,8.526000022888184,8.574999809265137,8.305999755859375,8.345000267028809,2586000,0.0,0.0,0.0
2020-09-04,8.486000061035156,8.52299976348877,8.37399959564209,8.479999542236328,1625000,0.0,0.0,0.0
2020-09-08,8.40999984741211,8.586000442504883,8.331000328063965,8.482999801635742,1424000,0.0,0.0,0.0
2020-09-09,8.619999885559082,8.6850004196167,8.590999603271484,8.678999900817871,825000,0.0,0.0,0.0
2020-09-10,8.767000198364258,8.831999778747559,8.664999961853027,8.682999610900879,1195000,0.0,0.0,0.0
2020-09-11,8.786999702453613,8.854999542236328,8.701000213623047,8.710000038146973,1120000,0.0,0.0,0.0
2020-09-14,8.918999671936035,9.015999794006348,8.88700008392334,8.975000381469727,1513000,0.0,0.0,0.0
2020-09-15,9.079000473022461,9.170000076293945,8.97700023651123,9.111000061035156,1657000,0.0,0.0,0.0
2020-09-16,9.161999702453613,9.187999725341797,9.050999641418457,9.092000007629395,1774000,0.0,0.0,0.0
2020-09-17,8.791999816894531,8.838000297546387,8.680000305175781,8.819000244140625,2147000,0.0,0.0,0.0
2020-09-18,8.807000160217285,8.821999549865723,8.718000411987305,8.718000411987305,1261000,0.0,0.0,0.0
2020-09-21,8.51099967956543,8.529999732971191,8.050000190734863,8.33899974822998,3357000,0.0,0.0,0.0
2020-09-22,8.27400016784668,8.314000129699707,8.100000381469727,8.182999610900879,1420000,0.0,0.0,0.0
2020-09-23,8.062000274658203,8.095999717712402,7.849999904632568,7.873000144958496,2735000,0.0,0.0,0.0
2020-09-24,7.849999904632568,8.031999588012695,7.783999919891357,7.997000217437744,2331000,0.0,0.0,0.0
2020-09-25,7.864999771118164,8.050999641418457,7.864999771118164,8.006999969482422,1907000,0.0,0.0,0.0
2020-09-28,8.14799976348877,8.345000267028809,8.131999969482422,8.302000045776367,1540000,0.0,0.0,0.0
2020-09-29,8.281999588012695,8.388999938964844,8.253999710083008,8.324999809265137,1076000,0.0,0.0,0.0
2020-09-30,8.350000381469727,8.517999649047852,8.25,8.39900016784668,1280000,0.0,0.0,0.0
2020-10-01,8.47599983215332,8.503999710083008,8.37600040435791,8.473999977111816,885000,0.0,0.0,0.0
2020-10-02,8.381999969482422,8.407999992370605,8.260000228881836,8.260000228881836,843000,0.0,0.0,0.0
2020-10-05,8.310999870300293,8.467000007629395,8.310999870300293,8.435999870300293,591000,0.0,0.0,0.0
2020-10-06,8.270999908447266,8.295999526977539,8.031999588012695,8.072999954223633,3225000,0.0,0.0,0.0
2020-10-07,8.125,8.157999992370605,8.045999526977539,8.131999969482422,698000,0.0,0.0,0.0
2020-10-08,8.161999702453613,8.199999809265137,8.062000274658203,8.12399959564209,1060000,0.0,0.0,0.0
2020-10-09,8.37600040435791,8.39900016784668,8.303000450134277,8.366000175476074,1968000,0.0,0.0,0.0
2020-10-12,8.29800033569336,8.340999603271484,8.173999786376953,8.239999771118164,1003000,0.0,0.0,0.0
2020-10-13,8.145999908447266,8.236000061035156,8.079999923706055,8.154000282287598,851000,0.0,0.0,0.0
2020-10-14,8.142999649047852,8.164999961853027,8.062999725341797,8.076000213623047,975000,0.0,0.0,0.0
2020-10-15,7.959000110626221,8.14799976348877,7.933000087738037,8.133999824523926,1120000,0.0,0.0,0.0
2020-10-16,8.166000366210938,8.232000350952148,8.102999687194824,8.111000061035156,1410000,0.0,0.0,0.0
2020-10-19,8.194999694824219,8.194999694824219,8.02400016784668,8.03600025177002,738000,0.0,0.0,0.0
2020-10-20,8.154999732971191,8.269000053405762,8.152000427246094,8.204999923706055,1092000,0.0,0.0,0.0
2020-10-21,8.378999710083008,8.414999961853027,8.300000190734863,8.350000381469727,1356000,0.0,0.0,0.0
2020-10-22,8.170000076293945,8.336999893188477,8.102999687194824,8.286999702453613,899000,0.0,0.0,0.0
2020-10-23,8.545999526977539,8.628999710083008,8.473999977111816,8.498000144958496,1526000,0.0,0.0,0.0
2020-10-26,8.255999565124512,8.322999954223633,8.182000160217285,8.229999542236328,1178000,0.0,0.0,0.0
2020-10-27,8.236000061035156,8.34000015258789,8.199000358581543,8.274999618530273,558000,0.0,0.0,0.0
2020-10-28,8.072999954223633,8.236000061035156,8.050000190734863,8.14900016784668,1917000,0.0,0.0,0.0
2020-10-29,8.045999526977539,8.11400032043457,7.934999942779541,8.003000259399414,1676000,0.0,0.0,0.0
2020-10-30,8.015999794006348,8.031000137329102,7.925000190734863,7.960999965667725,2216000,0.0,0.0,0.0
2020-11-02,8.045999526977539,8.109000205993652,8.027000427246094,8.085000038146973,1029000,0.0,0.0,0.0
2020-11-03,8.199999809265137,8.23900032043457,8.085000038146973,8.170999526977539,1685000,0.0,0.0,0.0
2020-11-04,8.1850004196167,8.258000373840332,8.12600040435791,8.168999671936035,767000,0.0,0.0,0.0
2020-11-05,8.404999732971191,8.522000312805176,8.343000411987305,8.428999900817871,1619000,0.0,0.0,0.0
2020-11-06,8.526000022888184,8.526000022888184,8.333999633789062,8.36400032043457,1984000,0.0,0.0,0.0
2020-11-09,8.14799976348877,8.164999961853027,7.9770002365112305,8.105999946594238,2758000,0.0,0.0,0.0
2020-11-10,8.199999809265137,8.364999771118164,8.121999740600586,8.284000396728516,922000,0.0,0.0,0.0
2020-11-11,8.156000137329102,8.163999557495117,8.064000129699707,8.119999885559082,813000,0.0,0.0,0.0
2020-11-12,8.201000213623047,8.300000190734863,8.201000213623047,8.234999656677246,1548000,0.0,0.0,0.0
2020-11-13,8.375,8.388999938964844,8.312000274658203,8.36299991607666,582000,0.0,0.0,0.0
2020-11-16,8.5,8.699999809265137,8.449999809265137,8.6850004196167,1886000,0.0,0.0,0.0
2020-11-17,8.717000007629395,8.779000282287598,8.690999984741211,8.704000473022461,1431000,0.0,0.0,0.0
2020-11-18,8.776000022888184,8.937000274658203,8.756999969482422,8.83899974822998,1653000,0.0,0.0,0.0
2020-11-19,8.800999641418457,8.92199993133545,8.781999588012695,8.92199993133545,1656000,0.0,0.0,0.0
2020-11-20,8.998000144958496,9.027000427246094,8.887999534606934,8.91100025177002,902000,0.0,0.0,0.0
2020-11-23,8.876999855041504,8.904000282287598,8.585000038146973,8.711999893188477,2436000,0.0,0.0,0.0
2020-11-24,8.779000282287598,9.015000343322754,8.763999938964844,9.0,1779000,0.0,0.0,0.0
2020-11-25,8.970000267028809,9.083999633789062,8.942999839782715,9.069999694824219,1189000,0.0,0.0,0.0
2020-11-27,8.914999961853027,9.092000007629395,8.876999855041504,9.04699993133545,779000,0.0,0.0,0.0
2020-11-30,9.170000076293945,9.182000160217285,9.008999824523926,9.074000358581543,2245000,0.0,0.0,0.0
2020-12-01,9.270000457763672,9.413000106811523,9.258999824523926,9.407999992370605,3755000,0.0,0.0,0.0
2020-12-02,9.468000411987305,9.54699993133545,9.432999610900879,9.501999855041504,4189000,0.0,0.0,0.0
2020-12-03,9.649999618530273,9.743000030517578,9.39900016784668,9.729000091552734,3941000,0.0,0.0,0.0
2020-12-04,9.994999885559082,10.128000259399414,9.8149995803833,9.991000175476074,5594000,0.0,0.0,0.0
2020-12-07,9.626999855041504,9.845000267028809,9.602999687194824,9.663000106811523,3235000,0.0,0.0,0.0
2020-12-08,9.644000053405762,9.71399974822998,9.600000381469727,9.63599967956543,1564000,0.0,0.0,0.0
2020-12-09,9.625,9.63700008392334,9.312000274658203,9.39799976348877,2107000,0.0,0.0,0.0
2020-12-10,9.687000274658203,9.73799991607666,9.555000305175781,9.670999526977539,1511000,0.0,0.0,0.0
2020-12-11,9.494999885559082,9.595000267028809,9.399999618530273,9.5,1099000,0.0,0.0,0.0
2020-12-14,9.597000122070312,9.623000144958496,9.381999969482422,9.470999717712402,1204000,0.0,0.0,0.0
2020-12-15,9.633999824523926,9.763999938964844,9.612000465393066,9.758999824523926,1368000,0.0,0.0,0.0
2020-12-16,9.743000030517578,9.756999969482422,9.586999893188477,9.732000350952148,2100000,0.0,0.0,0.0
2020-12-17,9.847000122070312,9.918000221252441,9.664999961853027,9.805999755859375,2279000,0.0,0.0,0.0
2020-12-18,9.75,9.786999702453613,9.625,9.699000358581543,996000,0.0,0.0,0.0
2020-12-21,9.355999946594238,9.54800033569336,9.300000190734863,9.526000022888184,3119000,0.0,0.0,0.0
2020-12-22,9.571999549865723,9.571999549865723,9.34000015258789,9.432000160217285,1113000,0.0,0.0,0.0
2020-12-23,9.508999824523926,9.59000015258789,9.496999740600586,9.562999725341797,1083000,0.0,0.0,0.0
2020-12-24,9.600000381469727,9.649999618530273,9.567000389099121,9.62600040435791,564000,0.0,0.0,0.0
2020-12-28,9.774999618530273,9.85200023651123,9.680000305175781,9.696000099182129,1290000,0.0,0.0,0.0
2020-12-29,9.800000190734863,9.949999809265137,9.758999824523926,9.895999908447266,1697000,0.0,0.0,0.0
2020-12-30,9.968000411987305,10.100000381469727,9.949999809265137,10.072999954223633,1921000,0.0,0.0,0.0
2020-12-31,10.074999809265137,10.114999771118164,10.010000228881836,10.072999954223633,1183000,0.0,0.0,0.0
2021-01-04,10.524999618530273,10.618000030517578,9.829000473022461,10.010000228881836,3769000,0.0,0.0,0.0
2021-01-05,10.177000045776367,10.470999717712402,10.119999885559082,10.468999862670898,2648000,0.0,0.0,0.0
2021-01-06,10.26099967956543,10.399999618530273,10.118000030517578,10.321999549865723,1652000,0.0,0.0,0.0
2021-01-07,10.404999732971191,10.529000282287598,10.343000411987305,10.515000343322754,1206000,0.0,0.0,0.0
2021-01-08,10.416999816894531,10.437999725341797,9.880000114440918,10.001999855041504,3117000,0.0,0.0,0.0
2021-01-11,9.48799991607666,9.795000076293945,9.461999893188477,9.694000244140625,3049000,0.0,0.0,0.0
2021-01-12,9.934000015258789,10.100000381469727,9.800000190734863,10.09000015258789,1484000,0.0,0.0,0.0
2021-01-13,10.11400032043457,10.37600040435791,10.11400032043457,10.314000129699707,2325000,0.0,0.0,0.0
2021-01-14,10.399999618530273,10.519000053405762,10.3100004196167,10.494999885559082,1398000,0.0,0.0,0.0
2021-01-15,10.244999885559082,10.279999732971191,10.026000022888184,10.027000427246094,3147000,0.0,0.0,0.0
2021-01-19,10.253000259399414,10.255999565124512,10.074999809265137,10.166999816894531,1687000,0.0,0.0,0.0
2021-01-20,10.335000038146973,10.46500015258789,10.26200008392334,10.407999992370605,1124000,0.0,0.0,0.0
2021-01-21,10.690999984741211,10.711000442504883,10.491000175476074,10.595000267028809,1623000,0.0,0.0,0.0
2021-01-22,10.305999755859375,10.430000305175781,10.241000175476074,10.32699966430664,1171000,0.0,0.0,0.0
2021-01-25,10.387999534606934,10.446999549865723,10.119999885559082,10.288999557495117,1530000,0.0,0.0,0.0
2021-01-26,10.291000366210938,10.347000122070312,10.23799991607666,10.300000190734863,897000,0.0,0.0,0.0
2021-01-27,10.050999641418457,10.107999801635742,9.940999984741211,9.994999885559082,1683000,0.0,0.0,0.0
2021-01-28,10.1850004196167,10.289999961853027,9.975000381469727,10.0649995803833,1445000,0.0,0.0,0.0
2021-01-29,10.350000381469727,10.392000198364258,10.006999969482422,10.043999671936035,1817000,0.0,0.0,0.0
2021-02-01,10.5,10.595000267028809,10.425000190734863,10.536999702453613,3550000,0.0,0.0,0.0
2021-02-02,10.406000137329102,10.409000396728516,10.163999557495117,10.204999923706055,2145000,0.0,0.0,0.0
2021-02-03,10.267000198364258,10.352999687194824,10.220999717712402,10.288000106811523,1941000,0.0,0.0,0.0
2021-02-04,10.145999908447266,10.295999526977539,10.067999839782715,10.281000137329102,700000,0.0,0.0,0.0
2021-02-05,10.52400016784668,10.5600004196167,10.470000267028809,10.555000305175781,1078000,0.0,0.0,0.0
2021-02-08,10.913000106811523,11.027999877929688,10.87399959564209,10.89799976348877,3458000,0.0,0.0,0.0
2021-02-09,11.005999565124512,11.161999702453613,10.90999984741211,11.083000183105469,3549000,0.0,0.0,0.0
2021-02-10,11.54800033569336,11.680999755859375,11.449999809265137,11.640000343322754,5135000,0.0,0.0,0.0
2021-02-11,11.654000282287598,11.850000381469727,11.529999732971191,11.614999771118164,3858000,0.0,0.0,0.0
2021-02-12,11.45300006866455,11.795000076293945,11.416999816894531,11.75100040435791,5093000,0.0,0.0,0.0
2021-02-16,11.907999992370605,12.248000144958496,11.782999992370605,11.843000411987305,11737000,0.0,0.0,0.0
2021-02-17,11.684000015258789,11.814000129699707,11.5600004196167,11.765000343322754,4229000,0.0,0.0,0.0
2021-02-18,11.854000091552734,11.949000358581543,11.640000343322754,11.92199993133545,3997000,0.0,0.0,0.0
2021-02-19,12.03499984741211,12.180000305175781,11.901000022888184,11.942999839782715,2350000,0.0,0.0,0.0
2021-02-22,11.895000457763672,11.958000183105469,11.836000442504883,11.932000160217285,4315000,0.0,0.0,0.0
2021-02-23,11.729999542236328,11.729999542236328,11.314000129699707,11.621999740600586,2355000,0.0,0.0,0.0
2021-02-24,11.663000106811523,11.89900016784668,11.593999862670898,11.892000198364258,2073000,0.0,0.0,0.0
2021-02-25,11.767000198364258,11.840999603271484,11.402000427246094,11.458000183105469,2746000,0.0,0.0,0.0
2021-02-26,11.241999626159668,11.263999938964844,10.920000076293945,11.123000144958496,3430000,0.0,0.0,0.0
2021-03-01,11.321999549865723,11.383000373840332,11.079999923706055,11.118000030517578,2867000,0.0,0.0,0.0
2021-03-02,11.104999542236328,11.352999687194824,11.074999809265137,11.293999671936035,2953000,0.0,0.0,0.0
2021-03-03,11.116999626159668,11.152000427246094,10.944000244140625,11.00100040435791,2051000,0.0,0.0,0.0
2021-03-04,10.845999717712402,11.045999526977539,10.461999893188477,10.5600004196167,4414000,0.0,0.0,0.0
2021-03-05,10.579999923706055,10.604000091552734,10.440999984741211,10.602999687194824,2202000,0.0,0.0,0.0
2021-03-08,10.708999633789062,10.826000213623047,10.654000282287598,10.656000137329102,2185000,0.0,0.0,0.0
2021-03-09,10.916999816894531,11.057999610900879,10.916999816894531,10.977999687194824,1676000,0.0,0.0,0.0
2021-03-10,11.07699966430664,11.331000328063965,11.029999732971191,11.270000457763672,2285000,0.0,0.0,0.0
2021-03-11,11.22599983215332,11.345000267028809,11.15999984741211,11.239999771118164,4819000,0.0,0.0,0.0
2021-03-12,11.057000160217285,11.288999557495117,11.001999855041504,11.267999649047852,2507000,0.0,0.0,0.0
2021-03-15,11.407999992370605,11.432000160217285,11.255999565124512,11.361000061035156,1681000,0.0,0.0,0.0
2021-03-16,11.401000022888184,11.470000267028809,11.312000274658203,11.378000259399414,1066000,0.0,0.0,0.0
2021-03-17,11.246000289916992,11.418999671936035,11.142000198364258,11.380999565124512,1221000,0.0,0.0,0.0
2021-03-18,11.326000213623047,11.519000053405762,11.3149995803833,11.35099983215332,1571000,0.0,0.0,0.0
2021-03-19,11.038000106811523,11.24899959564209,10.95199966430664,11.166000366210938,2032000,0.0,0.0,0.0
2021-03-22,11.01099967956543,11.130000114440918,10.972999572753906,11.098999977111816,922000,0.0,0.0,0.0
2021-03-23,11.081000328063965,11.350000381469727,10.904000282287598,10.907999992370605,1499000,0.0,0.0,0.0
2021-03-24,10.99899959564209,11.062999725341797,10.920999526977539,10.925000190734863,910000,0.0,0.0,0.0
2021-03-25,10.899999618530273,11.031999588012695,10.71500015258789,10.715999603271484,1986000,0.0,0.0,0.0
2021-03-26,10.876999855041504,11.064000129699707,10.821000099182129,11.038000106811523,1116000,0.0,0.0,0.0
2021-03-29,11.08899974822998,11.100000381469727,10.892000198364258,10.99899959564209,1101000,0.0,0.0,0.0
2021-03-30,10.925000190734863,10.930000305175781,10.770000457763672,10.78600025177002,1697000,0.0,0.0,0.0
2021-03-31,10.998000144958496,11.149999618530273,10.998000144958496,11.130999565124512,1505000,0.0,0.0,0.0
2021-04-01,11.199999809265137,11.366000175476074,11.17199993133545,11.354999542236328,2015000,0.0,0.0,0.0
2021-04-05,11.277000427246094,11.392999649047852,11.267000198364258,11.345000267028809,1487000,0.0,0.0,0.0
2021-04-06,11.46500015258789,11.649999618530273,11.442999839782715,11.623000144958496,1458000,0.0,0.0,0.0
2021-04-07,11.611000061035156,11.611000061035156,11.406000137329102,11.505000114440918,1550000,0.0,0.0,0.0
2021-04-08,11.557999610900879,11.557999610900879,11.401000022888184,11.531000137329102,916000,0.0,0.0,0.0
2021-04-09,11.25100040435791,11.354999542236328,11.210000038146973,11.286999702453613,895000,0.0,0.0,0.0
2021-04-12,11.060999870300293,11.076000213623047,10.930000305175781,10.998000144958496,1466000,0.0,0.0,0.0
2021-04-13,10.973999977111816,11.071999549865723,10.803000450134277,10.840999603271484,4931000,0.0,0.0,0.0
2021-04-14,11.003999710083008,11.090999603271484,10.940999984741211,10.970999717712402,1375000,0.0,0.0,0.0
2021-04-15,11.182000160217285,11.262999534606934,11.156000137329102,11.206000328063965,972000,0.0,0.0,0.0
2021-04-16,11.1850004196167,11.329999923706055,11.154000282287598,11.258999824523926,657000,0.0,0.0,0.0
2021-04-19,11.329999923706055,11.432999610900879,11.223999977111816,11.324999809265137,745000,0.0,0.0,0.0
2021-04-20,11.161999702453613,11.295999526977539,11.085000038146973,11.137999534606934,1266000,0.0,0.0,0.0
2021-04-21,11.130000114440918,11.437999725341797,11.130000114440918,11.4350004196167,1088000,0.0,0.0,0.0
2021-04-22,11.369000434875488,11.376999855041504,11.21399974822998,11.279000282287598,704000,0.0,0.0,0.0
2021-04-23,11.595000267028809,11.630999565124512,11.404999732971191,11.522000312805176,1450000,0.0,0.0,0.0
2021-04-26,11.625,11.654999732971191,11.494000434875488,11.654999732971191,1058000,0.0,0.0,0.0
2021-04-27,11.656000137329102,11.746999740600586,11.491000175476074,11.51200008392334,1004000,0.0,0.0,0.0
2021-04-28,11.331000328063965,11.47599983215332,11.288999557495117,11.435999870300293,982000,0.0,0.0,0.0
2021-04-29,11.279999732971191,11.317000389099121,10.97700023651123,11.25,1543000,0.0,0.0,0.0
2021-04-30,11.381999969482422,11.387999534606934,11.194999694824219,11.204999923706055,746000,0.0,0.0,0.0
2021-05-03,11.432999610900879,11.638999938964844,11.432999610900879,11.49899959564209,1715000,0.0,0.0,0.0
2021-05-04,11.668999671936035,11.855999946594238,11.388999938964844,11.5600004196167,2087000,0.0,0.0,0.0
2021-05-05,11.461999893188477,11.519000053405762,11.413000106811523,11.470000267028809,496000,0.0,0.0,0.0
2021-05-06,11.529999732971191,11.76099967956543,11.529999732971191,11.760000228881836,1213000,0.0,0.0,0.0
2021-05-07,11.666000366210938,11.803999900817871,11.600000381469727,11.76200008392334,991000,0.0,0.0,0.0
2021-05-10,11.89900016784668,11.939000129699707,11.663000106811523,11.717000007629395,917000,0.0,0.0,0.0
2021-05-11,11.456999778747559,11.625,11.413000106811523,11.600000381469727,976000,0.0,0.0,0.0
2021-05-12,11.527000427246094,11.62600040435791,11.345000267028809,11.37399959564209,1009000,0.0,0.0,0.0
2021-05-13,11.298999786376953,11.406000137329102,11.220000267028809,11.305999755859375,1308000,0.0,0.0,0.0
2021-05-14,11.479000091552734,11.508999824523926,11.38700008392334,11.48900032043457,551000,0.0,0.0,0.0
2021-05-17,11.48900032043457,11.649999618530273,11.472000122070312,11.625,838000,0.0,0.0,0.0
2021-05-18,11.517999649047852,11.517999649047852,11.364999771118164,11.4399995803833,1213000,0.0,0.0,0.0
2021-05-19,11.201000213623047,11.303000450134277,11.069999694824219,11.145000457763672,2122000,0.0,0.0,0.0
2021-05-20,11.305000305175781,11.305000305175781,11.199999809265137,11.229000091552734,1406000,0.0,0.0,0.0
2021-05-21,11.25,11.260000228881836,10.904000282287598,10.946999549865723,1767000,0.0,0.0,0.0
2021-05-24,10.991000175476074,11.055999755859375,10.956999778747559,11.008000373840332,620000,0.0,0.0,0.0
2021-05-25,11.085000038146973,11.197999954223633,11.050999641418457,11.182999610900879,874000,0.0,0.0,0.0
2021-05-26,11.199999809265137,11.243000030517578,11.112000465393066,11.13700008392334,1028000,0.0,0.0,0.0
2021-05-27,10.970000267028809,11.053999900817871,10.935999870300293,11.03600025177002,1054000,0.0,0.0,0.0
2021-05-28,11.034000396728516,11.083999633789062,10.960000038146973,11.045999526977539,693000,0.0,0.0,0.0
2021-06-01,11.164999961853027,11.272000312805176,11.142000198364258,11.184000015258789,1657000,0.0,0.0,0.0
2021-06-02,11.156000137329102,11.163000106811523,11.020000457763672,11.144000053405762,1102000,0.0,0.0,0.0
2021-06-03,10.88599967956543,10.89799976348877,10.75,10.880999565124512,2099000,0.0,0.0,0.0
2021-06-04,10.890000343322754,10.939000129699707,10.840999603271484,10.934000015258789,1037000,0.0,0.0,0.0
2021-06-07,11.001999855041504,11.027999877929688,10.9350004196167,10.991000175476074,732000,0.0,0.0,0.0
2021-06-08,10.906999588012695,10.906999588012695,10.817000389099121,10.88700008392334,621000,0.0,0.0,0.0
2021-06-09,10.897000312805176,10.897000312805176,10.75100040435791,10.77299976348877,906000,0.0,0.0,0.0
2021-06-10,10.609000205993652,10.798999786376953,10.571999549865723,10.798999786376953,1093000,0.0,0.0,0.0
2021-06-11,10.812000274658203,10.82800006866455,10.710000038146973,10.748000144958496,798000,0.0,0.0,0.0
2021-06-14,10.82800006866455,10.972000122070312,10.814000129699707,10.87399959564209,897000,0.0,0.0,0.0
2021-06-15,10.79800033569336,10.79800033569336,10.71500015258789,10.78600025177002,714000,0.0,0.0,0.0
2021-06-16,10.711000442504883,10.75100040435791,10.569999694824219,10.585000038146973,1110000,0.0,0.0,0.0
2021-06-17,10.215999603271484,10.288999557495117,9.800000190734863,9.96500015258789,4454000,0.0,0.0,0.0
2021-06-18,9.951000213623047,9.998000144958496,9.732000350952148,9.75100040435791,2479000,0.0,0.0,0.0
2021-06-21,9.779999732971191,9.920000076293945,9.708000183105469,9.920000076293945,1331000,0.0,0.0,0.0
2021-06-22,9.9350004196167,10.086999893188477,9.90999984741211,10.062999725341797,1152000,0.0,0.0,0.0
2021-06-23,10.1899995803833,10.262999534606934,10.130000114440918,10.14900016784668,1174000,0.0,0.0,0.0
2021-06-24,10.229999542236328,10.27400016784668,10.163000106811523,10.229000091552734,768000,0.0,0.0,0.0
2021-06-25,10.366000175476074,10.38599967956543,10.274999618530273,10.343000411987305,725000,0.0,0.0,0.0
2021-06-28,10.317000389099121,10.366999626159668,10.210000038146973,10.234999656677246,586000,0.0,0.0,0.0
2021-06-29,10.039999961853027,10.0600004196167,9.95300006866455,9.967000007629395,1138000,0.0,0.0,0.0
2021-06-30,9.87399959564209,10.038000106811523,9.84000015258789,10.026000022888184,1918000,0.0,0.0,0.0
2021-07-01,10.140000343322754,10.163999557495117,10.02400016784668,10.149999618530273,1662000,0.0,0.0,0.0
2021-07-02,10.206999778747559,10.246000289916992,10.088000297546387,10.230999946594238,1427000,0.0,0.0,0.0
2021-07-06,10.392999649047852,10.392999649047852,10.072999954223633,10.187000274658203,1595000,0.0,0.0,0.0
2021-07-07,10.1899995803833,10.236000061035156,10.003999710083008,10.151000022888184,526000,0.0,0.0,0.0
2021-07-08,10.065999984741211,10.071999549865723,9.96500015258789,10.04699993133545,2187000,0.0,0.0,0.0
2021-07-09,10.170000076293945,10.295000076293945,10.149999618530273,10.276000022888184,463000,0.0,0.0,0.0
2021-07-12,10.35200023651123,10.5,10.276000022888184,10.496000289916992,2096000,0.0,0.0,0.0
2021-07-13,10.411999702453613,10.465999603271484,10.347999572753906,10.350000381469727,541000,0.0,0.0,0.0
2021-07-14,10.557999610900879,10.604000091552734,10.50100040435791,10.555000305175781,971000,0.0,0.0,0.0
2021-07-15,10.616000175476074,10.708000183105469,10.581000328063965,10.640000343322754,945000,0.0,0.0,0.0
2021-07-16,10.54699993133545,10.555999755859375,10.244999885559082,10.25100040435791,1281000,0.0,0.0,0.0
2021-07-19,10.135000228881836,10.199000358581543,9.951000213623047,10.001999855041504,1343000,0.0,0.0,0.0
2021-07-20,9.918999671936035,10.041999816894531,9.866000175476074,9.967000007629395,1324000,0.0,0.0,0.0
2021-07-21,9.989999771118164,10.107999801635742,9.989999771118164,10.100000381469727,1054000,0.0,0.0,0.0
2021-07-22,10.121999740600586,10.227999687194824,10.029999732971191,10.201000213623047,978000,0.0,0.0,0.0
2021-07-23,10.006999969482422,10.006999969482422,9.758999824523926,9.923999786376953,1494000,0.0,0.0,0.0
2021-07-26,9.968999862670898,10.045999526977539,9.9399995803833,9.991000175476074,877000,0.0,0.0,0.0
2021-07-27,9.982000350952148,9.982000350952148,9.793999671936035,9.840999603271484,1201000,0.0,0.0,0.0
2021-07-28,9.812000274658203,9.994000434875488,9.803999900817871,9.98900032043457,786000,0.0,0.0,0.0
2021-07-29,10.0,10.019000053405762,9.949999809265137,9.949999809265137,1103000,0.0,0.0,0.0
2021-07-30,9.817999839782715,9.885000228881836,9.72700023651123,9.800999641418457,1879000,0.0,0.0,0.0
2021-08-02,9.895000457763672,10.008000373840332,9.840999603271484,9.843999862670898,1576000,0.0,0.0,0.0
2021-08-03,9.8149995803833,9.831999778747559,9.732000350952148,9.800999641418457,1059000,0.0,0.0,0.0
2021-08-04,9.819999694824219,9.86400032043457,9.53600025177002,9.553999900817871,2391000,0.0,0.0,0.0
2021-08-05,9.51099967956543,9.51099967956543,9.402999877929688,9.402999877929688,1577000,0.0,0.0,0.0
2021-08-06,9.302000045776367,9.305000305175781,9.125,9.154999732971191,2829000,0.0,0.0,0.0
2021-08-09,9.17300033569336,9.237000465393066,9.104999542236328,9.140000343322754,1779000,0.0,0.0,0.0
2021-08-10,9.208999633789062,9.38599967956543,9.180000305175781,9.293999671936035,2421000,0.0,0.0,0.0
2021-08-11,9.442000389099121,9.5600004196167,9.397000312805176,9.555000305175781,2168000,0.0,0.0,0.0
2021-08-12,9.550999641418457,9.58899974822998,9.456999778747559,9.541000366210938,906000,0.0,0.0,0.0
2021-08-13,9.593000411987305,9.645999908447266,9.562000274658203,9.60099983215332,631000,0.0,0.0,0.0
2021-08-16,9.550000190734863,9.579000473022461,9.489999771118164,9.562000274658203,633000,0.0,0.0,0.0
2021-08-17,9.508999824523926,9.517999649047852,9.26099967956543,9.302000045776367,1169000,0.0,0.0,0.0
2021-08-18,9.303000450134277,9.399999618530273,9.246000289916992,9.321999549865723,802000,0.0,0.0,0.0
2021-08-19,9.081999778747559,9.156999588012695,9.03499984741211,9.083999633789062,2577000,0.0,0.0,0.0
2021-08-20,9.130999565124512,9.324999809265137,9.130000114440918,9.286999702453613,1104000,0.0,0.0,0.0
2021-08-23,9.479999542236328,9.51099967956543,9.399999618530273,9.46399974822998,986000,0.0,0.0,0.0
2021-08-24,9.439000129699707,9.512999534606934,9.42199993133545,9.4350004196167,859000,0.0,0.0,0.0
2021-08-25,9.305000305175781,9.324000358581543,9.225000381469727,9.319999694824219,949000,0.0,0.0,0.0
2021-08-26,9.239999771118164,9.239999771118164,9.121000289916992,9.128999710083008,1045000,0.0,0.0,0.0
2021-08-27,9.25,9.456000328063965,9.234999656677246,9.432000160217285,859000,0.0,0.0,0.0
2021-08-30,9.437000274658203,9.463000297546387,9.331999778747559,9.418999671936035,504000,0.0,0.0,0.0
2021-08-31,9.361000061035156,9.51200008392334,9.361000061035156,9.47700023651123,1573000,0.0,0.0,0.0
2021-09-01,9.420000076293945,9.447999954223633,9.319999694824219,9.352999687194824,1208000,0.0,0.0,0.0
2021-09-02,9.378000259399414,9.432000160217285,9.284000396728516,9.336000442504883,1468000,0.0,0.0,0.0
2021-09-03,9.343999862670898,9.605999946594238,9.34000015258789,9.555000305175781,1351000,0.0,0.0,0.0
2021-09-07,9.463000297546387,9.520999908447266,9.286999702453613,9.3100004196167,1161000,0.0,0.0,0.0
2021-09-08,9.276000022888184,9.3100004196167,9.12399959564209,9.15999984741211,1601000,0.0,0.0,0.0
2021-09-09,9.196999549865723,9.22700023651123,9.105999946594238,9.128000259399414,754000,0.0,0.0,0.0
2021-09-10,9.12600040435791,9.157999992370605,8.904999732971191,8.944999694824219,2206000,0.0,0.0,0.0
2021-09-13,8.95199966430664,9.01099967956543,8.91100025177002,8.982999801635742,1207000,0.0,0.0,0.0
2021-09-14,8.901000022888184,8.901000022888184,8.753000259399414,8.815999984741211,2114000,0.0,0.0,0.0
2021-09-15,8.800000190734863,8.821000099182129,8.647000312805176,8.788999557495117,2265000,0.0,0.0,0.0
2021-09-16,8.770000457763672,8.791000366210938,8.685999870300293,8.744999885559082,1313000,0.0,0.0,0.0
2021-09-17,8.881999969482422,8.920000076293945,8.734000205993652,8.774999618530273,1879000,0.0,0.0,0.0
2021-09-20,8.628999710083008,8.644000053405762,8.449999809265137,8.527000427246094,2191000,0.0,0.0,0.0
2021-09-21,8.795999526977539,8.965999603271484,8.762999534606934,8.954999923706055,3453000,0.0,0.0,0.0
2021-09-22,9.232000350952148,9.437999725341797,9.199999809265137,9.279999732971191,2450000,0.0,0.0,0.0
2021-09-23,9.232999801635742,9.342000007629395,9.232999801635742,9.270000457763672,712000,0.0,0.0,0.0
2021-09-24,9.048999786376953,9.17300033569336,9.02299976348877,9.133999824523926,896000,0.0,0.0,0.0
2021-09-27,9.13599967956543,9.22700023651123,9.130000114440918,9.151000022888184,608000,0.0,0.0,0.0
2021-09-28,9.194000244140625,9.201000213623047,8.98799991607666,9.010000228881836,859000,0.0,0.0,0.0
2021-09-29,8.932000160217285,8.932000160217285,8.829999923706055,8.892999649047852,1048000,0.0,0.0,0.0
2021-09-30,8.989999771118164,9.057000160217285,8.942999839782715,9.020000457763672,867000,0.0,0.0,0.0
2021-10-01,9.081999778747559,9.140000343322754,9.041000366210938,9.098999977111816,514000,0.0,0.0,0.0
2021-10-04,8.897000312805176,9.029999732971191,8.861000061035156,9.01200008392334,821000,0.0,0.0,0.0
2021-10-05,8.87399959564209,8.99899959564209,8.873000144958496,8.98900032043457,1048000,0.0,0.0,0.0
2021-10-06,9.015000343322754,9.25,9.015000343322754,9.246999740600586,1444000,0.0,0.0,0.0
2021-10-07,9.168999671936035,9.324000358581543,9.164999961853027,9.170999526977539,844000,0.0,0.0,0.0
2021-10-08,9.670000076293945,9.70199966430664,9.482999801635742,9.565999984741211,1317000,0.0,0.0,0.0
2021-10-11,9.600000381469727,9.626999855041504,9.38599967956543,9.401000022888184,648000,0.0,0.0,0.0
2021-10-12,9.45199966430664,9.52299976348877,9.406999588012695,9.430999755859375,486000,0.0,0.0,0.0
2021-10-13,9.461999893188477,9.649999618530273,9.461999893188477,9.529999732971191,1031000,0.0,0.0,0.0
2021-10-14,9.670999526977539,9.920000076293945,9.654000282287598,9.909000396728516,1176000,0.0,0.0,0.0
2021-10-15,9.84000015258789,9.890999794006348,9.79800033569336,9.862000465393066,1503000,0.0,0.0,0.0
2021-10-18,9.744999885559082,9.779000282287598,9.654999732971191,9.670999526977539,1169000,0.0,0.0,0.0
2021-10-19,9.762999534606934,9.78600025177002,9.687000274658203,9.713000297546387,594000,0.0,0.0,0.0
2021-10-20,9.717000007629395,9.840999603271484,9.704999923706055,9.8100004196167,925000,0.0,0.0,0.0
2021-10-21,9.77400016784668,9.826000213623047,9.739999771118164,9.826000213623047,1072000,0.0,0.0,0.0
2021-10-22,9.902999877929688,10.045000076293945,9.690999984741211,9.710000038146973,1975000,0.0,0.0,0.0
2021-10-25,9.789999961853027,9.913999557495117,9.772000312805176,9.873000144958496,1090000,0.0,0.0,0.0
2021-10-26,9.763999938964844,9.763999938964844,9.467000007629395,9.57699966430664,1783000,0.0,0.0,0.0
2021-10-27,9.50100040435791,9.555999755859375,9.387999534606934,9.397000312805176,1614000,0.0,0.0,0.0
2021-10-28,9.583000183105469,9.63700008392334,9.470999717712402,9.508000373840332,528000,0.0,0.0,0.0
2021-10-29,9.40999984741211,9.52299976348877,9.37600040435791,9.470999717712402,561000,0.0,0.0,0.0
2021-11-01,9.805000305175781,9.949999809265137,9.767999649047852,9.9350004196167,1078000,0.0,0.0,0.0
2021-11-02,9.819999694824219,9.845000267028809,9.66100025177002,9.663999557495117,803000,0.0,0.0,0.0
2021-11-03,9.62399959564209,9.668000221252441,9.517000198364258,9.607000350952148,884000,0.0,0.0,0.0
2021-11-04,9.729999542236328,9.765000343322754,9.569999694824219,9.593000411987305,951000,0.0,0.0,0.0
2021-11-05,9.704000473022461,9.704000473022461,9.579999923706055,9.682999610900879,348000,0.0,0.0,0.0
2021-11-08,9.880000114440918,9.92199993133545,9.83899974822998,9.883999824523926,1007000,0.0,0.0,0.0
2021-11-09,9.880000114440918,9.9350004196167,9.746000289916992,9.890000343322754,932000,0.0,0.0,0.0
2021-11-10,10.128999710083008,10.190999984741211,9.935999870300293,9.970000267028809,1728000,0.0,0.0,0.0
2021-11-11,10.159000396728516,10.187999725341797,10.097999572753906,10.14799976348877,819000,0.0,0.0,0.0
2021-11-12,10.02400016784668,10.133000373840332,10.012999534606934,10.095999717712402,637000,0.0,0.0,0.0
2021-11-15,10.114999771118164,10.22700023651123,10.10200023651123,10.154000282287598,1001000,0.0,0.0,0.0
2021-11-16,10.07699966430664,10.107999801635742,9.899999618530273,9.899999618530273,1142000,0.0,0.0,0.0
2021-11-17,9.928999900817871,9.979999542236328,9.842000007629395,9.895999908447266,789000,0.0,0.0,0.0
2021-11-18,9.942000389099121,9.956999778747559,9.718999862670898,9.779999732971191,1029000,0.0,0.0,0.0
2021-11-19,9.701000213623047,9.758999824523926,9.607999801635742,9.607999801635742,685000,0.0,0.0,0.0
2021-11-22,9.581000328063965,9.652000427246094,9.449999809265137,9.470999717712402,1241000,0.0,0.0,0.0
2021-11-23,9.14799976348877,9.14799976348877,8.932999610900879,9.057999610900879,3238000,0.0,0.0,0.0
2021-11-24,9.10099983215332,9.15999984741211,9.027999877929688,9.149999618530273,970000,0.0,0.0,0.0
2021-11-26,9.149999618530273,9.157999992370605,8.850000381469727,8.907999992370605,1726000,0.0,0.0,0.0
2021-11-29,9.0600004196167,9.090999603271484,8.970999717712402,8.972000122070312,846000,0.0,0.0,0.0
2021-11-30,8.829999923706055,8.96399974822998,8.656000137329102,8.710000038146973,1709000,0.0,0.0,0.0
2021-12-01,8.812999725341797,8.92300033569336,8.65999984741211,8.65999984741211,1297000,0.0,0.0,0.0
2021-12-02,8.765999794006348,8.777000427246094,8.680000305175781,8.758999824523926,862000,0.0,0.0,0.0
2021-12-03,8.79800033569336,8.812000274658203,8.628999710083008,8.708999633789062,1287000,0.0,0.0,0.0
2021-12-06,8.673999786376953,8.78600025177002,8.619999885559082,8.765999794006348,1182000,0.0,0.0,0.0
2021-12-07,8.885000228881836,8.9399995803833,8.850000381469727,8.864999771118164,850000,0.0,0.0,0.0
2021-12-08,8.86400032043457,8.96399974822998,8.86299991607666,8.946999549865723,498000,0.0,0.0,0.0
2021-12-09,8.871999740600586,8.871999740600586,8.701000213623047,8.720000267028809,1030000,0.0,0.0,0.0
2021-12-10,8.777000427246094,8.788999557495117,8.67300033569336,8.774999618530273,1773000,0.0,0.0,0.0
2021-12-13,8.680999755859375,8.727999687194824,8.62600040435791,8.656999588012695,1810000,0.0,0.0,0.0
2021-12-14,8.51099967956543,8.642000198364258,8.5,8.574000358581543,1604000,0.0,0.0,0.0
2021-12-15,8.479999542236328,8.586000442504883,8.319999694824219,8.571000099182129,2933000,0.0,0.0,0.0
2021-12-16,8.670000076293945,8.732000350952148,8.645000457763672,8.720000267028809,1952000,0.0,0.0,0.0
2021-12-17,8.725000381469727,8.78499984741211,8.67199993133545,8.696999549865723,1304000,0.0,0.0,0.0
2021-12-20,8.602999687194824,8.690999984741211,8.541999816894531,8.678999900817871,1387000,0.0,0.0,0.0
2021-12-21,8.699999809265137,8.72700023651123,8.645000457763672,8.708999633789062,1011000,0.0,0.0,0.0
2021-12-22,8.812999725341797,9.062999725341797,8.807000160217285,9.020999908447266,2000000,0.0,0.0,0.0
2021-12-23,9.020999908447266,9.09000015258789,8.977999687194824,9.071000099182129,1026000,0.0,0.0,0.0
2021-12-27,8.906000137329102,9.055999755859375,8.906000137329102,9.031000137329102,1235000,0.0,0.0,0.0
2021-12-28,9.114999771118164,9.217000007629395,9.060999870300293,9.060999870300293,766000,0.0,0.0,0.0
2021-12-29,8.946000099182129,9.03499984741211,8.944999694824219,9.015999794006348,888000,0.0,0.0,0.0
2021-12-30,8.956000328063965,9.065999984741211,8.949999809265137,8.958999633789062,1260000,0.0,0.0,0.0
2021-12-31,8.906000137329102,9.01200008392334,8.854999542236328,8.989999771118164,939000,0.0,0.0,0.0
2022-01-03,8.678999900817871,8.934000015258789,8.651000022888184,8.913000106811523,1304000,0.0,0.0,0.0
2022-01-04,9.098999977111816,9.177000045776367,9.052000045776367,9.081000328063965,884000,0.0,0.0,0.0
2022-01-05,9.17199993133545,9.355999946594238,9.121999740600586,9.149999618530273,1954000,0.0,0.0,0.0
2022-01-06,8.984999656677246,9.029999732971191,8.88599967956543,8.972999572753906,881000,0.0,0.0,0.0
2022-01-07,8.963000297546387,8.977999687194824,8.857000350952148,8.92199993133545,1046000,0.0,0.0,0.0
2022-01-10,8.675999641418457,8.79800033569336,8.623000144958496,8.79800033569336,1206000,0.0,0.0,0.0
2022-01-11,8.788999557495117,9.109000205993652,8.770000457763672,9.09000015258789,1134000,0.0,0.0,0.0
2022-01-12,9.145000457763672,9.199000358581543,9.090999603271484,9.095000267028809,1550000,0.0,0.0,0.0
2022-01-13,9.095000267028809,9.116000175476074,8.998000144958496,9.027000427246094,400000,0.0,0.0,0.0
2022-01-14,9.118000030517578,9.175000190734863,9.013999938964844,9.031000137329102,492000,0.0,0.0,0.0
2022-01-18,9.097000122070312,9.199999809265137,9.069999694824219,9.152999877929688,1330000,0.0,0.0,0.0
2022-01-19,9.468999862670898,9.66100025177002,9.461999893188477,9.564000129699707,2181000,0.0,0.0,0.0
2022-01-20,9.829999923706055,9.847000122070312,9.692000389099121,9.697999954223633,2383000,0.0,0.0,0.0
2022-01-21,9.765999794006348,9.814000129699707,9.585000038146973,9.590999603271484,1579000,0.0,0.0,0.0
2022-01-24,9.534000396728516,9.572999954223633,9.364999771118164,9.569999694824219,1206000,0.0,0.0,0.0
2022-01-25,9.413000106811523,9.642999649047852,9.406000137329102,9.579000473022461,762000,0.0,0.0,0.0
2022-01-26,9.730999946594238,9.904999732971191,9.588000297546387,9.61299991607666,2104000,0.0,0.0,0.0
2022-01-27,9.489999771118164,9.586000442504883,9.420000076293945,9.501999855041504,1182000,0.0,0.0,0.0
2022-01-28,9.291999816894531,9.40999984741211,9.25100040435791,9.397000312805176,773000,0.0,0.0,0.0
2022-01-31,9.444000244140625,9.536999702453613,9.411999702453613,9.536999702453613,703000,0.0,0.0,0.0
2022-02-01,9.67199993133545,9.678000450134277,9.48799991607666,9.562000274658203,788000,0.0,0.0,0.0
2022-02-02,9.685999870300293,9.73799991607666,9.630000114440918,9.63700008392334,882000,0.0,0.0,0.0
2022-02-03,9.598999977111816,9.638999938964844,9.515999794006348,9.626999855041504,501000,0.0,0.0,0.0
2022-02-04,9.51099967956543,9.569999694824219,9.479000091552734,9.559000015258789,527000,0.0,0.0,0.0
2022-02-07,9.461000442504883,9.531999588012695,9.435999870300293,9.529000282287598,729000,0.0,0.0,0.0
2022-02-08,9.605999946594238,9.661999702453613,9.579000473022461,9.62600040435791,535000,0.0,0.0,0.0
2022-02-09,9.619999885559082,9.6850004196167,9.550000190734863,9.635000228881836,466000,0.0,0.0,0.0
2022-02-10,9.543000221252441,9.861000061035156,9.541999816894531,9.579999923706055,1033000,0.0,0.0,0.0
2022-02-11,9.491999626159668,9.677000045776367,9.406999588012695,9.595999717712402,1334000,0.0,0.0,0.0
2022-02-14,9.637999534606934,9.72700023651123,9.581000328063965,9.604000091552734,1266000,0.0,0.0,0.0
2022-02-15,9.430999755859375,9.58899974822998,9.383999824523926,9.572999954223633,687000,0.0,0.0,0.0
2022-02-16,9.725000381469727,9.949000358581543,9.71500015258789,9.949000358581543,1453000,0.0,0.0,0.0
2022-02-17,10.039999961853027,10.182999610900879,9.989999771118164,10.156000137329102,2105000,0.0,0.0,0.0
2022-02-18,10.076000213623047,10.140000343322754,9.913000106811523,9.942000389099121,2113000,0.0,0.0,0.0
2022-02-22,10.128999710083008,10.138999938964844,10.006999969482422,10.006999969482422,1678000,0.0,0.0,0.0
2022-02-23,10.055999755859375,10.194000244140625,10.055999755859375,10.187000274658203,1339000,0.0,0.0,0.0
2022-02-24,10.199999809265137,10.199999809265137,9.663000106811523,9.838000297546387,2860000,0.0,0.0,0.0
2022-02-25,9.817000389099121,9.88599967956543,9.737000465393066,9.835000038146973,1288000,0.0,0.0,0.0
2022-02-28,9.842000007629395,9.866000175476074,9.628000259399414,9.720000267028809,1512000,0.0,0.0,0.0
2022-03-01,9.807000160217285,9.83899974822998,9.697999954223633,9.800999641418457,1554000,0.0,0.0,0.0
2022-03-02,9.88700008392334,10.024999618530273,9.777000427246094,9.984999656677246,1448000,0.0,0.0,0.0
2022-03-03,10.0600004196167,10.097000122070312,9.987000465393066,10.060999870300293,1473000,0.0,0.0,0.0
2022-03-04,10.164999961853027,10.46500015258789,10.151000022888184,10.45300006866455,3108000,0.0,0.0,0.0
2022-03-07,10.472000122070312,10.631999969482422,10.378000259399414,10.435999870300293,2862000,0.0,0.0,0.0
2022-03-08,10.82699966430664,10.984999656677246,10.541000366210938,10.763999938964844,4061000,0.0,0.0,0.0
2022-03-09,10.112000465393066,10.263999938964844,9.960000038146973,10.088000297546387,4487000,0.0,0.0,0.0
2022-03-10,10.119999885559082,10.184000015258789,9.916999816894531,10.102999687194824,2734000,0.0,0.0,0.0
2022-03-11,9.937000274658203,10.059000015258789,9.902000427246094,9.942000389099121,2661000,0.0,0.0,0.0
2022-03-14,9.67199993133545,9.788000106811523,9.572999954223633,9.670000076293945,6648000,0.0,0.0,0.0
2022-03-15,9.300999641418457,9.380000114440918,9.229000091552734,9.232000350952148,3414000,0.0,0.0,0.0
2022-03-16,9.37600040435791,9.531000137329102,9.300999641418457,9.512999534606934,1587000,0.0,0.0,0.0
2022-03-17,9.527999877929688,9.597999572753906,9.47700023651123,9.498000144958496,2120000,0.0,0.0,0.0
2022-03-18,9.612000465393066,9.637999534606934,9.515999794006348,9.52299976348877,1362000,0.0,0.0,0.0
2022-03-21,9.625,9.699999809265137,9.619000434875488,9.630999565124512,1696000,0.0,0.0,0.0
2022-03-22,9.503999710083008,9.548999786376953,9.4399995803833,9.52299976348877,1273000,0.0,0.0,0.0
2022-03-23,9.548999786376953,9.562999725341797,9.4350004196167,9.557999610900879,970000,0.0,0.0,0.0
2022-03-24,9.529000282287598,9.621999740600586,9.494999885559082,9.545999526977539,1423000,0.0,0.0,0.0
2022-03-25,9.449999809265137,9.454999923706055,9.34000015258789,9.359999656677246,1707000,0.0,0.0,0.0
2022-03-28,9.229000091552734,9.265000343322754,9.149999618530273,9.15999984741211,1748000,0.0,0.0,0.0
2022-03-29,9.00100040435791,9.201000213623047,8.961000442504883,9.182999610900879,1498000,0.0,0.0,0.0
2022-03-30,9.246999740600586,9.350000381469727,9.227999687194824,9.265000343322754,1902000,0.0,0.0,0.0
2022-03-31,9.121000289916992,9.279999732971191,9.119999885559082,9.175999641418457,1513000,0.0,0.0,0.0
2022-04-01,9.277000427246094,9.305999755859375,9.149999618530273,9.197999954223633,1742000,0.0,0.0,0.0
2022-04-04,9.230999946594238,9.232000350952148,9.161999702453613,9.182999610900879,1062000,0.0,0.0,0.0
2022-04-05,9.175000190734863,9.187000274658203,9.015000343322754,9.019000053405762,1087000,0.0,0.0,0.0
2022-04-06,9.001999855041504,9.017000198364258,8.86400032043457,8.944000244140625,2624000,0.0,0.0,0.0
2022-04-07,8.869000434875488,9.022000312805176,8.8149995803833,9.005000114440918,1427000,0.0,0.0,0.0
2022-04-08,9.010000228881836,9.147000312805176,9.010000228881836,9.097999572753906,1505000,0.0,0.0,0.0
2022-04-11,9.125,9.156999588012695,9.050999641418457,9.100000381469727,1145000,0.0,0.0,0.0
2022-04-12,9.055000305175781,9.159000396728516,8.98900032043457,9.0,4264000,0.0,0.0,0.0
2022-04-13,9.128999710083008,9.220999717712402,9.069000244140625,9.199999809265137,1156000,0.0,0.0,0.0
2022-04-14,9.100000381469727,9.246999740600586,9.064000129699707,9.185999870300293,1207000,0.0,0.0,0.0
2022-04-18,9.399999618530273,9.510000228881836,9.399999618530273,9.404999732971191,1338000,0.0,0.0,0.0
2022-04-19,9.38599967956543,9.387999534606934,9.144000053405762,9.215999603271484,1336000,0.0,0.0,0.0
2022-04-20,9.100000381469727,9.220000267028809,9.100000381469727,9.220000267028809,901000,0.0,0.0,0.0
2022-04-21,9.083999633789062,9.130000114440918,8.982000350952148,8.98799991607666,1445000,0.0,0.0,0.0
2022-04-22,8.73900032043457,8.748000144958496,8.640000343322754,8.640000343322754,2578000,0.0,0.0,0.0
2022-04-25,8.517000198364258,8.595999717712402,8.470000267028809,8.565999984741211,1610000,0.0,0.0,0.0
2022-04-26,8.527999877929688,8.602999687194824,8.484999656677246,8.57800006866455,1184000,0.0,0.0,0.0
2022-04-27,8.592000007629395,8.642000198364258,8.506999969482422,8.527999877929688,1074000,0.0,0.0,0.0
2022-04-28,8.5,8.5649995803833,8.439000129699707,8.538999557495117,1313000,0.0,0.0,0.0
2022-04-29,8.656000137329102,8.819000244140625,8.640000343322754,8.70199966430664,969000,0.0,0.0,0.0
2022-05-02,8.656000137329102,8.782999992370605,8.529999732971191,8.70199966430664,835000,0.0,0.0,0.0
2022-05-03,8.925000190734863,9.031999588012695,8.92199993133545,8.930999755859375,1188000,0.0,0.0,0.0
2022-05-04,9.034000396728516,9.267999649047852,8.972999572753906,9.234000205993652,2496000,0.0,0.0,0.0
2022-05-05,9.229000091552734,9.229000091552734,8.996999740600586,9.145000457763672,1957000,0.0,0.0,0.0
2022-05-06,8.972000122070312,9.0600004196167,8.913000106811523,8.935999870300293,1378000,0.0,0.0,0.0
2022-05-09,8.859999656677246,8.949999809265137,8.807000160217285,8.842000007629395,1511000,0.0,0.0,0.0
2022-05-10,9.149999618530273,9.244999885559082,8.965999603271484,8.982000350952148,1861000,0.0,0.0,0.0
2022-05-11,9.149999618530273,9.319999694824219,9.149999618530273,9.256999969482422,3752000,0.0,0.0,0.0
2022-05-12,8.916999816894531,8.946000099182129,8.743000030517578,8.765000343322754,2006000,0.0,0.0,0.0
2022-05-13,8.732999801635742,8.809000015258789,8.710000038146973,8.75100040435791,1526000,0.0,0.0,0.0
2022-05-16,8.718000411987305,8.784000396728516,8.718000411987305,8.77400016784668,1688000,0.0,0.0,0.0
2022-05-17,8.89799976348877,8.91100025177002,8.824000358581543,8.861000061035156,670000,0.0,0.0,0.0
2022-05-18,8.784000396728516,8.810999870300293,8.633000373840332,8.63599967956543,1435000,0.0,0.0,0.0
2022-05-19,8.826000213623047,8.975000381469727,8.826000213623047,8.946999549865723,1215000,0.0,0.0,0.0
2022-05-20,8.91100025177002,8.949999809265137,8.789999961853027,8.86299991607666,682000,0.0,0.0,0.0
2022-05-23,8.994000434875488,9.043999671936035,8.876999855041504,8.899999618530273,764000,0.0,0.0,0.0
2022-05-24,8.87600040435791,8.980999946594238,8.82699966430664,8.869000434875488,775000,0.0,0.0,0.0
2022-05-25,8.829000473022461,8.875,8.756999969482422,8.829999923706055,780000,0.0,0.0,0.0
2022-05-26,8.748000144958496,8.859999656677246,8.748000144958496,8.822999954223633,1039000,0.0,0.0,0.0
2022-05-27,8.880000114440918,8.89799976348877,8.824000358581543,8.864999771118164,485000,0.0,0.0,0.0
2022-05-31,9.04800033569336,9.09000015258789,8.913000106811523,9.0,1243000,0.0,0.0,0.0
2022-06-01,9.265000343322754,9.359000205993652,9.097000122070312,9.25100040435791,1472000,0.0,0.0,0.0
2022-06-02,9.369000434875488,9.529000282287598,9.361000061035156,9.489999771118164,1430000,0.0,0.0,0.0
2022-06-03,9.571000099182129,9.598999977111816,9.392999649047852,9.4350004196167,2229000,0.0,0.0,0.0
2022-06-06,9.569000244140625,9.626999855041504,9.529999732971191,9.541000366210938,840000,0.0,0.0,0.0
2022-06-07,9.347999572753906,9.446000099182129,9.324999809265137,9.420000076293945,820000,0.0,0.0,0.0
2022-06-08,9.373000144958496,9.446999549865723,9.35099983215332,9.378000259399414,501000,0.0,0.0,0.0
2022-06-09,9.197999954223633,9.206999778747559,9.031000137329102,9.038000106811523,771000,0.0,0.0,0.0
2022-06-10,8.920999526977539,9.098999977111816,8.892000198364258,9.076000213623047,1116000,0.0,0.0,0.0
2022-06-13,8.802000045776367,8.810999870300293,8.66100025177002,8.67300033569336,1287000,0.0,0.0,0.0
2022-06-14,8.654999732971191,8.711999893188477,8.52299976348877,8.543000221252441,3090000,0.0,0.0,0.0
2022-06-15,8.76099967956543,8.8100004196167,8.593000411987305,8.76200008392334,1784000,0.0,0.0,0.0
2022-06-16,8.793999671936035,8.892999649047852,8.762999534606934,8.850000381469727,969000,0.0,0.0,0.0
2022-06-17,8.730999946594238,8.73900032043457,8.651000022888184,8.677000045776367,604000,0.0,0.0,0.0
2022-06-21,8.690999984741211,8.878999710083008,8.690999984741211,8.723999977111816,629000,0.0,0.0,0.0
2022-06-22,8.64799976348877,8.678000450134277,8.585000038146973,8.607999801635742,806000,0.0,0.0,0.0
2022-06-23,8.60200023651123,8.614999771118164,8.411999702453613,8.447999954223633,1125000,0.0,0.0,0.0
2022-06-24,8.47599983215332,8.506999969482422,8.428000450134277,8.434000015258789,1213000,0.0,0.0,0.0
2022-06-27,8.461000442504883,8.482000350952148,8.329000473022461,8.454000473022461,787000,0.0,0.0,0.0
2022-06-28,8.553999900817871,8.579999923706055,8.444000244140625,8.45300006866455,1059000,0.0,0.0,0.0
2022-06-29,8.58899974822998,8.598999977111816,8.437999725341797,8.524999618530273,647000,0.0,0.0,0.0
2022-06-30,8.418999671936035,8.439000129699707,8.291000366210938,8.3100004196167,1361000,0.0,0.0,0.0
2022-07-01,8.126999855041504,8.272000312805176,8.08899974822998,8.260000228881836,1211000,0.0,0.0,0.0
2022-07-05,8.020000457763672,8.095999717712402,7.948999881744385,8.083000183105469,2311000,0.0,0.0,0.0
2022-07-06,8.074999809265137,8.085000038146973,7.888999938964844,8.010000228881836,1431000,0.0,0.0,0.0
2022-07-07,8.083999633789062,8.182000160217285,8.083999633789062,8.12600040435791,912000,0.0,0.0,0.0
2022-07-08,8.220000267028809,8.378000259399414,8.187999725341797,8.293999671936035,1173000,0.0,0.0,0.0
2022-07-11,8.130999565124512,8.156999588012695,8.071000099182129,8.086999893188477,361000,0.0,0.0,0.0
2022-07-12,7.915999889373779,7.934000015258789,7.829999923706055,7.829999923706055,5931000,0.0,0.0,0.0
2022-07-13,7.800000190734863,7.986999988555908,7.795000076293945,7.921999931335449,1763000,0.0,0.0,0.0
2022-07-14,7.767000198364258,7.85699987411499,7.696000099182129,7.824999809265137,1901000,0.0,0.0,0.0
2022-07-15,7.90500020980835,7.90500020980835,7.831999778747559,7.85699987411499,771000,0.0,0.0,0.0
2022-07-18,8.0,8.149999618530273,8.0,8.017999649047852,1441000,0.0,0.0,0.0
2022-07-19,8.138999938964844,8.194999694824219,8.083999633789062,8.114999771118164,684000,0.0,0.0,0.0
2022-07-20,8.079999923706055,8.079999923706055,7.959000110626221,7.96999979019165,1041000,0.0,0.0,0.0
2022-07-21,8.010000228881836,8.13599967956543,7.9679999351501465,8.13599967956543,886000,0.0,0.0,0.0
2022-07-22,8.20199966430664,8.258000373840332,8.072999954223633,8.095999717712402,597000,0.0,0.0,0.0
2022-07-25,8.168000221252441,8.196999549865723,8.062000274658203,8.175000190734863,584000,0.0,0.0,0.0
2022-07-26,8.156999588012695,8.192999839782715,8.069999694824219,8.09000015258789,698000,0.0,0.0,0.0
2022-07-27,8.170000076293945,8.276000022888184,8.152000427246094,8.270999908447266,621000,0.0,0.0,0.0
2022-07-28,8.281000137329102,8.29800033569336,8.156999588012695,8.25,436000,0.0,0.0,0.0
2022-07-29,8.253999710083008,8.347000122070312,8.145000457763672,8.302000045776367,797000,0.0,0.0,0.0
2022-08-01,8.406999588012695,8.482000350952148,8.380000114440918,8.444000244140625,1533000,0.0,0.0,0.0
2022-08-02,8.52299976348877,8.53499984741211,8.321000099182129,8.347999572753906,1017000,0.0,0.0,0.0
2022-08-03,8.369999885559082,8.376999855041504,8.270000457763672,8.357000350952148,319000,0.0,0.0,0.0
2022-08-04,8.472000122070312,8.65999984741211,8.467000007629395,8.640000343322754,824000,0.0,0.0,0.0
2022-08-05,8.579999923706055,8.701000213623047,8.579999923706055,8.664999961853027,583000,0.0,0.0,0.0
2022-08-08,8.694000244140625,8.829999923706055,8.694000244140625,8.734999656677246,832000,0.0,0.0,0.0
2022-08-09,8.75,8.77400016784668,8.652999877929688,8.67199993133545,317000,0.0,0.0,0.0
2022-08-10,8.694000244140625,8.812000274658203,8.661999702453613,8.741000175476074,545000,0.0,0.0,0.0
2022-08-11,8.9399995803833,9.048999786376953,8.87600040435791,8.880000114440918,1179000,0.0,0.0,0.0
2022-08-12,8.859999656677246,8.942000389099121,8.829000473022461,8.928999900817871,372000,0.0,0.0,0.0
2022-08-15,8.718000411987305,8.720000267028809,8.569999694824219,8.67199993133545,747000,0.0,0.0,0.0
2022-08-16,8.642999649047852,8.758999824523926,8.63700008392334,8.696000099182129,362000,0.0,0.0,0.0
2022-08-17,8.619999885559082,8.666999816894531,8.527999877929688,8.586000442504883,509000,0.0,0.0,0.0
2022-08-18,8.559000015258789,8.559000015258789,8.46500015258789,8.46500015258789,480000,0.0,0.0,0.0
2022-08-19,8.394000053405762,8.394000053405762,8.253999710083008,8.305999755859375,876000,0.0,0.0,0.0
2022-08-22,8.138999938964844,8.164999961853027,8.069999694824219,8.114999771118164,1235000,0.0,0.0,0.0
2022-08-23,8.0649995803833,8.269000053405762,8.053999900817871,8.20199966430664,768000,0.0,0.0,0.0
2022-08-24,8.11299991607666,8.17199993133545,8.053000450134277,8.170999526977539,715000,0.0,0.0,0.0
2022-08-25,8.20300006866455,8.220000267028809,8.15999984741211,8.206999778747559,611000,0.0,0.0,0.0
2022-08-26,8.177000045776367,8.21500015258789,8.0,8.012999534606934,1049000,0.0,0.0,0.0
2022-08-29,8.020000457763672,8.100000381469727,8.010000228881836,8.039999961853027,526000,0.0,0.0,0.0
2022-08-30,7.980999946594238,7.980999946594238,7.854000091552734,7.86899995803833,1042000,0.0,0.0,0.0
2022-08-31,7.855000019073486,7.909999847412109,7.823999881744385,7.826000213623047,792000,0.0,0.0,0.0
2022-09-01,7.74399995803833,7.74399995803833,7.609000205993652,7.676000118255615,1375000,0.0,0.0,0.0
2022-09-02,7.839000225067139,7.853000164031982,7.747000217437744,7.764999866485596,1457000,0.0,0.0,0.0
2022-09-06,7.960000038146973,7.994999885559082,7.870999813079834,7.920000076293945,625000,0.0,0.0,0.0
2022-09-07,7.922999858856201,8.057999610900879,7.921000003814697,8.055999755859375,666000,0.0,0.0,0.0
2022-09-08,8.097000122070312,8.213000297546387,8.093000411987305,8.178999900817871,1120000,0.0,0.0,0.0
2022-09-09,8.125,8.211999893188477,8.121999740600586,8.168000221252441,563000,0.0,0.0,0.0
2022-09-12,8.345000267028809,8.427000045776367,8.319999694824219,8.411999702453613,1173000,0.0,0.0,0.0
2022-09-13,8.352999687194824,8.399999618530273,8.152000427246094,8.168999671936035,1282000,0.0,0.0,0.0
2022-09-14,8.359999656677246,8.480999946594238,8.359999656677246,8.40999984741211,693000,0.0,0.0,0.0
2022-09-15,8.470000267028809,8.550000190734863,8.37600040435791,8.407999992370605,1080000,0.0,0.0,0.0
2022-09-16,8.281999588012695,8.437000274658203,8.25,8.430999755859375,689000,0.0,0.0,0.0
2022-09-19,8.390000343322754,8.5600004196167,8.390000343322754,8.536999702453613,488000,0.0,0.0,0.0
2022-09-20,8.541999816894531,8.57800006866455,8.496000289916992,8.552000045776367,1095000,0.0,0.0,0.0
2022-09-21,8.559000015258789,8.559000015258789,8.404999732971191,8.440999984741211,1369000,0.0,0.0,0.0
2022-09-22,8.447999954223633,8.475000381469727,8.343000411987305,8.362000465393066,740000,0.0,0.0,0.0
2022-09-23,8.076000213623047,8.076000213623047,7.949999809265137,7.953000068664551,1282000,0.0,0.0,0.0
2022-09-26,8.01099967956543,8.039999961853027,7.900000095367432,7.913000106811523,996000,0.0,0.0,0.0
2022-09-27,7.951000213623047,8.017999649047852,7.861999988555908,7.872000217437744,1250000,0.0,0.0,0.0
2022-09-28,7.900000095367432,8.079000473022461,7.894000053405762,8.071999549865723,1861000,0.0,0.0,0.0
2022-09-29,8.09000015258789,8.114999771118164,7.968999862670898,8.041999816894531,655000,0.0,0.0,0.0
2022-09-30,7.991000175476074,8.095000267028809,7.991000175476074,7.991000175476074,838000,0.0,0.0,0.0
2022-10-03,8.246999740600586,8.397000312805176,8.199999809265137,8.385000228881836,1539000,0.0,0.0,0.0
2022-10-04,8.579000473022461,8.711000442504883,8.550000190734863,8.661999702453613,951000,0.0,0.0,0.0
2022-10-05,8.505999565124512,8.560999870300293,8.359999656677246,8.510000228881836,664000,0.0,0.0,0.0
2022-10-06,8.545999526977539,8.61299991607666,8.5,8.595999717712402,1124000,0.0,0.0,0.0
2022-10-07,8.661999702453613,8.661999702453613,8.425000190734863,8.458000183105469,570000,0.0,0.0,0.0
2022-10-10,8.440999984741211,8.440999984741211,8.289999961853027,8.34000015258789,488000,0.0,0.0,0.0
2022-10-11,8.267000198364258,8.385000228881836,8.21399974822998,8.279000282287598,8706000,0.0,0.0,0.0
2022-10-12,8.22599983215332,8.26200008392334,8.156999588012695,8.194999694824219,1036000,0.0,0.0,0.0
2022-10-13,8.038000106811523,8.404000282287598,8.032999992370605,8.385000228881836,1086000,0.0,0.0,0.0
2022-10-14,8.42199993133545,8.432000160217285,8.300000190734863,8.371000289916992,689000,0.0,0.0,0.0
2022-10-17,8.468000411987305,8.557000160217285,8.4399995803833,8.470000267028809,302000,0.0,0.0,0.0
2022-10-18,8.52400016784668,8.567000389099121,8.383999824523926,8.435999870300293,419000,0.0,0.0,0.0
2022-10-19,8.28600025177002,8.319000244140625,8.197999954223633,8.206000328063965,314000,0.0,0.0,0.0
2022-10-20,8.310999870300293,8.529999732971191,8.310999870300293,8.520999908447266,839000,0.0,0.0,0.0
2022-10-21,8.38700008392334,8.680000305175781,8.38700008392334,8.652999877929688,560000,0.0,0.0,0.0
2022-10-24,8.614999771118164,8.628999710083008,8.52400016784668,8.581999778747559,350000,0.0,0.0,0.0
2022-10-25,8.491999626159668,8.571999549865723,8.47599983215332,8.534000396728516,473000,0.0,0.0,0.0
2022-10-26,8.682999610900879,8.883999824523926,8.682999610900879,8.831000328063965,1543000,0.0,0.0,0.0
2022-10-27,8.843000411987305,8.949999809265137,8.791000366210938,8.906000137329102,746000,0.0,0.0,0.0
2022-10-28,8.76099967956543,8.83899974822998,8.71500015258789,8.770999908447266,937000,0.0,0.0,0.0
2022-10-31,8.58899974822998,8.694000244140625,8.559000015258789,8.59000015258789,453000,0.0,0.0,0.0
2022-11-01,8.824999809265137,8.854000091552734,8.713000297546387,8.753000259399414,512000,0.0,0.0,0.0
2022-11-02,8.83899974822998,8.871999740600586,8.645999908447266,8.654999732971191,684000,0.0,0.0,0.0
2022-11-03,8.531999588012695,8.61400032043457,8.505999565124512,8.539999961853027,767000,0.0,0.0,0.0
2022-11-04,8.77400016784668,8.939000129699707,8.739999771118164,8.928000450134277,964000,0.0,0.0,0.0
2022-11-07,8.96399974822998,9.152000427246094,8.96399974822998,9.11299991607666,1088000,0.0,0.0,0.0
2022-11-08,9.14900016784668,9.317999839782715,9.119999885559082,9.26200008392334,755000,0.0,0.0,0.0
2022-11-09,9.175999641418457,9.253999710083008,9.090999603271484,9.13700008392334,464000,0.0,0.0,0.0
2022-11-10,9.505999565124512,9.670999526977539,9.505999565124512,9.628000259399414,2624000,0.0,0.0,0.0
2022-11-11,9.611000061035156,9.61299991607666,9.47599983215332,9.548999786376953,1219000,0.0,0.0,0.0
2022-11-14,9.348999977111816,9.501999855041504,9.348999977111816,9.446999549865723,618000,0.0,0.0,0.0
2022-11-15,9.524999618530273,9.529999732971191,9.338000297546387,9.406999588012695,667000,0.0,0.0,0.0
2022-11-16,9.402000427246094,9.4350004196167,9.28499984741211,9.3149995803833,1000000,0.0,0.0,0.0
2022-11-17,9.149999618530273,9.194999694824219,9.0600004196167,9.105999946594238,820000,0.0,0.0,0.0
2022-11-18,9.130000114440918,9.16100025177002,9.03499984741211,9.095000267028809,1374000,0.0,0.0,0.0
2022-11-21,9.104999542236328,9.144000053405762,9.020000457763672,9.144000053405762,384000,0.0,0.0,0.0
2022-11-22,9.225000381469727,9.28499984741211,9.170999526977539,9.232999801635742,903000,0.0,0.0,0.0
2022-11-23,9.109000205993652,9.28499984741211,9.079999923706055,9.277000427246094,1342000,0.0,0.0,0.0
2022-11-25,9.12399959564209,9.180999755859375,9.076000213623047,9.109000205993652,457000,0.0,0.0,0.0
2022-11-28,9.253000259399414,9.253000259399414,9.125,9.166999816894531,751000,0.0,0.0,0.0
2022-11-29,9.168000221252441,9.36299991607666,9.116999626159668,9.295000076293945,671000,0.0,0.0,0.0
2022-11-30,9.595000267028809,9.651000022888184,9.487000465393066,9.583000183105469,1258000,0.0,0.0,0.0
2022-12-01,9.668999671936035,9.75,9.60200023651123,9.656000137329102,1409000,0.0,0.0,0.0
2022-12-02,9.34000015258789,9.479000091552734,9.34000015258789,9.434000015258789,1022000,0.0,0.0,0.0
2022-12-05,9.359000205993652,9.397000312805176,9.251999855041504,9.255999565124512,1187000,0.0,0.0,0.0
2022-12-06,9.25,9.295999526977539,9.130999565124512,9.187000274658203,656000,0.0,0.0,0.0
2022-12-07,9.300000190734863,9.434000015258789,9.241000175476074,9.317999839782715,797000,0.0,0.0,0.0
2022-12-08,9.340999603271484,9.392000198364258,9.293999671936035,9.293999671936035,548000,0.0,0.0,0.0
2022-12-09,9.293000221252441,9.539999961853027,9.293000221252441,9.482000350952148,786000,0.0,0.0,0.0
2022-12-12,9.343999862670898,9.343999862670898,9.230999946594238,9.29800033569336,873000,0.0,0.0,0.0
2022-12-13,9.602999687194824,9.675000190734863,9.522000312805176,9.604999542236328,1685000,0.0,0.0,0.0
2022-12-14,9.520000457763672,9.602999687194824,9.451000213623047,9.527999877929688,620000,0.0,0.0,0.0
2022-12-15,9.366000175476074,9.4350004196167,9.300999641418457,9.35099983215332,1031000,0.0,0.0,0.0
2022-12-16,9.270999908447266,9.354999542236328,9.192999839782715,9.213000297546387,1079000,0.0,0.0,0.0
2022-12-19,9.211000442504883,9.25,9.064000129699707,9.076000213623047,620000,0.0,0.0,0.0
2022-12-20,9.213000297546387,9.407999992370605,9.204000473022461,9.347999572753906,1009000,0.0,0.0,0.0
2022-12-21,9.255000114440918,9.350000381469727,9.237000465393066,9.274999618530273,632000,0.0,0.0,0.0
2022-12-22,9.119000434875488,9.21399974822998,9.010000228881836,9.074000358581543,1474000,0.0,0.0,0.0
2022-12-23,9.420999526977539,9.522000312805176,9.35099983215332,9.482999801635742,2779000,0.0,0.0,0.0
2022-12-27,9.281999588012695,9.515000343322754,9.281000137329102,9.505000114440918,1096000,0.0,0.0,0.0
2022-12-28,9.48799991607666,9.50100040435791,9.333000183105469,9.355999946594238,461000,0.0,0.0,0.0
2022-12-29,9.586000442504883,9.82800006866455,9.57800006866455,9.8100004196167,2008000,0.0,0.0,0.0
2022-12-30,9.854000091552734,9.937000274658203,9.779000282287598,9.928000450134277,1226000,0.0,0.0,0.0
2023-01-03,9.967000007629395,10.095999717712402,9.960000038146973,10.055999755859375,2100000,0.0,0.0,0.0
2023-01-04,10.04800033569336,10.090999603271484,9.906999588012695,10.005000114440918,1419000,0.0,0.0,0.0
2023-01-05,9.871000289916992,9.876999855041504,9.789999961853027,9.826000213623047,892000,0.0,0.0,0.0
2023-01-06,9.916999816894531,10.13599967956543,9.890000343322754,10.109000205993652,1311000,0.0,0.0,0.0
2023-01-09,10.116999626159668,10.14799976348877,9.958999633789062,10.005000114440918,841000,0.0,0.0,0.0
2023-01-10,10.031000137329102,10.067000389099121,9.916999816894531,10.005000114440918,458000,0.0,0.0,0.0
2023-01-11,10.182999610900879,10.187999725341797,9.868000030517578,9.890000343322754,2637000,0.0,0.0,0.0
2023-01-12,9.939000129699707,9.958999633789062,9.76099967956543,9.883000373840332,2295000,0.0,0.0,0.0
2023-01-13,9.807999610900879,9.909000396728516,9.803000450134277,9.901000022888184,1764000,0.0,0.0,0.0
2023-01-17,9.789999961853027,9.817000389099121,9.621000289916992,9.656000137329102,4060000,0.0,0.0,0.0
2023-01-18,9.92199993133545,9.967000007629395,9.571999549865723,9.621000289916992,2119000,0.0,0.0,0.0
2023-01-19,9.46399974822998,9.647000312805176,9.36299991607666,9.600000381469727,4148000,0.0,0.0,0.0
2023-01-20,9.545999526977539,9.746999740600586,9.503999710083008,9.631999969482422,2095000,0.0,0.0,0.0
2023-01-23,9.562000274658203,9.710000038146973,9.531000137329102,9.694999694824219,1510000,0.0,0.0,0.0
2023-01-24,9.6850004196167,9.800000190734863,9.644000053405762,9.788000106811523,1350000,0.0,0.0,0.0
2023-01-25,9.628000259399414,9.689000129699707,9.555999755859375,9.638999938964844,1279000,0.0,0.0,0.0
2023-01-26,9.5600004196167,9.5600004196167,9.414999961853027,9.446999549865723,2298000,0.0,0.0,0.0
2023-01-27,9.357000350952148,9.40999984741211,9.258999824523926,9.385000228881836,3617000,0.0,0.0,0.0
2023-01-30,9.380000114440918,9.40999984741211,9.331999778747559,9.340999603271484,1343000,0.0,0.0,0.0
2023-01-31,9.265999794006348,9.449999809265137,9.232999801635742,9.369999885559082,1957000,0.0,0.0,0.0
2023-02-01,9.35200023651123,9.369000434875488,9.177000045776367,9.326000213623047,3039000,0.0,0.0,0.0
2023-02-02,9.545999526977539,9.567999839782715,9.357000350952148,9.46500015258789,2112000,0.0,0.0,0.0
2023-02-03,9.218000411987305,9.260000228881836,9.01099967956543,9.045000076293945,3284000,0.0,0.0,0.0
2023-02-06,9.057999610900879,9.086000442504883,8.958000183105469,8.991999626159668,1950000,0.0,0.0,0.0
2023-02-07,8.914999961853027,9.10099983215332,8.91100025177002,9.015000343322754,985000,0.0,0.0,0.0
2023-02-08,9.095999717712402,9.119999885559082,8.961999893188477,8.973999977111816,3263000,0.0,0.0,0.0
2023-02-09,8.979999542236328,9.01200008392334,8.82800006866455,8.831000328063965,1649000,0.0,0.0,0.0
2023-02-10,8.937000274658203,8.937000274658203,8.734000205993652,8.76200008392334,1383000,0.0,0.0,0.0
2023-02-13,8.699000358581543,8.857000350952148,8.680999755859375,8.829000473022461,2256000,0.0,0.0,0.0
2023-02-14,8.704000473022461,8.86400032043457,8.605999946594238,8.635000228881836,2796000,0.0,0.0,0.0
2023-02-15,8.5600004196167,8.607000350952148,8.484000205993652,8.496999740600586,2241000,0.0,0.0,0.0
2023-02-16,8.454999923706055,8.640999794006348,8.425000190734863,8.538000106811523,788000,0.0,0.0,0.0
2023-02-17,8.456999778747559,8.553000450134277,8.440999984741211,8.51200008392334,483000,0.0,0.0,0.0
2023-02-21,8.604999542236328,8.784000396728516,8.604999542236328,8.744000434875488,1537000,0.0,0.0,0.0
2023-02-22,8.857000350952148,8.902999877929688,8.748000144958496,8.784000396728516,587000,0.0,0.0,0.0
2023-02-23,8.848999977111816,8.885000228881836,8.708999633789062,8.782999992370605,909000,0.0,0.0,0.0
2023-02-24,8.52299976348877,8.543000221252441,8.414999961853027,8.434000015258789,1358000,0.0,0.0,0.0
2023-02-27,8.762999534606934,8.77400016784668,8.664999961853027,8.697999954223633,725000,0.0,0.0,0.0
2023-02-28,8.741000175476074,8.894000053405762,8.704999923706055,8.817000389099121,849000,0.0,0.0,0.0
2023-03-01,8.883000373840332,8.979999542236328,8.814000129699707,8.86299991607666,1707000,0.0,0.0,0.0
2023-03-02,8.82800006866455,8.923999786376953,8.814000129699707,8.909000396728516,790000,0.0,0.0,0.0
2023-03-03,8.972000122070312,9.09000015258789,8.90999984741211,9.034000396728516,1387000,0.0,0.0,0.0
2023-03-06,8.982999801635742,9.038999557495117,8.951000213623047,9.019000053405762,550000,0.0,0.0,0.0
2023-03-07,8.845999717712402,8.845999717712402,8.609999656677246,8.616000175476074,988000,0.0,0.0,0.0
2023-03-08,8.67300033569336,8.788000106811523,8.670000076293945,8.677000045776367,307000,0.0,0.0,0.0
2023-03-09,8.784000396728516,8.857999801635742,8.708000183105469,8.758999824523926,395000,0.0,0.0,0.0
2023-03-10,8.77400016784668,9.001999855041504,8.763999938964844,8.880000114440918,813000,0.0,0.0,0.0
2023-03-13,9.154000282287598,9.293999671936035,9.118000030517578,9.269000053405762,2131000,0.0,0.0,0.0
2023-03-14,9.111000061035156,9.170000076293945,9.026000022888184,9.112000465393066,885000,0.0,0.0,0.0
2023-03-15,8.85099983215332,8.982999801635742,8.812999725341797,8.866000175476074,963000,0.0,0.0,0.0
2023-03-16,8.958999633789062,9.038000106811523,8.89900016784668,9.027999877929688,442000,0.0,0.0,0.0
2023-03-17,9.095000267028809,9.10200023651123,8.901000022888184,9.008999824523926,576000,0.0,0.0,0.0
2023-03-20,9.111000061035156,9.178999900817871,9.022000312805176,9.137999534606934,471000,0.0,0.0,0.0
2023-03-21,9.130999565124512,9.168000221252441,8.913999557495117,8.994999885559082,532000,0.0,0.0,0.0
2023-03-22,9.154999732971191,9.187999725341797,9.036999702453613,9.128999710083008,874000,0.0,0.0,0.0
2023-03-23,9.10099983215332,9.178999900817871,9.071999549865723,9.140000343322754,289000,0.0,0.0,0.0
2023-03-24,9.052000045776367,9.086999893188477,8.968999862670898,9.050999641418457,1648000,0.0,0.0,0.0
2023-03-27,9.050000190734863,9.060999870300293,8.987000465393066,9.034000396728516,441000,0.0,0.0,0.0
2023-03-28,8.902000427246094,8.972999572753906,8.899999618530273,8.935999870300293,1077000,0.0,0.0,0.0
2023-03-29,8.899999618530273,8.984999656677246,8.850000381469727,8.958999633789062,479000,0.0,0.0,0.0
2023-03-30,9.048999786376953,9.145000457763672,9.041000366210938,9.119999885559082,688000,0.0,0.0,0.0
2023-03-31,9.119000434875488,9.210000038146973,9.107000350952148,9.194000244140625,967000,0.0,0.0,0.0
2023-04-03,9.105999946594238,9.258999824523926,9.07699966430664,9.178000450134277,787000,0.0,0.0,0.0
2023-04-04,9.312999725341797,9.48799991607666,9.218999862670898,9.475000381469727,1265000,0.0,0.0,0.0
2023-04-05,9.416000366210938,9.442999839782715,9.215999603271484,9.270000457763672,625000,0.0,0.0,0.0
2023-04-06,9.309000015258789,9.399999618530273,9.23900032043457,9.336999893188477,530000,0.0,0.0,0.0
2023-04-10,9.204999923706055,9.269000053405762,9.140000343322754,9.269000053405762,1153000,0.0,0.0,0.0
2023-04-11,9.25,9.319000244140625,9.223999977111816,9.263999938964844,620000,0.0,0.0,0.0
2023-04-12,9.454999923706055,9.473999977111816,9.321000099182129,9.41100025177002,648000,0.0,0.0,0.0
2023-04-13,9.557999610900879,9.770000457763672,9.552000045776367,9.706000328063965,1066000,0.0,0.0,0.0
2023-04-14,9.664999961853027,9.732000350952148,9.562000274658203,9.652000427246094,671000,0.0,0.0,0.0
2023-04-17,9.723999977111816,9.75,9.652999877929688,9.699000358581543,1266000,0.0,0.0,0.0
2023-04-18,9.875,10.0649995803833,9.848999977111816,10.01099967956543,1970000,0.0,0.0,0.0
2023-04-19,9.98900032043457,10.135000228881836,9.899999618530273,10.098999977111816,1589000,0.0,0.0,0.0
2023-04-20,10.098999977111816,10.147000312805176,10.057000160217285,10.098999977111816,838000,0.0,0.0,0.0
2023-04-21,10.395000457763672,10.467000007629395,10.289999961853027,10.390999794006348,1943000,0.0,0.0,0.0
2023-04-24,10.069999694824219,10.135000228881836,10.008000373840332,10.08899974822998,1123000,0.0,0.0,0.0
2023-04-25,10.01200008392334,10.118000030517578,9.901000022888184,10.093999862670898,868000,0.0,0.0,0.0
2023-04-26,10.142999649047852,10.175999641418457,10.03499984741211,10.067999839782715,452000,0.0,0.0,0.0
2023-04-27,9.98799991607666,10.050000190734863,9.916999816894531,10.0,537000,0.0,0.0,0.0
2023-04-28,9.890999794006348,9.984000205993652,9.831999778747559,9.940999984741211,521000,0.0,0.0,0.0
2023-05-01,10.024999618530273,10.045999526977539,9.729000091552734,9.76099967956543,2301000,0.0,0.0,0.0
2023-05-02,9.699999809265137,9.887999534606934,9.656999588012695,9.852999687194824,1970000,0.0,0.0,0.0
2023-05-03,9.779999732971191,9.836000442504883,9.680999755859375,9.704000473022461,1123000,0.0,0.0,0.0
2023-05-04,9.713000297546387,9.763999938964844,9.595000267028809,9.70199966430664,1344000,0.0,0.0,0.0
2023-05-05,9.654999732971191,9.821999549865723,9.654999732971191,9.793999671936035,1133000,0.0,0.0,0.0
2023-05-08,9.996999740600586,10.032999992370605,9.897000312805176,9.90999984741211,1119000,0.0,0.0,0.0
2023-05-09,10.043000221252441,10.239999771118164,10.013999938964844,10.211000442504883,1116000,0.0,0.0,0.0
2023-05-10,10.267999649047852,10.317999839782715,10.166000366210938,10.317999839782715,1140000,0.0,0.0,0.0
2023-05-11,10.265000343322754,10.267999649047852,10.04800033569336,10.109999656677246,930000,0.0,0.0,0.0
2023-05-12,9.946000099182129,10.005999565124512,9.774999618530273,9.78499984741211,1983000,0.0,0.0,0.0
2023-05-15,9.812999725341797,9.930000305175781,9.795999526977539,9.864999771118164,1123000,0.0,0.0,0.0
2023-05-16,9.864999771118164,9.97700023651123,9.803999900817871,9.842000007629395,687000,0.0,0.0,0.0
2023-05-17,9.979999542236328,9.99899959564209,9.873000144958496,9.961000442504883,742000,0.0,0.0,0.0
2023-05-18,9.875,9.878999710083008,9.722999572753906,9.770999908447266,976000,0.0,0.0,0.0
2023-05-19,9.890000343322754,9.928999900817871,9.763999938964844,9.871000289916992,456000,0.0,0.0,0.0
2023-05-22,9.925000190734863,9.998000144958496,9.862000465393066,9.890999794006348,726000,0.0,0.0,0.0
2023-05-23,9.803999900817871,9.840999603271484,9.730999946594238,9.75,536000,0.0,0.0,0.0
2023-05-24,9.651000022888184,9.687999725341797,9.461999893188477,9.51099967956543,1812000,0.0,0.0,0.0
2023-05-25,9.463000297546387,9.545000076293945,9.444999694824219,9.468999862670898,1240000,0.0,0.0,0.0
2023-05-26,9.479000091552734,9.565999984741211,9.444999694824219,9.444999694824219,834000,0.0,0.0,0.0
2023-05-30,9.480999946594238,9.486000061035156,9.368000030517578,9.430000305175781,825000,0.0,0.0,0.0
2023-05-31,9.319999694824219,9.355999946594238,9.21399974822998,9.220999717712402,1132000,0.0,0.0,0.0
2023-06-01,9.232999801635742,9.35200023651123,9.232999801635742,9.300000190734863,970000,0.0,0.0,0.0
2023-06-02,9.369999885559082,9.373000144958496,9.229999542236328,9.267000198364258,496000,0.0,0.0,0.0
2023-06-05,9.413000106811523,9.574999809265137,9.413000106811523,9.505000114440918,1691000,0.0,0.0,0.0
2023-06-06,9.505000114440918,9.567000389099121,9.468999862670898,9.550000190734863,381000,0.0,0.0,0.0
2023-06-07,9.559000015258789,9.668999671936035,9.418000221252441,9.430000305175781,1148000,0.0,0.0,0.0
2023-06-08,9.39900016784668,9.439000129699707,9.33899974822998,9.350000381469727,601000,0.0,0.0,0.0
2023-06-09,9.305000305175781,9.369000434875488,9.255000114440918,9.333999633789062,568000,0.0,0.0,0.0
2023-06-12,9.199999809265137,9.232000350952148,9.128999710083008,9.161999702453613,1442000,0.0,0.0,0.0
2023-06-13,9.149999618530273,9.194000244140625,9.017999649047852,9.059000015258789,2160000,0.0,0.0,0.0
2023-06-14,9.050999641418457,9.071000099182129,8.965999603271484,9.015000343322754,1651000,0.0,0.0,0.0
2023-06-15,9.050000190734863,9.170000076293945,9.050000190734863,9.12600040435791,1500000,0.0,0.0,0.0
2023-06-16,9.121000289916992,9.131999969482422,9.032999992370605,9.085000038146973,798000,0.0,0.0,0.0
2023-06-20,8.914999961853027,8.947999954223633,8.82699966430664,8.890000343322754,1701000,0.0,0.0,0.0
2023-06-21,8.802000045776367,8.831999778747559,8.729999542236328,8.74899959564209,1456000,0.0,0.0,0.0
2023-06-22,8.663000106811523,8.682000160217285,8.532999992370605,8.532999992370605,1643000,0.0,0.0,0.0
2023-06-23,8.5600004196167,8.571000099182129,8.484999656677246,8.48900032043457,963000,0.0,0.0,0.0
2023-06-26,8.571000099182129,8.635000228881836,8.545999526977539,8.564000129699707,900000,0.0,0.0,0.0
2023-06-27,8.553000450134277,8.588000297546387,8.484000205993652,8.552000045776367,1010000,0.0,0.0,0.0
2023-06-28,8.40999984741211,8.494999885559082,8.35099983215332,8.446000099182129,1099000,0.0,0.0,0.0
2023-06-29,8.265000343322754,8.33899974822998,8.244999885559082,8.293999671936035,1480000,0.0,0.0,0.0
2023-06-30,8.29699993133545,8.428999900817871,8.256999969482422,8.364999771118164,825000,0.0,0.0,0.0
2023-07-03,8.411999702453613,8.472999572753906,8.411999702453613,8.428000450134277,945000,0.0,0.0,0.0
2023-07-05,8.479999542236328,8.515999794006348,8.40999984741211,8.498000144958496,1673000,0.0,0.0,0.0
2023-07-06,8.373000144958496,8.39900016784668,8.28499984741211,8.385000228881836,1056000,0.0,0.0,0.0
2023-07-07,8.397000312805176,8.479000091552734,8.397000312805176,8.4399995803833,1401000,0.0,0.0,0.0
2023-07-10,8.437999725341797,8.621999740600586,8.437999725341797,8.60099983215332,776000,0.0,0.0,0.0
2023-07-11,8.564000129699707,8.602999687194824,8.543999671936035,8.57800006866455,434000,0.0,0.0,0.0
2023-07-12,8.741000175476074,8.836999893188477,8.741000175476074,8.791000366210938,1088000,0.0,0.0,0.0
2023-07-13,8.935999870300293,9.027000427246094,8.920000076293945,8.994999885559082,1147000,0.0,0.0,0.0
2023-07-14,9.0,9.02299976348877,8.918000221252441,8.97700023651123,607000,0.0,0.0,0.0
2023-07-17,8.932999610900879,9.074000358581543,8.892000198364258,9.045000076293945,626000,0.0,0.0,0.0
2023-07-18,9.081999778747559,9.175000190734863,9.059000015258789,9.085000038146973,1628000,0.0,0.0,0.0
2023-07-19,9.059000015258789,9.102999687194824,8.956999778747559,9.001999855041504,894000,0.0,0.0,0.0
2023-07-20,8.946000099182129,8.984000205993652,8.803999900817871,8.83899974822998,803000,0.0,0.0,0.0
2023-07-21,8.84000015258789,8.907999992370605,8.803000450134277,8.892000198364258,997000,0.0,0.0,0.0
2023-07-24,8.869000434875488,8.902999877929688,8.824999809265137,8.850000381469727,1121000,0.0,0.0,0.0
2023-07-25,8.930000305175781,8.968999862670898,8.878999710083008,8.954999923706055,739000,0.0,0.0,0.0
2023-07-26,8.845000267028809,8.960000038146973,8.84000015258789,8.930000305175781,603000,0.0,0.0,0.0
2023-07-27,8.744000434875488,8.744000434875488,8.619999885559082,8.642999649047852,1005000,0.0,0.0,0.0
2023-07-28,8.619000434875488,8.697999954223633,8.593999862670898,8.649999618530273,991000,0.0,0.0,0.0
2023-07-31,8.755000114440918,8.869999885559082,8.743000030517578,8.788999557495117,629000,0.0,0.0,0.0
2023-08-01,8.562000274658203,8.628999710083008,8.53499984741211,8.605999946594238,919000,0.0,0.0,0.0
2023-08-02,8.588000297546387,8.630999565124512,8.501999855041504,8.529999732971191,885000,0.0,0.0,0.0
2023-08-03,8.5,8.52299976348877,8.440999984741211,8.444999694824219,615000,0.0,0.0,0.0
2023-08-04,8.449000358581543,8.54699993133545,8.449000358581543,8.515999794006348,472000,0.0,0.0,0.0
2023-08-07,8.515999794006348,8.531999588012695,8.458000183105469,8.527999877929688,422000,0.0,0.0,0.0
2023-08-08,8.32699966430664,8.35099983215332,8.289999961853027,8.35099983215332,767000,0.0,0.0,0.0
2023-08-09,8.24899959564209,8.300000190734863,8.220000267028809,8.244999885559082,1790000,0.0,0.0,0.0
2023-08-10,8.310999870300293,8.442000389099121,8.29699993133545,8.413000106811523,506000,0.0,0.0,0.0
2023-08-11,8.416999816894531,8.467000007629395,8.375,8.444999694824219,545000,0.0,0.0,0.0
2023-08-14,8.288000106811523,8.369000434875488,8.25100040435791,8.354000091552734,660000,0.0,0.0,0.0
2023-08-15,8.244999885559082,8.270000457763672,8.199000358581543,8.236000061035156,693000,0.0,0.0,0.0
2023-08-16,8.218999862670898,8.28499984741211,8.180999755859375,8.180999755859375,711000,0.0,0.0,0.0
2023-08-17,8.329000473022461,8.345000267028809,8.230999946594238,8.26200008392334,361000,0.0,0.0,0.0
2023-08-18,8.361000061035156,8.4399995803833,8.348999977111816,8.418000221252441,752000,0.0,0.0,0.0
2023-08-21,8.402999877929688,8.437000274658203,8.354999542236328,8.416999816894531,295000,0.0,0.0,0.0
2023-08-22,8.51099967956543,8.52400016784668,8.446999549865723,8.49899959564209,403000,0.0,0.0,0.0
2023-08-23,8.595999717712402,8.654999732971191,8.581999778747559,8.581999778747559,718000,0.0,0.0,0.0
2023-08-24,8.633000373840332,8.697999954223633,8.604000091552734,8.640000343322754,525000,0.0,0.0,0.0
2023-08-25,8.715999603271484,8.758999824523926,8.604999542236328,8.720999717712402,581000,0.0,0.0,0.0
2023-08-28,8.79800033569336,8.944000244140625,8.795000076293945,8.934000015258789,2148000,0.0,0.0,0.0
2023-08-29,8.97700023651123,9.065999984741211,8.949999809265137,9.038000106811523,1055000,0.0,0.0,0.0
2023-08-30,8.996999740600586,9.03499984741211,8.96399974822998,9.017999649047852,556000,0.0,0.0,0.0
2023-08-31,9.020000457763672,9.043000221252441,8.913000106811523,8.954999923706055,558000,0.0,0.0,0.0
2023-09-01,9.008999824523926,9.043999671936035,8.861000061035156,8.868000030517578,556000,0.0,0.0,0.0
2023-09-05,8.694000244140625,8.708999633789062,8.560999870300293,8.567999839782715,1302000,0.0,0.0,0.0
2023-09-06,8.428999900817871,8.479000091552734,8.366000175476074,8.437000274658203,1172000,0.0,0.0,0.0
2023-09-07,8.361000061035156,8.399999618530273,8.336999893188477,8.376999855041504,611000,0.0,0.0,0.0
2023-09-08,8.305000305175781,8.335000038146973,8.234999656677246,8.26200008392334,1506000,0.0,0.0,0.0
2023-09-11,8.369999885559082,8.37600040435791,8.300000190734863,8.322999954223633,634000,0.0,0.0,0.0
2023-09-12,8.333999633789062,8.432999610900879,8.333999633789062,8.404999732971191,820000,0.0,0.0,0.0
2023-09-13,8.3149995803833,8.357999801635742,8.305000305175781,8.331999778747559,479000,0.0,0.0,0.0
2023-09-14,8.35200023651123,8.42300033569336,8.324000358581543,8.383000373840332,607000,0.0,0.0,0.0
2023-09-15,8.553999900817871,8.588000297546387,8.52400016784668,8.564000129699707,1104000,0.0,0.0,0.0
2023-09-18,8.652000427246094,8.652000427246094,8.557000160217285,8.61400032043457,424000,0.0,0.0,0.0
2023-09-19,8.734999656677246,8.767999649047852,8.689000129699707,8.696000099182129,616000,0.0,0.0,0.0
2023-09-20,8.670000076293945,8.710000038146973,8.557999610900879,8.579000473022461,470000,0.0,0.0,0.0
2023-09-21,8.494999885559082,8.532999992370605,8.460000038146973,8.48799991607666,863000,0.0,0.0,0.0
2023-09-22,8.638999938964844,8.645000457763672,8.550000190734863,8.557999610900879,593000,0.0,0.0,0.0
2023-09-25,8.45300006866455,8.479000091552734,8.406999588012695,8.416999816894531,281000,0.0,0.0,0.0
2023-09-26,8.324000358581543,8.392999649047852,8.307000160217285,8.345999717712402,435000,0.0,0.0,0.0
2023-09-27,8.300000190734863,8.314000129699707,8.15999984741211,8.211000442504883,1865000,0.0,0.0,0.0
2023-09-28,8.255000114440918,8.387999534606934,8.255000114440918,8.37600040435791,1046000,0.0,0.0,0.0
2023-09-29,8.473999977111816,8.494000434875488,8.329000473022461,8.362000465393066,634000,0.0,0.0,0.0
2023-10-02,8.293000221252441,8.293000221252441,8.104999542236328,8.119999885559082,1266000,0.0,0.0,0.0
2023-10-03,8.098999977111816,8.13599967956543,8.03499984741211,8.052000045776367,1015000,0.0,0.0,0.0
2023-10-04,8.050999641418457,8.064000129699707,7.953000068664551,8.024999618530273,995000,0.0,0.0,0.0
2023-10-05,7.997000217437744,8.003999710083008,7.909999847412109,7.9629998207092285,1156000,0.0,0.0,0.0
2023-10-06,7.960000038146973,8.144000053405762,7.915999889373779,8.11299991607666,922000,0.0,0.0,0.0
2023-10-09,8.085000038146973,8.21500015258789,8.081999778747559,8.20199966430664,499000,0.0,0.0,0.0
2023-10-10,8.15999984741211,8.21399974822998,8.130999565124512,8.14799976348877,347000,0.0,0.0,0.0
2023-10-11,8.131999969482422,8.210000038146973,8.114999771118164,8.192000389099121,473000,0.0,0.0,0.0
2023-10-12,8.130999565124512,8.130999565124512,8.008000373840332,8.01200008392334,589000,0.0,0.0,0.0
2023-10-13,8.100000381469727,8.149999618530273,8.060999870300293,8.13599967956543,515000,0.0,0.0,0.0
2023-10-16,8.163000106811523,8.244999885559082,8.149999618530273,8.23799991607666,597000,0.0,0.0,0.0
2023-10-17,8.248000144958496,8.324999809265137,8.243000030517578,8.28499984741211,441000,0.0,0.0,0.0
2023-10-18,8.258000373840332,8.279999732971191,8.119000434875488,8.175000190734863,627000,0.0,0.0,0.0
2023-10-19,8.199999809265137,8.258999824523926,8.164999961853027,8.220999717712402,559000,0.0,0.0,0.0
2023-10-20,8.270999908447266,8.359999656677246,8.251999855041504,8.267000198364258,642000,0.0,0.0,0.0
2023-10-23,8.262999534606934,8.305000305175781,8.199999809265137,8.281000137329102,671000,0.0,0.0,0.0
2023-10-24,8.161999702453613,8.218999862670898,8.142999649047852,8.206999778747559,300000,0.0,0.0,0.0
2023-10-25,8.255999565124512,8.376999855041504,8.253999710083008,8.355999946594238,1225000,0.0,0.0,0.0
2023-10-26,8.390000343322754,8.394000053405762,8.253000259399414,8.354000091552734,354000,0.0,0.0,0.0
2023-10-27,8.425000190734863,8.425000190734863,8.281999588012695,8.326000213623047,454000,0.0,0.0,0.0
2023-10-30,8.550000190734863,8.61299991607666,8.446999549865723,8.611000061035156,1274000,0.0,0.0,0.0
2023-10-31,8.616999626159668,8.699000358581543,8.586000442504883,8.604000091552734,931000,0.0,0.0,0.0
2023-11-01,8.527000427246094,8.579000473022461,8.484999656677246,8.510000228881836,307000,0.0,0.0,0.0
2023-11-02,8.49899959564209,8.522000312805176,8.463000297546387,8.515000343322754,327000,0.0,0.0,0.0
2023-11-03,8.553999900817871,8.631999969482422,8.550000190734863,8.59000015258789,475000,0.0,0.0,0.0
2023-11-06,8.519000053405762,8.52400016784668,8.359999656677246,8.359999656677246,800000,0.0,0.0,0.0
2023-11-07,8.298999786376953,8.298999786376953,8.229999542236328,8.241999626159668,637000,0.0,0.0,0.0
2023-11-08,8.088000297546387,8.11400032043457,8.015000343322754,8.020000457763672,1756000,0.0,0.0,0.0
2023-11-09,8.008000373840332,8.045999526977539,7.920000076293945,7.949999809265137,1416000,0.0,0.0,0.0
2023-11-10,7.860000133514404,7.860000133514404,7.76800012588501,7.801000118255615,1785000,0.0,0.0,0.0
2023-11-13,7.841000080108643,8.001999855041504,7.833000183105469,7.993000030517578,839000,0.0,0.0,0.0
2023-11-14,8.111000061035156,8.220000267028809,8.107999801635742,8.210000038146973,1121000,0.0,0.0,0.0
2023-11-15,8.267999649047852,8.343999862670898,8.267999649047852,8.293000221252441,1013000,0.0,0.0,0.0
2023-11-16,8.291000366210938,8.342000007629395,8.253000259399414,8.265999794006348,603000,0.0,0.0,0.0
2023-11-17,8.276000022888184,8.303000450134277,8.229999542236328,8.303000450134277,418000,0.0,0.0,0.0
2023-11-20,8.302000045776367,8.51200008392334,8.302000045776367,8.50100040435791,1739000,0.0,0.0,0.0
2023-11-21,8.550000190734863,8.675000190734863,8.550000190734863,8.619999885559082,3650000,0.0,0.0,0.0
2023-11-22,8.498000144958496,8.543000221252441,8.465999603271484,8.524999618530273,431000,0.0,0.0,0.0
2023-11-24,8.470000267028809,8.619999885559082,8.470000267028809,8.569999694824219,329000,0.0,0.0,0.0
2023-11-27,8.501999855041504,8.51200008392334,8.416000366210938,8.486000061035156,673000,0.0,0.0,0.0
2023-11-28,8.529000282287598,8.743000030517578,8.529000282287598,8.6899995803833,767000,0.0,0.0,0.0
2023-11-29,8.593999862670898,8.657999992370605,8.571000099182129,8.574999809265137,497000,0.0,0.0,0.0
2023-11-30,8.576000213623047,8.602999687194824,8.520000457763672,8.574999809265137,626000,0.0,0.0,0.0
2023-12-01,8.506999969482422,8.626999855041504,8.484000205993652,8.623000144958496,624000,0.0,0.0,0.0
2023-12-04,8.520000457763672,8.54699993133545,8.406000137329102,8.486000061035156,765000,0.0,0.0,0.0
2023-12-05,8.300000190734863,8.359999656677246,8.255000114440918,8.3100004196167,2440000,0.0,0.0,0.0
2023-12-06,8.37399959564209,8.392999649047852,8.185999870300293,8.211999893188477,1426000,0.0,0.0,0.0
2023-12-07,8.411999702453613,8.449999809265137,8.338000297546387,8.368000030517578,1424000,0.0,0.0,0.0
2023-12-08,8.413999557495117,8.505000114440918,8.411999702453613,8.45199966430664,530000,0.0,0.0,0.0
2023-12-11,8.482999801635742,8.484999656677246,8.387999534606934,8.41100025177002,1210000,0.0,0.0,0.0
2023-12-12,8.468999862670898,8.595000267028809,8.387999534606934,8.586000442504883,1390000,0.0,0.0,0.0
2023-12-13,8.550999641418457,8.64799976348877,8.444000244140625,8.642999649047852,1610000,0.0,0.0,0.0
2023-12-14,8.713000297546387,8.887999534606934,8.708999633789062,8.842000007629395,1671000,0.0,0.0,0.0
2023-12-15,8.670000076293945,8.75,8.63700008392334,8.697999954223633,1248000,0.0,0.0,0.0
2023-12-18,8.800000190734863,8.8100004196167,8.701000213623047,8.71399974822998,1320000,0.0,0.0,0.0
2023-12-19,8.777000427246094,8.85099983215332,8.756999969482422,8.788000106811523,2461000,0.0,0.0,0.0
2023-12-20,8.833000183105469,8.947999954223633,8.826000213623047,8.843000411987305,2807000,0.0,0.0,0.0
2023-12-21,8.824999809265137,8.913000106811523,8.76200008392334,8.906999588012695,910000,0.0,0.0,0.0
2023-12-22,8.98799991607666,9.055999755859375,8.9350004196167,8.973999977111816,1446000,0.0,0.0,0.0
2023-12-26,9.027000427246094,9.0649995803833,8.97599983215332,9.0649995803833,669000,0.0,0.0,0.0
2023-12-27,9.0,9.189000129699707,8.97599983215332,9.180000305175781,1143000,0.0,0.0,0.0
2023-12-28,9.204999923706055,9.315999984741211,9.204999923706055,9.248000144958496,869000,0.0,0.0,0.0
2023-12-29,9.196999549865723,9.243000030517578,9.109000205993652,9.116000175476074,762000,0.0,0.0,0.0
2024-01-02,9.081999778747559,9.144000053405762,9.029000282287598,9.041999816894531,1115000,0.0,0.0,0.0
2024-01-03,8.95199966430664,8.991999626159668,8.880999565124512,8.963000297546387,567000,0.0,0.0,0.0
2024-01-04,8.864999771118164,8.888999938964844,8.784000396728516,8.812999725341797,1149000,0.0,0.0,0.0
2024-01-05,8.842000007629395,8.918999671936035,8.824999809265137,8.875,1260000,0.0,0.0,0.0
2024-01-08,8.75,8.854999542236328,8.6899995803833,8.72599983215332,1037000,0.0,0.0,0.0
2024-01-09,8.687000274658203,8.704000473022461,8.57800006866455,8.590999603271484,882000,0.0,0.0,0.0
2024-01-10,8.557999610900879,8.557999610900879,8.45199966430664,8.489999771118164,1400000,0.0,0.0,0.0
2024-01-11,8.513999938964844,8.531000137329102,8.383000373840332,8.456999778747559,1002000,0.0,0.0,0.0
2024-01-12,8.597999572753906,8.626999855041504,8.343999862670898,8.348999977111816,1621000,0.0,0.0,0.0
2024-01-16,8.34000015258789,8.34000015258789,8.255000114440918,8.276000022888184,1300000,0.0,0.0,0.0
2024-01-17,8.211999893188477,8.211999893188477,8.081000328063965,8.166999816894531,1381000,0.0,0.0,0.0
2024-01-18,8.281000137329102,8.371000289916992,8.25,8.357000350952148,1307000,0.0,0.0,0.0
2024-01-19,8.343999862670898,8.343999862670898,8.243000030517578,8.291000366210938,1019000,0.0,0.0,0.0
2024-01-22,8.274999618530273,8.331000328063965,8.230999946594238,8.241999626159668,856000,0.0,0.0,0.0
2024-01-23,8.295000076293945,8.319000244140625,8.26099967956543,8.319000244140625,983000,0.0,0.0,0.0
2024-01-24,8.371000289916992,8.390999794006348,8.300000190734863,8.307999610900879,483000,0.0,0.0,0.0
2024-01-25,8.27400016784668,8.27400016784668,8.15999984741211,8.222000122070312,2320000,0.0,0.0,0.0
2024-01-26,8.357999801635742,8.444999694824219,8.336000442504883,8.423999786376953,1961000,0.0,0.0,0.0
2024-01-29,8.48900032043457,8.583999633789062,8.449000358581543,8.579999923706055,885000,0.0,0.0,0.0
2024-01-30,8.550000190734863,8.5600004196167,8.42199993133545,8.508000373840332,779000,0.0,0.0,0.0
2024-01-31,8.529000282287598,8.600000381469727,8.425000190734863,8.439000129699707,664000,0.0,0.0,0.0
2024-02-01,8.383999824523926,8.449000358581543,8.369999885559082,8.428000450134277,992000,0.0,0.0,0.0
2024-02-02,8.303000450134277,8.309000015258789,8.211000442504883,8.222999572753906,1464000,0.0,0.0,0.0
2024-02-05,8.295999526977539,8.303000450134277,8.20199966430664,8.29800033569336,987000,0.0,0.0,0.0
2024-02-06,8.303000450134277,8.35099983215332,8.272000312805176,8.329999923706055,448000,0.0,0.0,0.0
2024-02-07,8.142999649047852,8.196000099182129,8.093000411987305,8.121999740600586,1333000,0.0,0.0,0.0
2024-02-08,8.062999725341797,8.185999870300293,8.050000190734863,8.184000015258789,1396000,0.0,0.0,0.0
2024-02-09,8.081000328063965,8.085000038146973,8.008999824523926,8.07800006866455,1938000,0.0,0.0,0.0
2024-02-12,8.11299991607666,8.227999687194824,8.060999870300293,8.201000213623047,839000,0.0,0.0,0.0
2024-02-13,8.119000434875488,8.125,8.01200008392334,8.045000076293945,1375000,0.0,0.0,0.0
2024-02-14,8.20300006866455,8.244000434875488,8.142000198364258,8.194000244140625,1673000,0.0,0.0,0.0
2024-02-15,8.248000144958496,8.310999870300293,8.234999656677246,8.270000457763672,904000,0.0,0.0,0.0
2024-02-16,8.21500015258789,8.345000267028809,8.21500015258789,8.329999923706055,1204000,0.0,0.0,0.0
2024-02-20,8.395000457763672,8.406000137329102,8.312999725341797,8.324999809265137,895000,0.0,0.0,0.0
2024-02-21,8.230999946594238,8.230999946594238,8.125,8.151000022888184,1042000,0.0,0.0,0.0
2024-02-22,8.258999824523926,8.300000190734863,8.192000389099121,8.286999702453613,806000,0.0,0.0,0.0
2024-02-23,8.326000213623047,8.326000213623047,8.236000061035156,8.279999732971191,852000,0.0,0.0,0.0
2024-02-26,8.11299991607666,8.123000144958496,8.067999839782715,8.105999946594238,1110000,0.0,0.0,0.0
2024-02-27,8.196000099182129,8.229999542236328,8.175000190734863,8.187000274658203,962000,0.0,0.0,0.0
2024-02-28,8.114999771118164,8.119999885559082,8.07699966430664,8.10099983215332,788000,0.0,0.0,0.0
2024-02-29,8.14900016784668,8.168999671936035,8.076000213623047,8.093999862670898,367000,0.0,0.0,0.0
2024-03-01,8.050000190734863,8.163000106811523,8.015000343322754,8.151000022888184,1903000,0.0,0.0,0.0
2024-03-04,8.208000183105469,8.289999961853027,8.194000244140625,8.267000198364258,1016000,0.0,0.0,0.0
2024-03-05,8.142000198364258,8.192999839782715,8.102999687194824,8.116999626159668,1614000,0.0,0.0,0.0
2024-03-06,8.220000267028809,8.378999710083008,8.220000267028809,8.333999633789062,2815000,0.0,0.0,0.0
2024-03-07,8.454999923706055,8.479999542236328,8.406000137329102,8.45300006866455,1832000,0.0,0.0,0.0
2024-03-08,8.4350004196167,8.442000389099121,8.35099983215332,8.375,1161000,0.0,0.0,0.0
2024-03-11,8.550999641418457,8.652000427246094,8.52299976348877,8.62600040435791,3186000,0.0,0.0,0.0
2024-03-12,8.425999641418457,8.503999710083008,8.390999794006348,8.496000289916992,725000,0.0,0.0,0.0
2024-03-13,8.557999610900879,8.657999992370605,8.548999786376953,8.642000198364258,1613000,0.0,0.0,0.0
2024-03-14,8.588000297546387,8.588000297546387,8.520000457763672,8.545999526977539,861000,0.0,0.0,0.0
2024-03-15,8.654999732971191,8.73799991607666,8.61299991607666,8.63599967956543,1097000,0.0,0.0,0.0
2024-03-18,8.467000007629395,8.493000030517578,8.418999671936035,8.430999755859375,993000,0.0,0.0,0.0
2024-03-19,8.258000373840332,8.274999618530273,8.218999862670898,8.24899959564209,2192000,0.0,0.0,0.0
2024-03-20,8.215999603271484,8.371999740600586,8.20199966430664,8.359000205993652,2483000,0.0,0.0,0.0
2024-03-21,8.428000450134277,8.437999725341797,8.331999778747559,8.348999977111816,1736000,0.0,0.0,0.0
2024-03-22,8.28600025177002,8.317999839782715,8.217000007629395,8.236000061035156,2267000,0.0,0.0,0.0
2024-03-25,8.331999778747559,8.380000114440918,8.302000045776367,8.310999870300293,901000,0.0,0.0,0.0
2024-03-26,8.404999732971191,8.404999732971191,8.276000022888184,8.3100004196167,608000,0.0,0.0,0.0
2024-03-27,8.199999809265137,8.270000457763672,8.194000244140625,8.263999938964844,672000,0.0,0.0,0.0
2024-03-28,8.291999816894531,8.369999885559082,8.288000106811523,8.354999542236328,1134000,0.0,0.0,0.0
2024-04-01,8.310999870300293,8.310999870300293,8.225000381469727,8.288000106811523,1110000,0.0,0.0,0.0
2024-04-02,8.503999710083008,8.548999786376953,8.444999694824219,8.498000144958496,2532000,0.0,0.0,0.0
2024-04-03,8.527000427246094,8.638999938964844,8.526000022888184,8.630999565124512,1391000,0.0,0.0,0.0
2024-04-04,8.607000350952148,8.6850004196167,8.550999641418457,8.555999755859375,1792000,0.0,0.0,0.0
2024-04-05,8.47700023651123,8.572999954223633,8.425000190734863,8.543000221252441,2279000,0.0,0.0,0.0
2024-04-08,8.795000076293945,8.906999588012695,8.767000198364258,8.881999969482422,2607000,0.0,0.0,0.0
2024-04-09,9.034000396728516,9.074000358581543,8.871000289916992,8.994000434875488,3776000,0.0,0.0,0.0
2024-04-10,8.883999824523926,8.956000328063965,8.807999610900879,8.880000114440918,2881000,0.0,0.0,0.0
2024-04-11,8.97700023651123,9.019000053405762,8.897000312805176,9.019000053405762,1582000,0.0,0.0,0.0
2024-04-12,9.15999984741211,9.248000144958496,8.970000267028809,8.98900032043457,2507000,0.0,0.0,0.0
2024-04-15,8.895000457763672,8.942000389099121,8.8149995803833,8.937000274658203,1840000,0.0,0.0,0.0
2024-04-16,8.928000450134277,8.928000450134277,8.791000366210938,8.829000473022461,1150000,0.0,0.0,0.0
2024-04-17,8.76200008392334,8.821000099182129,8.65999984741211,8.675000190734863,2256000,0.0,0.0,0.0
2024-04-18,8.657999992370605,8.741999626159668,8.614999771118164,8.657999992370605,2226000,0.0,0.0,0.0
2024-04-19,8.571999549865723,8.607000350952148,8.529000282287598,8.58899974822998,1722000,0.0,0.0,0.0
2024-04-22,8.475000381469727,8.5600004196167,8.420000076293945,8.479999542236328,1718000,0.0,0.0,0.0
2024-04-23,8.333000183105469,8.420999526977539,8.319999694824219,8.368000030517578,2549000,0.0,0.0,0.0
2024-04-24,8.36400032043457,8.36400032043457,8.300999641418457,8.32699966430664,1678000,0.0,0.0,0.0
2024-04-25,8.27400016784668,8.427000045776367,8.258000373840332,8.420000076293945,2679000,0.0,0.0,0.0
2024-04-26,8.388999938964844,8.428000450134277,8.36299991607666,8.428000450134277,2323000,0.0,0.0,0.0
2024-04-29,8.612000465393066,8.774999618530273,8.579000473022461,8.720999717712402,2525000,0.0,0.0,0.0
2024-04-30,8.635000228881836,8.659000396728516,8.557999610900879,8.609999656677246,2493000,0.0,0.0,0.0
2024-05-01,8.725000381469727,8.798999786376953,8.668999671936035,8.718000411987305,1157000,0.0,0.0,0.0
2024-05-02,8.718000411987305,8.793999671936035,8.668000221252441,8.751999855041504,2567000,0.0,0.0,0.0
2024-05-03,8.824999809265137,8.843999862670898,8.704000473022461,8.76099967956543,750000,0.0,0.0,0.0
2024-05-06,8.831999778747559,8.86400032043457,8.758000373840332,8.774999618530273,1013000,0.0,0.0,0.0
2024-05-07,8.930999755859375,9.029000282287598,8.930999755859375,9.0,1455000,0.0,0.0,0.0
2024-05-08,8.840999603271484,8.979999542236328,8.840999603271484,8.96500015258789,590000,0.0,0.0,0.0
2024-05-09,8.984000205993652,9.071999549865723,8.970999717712402,9.048999786376953,882000,0.0,0.0,0.0
2024-05-10,9.128000259399414,9.175000190734863,9.060999870300293,9.159000396728516,1310000,0.0,0.0,0.0
2024-05-13,9.222999572753906,9.340999603271484,9.17300033569336,9.196999549865723,1641000,0.0,0.0,0.0
2024-05-14,9.329999923706055,9.527000427246094,9.329999923706055,9.527000427246094,1719000,0.0,0.0,0.0
2024-05-15,9.696000099182129,9.798999786376953,9.567999839782715,9.786999702453613,3389000,0.0,0.0,0.0
2024-05-16,9.75,9.765000343322754,9.625,9.76099967956543,1280000,0.0,0.0,0.0
2024-05-17,9.784000396728516,10.0,9.762999534606934,9.979999542236328,1792000,0.0,0.0,0.0
2024-05-20,9.753000259399414,9.753000259399414,9.635000228881836,9.668999671936035,2150000,0.0,0.0,0.0
2024-05-21,9.680999755859375,9.746999740600586,9.62399959564209,9.694000244140625,2652000,0.0,0.0,0.0
2024-05-22,9.67199993133545,9.694999694824219,9.51099967956543,9.539999961853027,1429000,0.0,0.0,0.0
2024-05-23,9.54699993133545,9.583999633789062,9.35099983215332,9.354000091552734,1302000,0.0,0.0,0.0
2024-05-24,9.395999908447266,9.484000205993652,9.395999908447266,9.456000328063965,742000,0.0,0.0,0.0
2024-05-28,9.706000328063965,9.79800033569336,9.602999687194824,9.727999687194824,3068000,0.0,0.0,0.0
2024-05-29,9.58899974822998,9.609000205993652,9.519000053405762,9.541999816894531,1337000,0.0,0.0,0.0
2024-05-30,9.45300006866455,9.541000366210938,9.38599967956543,9.413000106811523,894000,0.0,0.0,0.0
2024-05-31,9.527999877929688,9.569000244140625,9.33899974822998,9.529999732971191,2074000,0.0,0.0,0.0
2024-06-03,9.468000411987305,9.47700023651123,9.32699966430664,9.350000381469727,803000,0.0,0.0,0.0
2024-06-04,9.317000389099121,9.326000213623047,9.071999549865723,9.109000205993652,2684000,0.0,0.0,0.0
2024-06-05,9.03600025177002,9.170999526977539,9.03600025177002,9.16100025177002,1347000,0.0,0.0,0.0
2024-06-06,9.17199993133545,9.281000137329102,9.13599967956543,9.25,1403000,0.0,0.0,0.0
2024-06-07,9.017000198364258,9.02400016784668,8.85099983215332,8.880000114440918,2673000,0.0,0.0,0.0
2024-06-10,8.916999816894531,8.961999893188477,8.868000030517578,8.920999526977539,1209000,0.0,0.0,0.0
2024-06-11,8.829999923706055,8.829999923706055,8.732999801635742,8.779000282287598,796000,0.0,0.0,0.0
2024-06-12,8.862000465393066,8.901000022888184,8.800999641418457,8.821000099182129,1323000,0.0,0.0,0.0
2024-06-13,8.779999732971191,8.79800033569336,8.663000106811523,8.736000061035156,1602000,0.0,0.0,0.0
2024-06-14,8.708999633789062,8.803999900817871,8.696999549865723,8.803999900817871,773000,0.0,0.0,0.0
2024-06-17,8.850000381469727,8.944999694824219,8.805000305175781,8.925999641418457,1046000,0.0,0.0,0.0
2024-06-18,8.895000457763672,8.96500015258789,8.85099983215332,8.954999923706055,867000,0.0,0.0,0.0
2024-06-20,8.954000473022461,9.043000221252441,8.906000137329102,9.027000427246094,916000,0.0,0.0,0.0
2024-06-21,9.123000144958496,9.154999732971191,9.02299976348877,9.107999801635742,1469000,0.0,0.0,0.0
2024-06-24,9.196999549865723,9.260000228881836,9.126999855041504,9.140999794006348,1548000,0.0,0.0,0.0
2024-06-25,9.098999977111816,9.11299991607666,9.01200008392334,9.036999702453613,1762000,0.0,0.0,0.0
2024-06-26,9.166000366210938,9.36400032043457,9.086000442504883,9.300000190734863,4684000,0.0,0.0,0.0
2024-06-27,9.159000396728516,9.170000076293945,9.055000305175781,9.072999954223633,1301000,0.0,0.0,0.0
2024-06-28,9.281000137329102,9.300000190734863,9.130000114440918,9.147000312805176,920000,0.0,0.0,0.0
2024-07-01,9.067000389099121,9.095999717712402,8.9399995803833,8.982999801635742,1032000,0.0,0.0,0.0
2024-07-02,9.114999771118164,9.208000183105469,9.062000274658203,9.15999984741211,985000,0.0,0.0,0.0
2024-07-03,9.210000038146973,9.26099967956543,9.149999618530273,9.166000366210938,1048000,0.0,0.0,0.0
2024-07-05,9.359000205993652,9.480999946594238,9.359000205993652,9.42199993133545,1733000,0.0,0.0,0.0
2024-07-08,9.258999824523926,9.281999588012695,9.170999526977539,9.197999954223633,1104000,0.0,0.0,0.0
2024-07-09,9.156999588012695,9.168000221252441,9.005999565124512,9.04800033569336,1052000,0.0,0.0,0.0
2024-07-10,9.074000358581543,9.168000221252441,9.074000358581543,9.152999877929688,1207000,0.0,0.0,0.0
2024-07-11,9.196000099182129,9.265000343322754,9.170999526977539,9.23900032043457,1242000,0.0,0.0,0.0
2024-07-12,9.121000289916992,9.204999923706055,9.112000465393066,9.178999900817871,1468000,0.0,0.0,0.0
2024-07-15,9.086000442504883,9.289999961853027,9.053000450134277,9.145999908447266,1344000,0.0,0.0,0.0
2024-07-16,9.0649995803833,9.199999809265137,9.022000312805176,9.190999984741211,1031000,0.0,0.0,0.0
2024-07-17,9.317999839782715,9.348999977111816,9.119999885559082,9.140999794006348,1860000,0.0,0.0,0.0
2024-07-18,9.164999961853027,9.164999961853027,8.859999656677246,8.895999908447266,1954000,0.0,0.0,0.0
2024-07-19,8.817000389099121,8.892999649047852,8.817000389099121,8.861000061035156,999000,0.0,0.0,0.0
2024-07-22,8.701000213623047,8.734999656677246,8.645000457763672,8.734999656677246,2515000,0.0,0.0,0.0
2024-07-23,8.70199966430664,8.723999977111816,8.64799976348877,8.704000473022461,949000,0.0,0.0,0.0
2024-07-24,8.802000045776367,8.831000328063965,8.711000442504883,8.720999717712402,736000,0.0,0.0,0.0
2024-07-25,8.5649995803833,8.619999885559082,8.539999961853027,8.592000007629395,1488000,0.0,0.0,0.0
2024-07-26,8.5600004196167,8.602999687194824,8.503999710083008,8.60099983215332,1307000,0.0,0.0,0.0
2024-07-29,8.675999641418457,8.751999855041504,8.640999794006348,8.729999542236328,1428000,0.0,0.0,0.0
2024-07-30,8.77400016784668,8.843000411987305,8.748000144958496,8.79800033569336,1126000,0.0,0.0,0.0
2024-07-31,8.923999786376953,8.980999946594238,8.894000053405762,8.95199966430664,1293000,0.0,0.0,0.0
2024-08-01,8.927000045776367,8.944000244140625,8.795000076293945,8.83899974822998,1617000,0.0,0.0,0.0
2024-08-02,8.907999992370605,8.92199993133545,8.732000350952148,8.767999649047852,1826000,0.0,0.0,0.0
2024-08-05,8.394000053405762,8.470000267028809,8.321999549865723,8.368000030517578,3454000,0.0,0.0,0.0
2024-08-06,8.383000373840332,8.48900032043457,8.361000061035156,8.402999877929688,1119000,0.0,0.0,0.0
2024-08-07,8.482999801635742,8.545000076293945,8.397000312805176,8.402999877929688,1464000,0.0,0.0,0.0
2024-08-08,8.484999656677246,8.60200023651123,8.463000297546387,8.562000274658203,783000,0.0,0.0,0.0
2024-08-09,8.520999908447266,8.526000022888184,8.449000358581543,8.46500015258789,743000,0.0,0.0,0.0
2024-08-12,8.63599967956543,8.690999984741211,8.602999687194824,8.64900016784668,1491000,0.0,0.0,0.0
2024-08-13,8.57699966430664,8.642999649047852,8.553000450134277,8.616000175476074,515000,0.0,0.0,0.0
2024-08-14,8.548999786376953,8.560999870300293,8.456999778747559,8.491000175476074,1439000,0.0,0.0,0.0
2024-08-15,8.723999977111816,8.824999809265137,8.67199993133545,8.755999565124512,2059000,0.0,0.0,0.0
2024-08-16,8.755999565124512,8.78499984741211,8.633000373840332,8.767999649047852,759000,0.0,0.0,0.0
2024-08-19,8.711000442504883,8.807999610900879,8.678000450134277,8.800999641418457,1073000,0.0,0.0,0.0
2024-08-20,8.829000473022461,8.829999923706055,8.692999839782715,8.722000122070312,693000,0.0,0.0,0.0
2024-08-21,8.87600040435791,8.930000305175781,8.836999893188477,8.875,1291000,0.0,0.0,0.0
2024-08-22,8.824000358581543,8.824000358581543,8.62399959564209,8.680000305175781,903000,0.0,0.0,0.0
2024-08-23,8.663000106811523,8.836000442504883,8.640999794006348,8.833999633789062,898000,0.0,0.0,0.0
2024-08-26,8.965999603271484,8.980999946594238,8.800000190734863,8.824999809265137,1105000,0.0,0.0,0.0
2024-08-27,8.781999588012695,8.838000297546387,8.72700023651123,8.817999839782715,769000,0.0,0.0,0.0
2024-08-28,8.630999565124512,8.630999565124512,8.53499984741211,8.585000038146973,1282000,0.0,0.0,0.0
2024-08-29,8.609000205993652,8.692000389099121,8.595999717712402,8.621000289916992,487000,0.0,0.0,0.0
2024-08-30,8.59000015258789,8.602999687194824,8.494000434875488,8.50100040435791,822000,0.0,0.0,0.0
2024-09-03,8.359999656677246,8.37600040435791,8.256999969482422,8.307999610900879,2472000,0.0,0.0,0.0
2024-09-04,8.307000160217285,8.395000457763672,8.279999732971191,8.32699966430664,1737000,0.0,0.0,0.0
2024-09-05,8.543999671936035,8.5649995803833,8.47599983215332,8.5,3494000,0.0,0.0,0.0
2024-09-06,8.531000137329102,8.552000045776367,8.375,8.458000183105469,1595000,0.0,0.0,0.0
2024-09-09,8.621000289916992,8.654999732971191,8.571000099182129,8.645000457763672,1745000,0.0,0.0,0.0
2024-09-10,8.668999671936035,8.668999671936035,8.585000038146973,8.630000114440918,1040000,0.0,0.0,0.0
2024-09-11,8.630999565124512,8.772000312805176,8.571999549865723,8.758999824523926,1136000,0.0,0.0,0.0
2024-09-12,8.869999885559082,8.991999626159668,8.82800006866455,8.984000205993652,2090000,0.0,0.0,0.0
2024-09-13,9.156000137329102,9.206000328063965,9.045999526977539,9.156000137329102,1711000,0.0,0.0,0.0
2024-09-16,9.083000183105469,9.11299991607666,9.001999855041504,9.041999816894531,1140000,0.0,0.0,0.0
2024-09-17,9.003999710083008,9.029999732971191,8.949999809265137,9.0,911000,0.0,0.0,0.0
2024-09-18,8.935999870300293,9.026000022888184,8.850000381469727,8.871999740600586,1495000,0.0,0.0,0.0
2024-09-19,9.034000396728516,9.086999893188477,9.0,9.048999786376953,862000,0.0,0.0,0.0
2024-09-20,9.022000312805176,9.034000396728516,8.928999900817871,8.958000183105469,1164000,0.0,0.0,0.0
2024-09-23,8.817999839782715,8.88599967956543,8.786999702453613,8.79800033569336,2033000,0.0,0.0,0.0
2024-09-24,8.925000190734863,9.088000297546387,8.906000137329102,9.081000328063965,2838000,0.0,0.0,0.0
2024-09-25,9.095999717712402,9.13599967956543,9.032999992370605,9.069999694824219,2387000,0.0,0.0,0.0
2024-09-26,9.237000465393066,9.305000305175781,9.199000358581543,9.27400016784668,2069000,0.0,0.0,0.0
2024-09-27,9.29699993133545,9.309000015258789,9.184000015258789,9.184000015258789,1827000,0.0,0.0,0.0
2024-09-30,9.0,9.0,8.904000282287598,8.979999542236328,2764000,0.0,0.0,0.0
2024-10-01,9.076000213623047,9.175999641418457,9.050000190734863,9.109999656677246,1673000,0.0,0.0,0.0
2024-10-02,9.258999824523926,9.288000106811523,9.164999961853027,9.23900032043457,2587000,0.0,0.0,0.0
2024-10-03,9.050000190734863,9.142000198364258,9.01200008392334,9.111000061035156,2011000,0.0,0.0,0.0
2024-10-04,9.128000259399414,9.229999542236328,9.074000358581543,9.095999717712402,1052000,0.0,0.0,0.0
2024-10-07,8.98900032043457,9.024999618530273,8.902000427246094,8.940999984741211,1484000,0.0,0.0,0.0
2024-10-08,8.82699966430664,8.831999778747559,8.72599983215332,8.793000221252441,1841000,0.0,0.0,0.0
2024-10-09,8.67199993133545,8.753999710083008,8.65999984741211,8.732000350952148,1328000,0.0,0.0,0.0
2024-10-10,8.743000030517578,8.916000366210938,8.743000030517578,8.906999588012695,1180000,0.0,0.0,0.0
2024-10-11,8.96500015258789,9.04699993133545,8.925999641418457,9.024999618530273,1279000,0.0,0.0,0.0
2024-10-14,9.038000106811523,9.154999732971191,8.982999801635742,9.135000228881836,1503000,0.0,0.0,0.0
2024-10-15,9.027000427246094,9.081999778747559,8.967000007629395,9.04699993133545,1458000,0.0,0.0,0.0
2024-10-16,9.125,9.168999671936035,9.067999839782715,9.128000259399414,1274000,0.0,0.0,0.0
2024-10-17,9.196000099182129,9.243000030517578,9.059000015258789,9.116000175476074,1938000,0.0,0.0,0.0
2024-10-18,9.234000205993652,9.3149995803833,9.173999786376953,9.29800033569336,2786000,0.0,0.0,0.0
2024-10-21,9.331999778747559,9.338000297546387,9.197999954223633,9.22700023651123,2213000,0.0,0.0,0.0
2024-10-22,9.347999572753906,9.458999633789062,9.3100004196167,9.451000213623047,3180000,0.0,0.0,0.0
2024-10-23,9.380999565124512,9.399999618530273,9.27299976348877,9.352999687194824,3315000,0.0,0.0,0.0
2024-10-24,9.5,9.520000457763672,9.32800006866455,9.425000190734863,3627000,0.0,0.0,0.0
2024-10-25,9.324999809265137,9.40999984741211,9.300000190734863,9.35099983215332,3088000,0.0,0.0,0.0
2024-10-28,9.423999786376953,9.51099967956543,9.418000221252441,9.479000091552734,1477000,0.0,0.0,0.0
2024-10-29,9.595999717712402,9.637999534606934,9.569999694824219,9.597999572753906,1668000,0.0,0.0,0.0
2024-10-30,9.302000045776367,9.368000030517578,9.260000228881836,9.274999618530273,2810000,0.0,0.0,0.0
2024-10-31,9.241000175476074,9.241000175476074,9.02299976348877,9.095999717712402,2564000,0.0,0.0,0.0
2024-11-01,9.180000305175781,9.218000411987305,9.050999641418457,9.060999870300293,1543000,0.0,0.0,0.0
2024-11-04,9.079999923706055,9.11299991607666,8.965999603271484,9.005999565124512,2004000,0.0,0.0,0.0
2024-11-05,9.187999725341797,9.194999694824219,9.104000091552734,9.14799976348877,976000,0.0,0.0,0.0
2024-11-06,8.880000114440918,9.079999923706055,8.831000328063965,9.074000358581543,2320000,0.0,0.0,0.0
2024-11-07,9.050000190734863,9.144000053405762,9.031000137329102,9.126999855041504,1931000,0.0,0.0,0.0
2024-11-08,9.017999649047852,9.043999671936035,8.854999542236328,8.875,2826000,0.0,0.0,0.0
2024-11-11,8.920999526977539,8.947999954223633,8.781999588012695,8.822999954223633,2268000,0.0,0.0,0.0
2024-11-12,8.743000030517578,8.743000030517578,8.604000091552734,8.678000450134277,2303000,0.0,0.0,0.0
2024-11-13,8.652999877929688,8.675999641418457,8.569999694824219,8.571000099182129,3355000,0.0,0.0,0.0
2024-11-14,8.588000297546387,8.64900016784668,8.539999961853027,8.604000091552734,1423000,0.0,0.0,0.0
2024-11-15,8.6899995803833,8.706000328063965,8.588000297546387,8.607999801635742,1250000,0.0,0.0,0.0
2024-11-18,8.79800033569336,8.880000114440918,8.763999938964844,8.86400032043457,2072000,0.0,0.0,0.0
2024-11-19,8.869999885559082,8.946000099182129,8.862000465393066,8.916000366210938,1020000,0.0,0.0,0.0
2024-11-20,8.890000343322754,8.890000343322754,8.777000427246094,8.784000396728516,1149000,0.0,0.0,0.0
2024-11-21,8.800000190734863,8.857000350952148,8.737000465393066,8.833000183105469,1718000,0.0,0.0,0.0
2024-11-22,8.807999610900879,8.883999824523926,8.802000045776367,8.824000358581543,1033000,0.0,0.0,0.0
2024-11-25,8.708000183105469,8.729999542236328,8.595000267028809,8.60099983215332,1910000,0.0,0.0,0.0
2024-11-26,8.51099967956543,8.565999984741211,8.458999633789062,8.494999885559082,2247000,0.0,0.0,0.0
2024-11-27,8.550000190734863,8.604999542236328,8.494999885559082,8.513999938964844,1158000,0.0,0.0,0.0
2024-11-29,8.595000267028809,8.722000122070312,8.583999633789062,8.706000328063965,545000,0.0,0.0,0.0
2024-12-02,8.649999618530273,8.692999839782715,8.595000267028809,8.67199993133545,1305000,0.0,0.0,0.0
2024-12-03,8.779999732971191,8.789999961853027,8.713000297546387,8.723999977111816,2766000,0.0,0.0,0.0
2024-12-04,8.600000381469727,8.692000389099121,8.593999862670898,8.621000289916992,1488000,0.0,0.0,0.0
2024-12-05,8.58899974822998,8.626999855041504,8.552000045776367,8.583999633789062,972000,0.0,0.0,0.0
2024-12-06,8.550000190734863,8.57800006866455,8.501999855041504,8.503999710083008,1575000,0.0,0.0,0.0
2024-12-09,8.713000297546387,8.743000030517578,8.581000328063965,8.590999603271484,2264000,0.0,0.0,0.0
2024-12-10,8.553999900817871,8.63599967956543,8.539999961853027,8.619999885559082,1665000,0.0,0.0,0.0
2024-12-11,8.583000183105469,8.635000228881836,8.5649995803833,8.590999603271484,1087000,0.0,0.0,0.0
2024-12-12,8.54800033569336,8.592000007629395,8.505999565124512,8.53499984741211,873000,0.0,0.0,0.0
2024-12-13,8.49899959564209,8.505999565124512,8.406000137329102,8.430000305175781,1837000,0.0,0.0,0.0
2024-12-16,8.61299991607666,8.633000373840332,8.541999816894531,8.569000244140625,1324000,0.0,0.0,0.0
2024-12-17,8.550000190734863,8.61299991607666,8.515999794006348,8.590999603271484,833000,0.0,0.0,0.0
2024-12-18,8.508999824523926,8.548999786376953,8.409000396728516,8.427000045776367,1357000,0.0,0.0,0.0
2024-12-19,8.47700023651123,8.48900032043457,8.414999961853027,8.463000297546387,1361000,0.0,0.0,0.0
2024-12-20,8.48900032043457,8.553999900817871,8.470000267028809,8.491999626159668,1784000,0.0,0.0,0.0
2024-12-23,8.595000267028809,8.604999542236328,8.538000106811523,8.583000183105469,1043000,0.0,0.0,0.0
2024-12-24,8.60099983215332,8.64900016784668,8.600000381469727,8.631999969482422,511000,0.0,0.0,0.0
2024-12-26,8.600000381469727,8.602999687194824,8.515000343322754,8.585000038146973,1944000,0.0,0.0,0.0
2024-12-27,8.515000343322754,8.520000457763672,8.402999877929688,8.42199993133545,2355000,0.0,0.0,0.0
2024-12-30,8.399999618530273,8.399999618530273,8.234999656677246,8.265999794006348,6682000,0.0,0.0,0.0
2024-12-31,8.282999992370605,8.366000175476074,8.282999992370605,8.305000305175781,2016000,0.0,0.0,0.0
2025-01-02,8.420000076293945,8.467000007629395,8.380000114440918,8.458999633789062,2644000,0.0,0.0,0.0
2025-01-03,8.581000328063965,8.616000175476074,8.545000076293945,8.569999694824219,1720000,0.0,0.0,0.0
2025-01-06,8.602999687194824,8.640999794006348,8.512999534606934,8.555000305175781,840000,0.0,0.0,0.0
2025-01-07,8.729000091552734,8.748000144958496,8.659000396728516,8.71500015258789,3166000,0.0,0.0,0.0
2025-01-08,8.74899959564209,8.781999588012695,8.6899995803833,8.76200008392334,1489000,0.0,0.0,0.0
2025-01-10,8.850000381469727,8.859000205993652,8.725000381469727,8.777999877929688,2148000,0.0,0.0,0.0
2025-01-13,8.75,8.8100004196167,8.685999870300293,8.706999778747559,1878000,0.0,0.0,0.0
2025-01-14,8.657999992370605,8.677000045776367,8.597000122070312,8.609999656677246,1170000,0.0,0.0,0.0
2025-01-15,8.647000312805176,8.647000312805176,8.529999732971191,8.602999687194824,2279000,0.0,0.0,0.0
2025-01-16,8.633000373840332,8.645999908447266,8.53600025177002,8.553999900817871,730000,0.0,0.0,0.0
2025-01-17,8.64900016784668,8.649999618530273,8.595999717712402,8.612000465393066,1568000,0.0,0.0,0.0
2025-01-21,8.654999732971191,8.692000389099121,8.630999565124512,8.649999618530273,931000,0.0,0.0,0.0
2025-01-22,8.680000305175781,8.718999862670898,8.652999877929688,8.678999900817871,1008000,0.0,0.0,0.0
2025-01-23,8.66100025177002,8.692000389099121,8.611000061035156,8.682999610900879,844000,0.0,0.0,0.0
2025-01-24,8.692999839782715,8.725000381469727,8.664999961853027,8.687999725341797,850000,0.0,0.0,0.0
2025-01-27,8.668000221252441,8.718999862670898,8.61400032043457,8.675000190734863,1058000,0.0,0.0,0.0
2025-01-28,8.600000381469727,8.649999618530273,8.571000099182129,8.619000434875488,1046000,0.0,0.0,0.0
2025-01-29,8.678000450134277,8.722000122070312,8.659000396728516,8.704000473022461,1454000,0.0,0.0,0.0
2025-01-30,8.812999725341797,8.880000114440918,8.781999588012695,8.87600040435791,2329000,0.0,0.0,0.0
2025-01-31,8.901000022888184,9.0,8.901000022888184,8.979000091552734,1829000,0.0,0.0,0.0
2025-02-03,8.824999809265137,8.878000259399414,8.788999557495117,8.831000328063965,2683000,0.0,0.0,0.0
2025-02-04,8.880999565124512,8.935999870300293,8.845000267028809,8.850000381469727,1569000,0.0,0.0,0.0
2025-02-05,8.916000366210938,9.038999557495117,8.90999984741211,8.984000205993652,2708000,0.0,0.0,0.0
2025-02-06,9.059000015258789,9.095000267028809,8.968999862670898,9.072999954223633,2482000,0.0,0.0,0.0
2025-02-07,9.121000289916992,9.123000144958496,8.897000312805176,8.897000312805176,2263000,0.0,0.0,0.0
2025-02-10,9.00100040435791,9.119000434875488,9.00100040435791,9.053000450134277,2354000,0.0,0.0,0.0
2025-02-11,9.052000045776367,9.071999549865723,8.977999687194824,9.020999908447266,1348000,0.0,0.0,0.0
2025-02-12,9.074000358581543,9.145000457763672,9.060999870300293,9.085000038146973,2652000,0.0,0.0,0.0
2025-02-13,9.090999603271484,9.149999618530273,9.057999610900879,9.149999618530273,1351000,0.0,0.0,0.0
2025-02-14,9.126999855041504,9.126999855041504,8.95300006866455,8.961000442504883,3006000,0.0,0.0,0.0
2025-02-18,8.97599983215332,9.027999877929688,8.925999641418457,9.001999855041504,2029000,0.0,0.0,0.0
2025-02-19,8.88700008392334,8.9399995803833,8.857999801635742,8.9399995803833,4013000,0.0,0.0,0.0
2025-02-20,8.939000129699707,8.984000205993652,8.932000160217285,8.961999893188477,1037000,0.0,0.0,0.0
2025-02-21,8.916000366210938,8.930000305175781,8.862000465393066,8.869000434875488,1971000,0.0,0.0,0.0
2025-02-24,8.833000183105469,8.864999771118164,8.777999877929688,8.819999694824219,2245000,0.0,0.0,0.0
2025-02-25,8.819999694824219,8.843999862670898,8.75,8.843000411987305,1415000,0.0,0.0,0.0
2025-02-26,8.843000411987305,8.90999984741211,8.819000244140625,8.845000267028809,1176000,0.0,0.0,0.0
2025-02-27,8.805000305175781,8.805000305175781,8.652000427246094,8.678000450134277,3306000,0.0,0.0,0.0
2025-02-28,8.602999687194824,8.647000312805176,8.550999641418457,8.638999938964844,2668000,0.0,0.0,0.0
2025-03-03,8.777999877929688,8.819999694824219,8.678000450134277,8.718000411987305,2564000,0.0,0.0,0.0
2025-03-04,8.744000434875488,8.819999694824219,8.708999633789062,8.774999618530273,1776000,0.0,0.0,0.0
2025-03-05,8.805999755859375,8.883000373840332,8.79800033569336,8.847000122070312,1874000,0.0,0.0,0.0
2025-03-06,8.907999992370605,8.914999961853027,8.843999862670898,8.847000122070312,1567000,0.0,0.0,0.0
2025-03-07,8.869999885559082,8.878999710083008,8.779000282287598,8.8100004196167,1021000,0.0,0.0,0.0
2025-03-10,8.885000228881836,8.885000228881836,8.75,8.755000114440918,1487000,0.0,0.0,0.0
2025-03-11,8.907999992370605,9.0,8.907999992370605,8.993000030517578,2033000,0.0,0.0,0.0
2025-03-12,9.015000343322754,9.064000129699707,8.970000267028809,9.064000129699707,2229000,0.0,0.0,0.0
2025-03-13,8.928999900817871,9.100000381469727,8.916000366210938,9.100000381469727,1600000,0.0,0.0,0.0
2025-03-14,9.138999938964844,9.144000053405762,9.038000106811523,9.092000007629395,2203000,0.0,0.0,0.0
2025-03-17,9.119999885559082,9.190999984741211,9.119999885559082,9.178000450134277,2630000,0.0,0.0,0.0
2025-03-18,9.170999526977539,9.1899995803833,9.130000114440918,9.164999961853027,1248000,0.0,0.0,0.0
2025-03-19,9.038999557495117,9.144000053405762,9.020999908447266,9.126999855041504,1368000,0.0,0.0,0.0
2025-03-20,9.017999649047852,9.057999610900879,8.987000465393066,9.008999824523926,2050000,0.0,0.0,0.0
2025-03-21,8.925999641418457,8.993000030517578,8.902999877929688,8.993000030517578,3042000,0.0,0.0,0.0
2025-03-24,8.904000282287598,8.925999641418457,8.875,8.887999534606934,2168000,0.0,0.0,0.0
2025-03-25,9.015000343322754,9.020000457763672,8.932000160217285,8.946999549865723,1185000,0.0,0.0,0.0
2025-03-26,8.968000411987305,8.968000411987305,8.914999961853027,8.934000015258789,1000000,0.0,0.0,0.0
2025-03-27,8.894000053405762,9.041999816894531,8.888999938964844,9.020000457763672,1645000,0.0,0.0,0.0
2025-03-28,9.027999877929688,9.031999588012695,8.937000274658203,8.996000289916992,2165000,0.0,0.0,0.0
2025-03-31,9.069999694824219,9.161999702453613,8.96399974822998,9.13700008392334,2595000,0.0,0.0,0.0
2025-04-01,9.085000038146973,9.092000007629395,8.98799991607666,9.008000373840332,2562000,0.0,0.0,0.0
2025-04-02,8.916000366210938,8.960000038146973,8.85099983215332,8.878000259399414,2710000,0.0,0.0,0.0
2025-04-03,8.758999824523926,8.800000190734863,8.649999618530273,8.654000282287598,4555000,0.0,0.0,0.0
2025-04-04,8.496000289916992,8.52299976348877,8.35099983215332,8.390000343322754,5044000,0.0,0.0,0.0
2025-04-07,8.37600040435791,8.465999603271484,8.279000282287598,8.340999603271484,3860000,0.0,0.0,0.0
2025-04-08,8.40999984741211,8.451000213623047,8.366999626159668,8.388999938964844,2604000,0.0,0.0,0.0
2025-04-09,8.42199993133545,8.550000190734863,8.371999740600586,8.506999969482422,3980000,0.0,0.0,0.0
2025-04-10,8.597000122070312,8.604000091552734,8.510000228881836,8.526000022888184,1369000,0.0,0.0,0.0
2025-04-11,8.628000259399414,8.680999755859375,8.574999809265137,8.640000343322754,2412000,0.0,0.0,0.0
2025-04-14,8.682999610900879,8.753999710083008,8.654000282287598,8.710000038146973,1298000,0.0,0.0,0.0
2025-04-15,8.805000305175781,8.814000129699707,8.748000144958496,8.795999526977539,1467000,0.0,0.0,0.0
2025-04-16,8.85099983215332,8.899999618530273,8.847999572753906,8.859999656677246,2371000,0.0,0.0,0.0
2025-04-17,8.777999877929688,8.869999885559082,8.76200008392334,8.847999572753906,1369000,0.0,0.0,0.0
2025-04-21,8.845000267028809,8.87399959564209,8.800999641418457,8.835000038146973,1842000,0.0,0.0,0.0
2025-04-22,8.78600025177002,8.824000358581543,8.75100040435791,8.76099967956543,1363000,0.0,0.0,0.0
2025-04-23,8.862000465393066,8.942999839782715,8.840999603271484,8.843999862670898,2378000,0.0,0.0,0.0
2025-04-24,8.937999725341797,8.937999725341797,8.869000434875488,8.902000427246094,783000,0.0,0.0,0.0
2025-04-25,8.84000015258789,8.899999618530273,8.810999870300293,8.897000312805176,637000,0.0,0.0,0.0
2025-04-28,9.057999610900879,9.074999809265137,9.005999565124512,9.055999755859375,2130000,0.0,0.0,0.0
2025-04-29,9.038999557495117,9.043999671936035,8.930999755859375,8.956999778747559,1471000,0.0,0.0,0.0
2025-04-30,8.848999977111816,8.873000144958496,8.800999641418457,8.848999977111816,1752000,0.0,0.0,0.0
2025-05-01,8.84000015258789,8.845000267028809,8.755000114440918,8.82800006866455,728000,0.0,0.0,0.0
2025-05-02,8.850000381469727,8.890000343322754,8.770000457763672,8.821000099182129,1977000,0.0,0.0,0.0
2025-05-05,8.842000007629395,8.842000007629395,8.739999771118164,8.79699993133545,758000,0.0,0.0,0.0
2025-05-06,8.980999946594238,9.039999961853027,8.961999893188477,9.031000137329102,1502000,0.0,0.0,0.0
2025-05-07,9.015999794006348,9.03499984741211,8.91100025177002,8.932999610900879,1775000,0.0,0.0,0.0
2025-05-08,9.02400016784668,9.104000091552734,8.939000129699707,8.963000297546387,770000,0.0,0.0,0.0
2025-05-09,9.019000053405762,9.135000228881836,9.0,9.116999626159668,1113000,0.0,0.0,0.0
2025-05-12,8.96399974822998,8.979999542236328,8.928000450134277,8.958999633789062,1052000,0.0,0.0,0.0
2025-05-13,9.026000022888184,9.0649995803833,8.998000144958496,9.0600004196167,821000,0.0,0.0,0.0
2025-05-14,9.050000190734863,9.053999900817871,8.954999923706055,8.956000328063965,912000,0.0,0.0,0.0
2025-05-15,9.01099967956543,9.079999923706055,9.0,9.064000129699707,906000,0.0,0.0,0.0
2025-05-16,9.0,9.052000045776367,8.982000350952148,9.031000137329102,849000,0.0,0.0,0.0
2025-05-19,9.03499984741211,9.159000396728516,9.020999908447266,9.154999732971191,1383000,0.0,0.0,0.0
2025-05-20,9.399999618530273,9.668999671936035,9.357999801635742,9.645999908447266,5306000,0.0,0.0,0.0
2025-05-21,9.694999694824219,9.911999702453613,9.694000244140625,9.88599967956543,10891000,0.0,0.0,0.0
2025-05-22,9.812000274658203,9.871000289916992,9.758999824523926,9.859999656677246,3490000,0.0,0.0,0.0
2025-05-23,9.92300033569336,10.031999588012695,9.859999656677246,10.015000343322754,6329000,0.0,0.0,0.0
2025-05-27,9.878999710083008,9.928999900817871,9.784000396728516,9.904999732971191,3478000,0.0,0.0,0.0
2025-05-28,9.923999786376953,9.932999610900879,9.85200023651123,9.892000198364258,3261000,0.0,0.0,0.0
2025-05-29,9.932999610900879,9.942999839782715,9.843999862670898,9.87600040435791,3401000,0.0,0.0,0.0
2025-05-30,9.75,9.76200008392334,9.619000434875488,9.675000190734863,3038000,0.0,0.0,0.0
2025-06-02,9.593000411987305,9.77299976348877,9.550000190734863,9.75100040435791,6668000,0.0,0.0,0.0
2025-06-03,9.692000389099121,9.854999542236328,9.642999649047852,9.845000267028809,3803000,0.0,0.0,0.0
2025-06-04,9.843000411987305,10.050999641418457,9.829999923706055,10.050999641418457,3650000,0.0,0.0,0.0
2025-06-05,10.423999786376953,10.487000465393066,10.329000473022461,10.437999725341797,7916000,0.0,0.0,0.0
2025-06-06,10.675000190734863,10.720000267028809,10.597000122070312,10.699999809265137,7079000,0.0,0.0,0.0
2025-06-09,10.928000450134277,11.145000457763672,10.913999557495117,11.109999656677246,6567000,0.0,0.0,0.0
2025-06-10,11.173999786376953,11.1850004196167,11.03600025177002,11.121000289916992,5277000,0.0,0.0,0.0
2025-06-11,11.600000381469727,11.755000114440918,11.418999671936035,11.470999717712402,11760000,0.0,0.0,0.0
2025-06-12,11.512999534606934,11.848999977111816,11.501999855041504,11.78600025177002,6249000,0.0,0.0,0.0
2025-06-13,11.36299991607666,11.37600040435791,11.069999694824219,11.201000213623047,7602000,0.0,0.0,0.0
2025-06-16,11.614999771118164,11.619999885559082,11.35099983215332,11.375,4410000,0.0,0.0,0.0
2025-06-17,11.52400016784668,11.583000183105469,11.42199993133545,11.539999961853027,4226000,0.0,0.0,0.0
2025-06-18,11.892999649047852,12.121999740600586,11.86299991607666,12.053999900817871,7517000,0.0,0.0,0.0
2025-06-20,11.543999671936035,11.652000427246094,11.506999969482422,11.536999702453613,5794000,0.0,0.0,0.0
2025-06-23,11.774999618530273,11.890000343322754,11.720000267028809,11.770000457763672,4416000,0.0,0.0,0.0
2025-06-24,11.82699966430664,12.065999984741211,11.635000228881836,11.987000465393066,7846000,0.0,0.0,0.0
2025-06-25,11.958000183105469,12.472000122070312,11.930000305175781,12.404999732971191,6432000,0.0,0.0,0.0
2025-06-26,12.609999656677246,13.069000244140625,12.550000190734863,12.88599967956543,10397000,0.0,0.0,0.0
2025-06-27,12.119000434875488,12.309000015258789,12.062999725341797,12.201000213623047,7375000,0.0,0.0,0.0
2025-06-30,12.26099967956543,12.300000190734863,12.010000228881836,12.286999702453613,5014000,0.0,0.0,0.0
2025-07-01,12.322999954223633,12.399999618530273,12.12600040435791,12.35200023651123,4332000,0.0,0.0,0.0
2025-07-02,12.626999855041504,13.064000129699707,12.605999946594238,13.015999794006348,9508000,0.0,0.0,0.0
2025-07-03,12.52299976348877,12.593999862670898,12.38700008392334,12.513999938964844,4336000,0.0,0.0,0.0
2025-07-07,12.35099983215332,12.541999816894531,12.315999984741211,12.515999794006348,3100000,0.0,0.0,0.0
2025-07-08,12.446000099182129,12.538000106811523,12.25,12.473999977111816,5080000,0.0,0.0,0.0
2025-07-09,12.387999534606934,12.395000457763672,12.21399974822998,12.28600025177002,3124000,0.0,0.0,0.0
2025-07-10,12.406000137329102,12.491999626159668,12.36299991607666,12.407999992370605,3439000,0.0,0.0,0.0
2025-07-11,12.53499984741211,12.831000328063965,12.47599983215332,12.819999694824219,5718000,0.0,0.0,0.0
2025-07-14,12.5,12.630999565124512,12.388999938964844,12.428000450134277,4284000,0.0,0.0,0.0
2025-07-15,12.663999557495117,12.664999961853027,12.399999618530273,12.42300033569336,4870000,0.0,0.0,0.0
2025-07-16,12.722999572753906,12.95199966430664,12.593000411987305,12.899999618530273,3391000,0.0,0.0,0.0
2025-07-17,12.871999740600586,13.354000091552734,12.836000442504883,13.293999671936035,4745000,0.0,0.0,0.0
2025-07-18,13.35200023651123,13.380000114440918,12.906999588012695,12.98900032043457,3769000,0.0,0.0,0.0
2025-07-21,13.276000022888184,13.300000190734863,13.104000091552734,13.104000091552734,4413000,0.0,0.0,0.0
2025-07-22,13.22700023651123,13.239999771118164,13.076000213623047,13.107999801635742,2520000,0.0,0.0,0.0
2025-07-23,13.001999855041504,13.097999572753906,12.857000350952148,12.880999565124512,3456000,0.0,0.0,0.0
2025-07-24,12.831000328063965,12.965999603271484,12.74899959564209,12.82800006866455,1431000,0.0,0.0,0.0
2025-07-25,12.64900016784668,12.782999992370605,12.595999717712402,12.76200008392334,2285000,0.0,0.0,0.0
2025-07-28,12.786999702453613,12.800000190734863,12.562999725341797,12.57800006866455,2552000,0.0,0.0,0.0
2025-07-29,12.706999778747559,12.788999557495117,12.65999984741211,12.739999771118164,1294000,0.0,0.0,0.0
2025-07-30,12.614999771118164,12.767999649047852,11.711999893188477,11.87600040435791,8558000,0.0,0.0,0.0
2025-07-31,11.836000442504883,11.897000312805176,11.725000381469727,11.781000137329102,4239000,0.0,0.0,0.0
2025-08-01,11.854999542236328,12.02400016784668,11.732999801635742,12.005000114440918,4300000,0.0,0.0,0.0
2025-08-04,12.104000091552734,12.33899974822998,12.104000091552734,12.107000350952148,2451000,0.0,0.0,0.0
2025-08-05,11.890000343322754,12.062000274658203,11.868000030517578,11.993000030517578,2035000,0.0,0.0,0.0
2025-08-06,12.031000137329102,12.227999687194824,12.029000282287598,12.1899995803833,1426000,0.0,0.0,0.0
2025-08-07,12.154999732971191,12.241999626159668,12.083000183105469,12.189000129699707,1164000,0.0,0.0,0.0
2025-08-08,12.07800006866455,12.164999961853027,12.053999900817871,12.11299991607666,1852000,0.0,0.0,0.0
2025-08-11,12.072999954223633,12.161999702453613,12.036999702453613,12.097999572753906,1556000,0.0,0.0,0.0
2025-08-12,12.027999877929688,12.265999794006348,12.019000053405762,12.197999954223633,1953000,0.0,0.0,0.0
2025-08-13,12.14799976348877,12.255000114440918,12.130000114440918,12.215999603271484,2177000,0.0,0.0,0.0
2025-08-14,12.295000076293945,12.38599967956543,12.253999710083008,12.378000259399414,1863000,0.0,0.0,0.0
2025-08-15,12.13700008392334,12.248000144958496,12.100000381469727,12.234000205993652,1424000,0.0,0.0,0.0
2025-08-18,12.152000427246094,12.246999740600586,12.119999885559082,12.14799976348877,1752000,0.0,0.0,0.0
2025-08-19,12.220000267028809,12.25100040435791,11.857000350952148,11.946000099182129,3007000,0.0,0.0,0.0
2025-08-20,12.100000381469727,12.232000350952148,12.100000381469727,12.220000267028809,1275000,0.0,0.0,0.0
2025-08-21,12.178999900817871,12.38599967956543,12.10200023651123,12.369999885559082,1759000,0.0,0.0,0.0
2025-08-22,12.218999862670898,12.630000114440918,12.175000190734863,12.39799976348877,2404000,0.0,0.0,0.0
2025-08-25,12.204000473022461,12.347000122070312,12.157999992370605,12.225000381469727,1717000,0.0,0.0,0.0
2025-08-26,12.22599983215332,12.336999893188477,12.225000381469727,12.321999549865723,2015000,0.0,0.0,0.0
2025-08-27,12.241999626159668,12.3149995803833,12.201000213623047,12.29800033569336,1431000,0.0,0.0,0.0
2025-08-28,12.265000343322754,12.425999641418457,12.229000091552734,12.404999732971191,2268000,0.0,0.0,0.0
2025-08-29,12.3149995803833,12.531999588012695,12.277999877929688,12.522000312805176,2448000,0.0,0.0,0.0
2025-09-02,12.590999603271484,12.920000076293945,12.526000022888184,12.807999610900879,6118000,0.0,0.0,0.0
2025-09-03,12.934000015258789,13.133000373840332,12.871000289916992,12.963000297546387,4381000,0.0,0.0,0.0
2025-09-04,12.652000427246094,12.668999671936035,12.430000305175781,12.532999992370605,3713000,0.0,0.0,0.0
2025-09-05,12.630000114440918,12.769000053405762,12.470000267028809,12.57800006866455,7080000,0.0,0.0,0.0
2025-09-08,12.66100025177002,12.767000198364258,12.57699966430664,12.616000175476074,3562000,0.0,0.0,0.0
2025-09-09,12.62399959564209,12.67300033569336,12.361000061035156,12.5,3250000,0.0,0.0,0.0
2025-09-10,12.63700008392334,12.718999862670898,12.61400032043457,12.656999588012695,3228000,0.0,0.0,0.0
2025-09-11,12.637999534606934,12.690999984741211,12.60099983215332,12.628999710083008,3266000,0.0,0.0,0.0
2025-09-12,12.732000350952148,12.836999893188477,12.732000350952148,12.753000259399414,3453000,0.0,0.0,0.0
2025-09-15,12.663999557495117,12.831000328063965,12.642000198364258,12.8149995803833,2456000,0.0,0.0,0.0
2025-09-16,12.74899959564209,12.758999824523926,12.586000442504883,12.685999870300293,2214000,0.0,0.0,0.0
2025-09-17,12.529999732971191,12.67199993133545,12.321000099182129,12.385000228881836,3852000,0.0,0.0,0.0
2025-09-18,12.621999740600586,12.661999702453613,12.536999702453613,12.614999771118164,3147000,0.0,0.0,0.0
2025-09-19,12.720000267028809,12.86299991607666,12.633000373840332,12.845999717712402,3544000,0.0,0.0,0.0
2025-09-22,12.850000381469727,13.006999969482422,12.760000228881836,12.97700023651123,5579000,0.0,0.0,0.0
2025-09-23,13.456000328063965,13.663999557495117,13.416000366210938,13.475000381469727,9718000,0.0,0.0,0.0
2025-09-24,13.51099967956543,13.5600004196167,13.380999565124512,13.442999839782715,2982000,0.0,0.0,0.0
2025-09-25,13.668999671936035,13.994999885559082,13.612000465393066,13.98900032043457,7277000,0.0,0.0,0.0
2025-09-26,14.163000106811523,14.470999717712402,14.12399959564209,14.383000373840332,7468000,0.0,0.0,0.0
2025-09-29,14.562000274658203,14.600000381469727,14.472000122070312,14.57699966430664,6040000,0.0,0.0,0.0
2025-09-30,14.1850004196167,14.390000343322754,14.126999855041504,14.288000106811523,4789000,0.0,0.0,0.0
2025-10-01,14.324000358581543,14.373000144958496,14.008999824523926,14.206999778747559,5180000,0.0,0.0,0.0
2025-10-02,14.456000328063965,14.456000328063965,13.930999755859375,14.284000396728516,4581000,0.0,0.0,0.0
2025-10-03,14.663999557495117,14.744999885559082,14.498000144958496,14.638999938964844,5103000,0.0,0.0,0.0
2025-10-06,14.935999870300293,14.98799991607666,14.809000015258789,14.817000389099121,4538000,0.0,0.0,0.0
2025-10-07,14.890999794006348,14.946000099182129,14.602999687194824,14.779000282287598,3669000,0.0,0.0,0.0
2025-10-08,15.149999618530273,15.288999557495117,15.050000190734863,15.220000267028809,5921000,0.0,0.0,0.0
2025-10-09,15.354000091552734,15.354000091552734,14.657999992370605,14.767000198364258,8712000,0.0,0.0,0.0
2025-10-10,14.918999671936035,14.956000328063965,14.484000205993652,14.579000473022461,4779000,0.0,0.0,0.0
2025-10-13,15.015999794006348,15.194999694824219,14.753999710083008,14.831000328063965,5370000,0.0,0.0,0.0
2025-10-14,14.774999618530273,15.128000259399414,14.628000259399414,14.944999694824219,3887000,0.0,0.0,0.0
2025-10-15,15.098999977111816,15.187000274658203,14.989999771118164,15.125,3208000,0.0,0.0,0.0
2025-10-16,15.406000137329102,15.78499984741211,15.36400032043457,15.564000129699707,7633000,0.0,0.0,0.0
2025-10-17,14.949000358581543,14.95300006866455,14.572999954223633,14.621000289916992,9834000,0.0,0.0,0.0
2025-10-20,14.847999572753906,15.01200008392334,14.737000465393066,14.984000205993652,3788000,0.0,0.0,0.0
2025-10-21,14.25,14.269000053405762,13.77299976348877,14.03600025177002,8168000,0.0,0.0,0.0
2025-10-22,14.123000144958496,14.857999801635742,13.982000350952148,14.82800006866455,7844000,0.0,0.0,0.0
2025-10-23,14.95300006866455,14.984000205993652,14.722000122070312,14.8100004196167,3459000,0.0,0.0,0.0
2025-10-24,14.609000205993652,14.767000198364258,14.427000045776367,14.62600040435791,3290000,0.0,0.0,0.0
2025-10-27,14.5,14.569999694824219,14.331999778747559,14.428000450134277,5455000,0.0,0.0,0.0
2025-10-28,14.279999732971191,14.536999702453613,14.253999710083008,14.468000411987305,2379000,0.0,0.0,0.0
2025-10-29,14.678999900817871,14.741999626159668,14.388999938964844,14.52400016784668,3462000,0.0,0.0,0.0
2025-10-30,14.508000373840332,14.718999862670898,14.482999801635742,14.685999870300293,2168000,0.0,0.0,0.0
2025-10-31,14.446999549865723,14.519000053405762,14.300000190734863,14.354000091552734,1661000,0.0,0.0,0.0
2025-11-03,14.449999809265137,14.45199966430664,14.201000213623047,14.222999572753906,6170000,0.0,0.0,0.0
2025-11-04,14.050000190734863,14.180000305175781,13.916999816894531,13.970999717712402,2857000,0.0,0.0,0.0
2025-11-05,14.07699966430664,14.222999572753906,14.017999649047852,14.194999694824219,1787000,0.0,0.0,0.0
2025-11-06,14.149999618530273,14.27400016784668,13.807000160217285,13.956000328063965,4317000,0.0,0.0,0.0
2025-11-07,14.050000190734863,14.208000183105469,13.95300006866455,14.065999984741211,2313000,0.0,0.0,0.0
2025-11-10,14.284000396728516,14.47700023651123,14.220000267028809,14.418999671936035,2461000,0.0,0.0,0.0
2025-11-11,14.46399974822998,14.517000198364258,14.300000190734863,14.460000038146973,1629000,0.0,0.0,0.0
2025-11-12,14.420999526977539,14.746999740600586,14.392000198364258,14.746999740600586,4026000,0.0,0.0,0.0
2025-11-13,14.553999900817871,14.609999656677246,14.234999656677246,14.359999656677246,3204000,0.0,0.0,0.0
2025-11-14,14.019000053405762,14.267000198364258,13.958000183105469,14.045000076293945,3572000,0.0,0.0,0.0
2025-11-17,13.977999687194824,14.076000213623047,13.838000297546387,13.95199966430664,2032000,0.0,0.0,0.0
2025-11-18,13.909000396728516,14.08899974822998,13.79800033569336,13.987000465393066,1761000,0.0,0.0,0.0
2025-11-19,14.128999710083008,14.288999557495117,13.996000289916992,14.053999900817871,2084000,0.0,0.0,0.0
2025-11-20,14.0600004196167,14.142999649047852,13.699999809265137,13.732999801635742,3711000,0.0,0.0,0.0
2025-11-21,13.75,13.930999755859375,13.713000297546387,13.793000221252441,2101000,0.0,0.0,0.0
2025-11-24,13.90999984741211,14.11299991607666,13.871999740600586,14.069000244140625,1583000,0.0,0.0,0.0
2025-11-25,14.116999626159668,14.161999702453613,13.98900032043457,14.135000228881836,1698000,0.0,0.0,0.0
2025-11-26,14.234999656677246,14.520000457763672,14.156999588012695,14.494000434875488,2964000,0.0,0.0,0.0
2025-11-28,14.956999778747559,15.300000190734863,14.930999755859375,15.258999824523926,4858000,0.0,0.0,0.0
2025-12-01,15.282999992370605,15.456000328063965,15.053000450134277,15.138999938964844,4638000,0.0,0.0,0.0
2025-12-02,14.967000007629395,14.994000434875488,14.67199993133545,14.970000267028809,4453000,0.0,0.0,0.0
2025-12-03,14.925000190734863,15.163000106811523,14.802000045776367,15.163000106811523,2852000,0.0,0.0,0.0
2025-12-04,14.920000076293945,15.109999656677246,14.86400032043457,15.020000457763672,3600000,0.0,0.0,0.0
2025-12-05,14.960000038146973,15.064000129699707,14.899999618530273,14.968999862670898,1273000,0.0,0.0,0.0
2025-12-08,15.123000144958496,15.182000160217285,14.878999710083008,14.994000434875488,1625000,0.0,0.0,0.0
2025-12-09,15.048999786376953,15.473999977111816,15.0,15.458999633789062,6100000,0.0,0.0,0.0
2025-12-10,15.11299991607666,15.130999565124512,14.805999755859375,15.062000274658203,4788000,0.0,0.0,0.0
2025-12-11,15.187999725341797,15.494000434875488,15.135000228881836,15.46500015258789,4095000,0.0,0.0,0.0
2025-12-12,16.149999618530273,16.156999588012695,15.62399959564209,15.902999877929688,5552000,0.0,0.0,0.0
2025-12-15,16.25,16.52199935913086,16.201000213623047,16.29400062561035,6375000,0.0,0.0,0.0
2025-12-16,16.74799919128418,16.89900016784668,16.63599967956543,16.777000427246094,6488000,0.0,0.0,0.0
2025-12-17,17.23200035095215,17.420000076293945,17.10300064086914,17.232999801635742,8957000,0.0,0.0,0.0
2025-12-18,17.402999877929688,17.660999298095703,17.200000762939453,17.534000396728516,7993000,0.0,0.0,0.0
2025-12-19,17.76300048828125,18.04599952697754,17.687999725341797,17.965999603271484,6806000,0.0,0.0,0.0
2025-12-22,18.961999893188477,19.216999053955078,18.709999084472656,19.177000045776367,15694000,0.0,0.0,0.0
2025-12-23,20.118000030517578,20.909000396728516,19.86199951171875,20.804000854492188,36792000,0.0,0.0,0.0
2025-12-24,20.697999954223633,20.71299934387207,19.47100067138672,20.45199966430664,35482000,0.0,0.0,0.0
2025-12-26,21.854999542236328,22.570999145507812,21.520999908447266,22.013999938964844,38334000,0.0,0.0,0.0
2025-12-29,19.80299949645996,19.98900032043457,18.850000381469727,19.277999877929688,32743000,0.0,0.0,0.0
2025-12-30,20.207000732421875,20.427000045776367,19.575000762939453,19.861000061035156,14232000,0.0,0.0,0.0
2025-12-31,18.496999740600586,18.97100067138672,18.198999404907227,18.64299964904785,15220000,0.0,0.0,0.0
2026-01-02,19.631000518798828,19.740999221801758,19.211999893188477,19.450000762939453,9773000,0.0,0.0,0.0
2026-01-05,20.57699966430664,20.98699951171875,20.3700008392334,20.450000762939453,10259000,0.0,0.0,0.0
2026-01-06,21.424999237060547,22.329999923706055,21.38599967956543,22.045000076293945,17185000,0.0,0.0,0.0
2026-01-07,20.78499984741211,21.066999435424805,20.56999969482422,20.94499969482422,12547000,0.0,0.0,0.0
2026-01-08,20.18199920654297,20.590999603271484,20.06800079345703,20.500999450683594,10281000,0.0,0.0,0.0
2026-01-09,20.888999938964844,21.077999114990234,20.583999633789062,20.68000030517578,7183000,0.0,0.0,0.0
2026-01-12,21.0939998626709,21.573999404907227,21.07900047302246,21.214000701904297,11508000,0.0,0.0,0.0
2026-01-13,21.738000869750977,21.785999298095703,21.04599952697754,21.165000915527344,10662000,0.0,0.0,0.0
2026-01-14,21.849000930786133,21.97100067138672,21.375999450683594,21.875999450683594,14234000,0.0,0.0,0.0
2026-01-15,21.617000579833984,22.145000457763672,21.38599967956543,21.867000579833984,10988000,0.0,0.0,0.0
2026-01-16,20.983999252319336,21.163000106811523,20.566999435424805,20.927000045776367,15366000,0.0,0.0,0.0
2026-01-20,22.007999420166016,22.44700050354004,21.77899932861328,22.406999588012695,16492000,0.0,0.0,0.0
2026-01-21,22.600000381469727,23.177000045776367,22.187000274658203,22.6299991607666,18105000,0.0,0.0,0.0
2026-01-22,22.864999771118164,24.066999435424805,22.790000915527344,24.048999786376953,15364000,0.0,0.0,0.0
2026-01-23,24.600000381469727,25.25200080871582,24.496999740600586,25.225000381469727,14086000,0.0,0.0,0.0
2026-01-26,25.634000778198242,26.16200065612793,24.155000686645508,24.674999237060547,30192000,0.0,0.0,0.0
2026-01-27,23.85700035095215,23.92799949645996,22.871999740600586,23.777999877929688,24869000,0.0,0.0,0.0
2026-01-28,24.167999267578125,24.52199935913086,23.42099952697754,24.516000747680664,14696000,0.0,0.0,0.0
2026-01-29,25.476999282836914,25.634000778198242,22.649999618530273,23.913000106811523,22521000,0.0,0.0,0.0
2026-01-30,20.82900047302246,21.100000381469727,18.261999130249023,19.503999710083008,35812000,0.0,0.0,0.0
2026-02-02,19.391000747680664,19.715999603271484,18.881999969482422,19.464000701904297,15057000,0.0,0.0,0.0
2026-02-03,20.399999618530273,20.68400001525879,19.797000885009766,20.259000778198242,7833000,0.0,0.0,0.0
2026-02-04,20.916000366210938,20.93000030517578,19.69300079345703,20.141000747680664,8866000,0.0,0.0,0.0
2026-02-05,18.309999465942383,18.93600082397461,18.06800079345703,18.177000045776367,13371000,0.0,0.0,0.0
2026-02-06,18.545000076293945,19.21299934387207,18.5,19.1299991607666,5477000,0.0,0.0,0.0
2026-02-09,19.170000076293945,19.472000122070312,19.073999404907227,19.461000442504883,4338000,0.0,0.0,0.0
2026-02-10,19.299999237060547,19.4060001373291,18.90999984741211,19.01300048828125,3229000,0.0,0.0,0.0
2026-02-11,19.618000030517578,19.666000366210938,19.06100082397461,19.43899917602539,4789000,0.0,0.0,0.0
2026-02-12,19.29400062561035,19.457000732421875,18.05699920654297,18.152999877929688,8512000,0.0,0.0,0.0
2026-02-13,18.7810001373291,19.027999877929688,18.451000213623047,18.697999954223633,3890000,0.0,0.0,0.0
2026-02-17,18.32699966430664,18.472999572753906,18.05699920654297,18.292999267578125,4952000,0.0,0.0,0.0
2026-02-18,18.864999771118164,19.149999618530273,18.799999237060547,18.927000045776367,4112000,0.0,0.0,0.0
2026-02-19,18.790000915527344,18.945999145507812,18.62700080871582,18.844999313354492,2330000,0.0,0.0,0.0
2026-02-20,19.270000457763672,19.70400047302246,19.18600082397461,19.64900016784668,4676000,0.0,0.0,0.0
2026-02-23,19.608999252319336,19.764999389648438,19.114999771118164,19.736000061035156,5043000,0.0,0.0,0.0
2026-02-24,19.299999237060547,19.812999725341797,19.231000900268555,19.76300048828125,3697000,0.0,0.0,0.0
2026-02-25,20.86400032043457,21.16699981689453,20.700000762939453,20.72599983215332,8411000,0.0,0.0,0.0
2026-02-26,20.503000259399414,20.70800018310547,20.033000946044922,20.70800018310547,3285000,0.0,0.0,0.0
2026-02-27,21.400999069213867,21.540000915527344,21.268999099731445,21.472999572753906,5948000,0.0,0.0,0.0
2026-03-02,20.85700035095215,21.01799964904785,20.482999801635742,20.97800064086914,5441000,0.0,0.0,0.0
2026-03-03,19.066999435424805,19.21500015258789,18.264999389648438,19.089000701904297,8278000,0.0,0.0,0.0
2026-03-04,19.524999618530273,19.680999755859375,19.298999786376953,19.524999618530273,2931000,0.0,0.0,0.0
2026-03-05,19.513999938964844,19.527999877929688,19.0,19.19099998474121,3821000,0.0,0.0,0.0
2026-03-06,19.200000762939453,19.47800064086914,18.97800064086914,19.340999603271484,3322000,0.0,0.0,0.0
2026-03-09,19.534000396728516,19.87299919128418,19.280000686645508,19.809999465942383,3556000,0.0,0.0,0.0
2026-03-10,20.1299991607666,20.312999725341797,19.905000686645508,19.996000289916992,3306000,0.0,0.0,0.0
2026-03-11,19.979999542236328,20.07900047302246,19.632999420166016,19.761999130249023,2325000,0.0,0.0,0.0
2026-03-12,19.75200080871582,19.75200080871582,19.34600067138672,19.386999130249023,3076000,0.0,0.0,0.0
2026-03-13,19.038000106811523,19.05699920654297,18.302000045776367,18.382999420166016,6051000,0.0,0.0,0.0
2026-03-16,19.106000900268555,19.298999786376953,18.93899917602539,19.19499969482422,3655000,0.0,0.0,0.0
2026-03-17,19.415000915527344,19.631000518798828,19.141000747680664,19.260000228881836,1846000,0.0,0.0,0.0
2026-03-18,18.540000915527344,18.799999237060547,18.3799991607666,18.382999420166016,5090000,0.0,0.0,0.0
2026-03-19,17.23699951171875,17.92300033569336,17.121999740600586,17.875,11236000,0.0,0.0,0.0
2026-03-20,18.04199981689453,18.18400001525879,17.367000579833984,17.424999237060547,7681000,0.0,0.0,0.0
2026-03-23,16.92799949645996,17.350000381469727,16.677000045776367,17.011999130249023,8344000,0.0,0.0,0.0
2026-03-24,17.0939998626709,17.371000289916992,16.975000381469727,17.16900062561035,3501000,0.0,0.0,0.0
2026-03-25,17.76799964904785,17.898000717163086,17.450000762939453,17.54400062561035,2636000,0.0,0.0,0.0
2026-03-26,16.93899917602539,17.04199981689453,16.440000534057617,16.54599952697754,3906000,0.0,0.0,0.0
2026-03-27,16.66200065612793,17.225000381469727,16.572999954223633,16.940000534057617,3743000,0.0,0.0,0.0
2026-03-30,17.3700008392334,17.429000854492188,17.020000457763672,17.222000122070312,2137000,0.0,0.0,0.0
2026-03-31,17.243000030517578,17.88800048828125,17.243000030517578,17.822999954223633,4910000,0.0,0.0,0.0
2026-04-01,17.83099937438965,18.047000885009766,17.672000885009766,17.8439998626709,4224000,0.0,0.0,0.0
2026-04-02,17.299999237060547,18.1299991607666,17.28700065612793,18.07900047302246,3792000,0.0,0.0,0.0
2026-04-06,17.885000228881836,18.023000717163086,17.746000289916992,17.9689998626709,1589000,0.0,0.0,0.0
2026-04-07,17.604000091552734,17.82200050354004,17.295000076293945,17.79199981689453,3036000,0.0,0.0,0.0
2026-04-08,18.80900001525879,18.86199951171875,18.410999298095703,18.511999130249023,5705000,0.0,0.0,0.0
2026-04-09,18.584999084472656,19.23699951171875,18.520000457763672,19.156999588012695,3087000,0.0,0.0,0.0
2026-04-10,18.636999130249023,18.804000854492188,18.552000045776367,18.6200008392334,1980000,0.0,0.0,0.0
2026-04-13,18.39299964904785,18.83099937438965,18.273000717163086,18.80500030517578,1558000,0.0,0.0,0.0
2026-04-14,18.7450008392334,19.152999877929688,18.7450008392334,19.145999908447266,2076000,0.0,0.0,0.0
2026-04-15,19.235000610351562,19.427000045776367,19.05500030517578,19.270999908447266,1505000,0.0,0.0,0.0
2026-04-16,19.30299949645996,19.33799934387207,18.874000549316406,19.02899932861328,1650000,0.0,0.0,0.0
2026-04-17,19.132999420166016,19.496999740600586,19.132999420166016,19.246999740600586,2523000,0.0,0.0,0.0
2026-04-20,18.922000885009766,18.97599983215332,18.679000854492188,18.930999755859375,4820000,0.0,0.0,0.0
2026-04-21,18.790000915527344,18.93000030517578,18.243000030517578,18.308000564575195,4784000,0.0,0.0,0.0
2026-04-22,18.871999740600586,19.00200080871582,18.733999252319336,18.860000610351562,1745000,0.0,0.0,0.0
2026-04-23,18.351999282836914,18.49799919128418,18.10300064086914,18.226999282836914,3773000,0.0,0.0,0.0
2026-04-24,18.113000869750977,18.385000228881836,18.0939998626709,18.256999969482422,1740000,0.0,0.0,0.0
2026-04-27,18.05299949645996,18.183000564575195,17.972000122070312,17.999000549316406,1692000,0.0,0.0,0.0
2026-04-28,17.75,17.80299949645996,17.538999557495117,17.590999603271484,2867000,0.0,0.0,0.0
2026-04-29,17.173999786376953,17.25,17.01300048828125,17.059999465942383,3598000,0.0,0.0,0.0
2026-04-30,17.819000244140625,18.069000244140625,17.65999984741211,17.979999542236328,3142000,0.0,0.0,0.0
2026-05-01,18.069000244140625,18.304000854492188,18.000999450683594,18.000999450683594,1853000,0.0,0.0,0.0
2026-05-04,17.854999542236328,17.976999282836914,17.56999969482422,17.624000549316406,3026000,0.0,0.0,0.0
2026-05-05,17.909000396728516,17.985000610351562,17.665000915527344,17.665000915527344,1229000,0.0,0.0,0.0
2026-05-06,18.2450008392334,18.708999633789062,18.222000122070312,18.670000076293945,3117000,0.0,0.0,0.0
2026-05-07,18.854999542236328,18.906999588012695,18.3799991607666,18.42300033569336,2128000,0.0,0.0,0.0
2026-05-08,18.42300033569336,18.667999267578125,18.333999633789062,18.60099983215332,1440000,0.0,0.0,0.0
2026-05-11,19.134000778198242,19.368999481201172,19.0,19.29599952697754,2763000,0.0,0.0,0.0
2026-05-12,19.07200050354004,19.347000122070312,18.781999588012695,19.312999725341797,2684000,0.0,0.0,0.0
2026-05-13,19.329999923706055,19.924999237060547,19.30699920654297,19.548999786376953,4822000,0.0,0.0,0.0
2026-05-14,18.899999618530273,18.908000946044922,18.614999771118164,18.68000030517578,3545000,0.0,0.0,0.0
2026-05-15,18.0,18.073999404907227,17.825000762939453,17.902999877929688,3384000,0.0,0.0,0.0
2026-05-18,17.979999542236328,18.030000686645508,17.760000228881836,17.84000015258789,1645200,0.0,10.0,0.0
2026-05-19,17.469999313354492,17.690000534057617,17.389999389648438,17.420000076293945,1638600,0.0,0.0,0.0
2026-05-20,17.479999542236328,17.780000686645508,17.3799991607666,17.709999084472656,1105800,0.0,0.0,0.0
2026-05-21,17.469999313354492,17.8799991607666,17.389999389648438,17.850000381469727,1131200,0.0,0.0,0.0
2026-05-22,17.56999969482422,17.6299991607666,17.31999969482422,17.469999313354492,1201600,0.0,0.0,0.0
2026-05-26,17.649999618530273,17.739999771118164,17.540000915527344,17.739999771118164,1165900,0.0,0.0,0.0
2026-05-27,17.34000015258789,17.459999084472656,17.280000686645508,17.43000030517578,1313600,0.0,0.0,0.0
2026-05-28,17.1200008392334,17.5,16.959999084472656,17.450000762939453,2341100,0.0,0.0,0.0
2026-05-29,17.530000686645508,17.6299991607666,17.290000915527344,17.450000762939453,1306800,0.0,0.0,0.0
2026-06-01,17.440000534057617,17.56999969482422,17.309999465942383,17.450000762939453,1838800,0.0,0.0,0.0
2026-06-02,17.649999618530273,17.690000534057617,17.450000762939453,17.530000686645508,1219500,0.0,0.0,0.0
2026-06-03,17.329999923706055,17.34000015258789,16.81999969482422,16.8799991607666,3864500,0.0,0.0,0.0
2026-06-04,17.170000076293945,17.239999771118164,17.010000228881836,17.209999084472656,2345300,0.0,0.0,0.0
2026-06-05,16.899999618530273,16.899999618530273,16.059999465942383,16.18000030517578,5012200,0.0,0.0,0.0
2026-06-08,15.930000305175781,16.0,15.720000267028809,15.920000076293945,2555000,0.0,0.0,0.0
2026-06-09,16.079999923706055,16.170000076293945,15.420000076293945,15.630000114440918,2693100,0.0,0.0,0.0
2026-06-10,15.239999771118164,15.470000267028809,15.109999656677246,15.130000114440918,2449400,0.0,0.0,0.0
2026-06-11,15.1899995803833,15.6899995803833,15.079999923706055,15.630000114440918,2412300,0.0,0.0,0.0
2026-06-12,15.539999961853027,15.600000381469727,15.329999923706055,15.539999961853027,1931300,0.0,0.0,0.0
2026-06-15,16.43000030517578,16.5,16.040000915527344,16.059999465942383,2267300,0.0,0.0,0.0
2026-06-16,16.420000076293945,16.530000686645508,16.270000457763672,16.420000076293945,2464200,0.0,0.0,0.0
2026-06-17,16.190000534057617,16.3700008392334,15.59000015258789,15.670000076293945,3283800,0.0,0.0,0.0
2026-06-18,15.65999984741211,15.680000305175781,15.289999961853027,15.369999885559082,2710300,0.0,0.0,0.0
2026-06-22,15.199999809265137,15.4399995803833,15.079999923706055,15.180000305175781,6270200,0.0,0.0,0.0
2026-06-23,14.979999542236328,15.149999618530273,14.9399995803833,14.960000038146973,3762100,0.0,0.0,0.0
2026-06-24,14.34000015258789,14.489999771118164,14.069999694824219,14.229999542236328,5409900,0.0,0.0,0.0
2026-06-25,14.510000228881836,14.649999618530273,14.300000190734863,14.489999771118164,2924700,0.0,0.0,0.0
2026-06-26,14.65999984741211,14.869999885559082,14.550000190734863,14.770000457763672,2080100,0.0,0.0,0.0
2026-06-29,14.34000015258789,14.399999618530273,14.199999809265137,14.329999923706055,2768000,0.0,0.0,0.0
2026-06-30,14.199999809265137,14.350000381469727,14.0600004196167,14.130000114440918,2368000,0.0,0.0,0.0
2026-07-01,14.319999694824219,14.579999923706055,14.289999961853027,14.289999961853027,2880900,0.0,0.0,0.0
2026-07-02,14.640000343322754,14.84000015258789,14.609999656677246,14.720000267028809,2725000,0.0,0.0,0.0
2026-07-06,14.699999809265137,14.850000381469727,14.680000305175781,14.829999923706055,1560100,0.0,0.0,0.0
2026-07-07,14.930000305175781,15.0600004196167,14.75,14.84000015258789,2322900,0.0,0.0,0.0
2026-07-08,14.3100004196167,14.4399995803833,14.210000038146973,14.40999984741211,3869500,0.0,0.0,0.0
2026-07-09,14.630000114440918,14.8100004196167,14.619999885559082,14.619999885559082,2017700,0.0,0.0,0.0
2026-07-10,14.609999656677246,14.800000190734863,14.59000015258789,14.770000457763672,1154000,0.0,0.0,0.0
2026-07-13,14.699999809265137,14.770000457763672,14.449999809265137,14.520000457763672,3099000,0.0,0.0,0.0
2026-07-14,14.869999885559082,15.09000015258789,14.739999771118164,14.779999732971191,1167900,0.0,0.0,0.0
2026-07-15,14.899999618530273,15.329999923706055,14.699999809265137,15.1899995803833,2516300,0.0,0.0,0.0
2026-07-16,15.079999923706055,15.09000015258789,14.649999618530273,14.6899995803833,1664100,0.0,0.0,0.0
2026-07-17,14.180000305175781,14.5600004196167,14.130000114440918,14.5,2527900,0.0,0.0,0.0
2026-07-20,14.359999656677246,14.550000190734863,14.3100004196167,14.470000267028809,1899000,0.0,0.0,0.0
2026-07-21,14.609999656677246,14.84000015258789,14.609999656677246,14.819999694824219,1148200,0.0,0.0,0.0
2026-07-22,14.979999542236328,15.100000381469727,14.84000015258789,14.880000114440918,1420100,0.0,0.0,0.0
2026-07-23,14.460000038146973,14.59000015258789,14.420000076293945,14.460000038146973,1638000,0.0,0.0,0.0
2026-07-24,14.34000015258789,14.529999732971191,14.289999961853027,14.430000305175781,1113700,0.0,0.0,0.0
2026-07-27,14.699999809265137,14.829999923706055,14.619999885559082,14.729999542236328,1019200,0.0,0.0,0.0
2026-07-28,14.5,14.699999809265137,14.350000381469727,14.539999961853027,2118100,0.0,0.0,0.0
2026-07-29,14.390000343322754,14.869999885559082,14.289999961853027,14.59000015258789,1318200,0.0,0.0,0.0
2026-07-30,14.649999618530273,15.0600004196167,14.649999618530273,15.029999732971191,2407800,0.0,0.0,0.0
2026-07-31,14.779999732971191,15.020000457763672,14.640000343322754,14.960000038146973,1670300,0.0,0.0,0.0
2026-08-03,14.619999885559082,14.770000457763672,14.59000015258789,14.760000228881836,2328900,0.0,0.0,0.0
2026-08-04,15.609999656677246,15.859999656677246,15.550000190734863,15.739999771118164,5109200,0.0,0.0,0.0
2026-08-05,15.649999618530273,15.819999694824219,15.609999656677246,15.729999542236328,3992000,0.0,0.0,0.0
2026-08-06,15.670000076293945,15.829999923706055,15.569999694824219,15.670000076293945,2819500,0.0,0.0,0.0
2026-08-07,15.880000114440918,15.970000267028809,15.75,15.850000381469727,2604700,0.0,0.0,0.0
2026-08-10,15.770000457763672,15.9399995803833,15.600000381469727,15.90999984741211,1679000,0.0,0.0,0.0
2026-08-11,15.899999618530273,15.989999771118164,15.720000267028809,15.779999732971191,1216300,0.0,0.0,0.0
2026-08-12,16.139999389648438,16.200000762939453,15.899999618530273,15.9399995803833,2322000,0.0,0.0,0.0
2026-08-13,15.600000381469727,15.680000305175781,15.510000228881836,15.539999961853027,1869400,0.0,0.0,0.0
2026-08-14,15.729999542236328,15.90999984741211,15.729999542236328,15.869999885559082,1479700,0.0,0.0,0.0
2026-08-17,15.970000267028809,16.18000030517578,15.949999809265137,16.06999969482422,1517800,0.0,0.0,0.0
2026-08-18,15.760000228881836,15.859999656677246,15.539999961853027,15.5600004196167,2168100,0.0,0.0,0.0
2026-08-19,16.010000228881836,16.520000457763672,16.0,16.459999084472656,4080600,0.0,0.0,0.0
2026-08-20,16.399999618530273,16.690000534057617,16.270000457763672,16.68000030517578,5179800,0.0,0.0,0.0
2026-08-21,17.219999313354492,17.299999237060547,16.969999313354492,17.020000457763672,4090200,0.0,0.0,0.0
2026-08-24,17.15999984741211,17.25,16.920000076293945,17.0,4048400,0.0,0.0,0.0
2026-08-25,16.639999389648438,16.8799991607666,16.610000610351562,16.860000610351562,2627000,0.0,0.0,0.0
2026-08-26,16.790000915527344,16.850000381469727,16.59000015258789,16.610000610351562,1520400,0.0,0.0,0.0
2026-08-27,16.540000915527344,16.790000915527344,16.440000534057617,16.760000228881836,2422100,0.0,0.0,0.0
2026-08-28,17.100000381469727,17.18000030517578,16.469999313354492,16.489999771118164,5628300,0.0,0.0,0.0
2026-08-31,16.350000381469727,16.389999389648438,16.100000381469727,16.25,3235100,0.0,0.0,0.0
2026-09-01,15.869999885559082,16.100000381469727,15.760000228881836,15.800000190734863,3694700,0.0,0.0,0.0
2026-09-02,15.9399995803833,16.079999923706055,15.869999885559082,15.979999542236328,2425200,0.0,0.0,0.0
2026-09-03,16.270000457763672,16.639999389648438,16.190000534057617,16.489999771118164,3028400,0.0,0.0,0.0
2026-09-04,16.360000610351562,16.540000915527344,16.329999923706055,16.5,1434600,0.0,0.0,0.0
2026-09-08,16.59000015258789,16.760000228881836,16.450000762939453,16.459999084472656,1878200,0.0,0.0,0.0
2026-09-09,17.270000457763672,17.440000534057617,17.139999389648438,17.149999618530273,3288500,0.0,0.0,0.0
2026-09-10,16.3700008392334,16.489999771118164,16.09000015258789,16.1299991607666,3305300,0.0,0.0,0.0
2026-09-11,16.389999389648438,16.440000534057617,16.18000030517578,16.260000228881836,1572900,0.0,0.0,0.0
2026-09-14,15.989999771118164,16.1299991607666,15.8100004196167,15.899999618530273,2079300,0.0,0.0,0.0
2026-09-15,16.079999923706055,16.139999389648438,15.920000076293945,16.06999969482422,2597200,0.0,0.0,0.0
2026-09-16,16.200000762939453,16.25,15.6899995803833,15.829999923706055,2216100,0.0,0.0,0.0
2026-09-17,16.149999618530273,16.270000457763672,16.040000915527344,16.059999465942383,3498200,0.0,0.0,0.0
