Date,Open,High,Low,Close,Volume,Dividends,Stock Splits,Capital Gains
2020-09-03,54.7599983215332,55.15999984741211,52.79999923706055,53.36000061035156,1090125,0.0,0.0,0.0
2020-09-04,53.0,55.959999084472656,52.279998779296875,55.52000045776367,1477825,0.0,0.0,0.0
2020-09-08,54.439998626708984,54.84000015258789,51.040000915527344,51.119998931884766,1698400,0.0,0.0,0.0
2020-09-09,52.040000915527344,52.15999984741211,50.0,51.15999984741211,1618850,0.0,0.0,0.0
2020-09-10,50.7599983215332,51.36000061035156,49.52000045776367,49.599998474121094,896525,0.0,0.0,0.0
2020-09-11,49.31999969482422,49.439998626708984,48.2400016784668,48.31999969482422,906750,0.0,0.0,0.0
2020-09-14,50.560001373291016,51.0,49.08000183105469,49.599998474121094,1069200,0.0,0.0,0.0
2020-09-15,49.91999816894531,50.91999816894531,49.91999816894531,50.279998779296875,748975,0.0,0.0,0.0
2020-09-16,50.0,50.040000915527344,48.2400016784668,48.560001373291016,1223925,0.0,0.0,0.0
2020-09-17,47.08000183105469,47.08000183105469,45.119998931884766,45.959999084472656,2536675,0.0,0.0,0.0
2020-09-18,46.47999954223633,47.68000030517578,46.119998931884766,47.439998626708984,1126325,0.0,0.0,0.0
2020-09-21,47.08000183105469,49.119998931884766,46.52000045776367,48.720001220703125,2410200,0.0,0.0,0.0
2020-09-22,47.20000076293945,47.31999969482422,46.040000915527344,46.68000030517578,1026900,0.0,0.0,0.0
2020-09-23,48.7599983215332,51.040000915527344,48.560001373291016,50.36000061035156,1483975,0.0,0.0,0.0
2020-09-24,51.040000915527344,52.599998474121094,49.880001068115234,51.52000045776367,994350,0.0,0.0,0.0
2020-09-25,51.119998931884766,51.599998474121094,50.20000076293945,50.560001373291016,587675,0.0,0.0,0.0
2020-09-28,48.91999816894531,50.52000045776367,48.63999938964844,49.91999816894531,1068800,0.0,0.0,0.0
2020-09-29,47.0,47.31999969482422,45.040000915527344,45.15999984741211,2136150,0.0,0.0,0.0
2020-09-30,45.599998474121094,46.31999969482422,44.599998474121094,45.63999938964844,814300,0.0,0.0,0.0
2020-10-01,45.52000045776367,45.68000030517578,43.91999816894531,44.91999816894531,839650,0.0,0.0,0.0
2020-10-02,44.31999969482422,45.84000015258789,43.720001220703125,44.279998779296875,823575,0.0,0.0,0.0
2020-10-05,47.599998474121094,48.959999084472656,46.91999816894531,47.47999954223633,1571350,0.0,0.0,0.0
2020-10-06,46.400001525878906,47.400001525878906,45.0,45.36000061035156,1198825,0.0,0.0,0.0
2020-10-07,47.79999923706055,48.040000915527344,45.63999938964844,46.79999923706055,1351425,0.0,0.0,0.0
2020-10-08,46.0,47.599998474121094,45.560001373291016,47.439998626708984,1326100,0.0,0.0,0.0
2020-10-09,49.91999816894531,50.68000030517578,48.959999084472656,49.52000045776367,1142150,0.0,0.0,0.0
2020-10-12,52.36000061035156,52.599998474121094,50.7599983215332,51.040000915527344,1215925,0.0,0.0,0.0
2020-10-13,50.52000045776367,51.7599983215332,50.20000076293945,50.47999954223633,990400,0.0,0.0,0.0
2020-10-14,47.63999938964844,48.560001373291016,46.91999816894531,47.15999984741211,2055000,0.0,0.0,0.0
2020-10-15,49.560001373291016,50.279998779296875,49.119998931884766,49.560001373291016,975775,0.0,0.0,0.0
2020-10-16,50.0,50.52000045776367,48.63999938964844,49.119998931884766,905875,0.0,0.0,0.0
2020-10-19,49.279998779296875,50.20000076293945,49.119998931884766,49.959999084472656,747525,0.0,0.0,0.0
2020-10-20,50.31999969482422,50.560001373291016,49.2400016784668,49.52000045776367,604175,0.0,0.0,0.0
2020-10-21,50.720001220703125,50.959999084472656,50.439998626708984,50.560001373291016,496525,0.0,0.0,0.0
2020-10-22,50.20000076293945,50.52000045776367,49.36000061035156,49.560001373291016,559000,0.0,0.0,0.0
2020-10-23,48.720001220703125,49.0,48.31999969482422,48.400001525878906,524825,0.0,0.0,0.0
2020-10-26,49.599998474121094,49.91999816894531,48.63999938964844,49.20000076293945,686500,0.0,0.0,0.0
2020-10-27,48.36000061035156,50.560001373291016,48.31999969482422,50.119998931884766,574475,0.0,0.0,0.0
2020-10-28,49.79999923706055,50.36000061035156,49.599998474121094,49.84000015258789,656775,0.0,0.0,0.0
2020-10-29,48.15999984741211,50.68000030517578,47.7599983215332,50.20000076293945,940925,0.0,0.0,0.0
2020-10-30,49.36000061035156,51.040000915527344,49.36000061035156,50.959999084472656,655250,0.0,0.0,0.0
2020-11-02,49.08000183105469,49.560001373291016,48.720001220703125,49.0,1025800,0.0,0.0,0.0
2020-11-03,47.08000183105469,47.119998931884766,46.119998931884766,46.439998626708984,1691425,0.0,0.0,0.0
2020-11-04,45.91999816894531,46.720001220703125,45.560001373291016,46.31999969482422,902375,0.0,0.0,0.0
2020-11-05,46.47999954223633,47.20000076293945,44.400001525878906,44.52000045776367,1386775,0.0,0.0,0.0
2020-11-06,44.52000045776367,44.52000045776367,43.47999954223633,43.91999816894531,1150200,0.0,0.0,0.0
2020-11-09,43.599998474121094,43.91999816894531,43.0,43.279998779296875,1137875,0.0,0.0,0.0
2020-11-10,43.79999923706055,45.63999938964844,43.720001220703125,44.84000015258789,1052450,0.0,0.0,0.0
2020-11-11,45.279998779296875,46.279998779296875,44.279998779296875,46.08000183105469,1071425,0.0,0.0,0.0
2020-11-12,45.52000045776367,46.20000076293945,44.720001220703125,44.880001068115234,727100,0.0,0.0,0.0
2020-11-13,46.31999969482422,46.52000045776367,45.040000915527344,45.279998779296875,722725,0.0,0.0,0.0
2020-11-16,42.63999938964844,42.68000030517578,41.20000076293945,41.2400016784668,2326875,0.0,0.0,0.0
2020-11-17,41.400001525878906,41.52000045776367,40.720001220703125,41.20000076293945,1257850,0.0,0.0,0.0
2020-11-18,41.63999938964844,42.0,40.880001068115234,41.119998931884766,835825,0.0,0.0,0.0
2020-11-19,38.720001220703125,40.119998931884766,38.47999954223633,39.599998474121094,2381250,0.0,0.0,0.0
2020-11-20,40.15999984741211,40.439998626708984,39.84000015258789,40.20000076293945,630525,0.0,0.0,0.0
2020-11-23,40.560001373291016,41.119998931884766,40.36000061035156,40.84000015258789,1080525,0.0,0.0,0.0
2020-11-24,41.84000015258789,42.119998931884766,41.52000045776367,41.880001068115234,936400,0.0,0.0,0.0
2020-11-25,42.0,43.47999954223633,41.52000045776367,42.7599983215332,1055575,0.0,0.0,0.0
2020-11-27,41.79999923706055,41.880001068115234,40.959999084472656,41.08000183105469,612950,0.0,0.0,0.0
2020-11-30,43.119998931884766,43.36000061035156,41.63999938964844,42.400001525878906,1057225,0.0,0.0,0.0
2020-12-01,41.959999084472656,42.08000183105469,41.040000915527344,41.720001220703125,1172525,0.0,0.0,0.0
2020-12-02,41.68000030517578,41.79999923706055,39.720001220703125,39.84000015258789,1596800,0.0,0.0,0.0
2020-12-03,37.439998626708984,37.439998626708984,36.0,36.36000061035156,4663900,0.0,0.0,0.0
2020-12-04,36.63999938964844,37.959999084472656,36.63999938964844,37.119998931884766,1620550,0.0,0.0,0.0
2020-12-07,34.79999923706055,35.279998779296875,34.47999954223633,35.119998931884766,2462700,0.0,0.0,0.0
2020-12-08,35.2400016784668,35.599998474121094,34.31999969482422,35.36000061035156,1690350,0.0,0.0,0.0
2020-12-09,36.20000076293945,36.279998779296875,35.040000915527344,35.15999984741211,1502500,0.0,0.0,0.0
2020-12-10,35.79999923706055,37.52000045776367,35.63999938964844,37.2400016784668,2107825,0.0,0.0,0.0
2020-12-11,37.20000076293945,38.08000183105469,37.15999984741211,37.52000045776367,1126850,0.0,0.0,0.0
2020-12-14,38.68000030517578,39.119998931884766,37.79999923706055,38.47999954223633,1371800,0.0,0.0,0.0
2020-12-15,38.20000076293945,39.08000183105469,37.959999084472656,38.560001373291016,1234500,0.0,0.0,0.0
2020-12-16,38.20000076293945,38.959999084472656,38.119998931884766,38.79999923706055,870650,0.0,0.0,0.0
2020-12-17,38.91999816894531,39.15999984741211,37.720001220703125,38.47999954223633,1009450,0.0,0.0,0.0
2020-12-18,38.959999084472656,39.2400016784668,38.36000061035156,39.0,789125,0.0,0.0,0.0
2020-12-21,38.79999923706055,39.040000915527344,38.400001525878906,38.959999084472656,652300,0.0,0.0,0.0
2020-12-22,39.79999923706055,40.20000076293945,39.31999969482422,39.599998474121094,1046075,0.0,0.0,0.0
2020-12-23,38.63999938964844,38.880001068115234,37.0,37.52000045776367,1581000,0.0,0.0,0.0
2020-12-24,37.47999954223633,37.880001068115234,36.880001068115234,36.880001068115234,641550,0.0,0.0,0.0
2020-12-28,33.0,34.279998779296875,32.880001068115234,33.91999816894531,2776025,0.0,0.0,0.0
2020-12-29,34.720001220703125,36.040000915527344,34.720001220703125,35.400001525878906,1605225,0.0,0.0,0.0
2020-12-30,35.400001525878906,35.720001220703125,34.599998474121094,35.15999984741211,893400,0.0,0.0,0.0
2020-12-31,35.880001068115234,36.880001068115234,35.36000061035156,36.79999923706055,1219375,0.0,0.0,0.0
2021-01-04,38.0,38.279998779296875,37.20000076293945,37.79999923706055,1085225,0.0,0.0,0.0
2021-01-05,38.959999084472656,39.560001373291016,38.7599983215332,39.119998931884766,1484150,0.0,0.0,0.0
2021-01-06,38.560001373291016,40.119998931884766,38.560001373291016,39.31999969482422,1213100,0.0,0.0,0.0
2021-01-07,39.36000061035156,39.880001068115234,38.720001220703125,38.79999923706055,1146625,0.0,0.0,0.0
2021-01-08,38.599998474121094,39.52000045776367,38.31999969482422,39.0,985850,0.0,0.0,0.0
2021-01-11,38.040000915527344,40.720001220703125,37.959999084472656,40.400001525878906,1500325,0.0,0.0,0.0
2021-01-12,41.31999969482422,41.560001373291016,39.400001525878906,39.68000030517578,1660250,0.0,0.0,0.0
2021-01-13,39.91999816894531,40.720001220703125,39.2400016784668,39.7599983215332,1435175,0.0,0.0,0.0
2021-01-14,39.68000030517578,40.400001525878906,38.560001373291016,38.720001220703125,1506325,0.0,0.0,0.0
2021-01-15,40.31999969482422,40.36000061035156,39.20000076293945,39.84000015258789,1236725,0.0,0.0,0.0
2021-01-19,37.599998474121094,37.7599983215332,36.7599983215332,37.040000915527344,1796800,0.0,0.0,0.0
2021-01-20,36.439998626708984,37.439998626708984,36.08000183105469,37.119998931884766,1309850,0.0,0.0,0.0
2021-01-21,36.400001525878906,36.79999923706055,36.08000183105469,36.7599983215332,1233650,0.0,0.0,0.0
2021-01-22,36.08000183105469,36.400001525878906,35.79999923706055,36.040000915527344,1310325,0.0,0.0,0.0
2021-01-25,37.36000061035156,38.2400016784668,37.20000076293945,38.15999984741211,1357275,0.0,0.0,0.0
2021-01-26,38.36000061035156,38.7599983215332,37.91999816894531,38.68000030517578,880475,0.0,0.0,0.0
2021-01-27,39.36000061035156,40.15999984741211,39.08000183105469,39.279998779296875,1526450,0.0,0.0,0.0
2021-01-28,39.08000183105469,39.47999954223633,37.959999084472656,39.31999969482422,1652775,0.0,0.0,0.0
2021-01-29,38.84000015258789,39.47999954223633,37.47999954223633,37.63999938964844,1401825,0.0,0.0,0.0
2021-02-01,41.119998931884766,42.0,40.880001068115234,41.279998779296875,2674625,0.0,0.0,0.0
2021-02-02,43.63999938964844,43.720001220703125,41.20000076293945,41.560001373291016,2080625,0.0,0.0,0.0
2021-02-03,41.47999954223633,41.599998474121094,40.2400016784668,40.560001373291016,1369450,0.0,0.0,0.0
2021-02-04,41.040000915527344,43.599998474121094,40.720001220703125,43.36000061035156,1931350,0.0,0.0,0.0
2021-02-05,44.599998474121094,44.63999938964844,41.79999923706055,42.119998931884766,2064800,0.0,0.0,0.0
2021-02-08,42.31999969482422,42.560001373291016,41.68000030517578,42.36000061035156,1178350,0.0,0.0,0.0
2021-02-09,41.279998779296875,41.7599983215332,40.91999816894531,41.2400016784668,896925,0.0,0.0,0.0
2021-02-10,42.040000915527344,43.52000045776367,41.79999923706055,43.400001525878906,1428800,0.0,0.0,0.0
2021-02-11,43.959999084472656,44.08000183105469,41.63999938964844,41.7599983215332,2091275,0.0,0.0,0.0
2021-02-12,42.31999969482422,43.47999954223633,41.84000015258789,42.68000030517578,887150,0.0,0.0,0.0
2021-02-16,45.15999984741211,45.20000076293945,43.400001525878906,44.400001525878906,2418125,0.0,0.0,0.0
2021-02-17,44.31999969482422,45.47999954223633,43.959999084472656,45.20000076293945,2029200,0.0,0.0,0.0
2021-02-18,44.7599983215332,44.79999923706055,43.84000015258789,43.959999084472656,1630500,0.0,0.0,0.0
2021-02-19,44.880001068115234,45.20000076293945,44.36000061035156,44.63999938964844,1166550,0.0,0.0,0.0
2021-02-22,43.36000061035156,44.20000076293945,42.959999084472656,43.720001220703125,1362850,0.0,0.0,0.0
2021-02-23,43.08000183105469,43.20000076293945,42.47999954223633,42.7599983215332,1122625,0.0,0.0,0.0
2021-02-24,42.400001525878906,42.599998474121094,41.720001220703125,41.91999816894531,917200,0.0,0.0,0.0
2021-02-25,41.560001373291016,42.279998779296875,41.2400016784668,41.2400016784668,1224900,0.0,0.0,0.0
2021-02-26,40.91999816894531,41.63999938964844,40.63999938964844,41.279998779296875,906400,0.0,0.0,0.0
2021-03-01,41.0,41.68000030517578,40.959999084472656,41.47999954223633,561500,0.0,0.0,0.0
2021-03-02,41.91999816894531,42.68000030517578,41.7599983215332,42.560001373291016,1102850,0.0,0.0,0.0
2021-03-03,42.599998474121094,42.68000030517578,41.959999084472656,42.0,669925,0.0,0.0,0.0
2021-03-04,41.439998626708984,41.599998474121094,40.15999984741211,41.040000915527344,1360875,0.0,0.0,0.0
2021-03-05,41.08000183105469,41.15999984741211,40.08000183105469,40.31999969482422,673600,0.0,0.0,0.0
2021-03-08,39.439998626708984,39.880001068115234,39.279998779296875,39.7599983215332,798575,0.0,0.0,0.0
2021-03-09,39.560001373291016,40.20000076293945,39.36000061035156,39.880001068115234,602775,0.0,0.0,0.0
2021-03-10,39.31999969482422,40.439998626708984,39.119998931884766,40.119998931884766,696750,0.0,0.0,0.0
2021-03-11,39.84000015258789,40.31999969482422,39.400001525878906,39.880001068115234,813725,0.0,0.0,0.0
2021-03-12,39.68000030517578,39.91999816894531,38.599998474121094,38.7599983215332,1175250,0.0,0.0,0.0
2021-03-15,37.68000030517578,37.720001220703125,37.040000915527344,37.400001525878906,1265425,0.0,0.0,0.0
2021-03-16,37.560001373291016,38.279998779296875,37.47999954223633,38.20000076293945,706400,0.0,0.0,0.0
2021-03-17,37.880001068115234,38.040000915527344,37.20000076293945,37.720001220703125,874950,0.0,0.0,0.0
2021-03-18,36.36000061035156,37.63999938964844,36.279998779296875,37.15999984741211,862200,0.0,0.0,0.0
2021-03-19,36.79999923706055,37.959999084472656,36.720001220703125,37.959999084472656,656975,0.0,0.0,0.0
2021-03-22,37.84000015258789,38.7599983215332,37.7599983215332,38.47999954223633,672750,0.0,0.0,0.0
2021-03-23,38.15999984741211,38.439998626708984,37.599998474121094,37.68000030517578,731175,0.0,0.0,0.0
2021-03-24,38.0,38.2400016784668,37.7599983215332,37.79999923706055,319200,0.0,0.0,0.0
2021-03-25,38.0,38.7599983215332,37.599998474121094,38.560001373291016,555325,0.0,0.0,0.0
2021-03-26,38.79999923706055,38.880001068115234,38.439998626708984,38.63999938964844,381975,0.0,0.0,0.0
2021-03-29,38.63999938964844,39.15999984741211,38.08000183105469,38.91999816894531,473600,0.0,0.0,0.0
2021-03-30,38.720001220703125,39.0,38.279998779296875,38.63999938964844,511325,0.0,0.0,0.0
2021-03-31,38.20000076293945,38.63999938964844,37.959999084472656,38.31999969482422,389350,0.0,0.0,0.0
2021-04-01,38.880001068115234,39.20000076293945,38.36000061035156,38.79999923706055,679425,0.0,0.0,0.0
2021-04-05,38.040000915527344,38.040000915527344,36.68000030517578,37.0,934475,0.0,0.0,0.0
2021-04-06,37.68000030517578,37.68000030517578,36.15999984741211,36.2400016784668,952475,0.0,0.0,0.0
2021-04-07,36.7599983215332,37.52000045776367,36.63999938964844,37.0,734300,0.0,0.0,0.0
2021-04-08,37.15999984741211,37.31999969482422,36.7599983215332,37.119998931884766,620350,0.0,0.0,0.0
2021-04-09,37.52000045776367,37.560001373291016,37.08000183105469,37.119998931884766,327950,0.0,0.0,0.0
2021-04-12,38.0,38.040000915527344,37.279998779296875,37.68000030517578,607475,0.0,0.0,0.0
2021-04-13,38.279998779296875,38.880001068115234,38.2400016784668,38.599998474121094,638650,0.0,0.0,0.0
2021-04-14,38.79999923706055,38.959999084472656,38.439998626708984,38.52000045776367,349000,0.0,0.0,0.0
2021-04-15,38.400001525878906,39.47999954223633,38.20000076293945,39.20000076293945,617175,0.0,0.0,0.0
2021-04-16,39.439998626708984,39.560001373291016,39.2400016784668,39.52000045776367,304675,0.0,0.0,0.0
2021-04-19,39.7599983215332,40.439998626708984,39.720001220703125,40.36000061035156,589975,0.0,0.0,0.0
2021-04-20,40.20000076293945,40.400001525878906,40.119998931884766,40.15999984741211,380225,0.0,0.0,0.0
2021-04-21,39.63999938964844,39.880001068115234,39.400001525878906,39.79999923706055,319800,0.0,0.0,0.0
2021-04-22,39.47999954223633,41.0,39.439998626708984,40.599998474121094,842300,0.0,0.0,0.0
2021-04-23,40.439998626708984,40.7599983215332,40.2400016784668,40.2400016784668,330125,0.0,0.0,0.0
2021-04-26,39.84000015258789,41.31999969482422,39.79999923706055,41.2400016784668,576175,0.0,0.0,0.0
2021-04-27,41.68000030517578,42.2400016784668,41.68000030517578,42.08000183105469,820100,0.0,0.0,0.0
2021-04-28,42.599998474121094,42.84000015258789,42.08000183105469,42.31999969482422,564825,0.0,0.0,0.0
2021-04-29,42.400001525878906,42.439998626708984,41.31999969482422,41.68000030517578,447950,0.0,0.0,0.0
2021-04-30,42.279998779296875,42.36000061035156,41.91999816894531,42.040000915527344,293000,0.0,0.0,0.0
2021-05-03,42.20000076293945,42.63999938964844,42.0,42.52000045776367,445150,0.0,0.0,0.0
2021-05-04,42.47999954223633,42.63999938964844,42.040000915527344,42.63999938964844,505150,0.0,0.0,0.0
2021-05-05,42.599998474121094,42.599998474121094,42.08000183105469,42.2400016784668,425175,0.0,0.0,0.0
2021-05-06,42.0,42.560001373291016,41.68000030517578,42.119998931884766,397075,0.0,0.0,0.0
2021-05-07,41.959999084472656,42.84000015258789,41.63999938964844,42.36000061035156,833000,0.0,0.0,0.0
2021-05-10,41.720001220703125,42.119998931884766,41.68000030517578,42.0,395875,0.0,0.0,0.0
2021-05-11,41.36000061035156,42.52000045776367,41.31999969482422,42.36000061035156,362700,0.0,0.0,0.0
2021-05-12,42.279998779296875,42.79999923706055,42.2400016784668,42.720001220703125,497150,0.0,0.0,0.0
2021-05-13,42.20000076293945,42.959999084472656,42.08000183105469,42.599998474121094,321400,0.0,0.0,0.0
2021-05-14,42.7599983215332,42.79999923706055,42.2400016784668,42.560001373291016,350275,0.0,0.0,0.0
2021-05-17,44.63999938964844,45.119998931884766,44.36000061035156,44.63999938964844,1130200,0.0,0.0,0.0
2021-05-18,43.959999084472656,43.959999084472656,43.20000076293945,43.2400016784668,552350,0.0,0.0,0.0
2021-05-19,42.79999923706055,43.0,42.279998779296875,42.68000030517578,505875,0.0,0.0,0.0
2021-05-20,42.439998626708984,42.47999954223633,41.79999923706055,42.36000061035156,669125,0.0,0.0,0.0
2021-05-21,41.84000015258789,42.040000915527344,41.68000030517578,41.84000015258789,341900,0.0,0.0,0.0
2021-05-24,41.279998779296875,41.7599983215332,41.15999984741211,41.68000030517578,439375,0.0,0.0,0.0
2021-05-25,41.959999084472656,42.15999984741211,41.599998474121094,42.15999984741211,293550,0.0,0.0,0.0
2021-05-26,42.15999984741211,42.84000015258789,41.84000015258789,42.47999954223633,644400,0.0,0.0,0.0
2021-05-27,42.20000076293945,42.400001525878906,41.0,41.63999938964844,461700,0.0,0.0,0.0
2021-05-28,42.52000045776367,42.560001373291016,41.959999084472656,42.08000183105469,409850,0.0,0.0,0.0
2021-06-01,43.68000030517578,44.31999969482422,43.47999954223633,43.68000030517578,952825,0.0,0.0,0.0
2021-06-02,43.599998474121094,43.79999923706055,42.880001068115234,43.15999984741211,322550,0.0,0.0,0.0
2021-06-03,42.91999816894531,43.279998779296875,42.68000030517578,43.040000915527344,388525,0.0,0.0,0.0
2021-06-04,42.880001068115234,43.91999816894531,42.560001373291016,43.560001373291016,347400,0.0,0.0,0.0
2021-06-07,42.91999816894531,43.439998626708984,42.880001068115234,43.279998779296875,358950,0.0,0.0,0.0
2021-06-08,44.7599983215332,44.959999084472656,43.880001068115234,44.0,660250,0.0,0.0,0.0
2021-06-09,44.47999954223633,44.560001373291016,43.959999084472656,44.36000061035156,268650,0.0,0.0,0.0
2021-06-10,44.47999954223633,44.959999084472656,44.040000915527344,44.36000061035156,341900,0.0,0.0,0.0
2021-06-11,45.79999923706055,46.79999923706055,45.7599983215332,46.15999984741211,1151350,0.0,0.0,0.0
2021-06-14,46.52000045776367,47.279998779296875,46.040000915527344,47.2400016784668,524000,0.0,0.0,0.0
2021-06-15,46.880001068115234,47.119998931884766,45.20000076293945,45.20000076293945,651875,0.0,0.0,0.0
2021-06-16,45.119998931884766,46.08000183105469,45.040000915527344,45.720001220703125,295800,0.0,0.0,0.0
2021-06-17,45.15999984741211,45.880001068115234,44.880001068115234,45.68000030517578,436350,0.0,0.0,0.0
2021-06-18,45.20000076293945,45.880001068115234,45.15999984741211,45.2400016784668,223850,0.0,0.0,0.0
2021-06-21,44.47999954223633,45.20000076293945,44.279998779296875,45.040000915527344,364300,0.0,0.0,0.0
2021-06-22,45.79999923706055,46.040000915527344,45.599998474121094,45.880001068115234,313400,0.0,0.0,0.0
2021-06-23,47.040000915527344,47.599998474121094,46.560001373291016,46.560001373291016,755800,0.0,0.0,0.0
2021-06-24,46.68000030517578,48.36000061035156,46.599998474121094,48.040000915527344,572875,0.0,0.0,0.0
2021-06-25,48.439998626708984,49.279998779296875,48.400001525878906,49.279998779296875,609425,0.0,0.0,0.0
2021-06-28,50.400001525878906,51.040000915527344,50.119998931884766,50.279998779296875,1020525,0.0,0.0,0.0
2021-06-29,52.040000915527344,53.2400016784668,50.68000030517578,51.20000076293945,1408450,0.0,0.0,0.0
2021-06-30,51.84000015258789,53.279998779296875,50.36000061035156,52.31999969482422,959150,0.0,0.0,0.0
2021-07-01,51.560001373291016,51.63999938964844,50.15999984741211,51.15999984741211,702000,0.0,0.0,0.0
2021-07-02,51.279998779296875,52.279998779296875,51.040000915527344,51.63999938964844,532875,0.0,0.0,0.0
2021-07-06,51.2400016784668,51.599998474121094,50.439998626708984,51.439998626708984,554150,0.0,0.0,0.0
2021-07-07,50.36000061035156,50.47999954223633,49.20000076293945,50.15999984741211,939425,0.0,0.0,0.0
2021-07-08,50.2400016784668,51.959999084472656,50.20000076293945,51.439998626708984,934675,0.0,0.0,0.0
2021-07-09,51.720001220703125,52.040000915527344,51.279998779296875,51.560001373291016,351975,0.0,0.0,0.0
2021-07-12,52.279998779296875,52.599998474121094,51.7599983215332,52.400001525878906,513125,0.0,0.0,0.0
2021-07-13,51.560001373291016,52.0,51.31999969482422,51.63999938964844,375375,0.0,0.0,0.0
2021-07-14,52.040000915527344,52.119998931884766,50.63999938964844,51.20000076293945,442375,0.0,0.0,0.0
2021-07-15,51.0,51.47999954223633,50.36000061035156,50.599998474121094,510025,0.0,0.0,0.0
2021-07-16,51.2400016784668,51.47999954223633,50.91999816894531,51.31999969482422,392950,0.0,0.0,0.0
2021-07-19,52.47999954223633,52.7599983215332,51.7599983215332,52.599998474121094,766325,0.0,0.0,0.0
2021-07-20,53.68000030517578,54.36000061035156,53.36000061035156,54.36000061035156,629800,0.0,0.0,0.0
2021-07-21,54.52000045776367,55.31999969482422,54.47999954223633,54.68000030517578,438825,0.0,0.0,0.0
2021-07-22,54.7599983215332,55.880001068115234,54.36000061035156,55.79999923706055,598850,0.0,0.0,0.0
2021-07-23,55.880001068115234,56.84000015258789,55.79999923706055,56.279998779296875,345800,0.0,0.0,0.0
2021-07-26,57.720001220703125,57.91999816894531,56.279998779296875,56.959999084472656,708250,0.0,0.0,0.0
2021-07-27,56.15999984741211,56.31999969482422,54.959999084472656,54.959999084472656,638050,0.0,0.0,0.0
2021-07-28,55.720001220703125,56.439998626708984,55.15999984741211,55.400001525878906,528100,0.0,0.0,0.0
2021-07-29,56.0,57.439998626708984,55.79999923706055,56.7599983215332,608325,0.0,0.0,0.0
2021-07-30,54.720001220703125,55.15999984741211,54.08000183105469,55.040000915527344,583350,0.0,0.0,0.0
2021-08-02,55.880001068115234,56.68000030517578,55.08000183105469,55.439998626708984,444575,0.0,0.0,0.0
2021-08-03,56.15999984741211,57.15999984741211,56.0,57.0,541000,0.0,0.0,0.0
2021-08-04,57.63999938964844,59.0,57.63999938964844,58.279998779296875,598875,0.0,0.0,0.0
2021-08-05,58.599998474121094,58.91999816894531,57.959999084472656,58.36000061035156,538200,0.0,0.0,0.0
2021-08-06,58.20000076293945,58.7599983215332,57.720001220703125,57.91999816894531,440575,0.0,0.0,0.0
2021-08-09,57.20000076293945,57.31999969482422,56.08000183105469,56.599998474121094,452650,0.0,0.0,0.0
2021-08-10,57.400001525878906,57.84000015258789,57.040000915527344,57.560001373291016,340700,0.0,0.0,0.0
2021-08-11,55.959999084472656,57.15999984741211,55.84000015258789,56.880001068115234,417750,0.0,0.0,0.0
2021-08-12,56.20000076293945,56.599998474121094,54.68000030517578,54.84000015258789,858850,0.0,0.0,0.0
2021-08-13,54.959999084472656,55.400001525878906,53.959999084472656,54.0,517925,0.0,0.0,0.0
2021-08-16,55.15999984741211,55.880001068115234,55.119998931884766,55.400001525878906,439250,0.0,0.0,0.0
2021-08-17,54.15999984741211,54.31999969482422,53.31999969482422,53.720001220703125,782225,0.0,0.0,0.0
2021-08-18,54.040000915527344,54.20000076293945,53.119998931884766,53.560001373291016,581550,0.0,0.0,0.0
2021-08-19,53.0,54.36000061035156,52.400001525878906,54.08000183105469,790325,0.0,0.0,0.0
2021-08-20,55.119998931884766,55.31999969482422,53.79999923706055,53.91999816894531,382900,0.0,0.0,0.0
2021-08-23,54.47999954223633,55.439998626708984,54.08000183105469,55.279998779296875,383775,0.0,0.0,0.0
2021-08-24,54.959999084472656,55.119998931884766,54.52000045776367,54.68000030517578,266275,0.0,0.0,0.0
2021-08-25,54.91999816894531,56.119998931884766,54.47999954223633,55.0,878025,0.0,0.0,0.0
2021-08-26,56.0,59.279998779296875,55.959999084472656,58.79999923706055,1804950,0.0,0.0,0.0
2021-08-27,60.68000030517578,61.439998626708984,60.36000061035156,61.36000061035156,1095875,0.0,0.0,0.0
2021-08-30,59.47999954223633,60.63999938964844,58.959999084472656,60.36000061035156,870725,0.0,0.0,0.0
2021-08-31,59.68000030517578,61.68000030517578,59.560001373291016,61.279998779296875,657200,0.0,0.0,0.0
2021-09-01,62.20000076293945,65.68000030517578,62.119998931884766,64.4000015258789,2072900,0.0,0.0,0.0
2021-09-02,64.87999725341797,66.0,64.31999969482422,64.76000213623047,1233800,0.0,0.0,0.0
2021-09-03,65.5199966430664,65.83999633789062,65.04000091552734,65.68000030517578,647325,0.0,0.0,0.0
2021-09-07,65.12000274658203,65.27999877929688,63.68000030517578,63.880001068115234,805050,0.0,0.0,0.0
2021-09-08,67.63999938964844,69.91999816894531,67.12000274658203,68.72000122070312,2885675,0.0,0.0,0.0
2021-09-09,68.27999877929688,70.44000244140625,67.31999969482422,69.95999908447266,1786025,0.0,0.0,0.0
2021-09-10,69.87999725341797,69.87999725341797,68.5999984741211,69.4000015258789,1001700,0.0,0.0,0.0
2021-09-13,71.76000213623047,73.83999633789062,71.68000030517578,72.4000015258789,1337625,0.0,0.0,0.0
2021-09-14,73.68000030517578,74.55999755859375,72.68000030517578,73.87999725341797,1576775,0.0,0.0,0.0
2021-09-15,77.4800033569336,78.83999633789062,74.08000183105469,76.27999877929688,3014100,0.0,0.0,0.0
2021-09-16,75.23999786376953,75.68000030517578,73.12000274658203,73.87999725341797,2273450,0.0,0.0,0.0
2021-09-17,72.63999938964844,73.31999969482422,70.44000244140625,70.5999984741211,2083300,0.0,0.0,0.0
2021-09-20,70.83999633789062,72.08000183105469,68.44000244140625,69.0,1687325,0.0,0.0,0.0
2021-09-21,67.87999725341797,68.16000366210938,65.95999908447266,67.4800033569336,1438025,0.0,0.0,0.0
2021-09-22,66.91999816894531,67.83999633789062,66.55999755859375,66.5999984741211,859425,0.0,0.0,0.0
2021-09-23,67.91999816894531,70.63999938964844,67.91999816894531,70.5199966430664,1622550,0.0,0.0,0.0
2021-09-24,70.95999908447266,72.55999755859375,69.83999633789062,72.31999969482422,1147075,0.0,0.0,0.0
2021-09-27,76.76000213623047,81.55999755859375,76.0,81.23999786376953,4431400,0.0,0.0,0.0
2021-09-28,82.19999694824219,84.4800033569336,78.16000366210938,80.55999755859375,7566625,0.0,0.0,0.0
2021-09-29,77.5999984741211,78.27999877929688,75.04000091552734,75.36000061035156,3105925,0.0,0.0,0.0
2021-09-30,76.5199966430664,81.55999755859375,76.04000091552734,80.63999938964844,6253800,0.0,0.0,0.0
2021-10-01,78.63999938964844,79.68000030517578,76.95999908447266,77.12000274658203,3380750,0.0,0.0,0.0
2021-10-04,81.87999725341797,83.83999633789062,79.55999755859375,81.55999755859375,4476475,0.0,0.0,0.0
2021-10-05,84.23999786376953,88.4000015258789,84.19999694824219,87.12000274658203,5028475,0.0,0.0,0.0
2021-10-06,81.44000244140625,81.87999725341797,78.31999969482422,79.0,5111600,0.0,0.0,0.0
2021-10-07,78.04000091552734,80.16000366210938,75.55999755859375,79.5999984741211,2889200,0.0,0.0,0.0
2021-10-08,78.19999694824219,78.68000030517578,76.80000305175781,77.5199966430664,2016325,0.0,0.0,0.0
2021-10-11,74.5199966430664,75.91999816894531,73.44000244140625,74.63999938964844,3068050,0.0,0.0,0.0
2021-10-12,73.4000015258789,76.4000015258789,73.08000183105469,75.44000244140625,2553025,0.0,0.0,0.0
2021-10-13,74.91999816894531,78.72000122070312,74.08000183105469,78.23999786376953,2561650,0.0,0.0,0.0
2021-10-14,80.19999694824219,82.27999877929688,77.5199966430664,78.44000244140625,2057875,0.0,0.0,0.0
2021-10-15,76.80000305175781,77.80000305175781,75.0,75.36000061035156,1793600,0.0,0.0,0.0
2021-10-18,72.91999816894531,73.4000015258789,69.68000030517578,69.80000305175781,3196175,0.0,0.0,0.0
2021-10-19,68.76000213623047,71.5999984741211,68.5199966430664,71.12000274658203,1814550,0.0,0.0,0.0
2021-10-20,69.5999984741211,73.27999877929688,69.36000061035156,72.68000030517578,1611450,0.0,0.0,0.0
2021-10-21,71.80000305175781,72.80000305175781,70.04000091552734,72.63999938964844,1664150,0.0,0.0,0.0
2021-10-22,74.23999786376953,74.68000030517578,71.68000030517578,73.5199966430664,1726425,0.0,0.0,0.0
2021-10-25,78.4000015258789,82.27999877929688,78.16000366210938,81.5999984741211,3444675,0.0,0.0,0.0
2021-10-26,77.72000122070312,80.95999908447266,76.5999984741211,79.76000213623047,2970025,0.0,0.0,0.0
2021-10-27,82.44000244140625,83.87999725341797,78.95999908447266,81.80000305175781,3056475,0.0,0.0,0.0
2021-10-28,78.87999725341797,79.91999816894531,76.36000061035156,77.12000274658203,2652850,0.0,0.0,0.0
2021-10-29,74.36000061035156,75.08000183105469,72.19999694824219,73.83999633789062,2678300,0.0,0.0,0.0
2021-11-01,70.63999938964844,71.63999938964844,68.36000061035156,69.55999755859375,2610425,0.0,0.0,0.0
2021-11-02,72.4000015258789,74.31999969482422,71.80000305175781,73.68000030517578,2773625,0.0,0.0,0.0
2021-11-03,74.27999877929688,77.80000305175781,73.76000213623047,77.76000213623047,2183900,0.0,0.0,0.0
2021-11-04,77.36000061035156,78.08000183105469,73.95999908447266,76.12000274658203,2276600,0.0,0.0,0.0
2021-11-05,74.19999694824219,75.36000061035156,73.4800033569336,75.04000091552734,1721575,0.0,0.0,0.0
2021-11-08,74.16000366210938,74.76000213623047,72.19999694824219,72.27999877929688,2172825,0.0,0.0,0.0
2021-11-09,68.19999694824219,68.87999725341797,65.63999938964844,66.23999786376953,3966450,0.0,0.0,0.0
2021-11-10,63.68000030517578,66.19999694824219,63.15999984741211,65.5199966430664,2805550,0.0,0.0,0.0
2021-11-11,66.16000366210938,69.12000274658203,65.4800033569336,68.4800033569336,2411300,0.0,0.0,0.0
2021-11-12,67.0,67.5999984741211,63.47999954223633,64.27999877929688,2793300,0.0,0.0,0.0
2021-11-15,65.27999877929688,67.55999755859375,64.44000244140625,67.16000366210938,2265475,0.0,0.0,0.0
2021-11-16,70.12000274658203,71.91999816894531,68.31999969482422,68.72000122070312,2121025,0.0,0.0,0.0
2021-11-17,66.23999786376953,67.0,64.27999877929688,65.19999694824219,1816675,0.0,0.0,0.0
2021-11-18,67.0,67.27999877929688,64.91999816894531,65.4800033569336,1176100,0.0,0.0,0.0
2021-11-19,66.16000366210938,68.63999938964844,65.16000366210938,66.91999816894531,2001475,0.0,0.0,0.0
2021-11-22,62.439998626708984,64.4800033569336,62.31999969482422,63.7599983215332,2528075,0.0,0.0,0.0
2021-11-23,66.08000183105469,67.44000244140625,65.36000061035156,66.91999816894531,1791500,0.0,0.0,0.0
2021-11-24,66.91999816894531,68.19999694824219,66.19999694824219,66.80000305175781,1598525,0.0,0.0,0.0
2021-11-26,70.12000274658203,70.16000366210938,67.12000274658203,69.76000213623047,1717675,0.0,0.0,0.0
2021-11-29,63.47999954223633,64.83999633789062,63.15999984741211,63.52000045776367,2842225,0.0,0.0,0.0
2021-11-30,59.15999984741211,61.439998626708984,58.7599983215332,60.31999969482422,3600950,0.0,0.0,0.0
2021-12-01,57.599998474121094,57.959999084472656,55.31999969482422,55.63999938964844,3555700,0.0,0.0,0.0
2021-12-02,56.0,56.52000045776367,53.0,53.84000015258789,3292700,0.0,0.0,0.0
2021-12-03,54.119998931884766,55.720001220703125,53.279998779296875,53.31999969482422,2436650,0.0,0.0,0.0
2021-12-06,48.84000015258789,49.15999984741211,47.599998474121094,48.20000076293945,3450900,0.0,0.0,0.0
2021-12-07,49.0,50.15999984741211,48.08000183105469,48.880001068115234,1923825,0.0,0.0,0.0
2021-12-08,51.119998931884766,51.119998931884766,49.880001068115234,50.0,1872425,0.0,0.0,0.0
2021-12-09,50.15999984741211,51.400001525878906,49.36000061035156,49.52000045776367,1809125,0.0,0.0,0.0
2021-12-10,50.7599983215332,51.91999816894531,50.119998931884766,50.84000015258789,1979075,0.0,0.0,0.0
2021-12-13,52.79999923706055,53.31999969482422,49.400001525878906,50.20000076293945,2468025,0.0,0.0,0.0
2021-12-14,49.400001525878906,50.040000915527344,48.36000061035156,49.79999923706055,1643900,0.0,0.0,0.0
2021-12-15,51.08000183105469,51.36000061035156,49.560001373291016,49.79999923706055,1644000,0.0,0.0,0.0
2021-12-16,50.7599983215332,51.20000076293945,48.84000015258789,49.36000061035156,1634400,0.0,0.0,0.0
2021-12-17,48.31999969482422,49.91999816894531,47.959999084472656,48.15999984741211,1189125,0.0,0.0,0.0
2021-12-20,50.400001525878906,51.040000915527344,49.31999969482422,50.040000915527344,1498275,0.0,0.0,0.0
2021-12-21,49.91999816894531,50.959999084472656,49.63999938964844,50.040000915527344,1321325,0.0,0.0,0.0
2021-12-22,51.68000030517578,52.2400016784668,50.79999923706055,50.880001068115234,1075425,0.0,0.0,0.0
2021-12-23,48.2400016784668,49.119998931884766,46.7599983215332,48.400001525878906,3378650,0.0,0.0,0.0
2021-12-27,49.91999816894531,52.7599983215332,49.880001068115234,52.15999984741211,2990800,0.0,0.0,0.0
2021-12-28,50.79999923706055,52.20000076293945,50.560001373291016,51.7599983215332,1442025,0.0,0.0,0.0
2021-12-29,52.2400016784668,53.08000183105469,50.68000030517578,50.959999084472656,2068750,0.0,0.0,0.0
2021-12-30,49.91999816894531,50.15999984741211,47.040000915527344,47.68000030517578,2956800,0.0,0.0,0.0
2021-12-31,49.20000076293945,50.36000061035156,48.15999984741211,49.959999084472656,1870200,0.0,0.0,0.0
2022-01-03,49.79999923706055,51.2400016784668,48.36000061035156,51.08000183105469,1654075,0.0,0.0,0.0
2022-01-04,50.880001068115234,51.119998931884766,49.279998779296875,49.7599983215332,1883425,0.0,0.0,0.0
2022-01-05,50.959999084472656,51.720001220703125,50.0,51.20000076293945,1519400,0.0,0.0,0.0
2022-01-06,51.15999984741211,51.52000045776367,50.560001373291016,51.20000076293945,1467700,0.0,0.0,0.0
2022-01-07,51.720001220703125,52.84000015258789,51.400001525878906,52.08000183105469,1744025,0.0,0.0,0.0
2022-01-10,54.7599983215332,55.2400016784668,52.84000015258789,54.959999084472656,2742900,0.0,0.0,0.0
2022-01-11,53.91999816894531,56.560001373291016,53.599998474121094,56.279998779296875,1809300,0.0,0.0,0.0
2022-01-12,60.880001068115234,64.76000213623047,60.08000183105469,63.880001068115234,4718575,0.0,0.0,0.0
2022-01-13,59.63999938964844,60.2400016784668,56.599998474121094,56.79999923706055,3431800,0.0,0.0,0.0
2022-01-14,55.84000015258789,57.2400016784668,55.439998626708984,56.68000030517578,1521025,0.0,0.0,0.0
2022-01-18,57.560001373291016,57.91999816894531,56.15999984741211,57.31999969482422,1874525,0.0,0.0,0.0
2022-01-19,57.15999984741211,57.20000076293945,53.68000030517578,53.79999923706055,2456850,0.0,0.0,0.0
2022-01-20,52.15999984741211,52.400001525878906,50.84000015258789,51.31999969482422,1925425,0.0,0.0,0.0
2022-01-21,52.119998931884766,53.599998474121094,51.52000045776367,52.400001525878906,2380350,0.0,0.0,0.0
2022-01-24,53.52000045776367,54.79999923706055,53.08000183105469,53.279998779296875,1592275,0.0,0.0,0.0
2022-01-25,53.959999084472656,54.84000015258789,53.36000061035156,54.279998779296875,1188625,0.0,0.0,0.0
2022-01-26,57.880001068115234,57.959999084472656,55.63999938964844,55.91999816894531,2460025,0.0,0.0,0.0
2022-01-27,57.0,61.84000015258789,56.63999938964844,60.79999923706055,3643825,0.0,0.0,0.0
2022-01-28,66.87999725341797,67.91999816894531,64.19999694824219,65.08000183105469,5042525,0.0,0.0,0.0
2022-01-31,67.76000213623047,69.63999938964844,65.72000122070312,68.04000091552734,2873250,0.0,0.0,0.0
2022-02-01,66.5999984741211,68.4800033569336,65.08000183105469,68.4000015258789,2379025,0.0,0.0,0.0
2022-02-02,74.68000030517578,78.0,73.55999755859375,75.91999816894531,5397150,0.0,0.0,0.0
2022-02-03,67.87999725341797,70.27999877929688,67.4800033569336,68.95999908447266,2801550,0.0,0.0,0.0
2022-02-04,67.23999786376953,68.63999938964844,62.84000015258789,63.36000061035156,2671225,0.0,0.0,0.0
2022-02-07,60.2400016784668,60.880001068115234,57.68000030517578,59.959999084472656,2996775,0.0,0.0,0.0
2022-02-08,60.36000061035156,61.08000183105469,58.68000030517578,58.880001068115234,1728225,0.0,0.0,0.0
2022-02-09,56.599998474121094,56.880001068115234,55.7599983215332,56.20000076293945,2192675,0.0,0.0,0.0
2022-02-10,54.959999084472656,56.0,54.36000061035156,55.560001373291016,1618675,0.0,0.0,0.0
2022-02-11,54.47999954223633,56.560001373291016,54.279998779296875,55.79999923706055,4205725,0.0,0.0,0.0
2022-02-14,57.119998931884766,58.91999816894531,56.84000015258789,58.20000076293945,1957475,0.0,0.0,0.0
2022-02-15,60.08000183105469,60.79999923706055,58.599998474121094,60.47999954223633,2032575,0.0,0.0,0.0
2022-02-16,62.040000915527344,64.68000030517578,61.720001220703125,63.279998779296875,2791600,0.0,0.0,0.0
2022-02-17,63.279998779296875,64.4000015258789,61.20000076293945,62.68000030517578,1427850,0.0,0.0,0.0
2022-02-18,64.31999969482422,64.36000061035156,61.279998779296875,61.63999938964844,2567100,0.0,0.0,0.0
2022-02-22,63.959999084472656,64.68000030517578,62.119998931884766,62.68000030517578,2062775,0.0,0.0,0.0
2022-02-23,64.04000091552734,66.0,63.880001068115234,64.4800033569336,2176850,0.0,0.0,0.0
2022-02-24,67.91999816894531,68.91999816894531,64.72000122070312,65.16000366210938,3283125,0.0,0.0,0.0
2022-02-25,63.79999923706055,64.16000366210938,62.20000076293945,63.279998779296875,1839100,0.0,0.0,0.0
2022-02-28,63.0,63.400001525878906,61.52000045776367,61.84000015258789,1573850,0.0,0.0,0.0
2022-03-01,62.84000015258789,65.19999694824219,62.63999938964844,64.44000244140625,1822300,0.0,0.0,0.0
2022-03-02,67.31999969482422,69.16000366210938,65.5199966430664,68.08000183105469,2411200,0.0,0.0,0.0
2022-03-03,65.91999816894531,67.95999908447266,65.16000366210938,66.55999755859375,2248050,0.0,0.0,0.0
2022-03-04,68.04000091552734,71.04000091552734,67.95999908447266,69.36000061035156,2421250,0.0,0.0,0.0
2022-03-07,69.87999725341797,70.19999694824219,67.31999969482422,67.80000305175781,2091600,0.0,0.0,0.0
2022-03-08,64.36000061035156,66.19999694824219,63.52000045776367,64.27999877929688,2881175,0.0,0.0,0.0
2022-03-09,64.04000091552734,64.5999984741211,63.279998779296875,63.63999938964844,2070325,0.0,0.0,0.0
2022-03-10,64.4000015258789,65.80000305175781,64.08000183105469,65.27999877929688,979475,0.0,0.0,0.0
2022-03-11,66.72000122070312,67.55999755859375,65.83999633789062,67.16000366210938,1011950,0.0,0.0,0.0
2022-03-14,65.87999725341797,66.16000366210938,64.23999786376953,65.87999725341797,1121125,0.0,0.0,0.0
2022-03-15,63.2400016784668,65.19999694824219,62.7599983215332,64.83999633789062,871400,0.0,0.0,0.0
2022-03-16,66.36000061035156,67.16000366210938,65.27999877929688,66.76000213623047,1140575,0.0,0.0,0.0
2022-03-17,68.4000015258789,70.23999786376953,68.27999877929688,69.4800033569336,1408350,0.0,0.0,0.0
2022-03-18,69.44000244140625,69.44000244140625,68.08000183105469,68.87999725341797,1079575,0.0,0.0,0.0
2022-03-21,67.31999969482422,69.91999816894531,66.87999725341797,69.76000213623047,775225,0.0,0.0,0.0
2022-03-22,71.91999816894531,73.19999694824219,70.80000305175781,72.36000061035156,1315200,0.0,0.0,0.0
2022-03-23,73.95999908447266,74.5199966430664,71.80000305175781,72.12000274658203,1286175,0.0,0.0,0.0
2022-03-24,72.87999725341797,76.87999725341797,71.4000015258789,75.87999725341797,2025825,0.0,0.0,0.0
2022-03-25,78.16000366210938,78.44000244140625,76.44000244140625,77.95999908447266,1971275,0.0,0.0,0.0
2022-03-28,76.76000213623047,78.19999694824219,76.63999938964844,76.87999725341797,1266300,0.0,0.0,0.0
2022-03-29,76.5999984741211,76.68000030517578,74.27999877929688,74.4000015258789,1486375,0.0,0.0,0.0
2022-03-30,75.95999908447266,78.4800033569336,75.83999633789062,77.5199966430664,1667025,0.0,0.0,0.0
2022-03-31,78.68000030517578,81.4000015258789,78.44000244140625,78.87999725341797,2505275,0.0,0.0,0.0
2022-04-01,78.80000305175781,80.68000030517578,78.19999694824219,79.68000030517578,1406600,0.0,0.0,0.0
2022-04-04,80.36000061035156,81.72000122070312,79.27999877929688,80.19999694824219,1481125,0.0,0.0,0.0
2022-04-05,83.0,86.5199966430664,82.95999908447266,84.23999786376953,2801900,0.0,0.0,0.0
2022-04-06,87.4000015258789,88.76000213623047,83.76000213623047,84.91999816894531,3948225,0.0,0.0,0.0
2022-04-07,85.0,89.87999725341797,83.76000213623047,89.4800033569336,4221775,0.0,0.0,0.0
2022-04-08,89.76000213623047,90.16000366210938,87.31999969482422,88.36000061035156,2131300,0.0,0.0,0.0
2022-04-11,91.83999633789062,93.36000061035156,90.72000122070312,93.19999694824219,2185225,0.0,0.0,0.0
2022-04-12,93.72000122070312,96.91999816894531,92.16000366210938,93.5999984741211,3312275,0.0,0.0,0.0
2022-04-13,94.80000305175781,98.95999908447266,94.63999938964844,98.4800033569336,3141950,0.0,0.0,0.0
2022-04-14,97.91999816894531,102.55999755859375,97.08000183105469,102.4000015258789,3357075,0.0,0.0,0.0
2022-04-18,105.55999755859375,112.5999984741211,105.55999755859375,108.5199966430664,5053650,0.0,0.0,0.0
2022-04-19,100.31999969482422,101.19999694824219,96.87999725341797,99.95999908447266,3981300,0.0,0.0,0.0
2022-04-20,99.16000366210938,99.5999984741211,94.72000122070312,96.0,2703025,0.0,0.0,0.0
2022-04-21,98.72000122070312,99.4800033569336,93.87999725341797,96.80000305175781,2460825,0.0,0.0,0.0
2022-04-22,95.5199966430664,96.5999984741211,90.19999694824219,90.80000305175781,2138525,0.0,0.0,0.0
2022-04-25,90.91999816894531,97.68000030517578,90.80000305175781,96.87999725341797,2555275,0.0,0.0,0.0
2022-04-26,96.5199966430664,98.16000366210938,93.31999969482422,95.27999877929688,3245275,0.0,0.0,0.0
2022-04-27,98.16000366210938,103.23999786376953,97.36000061035156,100.76000213623047,2895700,0.0,0.0,0.0
2022-04-28,98.27999877929688,98.72000122070312,94.5199966430664,95.4000015258789,1857150,0.0,0.0,0.0
2022-04-29,97.4800033569336,100.72000122070312,96.36000061035156,100.0,1651575,0.0,0.0,0.0
2022-05-02,101.63999938964844,104.27999877929688,101.16000366210938,104.0,1244600,0.0,0.0,0.0
2022-05-03,109.23999786376953,112.19999694824219,107.0,107.16000366210938,2023750,0.0,0.0,0.0
2022-05-04,115.12000274658203,116.4000015258789,113.4800033569336,116.04000091552734,1759525,0.0,0.0,0.0
2022-05-05,114.76000213623047,120.95999908447266,111.4800033569336,120.4000015258789,2391875,0.0,0.0,0.0
2022-05-06,117.16000366210938,117.36000061035156,109.31999969482422,110.72000122070312,2604100,0.0,0.0,0.0
2022-05-09,104.72000122070312,104.83999633789062,95.68000030517578,97.23999786376953,2937675,0.0,0.0,0.0
2022-05-10,92.76000213623047,102.5199966430664,92.68000030517578,99.16000366210938,3419175,0.0,0.0,0.0
2022-05-11,104.31999969482422,106.04000091552734,103.4000015258789,105.5199966430664,1653650,0.0,0.0,0.0
2022-05-12,102.5199966430664,106.95999908447266,102.16000366210938,105.91999816894531,1381525,0.0,0.0,0.0
2022-05-13,107.19999694824219,107.23999786376953,103.23999786376953,105.08000183105469,1104225,0.0,0.0,0.0
2022-05-16,111.0,112.23999786376953,105.31999969482422,109.5999984741211,1552300,0.0,0.0,0.0
2022-05-17,113.55999755859375,114.76000213623047,111.55999755859375,113.76000213623047,1409975,0.0,0.0,0.0
2022-05-18,115.36000061035156,116.36000061035156,112.5199966430664,113.95999908447266,1225800,0.0,0.0,0.0
2022-05-19,112.80000305175781,116.5199966430664,111.63999938964844,111.91999816894531,1105300,0.0,0.0,0.0
2022-05-20,109.91999816894531,112.4000015258789,109.80000305175781,110.91999816894531,1378325,0.0,0.0,0.0
2022-05-23,111.63999938964844,120.83999633789062,111.31999969482422,120.27999877929688,1767200,0.0,0.0,0.0
2022-05-24,120.0,121.16000366210938,118.12000274658203,120.4800033569336,1413300,0.0,0.0,0.0
2022-05-25,125.19999694824219,127.95999908447266,120.44000244140625,122.12000274658203,2174200,0.0,0.0,0.0
2022-05-26,122.68000030517578,128.1199951171875,117.04000091552734,118.91999816894531,2011000,0.0,0.0,0.0
2022-05-27,114.04000091552734,119.44000244140625,112.44000244140625,118.31999969482422,1708975,0.0,0.0,0.0
2022-05-31,115.87999725341797,116.5199966430664,110.16000366210938,111.63999938964844,1874975,0.0,0.0,0.0
2022-06-01,115.80000305175781,119.27999877929688,114.76000213623047,119.16000366210938,2178050,0.0,0.0,0.0
2022-06-02,121.5199966430664,121.80000305175781,113.72000122070312,115.16000366210938,2021875,0.0,0.0,0.0
2022-06-03,115.68000030517578,116.68000030517578,113.83999633789062,115.83999633789062,1189325,0.0,0.0,0.0
2022-06-06,123.83999633789062,127.4800033569336,122.4000015258789,126.91999816894531,1964450,0.0,0.0,0.0
2022-06-07,126.19999694824219,127.95999908447266,125.23999786376953,126.87999725341797,1524275,0.0,0.0,0.0
2022-06-08,128.72000122070312,131.0800018310547,114.4000015258789,117.63999938964844,3679000,0.0,0.0,0.0
2022-06-09,109.5999984741211,122.4800033569336,108.80000305175781,121.4800033569336,2904200,0.0,0.0,0.0
2022-06-10,118.76000213623047,121.12000274658203,116.95999908447266,118.87999725341797,1478125,0.0,0.0,0.0
2022-06-13,120.44000244140625,120.87999725341797,113.72000122070312,117.63999938964844,1690600,0.0,0.0,0.0
2022-06-14,107.23999786376953,107.72000122070312,95.04000091552734,98.87999725341797,4584325,0.0,0.0,0.0
2022-06-15,102.4800033569336,104.36000061035156,99.12000274658203,101.80000305175781,1263650,0.0,0.0,0.0
2022-06-16,107.16000366210938,108.68000030517578,99.36000061035156,101.08000183105469,1643000,0.0,0.0,0.0
2022-06-17,99.68000030517578,100.19999694824219,92.80000305175781,94.72000122070312,1792450,0.0,0.0,0.0
2022-06-21,90.87999725341797,94.5199966430664,90.0,92.80000305175781,1564350,0.0,0.0,0.0
2022-06-22,91.19999694824219,94.5199966430664,90.55999755859375,92.83999633789062,805050,0.0,0.0,0.0
2022-06-23,91.72000122070312,92.36000061035156,84.87999725341797,85.36000061035156,1494250,0.0,0.0,0.0
2022-06-24,84.5199966430664,87.04000091552734,83.5999984741211,85.16000366210938,1097200,0.0,0.0,0.0
2022-06-27,83.23999786376953,89.72000122070312,83.16000366210938,88.44000244140625,1426025,0.0,0.0,0.0
2022-06-28,90.36000061035156,91.63999938964844,88.16000366210938,90.5999984741211,1551300,0.0,0.0,0.0
2022-06-29,91.4000015258789,92.23999786376953,87.44000244140625,87.4800033569336,1325450,0.0,0.0,0.0
2022-06-30,88.72000122070312,89.76000213623047,73.12000274658203,76.04000091552734,3594925,0.0,0.0,0.0
2022-07-01,79.4800033569336,80.44000244140625,76.72000122070312,77.23999786376953,1591525,0.0,0.0,0.0
2022-07-05,75.95999908447266,78.08000183105469,73.4000015258789,74.63999938964844,1776750,0.0,0.0,0.0
2022-07-06,76.08000183105469,76.44000244140625,73.19999694824219,75.4000015258789,990975,0.0,0.0,0.0
2022-07-07,78.72000122070312,86.80000305175781,78.0,84.55999755859375,2279100,0.0,0.0,0.0
2022-07-08,84.04000091552734,85.72000122070312,81.83999633789062,82.27999877929688,1034900,0.0,0.0,0.0
2022-07-11,89.91999816894531,90.4000015258789,86.4800033569336,88.12000274658203,1539950,0.0,0.0,0.0
2022-07-12,90.08000183105469,90.44000244140625,81.83999633789062,84.83999633789062,2487575,0.0,0.0,0.0
2022-07-13,88.83999633789062,92.5199966430664,87.36000061035156,89.72000122070312,1607100,0.0,0.0,0.0
2022-07-14,92.4000015258789,93.36000061035156,89.04000091552734,90.80000305175781,1279075,0.0,0.0,0.0
2022-07-15,90.44000244140625,97.12000274658203,89.27999877929688,96.95999908447266,988975,0.0,0.0,0.0
2022-07-18,99.95999908447266,102.83999633789062,99.68000030517578,101.36000061035156,1166375,0.0,0.0,0.0
2022-07-19,98.12000274658203,101.19999694824219,97.55999755859375,99.72000122070312,1252725,0.0,0.0,0.0
2022-07-20,101.80000305175781,109.31999969482422,99.83999633789062,107.12000274658203,1615650,0.0,0.0,0.0
2022-07-21,106.0,111.0,104.44000244140625,108.08000183105469,1261325,0.0,0.0,0.0
2022-07-22,111.44000244140625,114.31999969482422,111.08000183105469,113.19999694824219,1623725,0.0,0.0,0.0
2022-07-25,114.76000213623047,120.08000183105469,113.36000061035156,118.83999633789062,1617650,0.0,0.0,0.0
2022-07-26,125.91999816894531,126.08000183105469,119.4800033569336,120.4800033569336,3019300,0.0,0.0,0.0
2022-07-27,119.55999755859375,120.68000030517578,115.12000274658203,118.95999908447266,1677225,0.0,0.0,0.0
2022-07-28,118.16000366210938,122.19999694824219,111.80000305175781,113.36000061035156,1755675,0.0,0.0,0.0
2022-07-29,114.83999633789062,115.36000061035156,110.4800033569336,114.4800033569336,1835475,0.0,0.0,0.0
2022-08-01,108.68000030517578,114.4800033569336,107.5199966430664,114.0,2601525,0.0,0.0,0.0
2022-08-02,108.04000091552734,109.44000244140625,105.19999694824219,105.63999938964844,2257225,0.0,0.0,0.0
2022-08-03,105.63999938964844,116.91999816894531,104.23999786376953,114.12000274658203,3229325,0.0,0.0,0.0
2022-08-04,112.12000274658203,113.5199966430664,107.80000305175781,112.68000030517578,2363900,0.0,0.0,0.0
2022-08-05,110.5199966430664,113.76000213623047,109.80000305175781,110.27999877929688,1102450,0.0,0.0,0.0
2022-08-08,105.83999633789062,107.4000015258789,104.04000091552734,105.12000274658203,1224375,0.0,0.0,0.0
2022-08-09,107.31999969482422,108.87999725341797,106.08000183105469,107.83999633789062,1215800,0.0,0.0,0.0
2022-08-10,108.04000091552734,114.04000091552734,107.31999969482422,113.55999755859375,2210225,0.0,0.0,0.0
2022-08-11,116.36000061035156,124.04000091552734,113.95999908447266,120.44000244140625,2055425,0.0,0.0,0.0
2022-08-12,122.04000091552734,123.04000091552734,119.5999984741211,121.04000091552734,1220175,0.0,0.0,0.0
2022-08-15,116.72000122070312,123.27999877929688,115.91999816894531,122.23999786376953,1604450,0.0,0.0,0.0
2022-08-16,127.19999694824219,129.8800048828125,124.55999755859375,129.0800018310547,2059175,0.0,0.0,0.0
2022-08-17,130.52000427246094,130.60000610351562,125.83999633789062,127.5199966430664,1319975,0.0,0.0,0.0
2022-08-18,127.5199966430664,133.24000549316406,122.87999725341797,127.04000091552734,2577200,0.0,0.0,0.0
2022-08-19,125.44000244140625,129.47999572753906,124.87999725341797,128.1999969482422,1385300,0.0,0.0,0.0
2022-08-22,135.55999755859375,135.72000122070312,130.1999969482422,135.16000366210938,1618025,0.0,0.0,0.0
2022-08-23,136.1999969482422,138.0,124.72000122070312,128.0399932861328,3018675,0.0,0.0,0.0
2022-08-24,127.4800033569336,130.1199951171875,125.31999969482422,127.44000244140625,1839700,0.0,0.0,0.0
2022-08-25,128.83999633789062,129.9199981689453,126.4800033569336,129.1999969482422,1053075,0.0,0.0,0.0
2022-08-26,131.63999938964844,133.36000061035156,126.76000213623047,127.95999908447266,1356825,0.0,0.0,0.0
2022-08-29,126.80000305175781,132.0800018310547,126.08000183105469,127.76000213623047,1369475,0.0,0.0,0.0
2022-08-30,124.76000213623047,126.95999908447266,122.55999755859375,125.5999984741211,1189500,0.0,0.0,0.0
2022-08-31,123.31999969482422,128.36000061035156,122.23999786376953,126.5999984741211,1373350,0.0,0.0,0.0
2022-09-01,128.1199951171875,129.8800048828125,126.16000366210938,126.95999908447266,1512525,0.0,0.0,0.0
2022-09-02,124.4800033569336,124.55999755859375,119.23999786376953,122.83999633789062,2359850,0.0,0.0,0.0
2022-09-06,115.4000015258789,117.5199966430664,108.31999969482422,111.19999694824219,1980600,0.0,0.0,0.0
2022-09-07,110.12000274658203,111.31999969482422,107.83999633789062,108.04000091552734,1509200,0.0,0.0,0.0
2022-09-08,110.4000015258789,111.5999984741211,108.80000305175781,110.12000274658203,1072675,0.0,0.0,0.0
2022-09-09,110.95999908447266,111.63999938964844,109.16000366210938,111.55999755859375,906675,0.0,0.0,0.0
2022-09-12,110.83999633789062,116.27999877929688,110.83999633789062,116.04000091552734,1306375,0.0,0.0,0.0
2022-09-13,115.0,116.95999908447266,112.80000305175781,116.5199966430664,1062975,0.0,0.0,0.0
2022-09-14,121.63999938964844,127.76000213623047,119.72000122070312,125.80000305175781,1754875,0.0,0.0,0.0
2022-09-15,117.19999694824219,118.16000366210938,113.5199966430664,114.63999938964844,1613825,0.0,0.0,0.0
2022-09-16,110.72000122070312,111.63999938964844,106.87999725341797,107.80000305175781,1123575,0.0,0.0,0.0
2022-09-19,105.76000213623047,109.5999984741211,105.55999755859375,109.4000015258789,1056500,0.0,0.0,0.0
2022-09-20,107.72000122070312,110.55999755859375,105.95999908447266,106.68000030517578,688525,0.0,0.0,0.0
2022-09-21,109.83999633789062,109.83999633789062,104.72000122070312,107.87999725341797,788150,0.0,0.0,0.0
2022-09-22,106.12000274658203,106.4800033569336,98.63999938964844,100.5999984741211,904350,0.0,0.0,0.0
2022-09-23,95.0,98.91999816894531,94.4800033569336,96.27999877929688,1769400,0.0,0.0,0.0
2022-09-26,93.31999969482422,97.44000244140625,92.12000274658203,96.83999633789062,1205825,0.0,0.0,0.0
2022-09-27,94.27999877929688,97.04000091552734,92.76000213623047,93.63999938964844,1464075,0.0,0.0,0.0
2022-09-28,92.0,96.72000122070312,91.08000183105469,96.36000061035156,1156650,0.0,0.0,0.0
2022-09-29,93.4000015258789,96.04000091552734,90.5999984741211,94.80000305175781,1156650,0.0,0.0,0.0
2022-09-30,93.12000274658203,96.91999816894531,92.31999969482422,93.5199966430664,1058675,0.0,0.0,0.0
2022-10-03,89.08000183105469,90.12000274658203,86.80000305175781,89.83999633789062,1472550,0.0,0.0,0.0
2022-10-04,90.80000305175781,94.76000213623047,90.4000015258789,93.95999908447266,1352600,0.0,0.0,0.0
2022-10-05,95.87999725341797,96.19999694824219,94.23999786376953,95.76000213623047,1190525,0.0,0.0,0.0
2022-10-06,96.83999633789062,98.08000183105469,94.55999755859375,95.36000061035156,1171775,0.0,0.0,0.0
2022-10-07,93.76000213623047,95.31999969482422,91.5199966430664,91.76000213623047,1102650,0.0,0.0,0.0
2022-10-10,94.23999786376953,94.95999908447266,88.27999877929688,89.80000305175781,1284400,0.0,0.0,0.0
2022-10-11,90.76000213623047,91.87999725341797,88.4000015258789,90.4800033569336,987050,0.0,0.0,0.0
2022-10-12,92.5999984741211,93.12000274658203,88.16000366210938,88.44000244140625,1082875,0.0,0.0,0.0
2022-10-13,89.16000366210938,93.27999877929688,87.91999816894531,92.16000366210938,1106050,0.0,0.0,0.0
2022-10-14,90.4800033569336,90.80000305175781,88.55999755859375,89.44000244140625,771825,0.0,0.0,0.0
2022-10-17,83.27999877929688,84.68000030517578,82.4800033569336,83.36000061035156,1386550,0.0,0.0,0.0
2022-10-18,83.72000122070312,84.55999755859375,79.44000244140625,80.16000366210938,1287500,0.0,0.0,0.0
2022-10-19,77.4800033569336,78.5199966430664,76.19999694824219,76.27999877929688,1512950,0.0,0.0,0.0
2022-10-20,75.23999786376953,77.04000091552734,74.36000061035156,75.31999969482422,1647450,0.0,0.0,0.0
2022-10-21,71.44000244140625,72.04000091552734,69.63999938964844,71.27999877929688,2021875,0.0,0.0,0.0
2022-10-24,72.36000061035156,75.44000244140625,72.31999969482422,74.31999969482422,1876725,0.0,0.0,0.0
2022-10-25,75.80000305175781,80.04000091552734,75.4000015258789,80.0,2039150,0.0,0.0,0.0
2022-10-26,76.4000015258789,79.95999908447266,76.36000061035156,79.31999969482422,1864325,0.0,0.0,0.0
2022-10-27,77.72000122070312,78.87999725341797,73.72000122070312,75.63999938964844,1663875,0.0,0.0,0.0
2022-10-28,73.44000244140625,74.95999908447266,71.63999938964844,74.76000213623047,1626675,0.0,0.0,0.0
2022-10-31,81.08000183105469,82.31999969482422,78.5999984741211,81.5199966430664,2199150,0.0,0.0,0.0
2022-11-01,77.31999969482422,77.68000030517578,72.55999755859375,75.36000061035156,2356350,0.0,0.0,0.0
2022-11-02,79.27999877929688,81.36000061035156,78.19999694824219,79.63999938964844,1291000,0.0,0.0,0.0
2022-11-03,78.5199966430664,79.5999984741211,75.91999816894531,76.4000015258789,1353175,0.0,0.0,0.0
2022-11-04,78.80000305175781,84.08000183105469,76.27999877929688,83.27999877929688,1923325,0.0,0.0,0.0
2022-11-07,90.12000274658203,93.27999877929688,84.87999725341797,86.80000305175781,2470550,0.0,0.0,0.0
2022-11-08,82.4800033569336,82.4800033569336,78.36000061035156,80.80000305175781,2276250,0.0,0.0,0.0
2022-11-09,75.63999938964844,77.87999725341797,73.87999725341797,76.63999938964844,2285175,0.0,0.0,0.0
2022-11-10,78.44000244140625,80.87999725341797,76.87999725341797,79.5199966430664,1467350,0.0,0.0,0.0
2022-11-11,81.68000030517578,84.0,74.68000030517578,76.63999938964844,2940350,0.0,0.0,0.0
2022-11-14,82.27999877929688,82.76000213623047,76.16000366210938,78.08000183105469,2888375,0.0,0.0,0.0
2022-11-15,76.5199966430664,79.27999877929688,75.4800033569336,79.08000183105469,1891350,0.0,0.0,0.0
2022-11-16,75.36000061035156,80.72000122070312,74.31999969482422,80.36000061035156,2303575,0.0,0.0,0.0
2022-11-17,82.36000061035156,84.19999694824219,80.4000015258789,82.4000015258789,1565450,0.0,0.0,0.0
2022-11-18,78.80000305175781,83.16000366210938,78.72000122070312,82.23999786376953,2138925,0.0,0.0,0.0
2022-11-21,85.12000274658203,88.5999984741211,84.87999725341797,87.16000366210938,1318550,0.0,0.0,0.0
2022-11-22,86.4800033569336,92.0,85.72000122070312,91.4000015258789,1424800,0.0,0.0,0.0
2022-11-23,98.4800033569336,98.5199966430664,92.44000244140625,94.04000091552734,1975075,0.0,0.0,0.0
2022-11-25,92.19999694824219,94.44000244140625,90.4800033569336,90.80000305175781,774325,0.0,0.0,0.0
2022-11-28,86.12000274658203,90.0,86.0,89.44000244140625,1649675,0.0,0.0,0.0
2022-11-29,88.19999694824219,90.4000015258789,86.44000244140625,88.55999755859375,1233850,0.0,0.0,0.0
2022-11-30,88.5999984741211,88.72000122070312,83.0,84.87999725341797,1771500,0.0,0.0,0.0
2022-12-01,86.5999984741211,87.44000244140625,81.80000305175781,83.4800033569336,1820000,0.0,0.0,0.0
2022-12-02,79.0,81.44000244140625,75.87999725341797,76.31999969482422,2789975,0.0,0.0,0.0
2022-12-05,70.95999908447266,71.55999755859375,68.04000091552734,68.4000015258789,3442525,0.0,0.0,0.0
2022-12-06,67.4000015258789,68.72000122070312,65.19999694824219,65.55999755859375,2164875,0.0,0.0,0.0
2022-12-07,68.4800033569336,71.31999969482422,65.87999725341797,70.95999908447266,2309675,0.0,0.0,0.0
2022-12-08,71.44000244140625,75.16000366210938,71.12000274658203,73.0,1485225,0.0,0.0,0.0
2022-12-09,77.08000183105469,77.91999816894531,73.95999908447266,77.04000091552734,2329700,0.0,0.0,0.0
2022-12-12,83.68000030517578,84.04000091552734,79.31999969482422,79.63999938964844,1930125,0.0,0.0,0.0
2022-12-13,85.16000366210938,86.68000030517578,83.0,85.08000183105469,2142300,0.0,0.0,0.0
2022-12-14,80.4000015258789,81.36000061035156,77.36000061035156,77.87999725341797,1940100,0.0,0.0,0.0
2022-12-15,80.68000030517578,85.31999969482422,78.87999725341797,83.68000030517578,2022950,0.0,0.0,0.0
2022-12-16,78.83999633789062,81.63999938964844,78.55999755859375,80.4000015258789,1502175,0.0,0.0,0.0
2022-12-19,74.27999877929688,75.27999877929688,71.5999984741211,72.0,1856425,0.0,0.0,0.0
2022-12-20,67.31999969482422,67.68000030517578,65.63999938964844,66.44000244140625,2324925,0.0,0.0,0.0
2022-12-21,68.44000244140625,68.95999908447266,65.80000305175781,67.4000015258789,1643925,0.0,0.0,0.0
2022-12-22,66.04000091552734,67.72000122070312,62.400001525878906,63.2400016784668,2775500,0.0,0.0,0.0
2022-12-23,61.400001525878906,65.27999877929688,61.31999969482422,63.63999938964844,2062975,0.0,0.0,0.0
2022-12-27,64.4000015258789,65.4800033569336,63.52000045776367,64.4800033569336,1750700,0.0,0.0,0.0
2022-12-28,59.2400016784668,60.47999954223633,56.7599983215332,60.20000076293945,2493975,0.0,0.0,0.0
2022-12-29,57.68000030517578,58.47999954223633,56.2400016784668,58.15999984741211,1944525,0.0,0.0,0.0
2022-12-30,56.20000076293945,57.7599983215332,55.68000030517578,56.400001525878906,2062750,0.0,0.0,0.0
2023-01-03,51.2400016784668,52.31999969482422,49.63999938964844,51.119998931884766,2548725,0.0,0.0,0.0
2023-01-04,51.91999816894531,53.63999938964844,50.91999816894531,52.91999816894531,1571175,0.0,0.0,0.0
2023-01-05,48.720001220703125,49.15999984741211,46.47999954223633,47.84000015258789,4459950,0.0,0.0,0.0
2023-01-06,47.439998626708984,48.84000015258789,46.68000030517578,47.560001373291016,3336775,0.0,0.0,0.0
2023-01-09,49.279998779296875,52.52000045776367,49.0,49.720001220703125,3134825,0.0,0.0,0.0
2023-01-10,46.7599983215332,47.439998626708984,45.15999984741211,45.720001220703125,3808250,0.0,0.0,0.0
2023-01-11,46.36000061035156,47.15999984741211,43.560001373291016,46.880001068115234,5276800,0.0,0.0,0.0
2023-01-12,49.84000015258789,50.20000076293945,46.720001220703125,47.040000915527344,2836425,0.0,0.0,0.0
2023-01-13,45.15999984741211,46.20000076293945,43.119998931884766,44.119998931884766,3588175,0.0,0.0,0.0
2023-01-17,46.47999954223633,47.15999984741211,45.0,46.20000076293945,4220100,0.0,0.0,0.0
2023-01-18,43.31999969482422,44.31999969482422,42.31999969482422,42.47999954223633,4764600,0.0,0.0,0.0
2023-01-19,42.84000015258789,43.400001525878906,41.880001068115234,42.040000915527344,3229525,0.0,0.0,0.0
2023-01-20,42.7599983215332,43.47999954223633,40.720001220703125,41.040000915527344,3799825,0.0,0.0,0.0
2023-01-23,42.36000061035156,44.2400016784668,40.84000015258789,44.040000915527344,5096400,0.0,0.0,0.0
2023-01-24,43.08000183105469,43.47999954223633,41.439998626708984,41.959999084472656,2568900,0.0,0.0,0.0
2023-01-25,40.599998474121094,41.040000915527344,39.2400016784668,39.2400016784668,5049275,0.0,0.0,0.0
2023-01-26,37.2400016784668,39.119998931884766,36.599998474121094,38.47999954223633,9235950,0.0,0.0,0.0
2023-01-27,38.84000015258789,39.68000030517578,37.79999923706055,39.2400016784668,4734800,0.0,0.0,0.0
2023-01-30,37.2400016784668,37.84000015258789,36.36000061035156,36.47999954223633,6713725,0.0,0.0,0.0
2023-01-31,36.119998931884766,37.560001373291016,35.91999816894531,37.279998779296875,6844050,0.0,0.0,0.0
2023-02-01,35.63999938964844,36.0,33.63999938964844,34.0,12167175,0.0,0.0,0.0
2023-02-02,34.47999954223633,35.439998626708984,33.20000076293945,33.52000045776367,7295575,0.0,0.0,0.0
2023-02-03,33.15999984741211,33.36000061035156,32.0,32.7599983215332,8361700,0.0,0.0,0.0
2023-02-06,33.040000915527344,34.08000183105469,32.31999969482422,34.0,5274425,0.0,0.0,0.0
2023-02-07,34.040000915527344,35.68000030517578,33.959999084472656,35.47999954223633,6511700,0.0,0.0,0.0
2023-02-08,34.599998474121094,34.959999084472656,32.36000061035156,32.91999816894531,7188725,0.0,0.0,0.0
2023-02-09,33.119998931884766,34.52000045776367,32.68000030517578,33.400001525878906,5525900,0.0,0.0,0.0
2023-02-10,33.560001373291016,35.2400016784668,33.31999969482422,35.15999984741211,5585550,0.0,0.0,0.0
2023-02-13,33.560001373291016,34.47999954223633,32.560001373291016,33.31999969482422,7581825,0.0,0.0,0.0
2023-02-14,34.36000061035156,35.599998474121094,34.20000076293945,35.400001525878906,5540525,0.0,0.0,0.0
2023-02-15,34.36000061035156,35.08000183105469,33.439998626708984,33.68000030517578,5037450,0.0,0.0,0.0
2023-02-16,34.119998931884766,34.15999984741211,32.439998626708984,33.040000915527344,6205750,0.0,0.0,0.0
2023-02-17,31.440000534057617,31.68000030517578,30.399999618530273,31.040000915527344,9867575,0.0,0.0,0.0
2023-02-21,29.600000381469727,29.84000015258789,28.559999465942383,28.84000015258789,10296625,0.0,0.0,0.0
2023-02-22,29.920000076293945,32.0,29.639999389648438,30.31999969482422,9306150,0.0,0.0,0.0
2023-02-23,31.639999389648438,32.84000015258789,30.639999389648438,32.279998779296875,8400100,0.0,0.0,0.0
2023-02-24,33.279998779296875,34.08000183105469,32.439998626708984,33.959999084472656,7150400,0.0,0.0,0.0
2023-02-27,35.599998474121094,36.15999984741211,34.47999954223633,35.84000015258789,7671475,0.0,0.0,0.0
2023-02-28,35.63999938964844,36.63999938964844,33.91999816894531,36.47999954223633,5760400,0.0,0.0,0.0
2023-03-01,35.560001373291016,37.47999954223633,35.439998626708984,37.20000076293945,5518750,0.0,0.0,0.0
2023-03-02,37.439998626708984,37.52000045776367,35.79999923706055,36.68000030517578,4628400,0.0,0.0,0.0
2023-03-03,37.36000061035156,39.959999084472656,37.0,39.52000045776367,8607000,0.0,0.0,0.0
2023-03-06,34.79999923706055,35.08000183105469,33.47999954223633,34.599998474121094,8683350,0.0,0.0,0.0
2023-03-07,34.7599983215332,35.63999938964844,34.279998779296875,35.08000183105469,4158825,0.0,0.0,0.0
2023-03-08,34.79999923706055,34.880001068115234,33.31999969482422,34.31999969482422,4826300,0.0,0.0,0.0
2023-03-09,34.560001373291016,34.880001068115234,32.599998474121094,32.959999084472656,5079725,0.0,0.0,0.0
2023-03-10,33.040000915527344,33.47999954223633,32.08000183105469,32.15999984741211,4400475,0.0,0.0,0.0
2023-03-13,33.20000076293945,34.7599983215332,32.959999084472656,34.599998474121094,5589075,0.0,0.0,0.0
2023-03-14,34.36000061035156,34.720001220703125,33.47999954223633,34.279998779296875,3796700,0.0,0.0,0.0
2023-03-15,32.599998474121094,32.959999084472656,31.559999465942383,32.400001525878906,5501200,0.0,0.0,0.0
2023-03-16,32.63999938964844,33.599998474121094,32.400001525878906,33.36000061035156,3592125,0.0,0.0,0.0
2023-03-17,31.8799991607666,32.08000183105469,30.84000015258789,31.200000762939453,4938325,0.0,0.0,0.0
2023-03-20,30.760000228881836,30.84000015258789,29.440000534057617,29.84000015258789,5566075,0.0,0.0,0.0
2023-03-21,28.719999313354492,31.520000457763672,28.639999389648438,30.920000076293945,7576100,0.0,0.0,0.0
2023-03-22,30.559999465942383,30.920000076293945,28.959999084472656,29.520000457763672,5264425,0.0,0.0,0.0
2023-03-23,29.360000610351562,30.15999984741211,28.639999389648438,28.719999313354492,5361850,0.0,0.0,0.0
2023-03-24,29.520000457763672,30.1200008392334,29.1200008392334,29.31999969482422,4373450,0.0,0.0,0.0
2023-03-27,28.639999389648438,28.760000228881836,27.639999389648438,28.280000686645508,7593275,0.0,0.0,0.0
2023-03-28,27.68000030517578,28.479999542236328,27.1200008392334,27.31999969482422,7160800,0.0,0.0,0.0
2023-03-29,27.0,28.15999984741211,26.68000030517578,27.600000381469727,7383400,0.0,0.0,0.0
2023-03-30,27.0,27.399999618530273,26.31999969482422,26.719999313354492,7923750,0.0,0.0,0.0
2023-03-31,27.600000381469727,28.360000610351562,27.399999618530273,27.760000228881836,7235225,0.0,0.0,0.0
2023-04-03,26.84000015258789,27.15999984741211,26.31999969482422,26.84000015258789,8332450,0.0,0.0,0.0
2023-04-04,26.639999389648438,26.920000076293945,26.31999969482422,26.440000534057617,6483450,0.0,0.0,0.0
2023-04-05,27.760000228881836,27.760000228881836,26.760000228881836,27.15999984741211,5760725,0.0,0.0,0.0
2023-04-06,26.959999084472656,27.079999923706055,25.280000686645508,25.639999389648438,8947350,0.0,0.0,0.0
2023-04-10,27.360000610351562,28.15999984741211,27.079999923706055,27.399999618530273,9383725,0.0,0.0,0.0
2023-04-11,27.68000030517578,28.239999771118164,26.959999084472656,28.239999771118164,5307750,0.0,0.0,0.0
2023-04-12,27.479999542236328,27.799999237060547,26.280000686645508,26.600000381469727,7355450,0.0,0.0,0.0
2023-04-13,26.280000686645508,26.280000686645508,25.360000610351562,25.639999389648438,7325000,0.0,0.0,0.0
2023-04-14,25.360000610351562,26.959999084472656,25.079999923706055,26.760000228881836,7390950,0.0,0.0,0.0
2023-04-17,28.559999465942383,28.760000228881836,28.15999984741211,28.520000457763672,8291900,0.0,0.0,0.0
2023-04-18,28.84000015258789,29.520000457763672,28.31999969482422,29.399999618530273,5321650,0.0,0.0,0.0
2023-04-19,28.079999923706055,28.399999618530273,27.639999389648438,27.959999084472656,6897375,0.0,0.0,0.0
2023-04-20,27.84000015258789,28.440000534057617,27.040000915527344,28.079999923706055,5650675,0.0,0.0,0.0
2023-04-21,28.15999984741211,28.440000534057617,27.799999237060547,28.0,4391625,0.0,0.0,0.0
2023-04-24,27.959999084472656,29.040000915527344,27.84000015258789,28.760000228881836,5196125,0.0,0.0,0.0
2023-04-25,28.360000610351562,28.600000381469727,27.920000076293945,28.0,4566025,0.0,0.0,0.0
2023-04-26,27.0,27.15999984741211,26.600000381469727,27.040000915527344,5413400,0.0,0.0,0.0
2023-04-27,27.440000534057617,27.760000228881836,26.760000228881836,27.520000457763672,4105600,0.0,0.0,0.0
2023-04-28,27.799999237060547,28.360000610351562,27.479999542236328,28.040000915527344,5436750,0.0,0.0,0.0
2023-05-01,27.719999313354492,27.760000228881836,26.760000228881836,27.040000915527344,4135550,0.0,0.0,0.0
2023-05-02,26.360000610351562,26.360000610351562,25.559999465942383,25.959999084472656,5716200,0.0,0.0,0.0
2023-05-03,25.15999984741211,25.520000457763672,24.600000381469727,25.239999771118164,6640675,0.0,0.0,0.0
2023-05-04,25.1200008392334,25.15999984741211,24.399999618530273,24.440000534057617,7831150,0.0,0.0,0.0
2023-05-05,24.799999237060547,25.360000610351562,24.639999389648438,24.68000030517578,5601825,0.0,0.0,0.0
2023-05-08,25.959999084472656,26.280000686645508,25.479999542236328,26.1200008392334,4856650,0.0,0.0,0.0
2023-05-09,26.520000457763672,26.719999313354492,25.8799991607666,26.520000457763672,3256725,0.0,0.0,0.0
2023-05-10,25.760000228881836,26.1200008392334,25.280000686645508,25.600000381469727,3723650,0.0,0.0,0.0
2023-05-11,25.8799991607666,26.399999618530273,25.360000610351562,25.559999465942383,3030750,0.0,0.0,0.0
2023-05-12,25.760000228881836,27.31999969482422,25.639999389648438,26.559999465942383,5049175,0.0,0.0,0.0
2023-05-15,27.360000610351562,27.8799991607666,27.1200008392334,27.760000228881836,5014625,0.0,0.0,0.0
2023-05-16,28.479999542236328,28.760000228881836,27.399999618530273,27.440000534057617,4151025,0.0,0.0,0.0
2023-05-17,27.200000762939453,28.0,27.079999923706055,27.600000381469727,3295700,0.0,0.0,0.0
2023-05-18,27.719999313354492,30.15999984741211,27.360000610351562,29.920000076293945,7901575,0.0,0.0,0.0
2023-05-19,30.440000534057617,30.8799991607666,29.559999465942383,29.84000015258789,5426500,0.0,0.0,0.0
2023-05-22,28.520000457763672,28.520000457763672,27.600000381469727,28.0,4760050,0.0,0.0,0.0
2023-05-23,27.479999542236328,28.040000915527344,27.280000686645508,27.520000457763672,3688800,0.0,0.0,0.0
2023-05-24,28.079999923706055,28.239999771118164,27.760000228881836,28.239999771118164,2802100,0.0,0.0,0.0
2023-05-25,27.8799991607666,28.15999984741211,26.639999389648438,27.040000915527344,4580175,0.0,0.0,0.0
2023-05-26,26.440000534057617,27.079999923706055,26.1200008392334,26.559999465942383,4260150,0.0,0.0,0.0
2023-05-30,25.479999542236328,25.639999389648438,24.799999237060547,25.31999969482422,6040475,0.0,0.0,0.0
2023-05-31,26.200000762939453,26.31999969482422,24.68000030517578,24.799999237060547,5859250,0.0,0.0,0.0
2023-06-01,23.959999084472656,24.1200008392334,23.479999542236328,23.760000228881836,8095700,0.0,0.0,0.0
2023-06-02,24.079999923706055,24.520000457763672,23.760000228881836,23.920000076293945,5181125,0.0,0.0,0.0
2023-06-05,25.200000762939453,25.440000534057617,24.399999618530273,24.719999313354492,5401125,0.0,0.0,0.0
2023-06-06,24.600000381469727,25.15999984741211,24.440000534057617,24.84000015258789,3288800,0.0,0.0,0.0
2023-06-07,25.440000534057617,25.760000228881836,24.920000076293945,25.559999465942383,4036175,0.0,0.0,0.0
2023-06-08,25.239999771118164,26.1200008392334,25.0,25.68000030517578,3892800,0.0,0.0,0.0
2023-06-09,24.959999084472656,25.440000534057617,24.719999313354492,24.8799991607666,3396150,0.0,0.0,0.0
2023-06-12,24.520000457763672,25.040000915527344,24.239999771118164,24.959999084472656,3845400,0.0,0.0,0.0
2023-06-13,25.920000076293945,25.959999084472656,25.360000610351562,25.68000030517578,3301950,0.0,0.0,0.0
2023-06-14,25.799999237060547,25.959999084472656,25.440000534057617,25.799999237060547,2304750,0.0,0.0,0.0
2023-06-15,26.719999313354492,28.200000762939453,26.559999465942383,28.079999923706055,8968975,0.0,0.0,0.0
2023-06-16,28.15999984741211,29.15999984741211,27.719999313354492,28.760000228881836,4764750,0.0,0.0,0.0
2023-06-20,28.799999237060547,29.040000915527344,27.360000610351562,27.399999618530273,4786550,0.0,0.0,0.0
2023-06-21,27.440000534057617,28.559999465942383,27.399999618530273,28.559999465942383,4199925,0.0,0.0,0.0
2023-06-22,28.559999465942383,28.8799991607666,27.8799991607666,28.68000030517578,3728550,0.0,0.0,0.0
2023-06-23,28.0,30.399999618530273,27.959999084472656,30.200000762939453,6353550,0.0,0.0,0.0
2023-06-26,30.920000076293945,31.31999969482422,30.31999969482422,30.799999237060547,4651050,0.0,0.0,0.0
2023-06-27,30.360000610351562,30.799999237060547,29.440000534057617,29.8799991607666,4234000,0.0,0.0,0.0
2023-06-28,29.84000015258789,29.84000015258789,28.280000686645508,28.360000610351562,7081000,0.0,0.0,0.0
2023-06-29,28.200000762939453,29.280000686645508,28.15999984741211,28.719999313354492,5389775,0.0,0.0,0.0
2023-06-30,28.600000381469727,30.15999984741211,28.440000534057617,29.68000030517578,6161125,0.0,0.0,0.0
2023-07-03,28.8799991607666,29.040000915527344,28.479999542236328,28.959999084472656,2376450,0.0,0.0,0.0
2023-07-05,29.520000457763672,29.600000381469727,28.31999969482422,28.440000534057617,3338050,0.0,0.0,0.0
2023-07-06,28.360000610351562,28.719999313354492,27.600000381469727,28.15999984741211,4914450,0.0,0.0,0.0
2023-07-07,27.920000076293945,28.559999465942383,27.1200008392334,27.440000534057617,5485150,0.0,0.0,0.0
2023-07-10,28.31999969482422,28.760000228881836,28.079999923706055,28.440000534057617,5166900,0.0,0.0,0.0
2023-07-11,28.719999313354492,29.360000610351562,28.639999389648438,29.200000762939453,3284225,0.0,0.0,0.0
2023-07-12,28.360000610351562,28.600000381469727,28.0,28.31999969482422,5188000,0.0,0.0,0.0
2023-07-13,27.959999084472656,28.31999969482422,27.15999984741211,27.280000686645508,5328600,0.0,0.0,0.0
2023-07-14,27.760000228881836,27.799999237060547,26.639999389648438,27.15999984741211,4998750,0.0,0.0,0.0
2023-07-17,26.8799991607666,27.280000686645508,26.559999465942383,27.079999923706055,2787925,0.0,0.0,0.0
2023-07-18,27.760000228881836,28.280000686645508,27.559999465942383,28.0,5174300,0.0,0.0,0.0
2023-07-19,28.079999923706055,28.360000610351562,27.68000030517578,28.0,3522475,0.0,0.0,0.0
2023-07-20,29.040000915527344,29.600000381469727,28.8799991607666,29.1200008392334,6412275,0.0,0.0,0.0
2023-07-21,28.959999084472656,29.280000686645508,28.799999237060547,29.079999923706055,3217775,0.0,0.0,0.0
2023-07-24,28.719999313354492,29.239999771118164,28.559999465942383,28.959999084472656,3538550,0.0,0.0,0.0
2023-07-25,28.8799991607666,29.760000228881836,28.799999237060547,29.360000610351562,3669000,0.0,0.0,0.0
2023-07-26,28.68000030517578,29.040000915527344,28.479999542236328,28.8799991607666,3492275,0.0,0.0,0.0
2023-07-27,28.31999969482422,28.479999542236328,27.399999618530273,28.0,6441525,0.0,0.0,0.0
2023-07-28,28.559999465942383,28.600000381469727,27.8799991607666,28.360000610351562,3917075,0.0,0.0,0.0
2023-07-31,28.200000762939453,28.440000534057617,28.040000915527344,28.440000534057617,2845775,0.0,0.0,0.0
2023-08-01,27.31999969482422,27.719999313354492,27.239999771118164,27.68000030517578,3685125,0.0,0.0,0.0
2023-08-02,26.920000076293945,27.0,26.399999618530273,26.68000030517578,4896300,0.0,0.0,0.0
2023-08-03,27.31999969482422,27.799999237060547,27.040000915527344,27.520000457763672,4404100,0.0,0.0,0.0
2023-08-04,28.0,28.040000915527344,27.479999542236328,27.799999237060547,3452000,0.0,0.0,0.0
2023-08-07,28.959999084472656,29.600000381469727,28.84000015258789,29.600000381469727,5061825,0.0,0.0,0.0
2023-08-08,29.479999542236328,30.079999923706055,29.239999771118164,30.079999923706055,4489375,0.0,0.0,0.0
2023-08-09,32.20000076293945,32.31999969482422,31.31999969482422,31.8799991607666,8140650,0.0,0.0,0.0
2023-08-10,30.920000076293945,31.079999923706055,29.559999465942383,29.920000076293945,6553700,0.0,0.0,0.0
2023-08-11,29.1200008392334,30.0,29.079999923706055,29.959999084472656,3823875,0.0,0.0,0.0
2023-08-14,29.8799991607666,30.15999984741211,29.559999465942383,30.079999923706055,2479550,0.0,0.0,0.0
2023-08-15,29.079999923706055,29.1200008392334,28.479999542236328,28.68000030517578,5192025,0.0,0.0,0.0
2023-08-16,28.239999771118164,28.239999771118164,27.68000030517578,28.0,3509850,0.0,0.0,0.0
2023-08-17,28.360000610351562,28.719999313354492,28.1200008392334,28.280000686645508,2320000,0.0,0.0,0.0
2023-08-18,27.719999313354492,28.0,27.440000534057617,27.760000228881836,3312125,0.0,0.0,0.0
2023-08-21,28.200000762939453,28.360000610351562,27.799999237060547,27.8799991607666,3226900,0.0,0.0,0.0
2023-08-22,27.920000076293945,28.0,26.959999084472656,27.1200008392334,3942775,0.0,0.0,0.0
2023-08-23,26.8799991607666,26.959999084472656,26.360000610351562,26.440000534057617,5622700,0.0,0.0,0.0
2023-08-24,26.280000686645508,27.479999542236328,25.959999084472656,26.959999084472656,6643575,0.0,0.0,0.0
2023-08-25,26.719999313354492,27.479999542236328,26.520000457763672,27.440000534057617,3717225,0.0,0.0,0.0
2023-08-28,28.719999313354492,28.719999313354492,27.200000762939453,27.399999618530273,6489875,0.0,0.0,0.0
2023-08-29,27.360000610351562,27.600000381469727,26.8799991607666,27.440000534057617,4157850,0.0,0.0,0.0
2023-08-30,27.84000015258789,28.799999237060547,27.68000030517578,28.799999237060547,4594275,0.0,0.0,0.0
2023-08-31,28.31999969482422,29.399999618530273,27.799999237060547,28.440000534057617,5345525,0.0,0.0,0.0
2023-09-01,28.920000076293945,29.360000610351562,28.200000762939453,28.200000762939453,3656400,0.0,0.0,0.0
2023-09-05,26.639999389648438,26.920000076293945,26.360000610351562,26.600000381469727,6233550,0.0,0.0,0.0
2023-09-06,25.799999237060547,26.1200008392334,25.68000030517578,25.920000076293945,5080500,0.0,0.0,0.0
2023-09-07,25.719999313354492,26.84000015258789,25.68000030517578,26.600000381469727,5453525,0.0,0.0,0.0
2023-09-08,26.799999237060547,27.15999984741211,26.559999465942383,26.84000015258789,3877175,0.0,0.0,0.0
2023-09-11,26.520000457763672,27.1200008392334,26.520000457763672,26.84000015258789,2858775,0.0,0.0,0.0
2023-09-12,27.31999969482422,28.559999465942383,26.920000076293945,28.200000762939453,7909750,0.0,0.0,0.0
2023-09-13,27.600000381469727,28.520000457763672,27.1200008392334,27.799999237060547,5935250,0.0,0.0,0.0
2023-09-14,28.31999969482422,28.639999389648438,27.639999389648438,27.719999313354492,5912875,0.0,0.0,0.0
2023-09-15,27.639999389648438,27.920000076293945,27.1200008392334,27.239999771118164,3182575,0.0,0.0,0.0
2023-09-18,27.440000534057617,27.959999084472656,27.239999771118164,27.799999237060547,3606075,0.0,0.0,0.0
2023-09-19,28.0,28.520000457763672,27.760000228881836,28.1200008392334,4768750,0.0,0.0,0.0
2023-09-20,27.1200008392334,27.399999618530273,27.040000915527344,27.15999984741211,3572375,0.0,0.0,0.0
2023-09-21,27.200000762939453,27.479999542236328,26.31999969482422,26.479999542236328,6223475,0.0,0.0,0.0
2023-09-22,26.719999313354492,26.8799991607666,26.440000534057617,26.799999237060547,2896100,0.0,0.0,0.0
2023-09-25,26.959999084472656,27.31999969482422,26.760000228881836,26.959999084472656,2890475,0.0,0.0,0.0
2023-09-26,26.440000534057617,26.8799991607666,26.280000686645508,26.440000534057617,4016275,0.0,0.0,0.0
2023-09-27,26.68000030517578,27.399999618530273,26.68000030517578,26.8799991607666,3268200,0.0,0.0,0.0
2023-09-28,27.360000610351562,27.719999313354492,27.0,27.360000610351562,3918950,0.0,0.0,0.0
2023-09-29,26.920000076293945,27.719999313354492,26.920000076293945,27.31999969482422,3854100,0.0,0.0,0.0
2023-10-02,26.84000015258789,27.079999923706055,26.399999618530273,26.520000457763672,3996050,0.0,0.0,0.0
2023-10-03,26.959999084472656,27.600000381469727,26.799999237060547,27.440000534057617,3991100,0.0,0.0,0.0
2023-10-04,28.31999969482422,28.399999618530273,27.479999542236328,27.920000076293945,4581000,0.0,0.0,0.0
2023-10-05,28.200000762939453,29.799999237060547,28.15999984741211,29.639999389648438,7249925,0.0,0.0,0.0
2023-10-06,29.84000015258789,31.31999969482422,29.719999313354492,30.959999084472656,8161200,0.0,0.0,0.0
2023-10-09,31.15999984741211,31.719999313354492,30.959999084472656,31.520000457763672,4717150,0.0,0.0,0.0
2023-10-10,31.600000381469727,31.760000228881836,31.079999923706055,31.600000381469727,3745825,0.0,0.0,0.0
2023-10-11,30.68000030517578,31.799999237060547,30.040000915527344,31.600000381469727,5684850,0.0,0.0,0.0
2023-10-12,31.1200008392334,31.920000076293945,30.8799991607666,31.200000762939453,4165800,0.0,0.0,0.0
2023-10-13,30.31999969482422,30.520000457763672,29.920000076293945,30.0,3857950,0.0,0.0,0.0
2023-10-16,29.200000762939453,29.399999618530273,28.559999465942383,29.1200008392334,5720700,0.0,0.0,0.0
2023-10-17,28.84000015258789,29.0,28.360000610351562,28.719999313354492,3921025,0.0,0.0,0.0
2023-10-18,29.31999969482422,29.360000610351562,28.600000381469727,28.719999313354492,2539625,0.0,0.0,0.0
2023-10-19,28.600000381469727,28.719999313354492,27.600000381469727,27.639999389648438,4897800,0.0,0.0,0.0
2023-10-20,27.1200008392334,27.31999969482422,27.0,27.1200008392334,4099475,0.0,0.0,0.0
2023-10-23,27.079999923706055,27.399999618530273,26.959999084472656,27.239999771118164,3044750,0.0,0.0,0.0
2023-10-24,27.200000762939453,27.84000015258789,27.040000915527344,27.84000015258789,2866950,0.0,0.0,0.0
2023-10-25,28.0,28.31999969482422,27.68000030517578,28.280000686645508,3165200,0.0,0.0,0.0
2023-10-26,28.280000686645508,29.440000534057617,28.1200008392334,29.239999771118164,6092200,0.0,0.0,0.0
2023-10-27,29.68000030517578,29.760000228881836,28.719999313354492,28.799999237060547,5012350,0.0,0.0,0.0
2023-10-30,27.799999237060547,28.1200008392334,27.68000030517578,27.799999237060547,3245700,0.0,0.0,0.0
2023-10-31,29.040000915527344,30.200000762939453,28.959999084472656,30.0,5871475,0.0,0.0,0.0
2023-11-01,28.68000030517578,29.600000381469727,28.520000457763672,29.079999923706055,4012675,0.0,0.0,0.0
2023-11-02,28.559999465942383,29.200000762939453,28.399999618530273,29.15999984741211,3185550,0.0,0.0,0.0
2023-11-03,29.1200008392334,29.760000228881836,29.0,29.040000915527344,2292275,0.0,0.0,0.0
2023-11-06,27.68000030517578,27.84000015258789,27.040000915527344,27.280000686645508,5901550,0.0,0.0,0.0
2023-11-07,25.959999084472656,26.559999465942383,25.8799991607666,26.440000534057617,6042550,0.0,0.0,0.0
2023-11-08,25.84000015258789,26.479999542236328,25.440000534057617,26.15999984741211,7214600,0.0,0.0,0.0
2023-11-09,25.68000030517578,25.760000228881836,25.200000762939453,25.360000610351562,6067550,0.0,0.0,0.0
2023-11-10,25.399999618530273,25.440000534057617,25.15999984741211,25.31999969482422,3644725,0.0,0.0,0.0
2023-11-13,26.31999969482422,27.040000915527344,26.040000915527344,26.8799991607666,5731050,0.0,0.0,0.0
2023-11-14,26.239999771118164,26.68000030517578,25.719999313354492,25.84000015258789,5518075,0.0,0.0,0.0
2023-11-15,26.520000457763672,27.200000762939453,26.200000762939453,26.239999771118164,4995375,0.0,0.0,0.0
2023-11-16,26.280000686645508,26.479999542236328,25.200000762939453,25.479999542236328,6122450,0.0,0.0,0.0
2023-11-17,24.559999465942383,24.719999313354492,24.15999984741211,24.639999389648438,7381200,0.0,0.0,0.0
2023-11-20,24.0,24.399999618530273,23.959999084472656,23.959999084472656,4484700,0.0,0.0,0.0
2023-11-21,23.799999237060547,24.200000762939453,23.479999542236328,23.559999465942383,4155425,0.0,0.0,0.0
2023-11-22,23.559999465942383,24.040000915527344,23.31999969482422,23.920000076293945,3733100,0.0,0.0,0.0
2023-11-24,23.360000610351562,23.8799991607666,23.239999771118164,23.639999389648438,2641800,0.0,0.0,0.0
2023-11-27,23.0,23.239999771118164,22.719999313354492,23.200000762939453,4550975,0.0,0.0,0.0
2023-11-28,22.799999237060547,23.15999984741211,22.0,22.079999923706055,8394675,0.0,0.0,0.0
2023-11-29,22.520000457763672,22.600000381469727,22.0,22.040000915527344,5735950,0.0,0.0,0.0
2023-11-30,22.280000686645508,22.399999618530273,21.760000228881836,22.079999923706055,4460975,0.0,0.0,0.0
2023-12-01,21.799999237060547,22.399999618530273,21.719999313354492,21.799999237060547,3702800,0.0,0.0,0.0
2023-12-04,21.1200008392334,21.399999618530273,20.8799991607666,21.360000610351562,5489575,0.0,0.0,0.0
2023-12-05,21.8799991607666,21.959999084472656,21.079999923706055,21.360000610351562,3711625,0.0,0.0,0.0
2023-12-06,21.399999618530273,21.479999542236328,20.040000915527344,20.239999771118164,8085700,0.0,0.0,0.0
2023-12-07,20.200000762939453,20.68000030517578,19.8799991607666,20.280000686645508,5495650,0.0,0.0,0.0
2023-12-08,20.31999969482422,20.559999465942383,20.0,20.079999923706055,3927750,0.0,0.0,0.0
2023-12-11,18.360000610351562,19.31999969482422,18.1200008392334,19.239999771118164,10165050,0.0,0.0,0.0
2023-12-12,18.600000381469727,18.8799991607666,18.0,18.079999923706055,6672625,0.0,0.0,0.0
2023-12-13,18.079999923706055,18.799999237060547,18.040000915527344,18.399999618530273,5763600,0.0,0.0,0.0
2023-12-14,18.559999465942383,19.079999923706055,18.360000610351562,19.040000915527344,5652850,0.0,0.0,0.0
2023-12-15,19.399999618530273,19.959999084472656,19.15999984741211,19.31999969482422,6457750,0.0,0.0,0.0
2023-12-18,20.200000762939453,20.239999771118164,19.520000457763672,19.559999465942383,4911850,0.0,0.0,0.0
2023-12-19,18.84000015258789,19.68000030517578,18.520000457763672,19.600000381469727,5454600,0.0,0.0,0.0
2023-12-20,19.280000686645508,19.479999542236328,18.719999313354492,18.799999237060547,4446375,0.0,0.0,0.0
2023-12-21,19.360000610351562,20.15999984741211,19.15999984741211,19.959999084472656,5622950,0.0,0.0,0.0
2023-12-22,19.600000381469727,20.239999771118164,19.559999465942383,20.15999984741211,3390700,0.0,0.0,0.0
2023-12-26,19.559999465942383,19.760000228881836,19.31999969482422,19.719999313354492,5146400,0.0,0.0,0.0
2023-12-27,20.399999618530273,20.799999237060547,19.68000030517578,19.799999237060547,5584225,0.0,0.0,0.0
2023-12-28,20.399999618530273,20.84000015258789,20.31999969482422,20.559999465942383,5608525,0.0,0.0,0.0
2023-12-29,20.399999618530273,20.719999313354492,20.15999984741211,20.280000686645508,3644275,0.0,0.0,0.0
2024-01-02,20.959999084472656,21.040000915527344,20.440000534057617,20.760000228881836,4600875,0.0,0.0,0.0
2024-01-03,21.68000030517578,22.040000915527344,21.280000686645508,21.760000228881836,6721225,0.0,0.0,0.0
2024-01-04,22.8799991607666,23.200000762939453,22.200000762939453,23.079999923706055,11130100,0.0,0.0,0.0
2024-01-05,21.920000076293945,23.520000457763672,21.8799991607666,23.360000610351562,8500300,0.0,0.0,0.0
2024-01-08,22.239999771118164,24.399999618530273,22.0,24.040000915527344,9126150,0.0,0.0,0.0
2024-01-09,25.559999465942383,27.479999542236328,24.600000381469727,25.920000076293945,21309100,0.0,0.0,0.0
2024-01-10,24.799999237060547,25.239999771118164,23.959999084472656,24.600000381469727,12598425,0.0,0.0,0.0
2024-01-11,24.559999465942383,26.200000762939453,24.1200008392334,25.15999984741211,13421125,0.0,0.0,0.0
2024-01-12,27.079999923706055,27.360000610351562,25.959999084472656,27.280000686645508,17415325,0.0,0.0,0.0
2024-01-16,23.959999084472656,24.360000610351562,23.079999923706055,23.1200008392334,10722650,0.0,0.0,0.0
2024-01-17,23.040000915527344,23.959999084472656,22.760000228881836,23.280000686645508,4653525,0.0,0.0,0.0
2024-01-18,23.0,23.0,21.959999084472656,22.239999771118164,9471075,0.0,0.0,0.0
2024-01-19,21.559999465942383,21.600000381469727,20.760000228881836,20.799999237060547,6796100,0.0,0.0,0.0
2024-01-22,19.68000030517578,20.0,19.559999465942383,19.68000030517578,6373050,0.0,0.0,0.0
2024-01-23,19.440000534057617,20.200000762939453,19.399999618530273,20.1200008392334,5066450,0.0,0.0,0.0
2024-01-24,20.65999984741211,21.139999389648438,20.350000381469727,21.059999465942383,14022500,0.0,0.25,0.0
2024-01-25,21.079999923706055,21.1200008392334,19.959999084472656,20.100000381469727,8717900,0.0,0.0,0.0
2024-01-26,19.950000762939453,20.229999542236328,19.3700008392334,20.139999389648438,8125700,0.0,0.0,0.0
2024-01-29,19.56999969482422,19.6200008392334,18.950000762939453,19.1299991607666,5795200,0.0,0.0,0.0
2024-01-30,19.3700008392334,19.610000610351562,19.059999465942383,19.399999618530273,5834700,0.0,0.0,0.0
2024-01-31,19.5,19.969999313354492,19.3799991607666,19.6299991607666,6202000,0.0,0.0,0.0
2024-02-01,19.420000076293945,19.639999389648438,18.84000015258789,18.90999984741211,5781500,0.0,0.0,0.0
2024-02-02,19.149999618530273,19.450000762939453,19.040000915527344,19.360000610351562,6514300,0.0,0.0,0.0
2024-02-05,19.219999313354492,19.459999084472656,19.010000228881836,19.25,4360700,0.0,0.0,0.0
2024-02-06,18.75,18.959999084472656,18.5,18.540000915527344,5555200,0.0,0.0,0.0
2024-02-07,18.68000030517578,18.700000762939453,18.1200008392334,18.239999771118164,4740400,0.0,0.0,0.0
2024-02-08,18.059999465942383,18.149999618530273,17.299999237060547,17.420000076293945,9906700,0.0,0.0,0.0
2024-02-09,17.40999984741211,17.459999084472656,16.940000534057617,17.149999618530273,6839600,0.0,0.0,0.0
2024-02-12,17.059999465942383,17.260000228881836,16.059999465942383,16.170000076293945,10455500,0.0,0.0,0.0
2024-02-13,15.619999885559082,15.739999771118164,15.34000015258789,15.520000457763672,11384200,0.0,0.0,0.0
2024-02-14,15.289999961853027,15.489999771118164,14.779999732971191,14.890000343322754,11068100,0.0,0.0,0.0
2024-02-15,15.069999694824219,15.170000076293945,14.630000114440918,14.8100004196167,11075200,0.0,0.0,0.0
2024-02-16,14.850000381469727,15.229999542236328,14.819999694824219,14.989999771118164,6755900,0.0,0.0,0.0
2024-02-20,14.710000038146973,14.930000305175781,14.5600004196167,14.770000457763672,8088500,0.0,0.0,0.0
2024-02-21,16.510000228881836,16.690000534057617,16.079999923706055,16.6200008392334,11972900,0.0,0.0,0.0
2024-02-22,16.15999984741211,16.469999313354492,15.65999984741211,16.280000686645508,8454100,0.0,0.0,0.0
2024-02-23,15.579999923706055,15.600000381469727,15.109999656677246,15.210000038146973,10024500,0.0,0.0,0.0
2024-02-26,16.15999984741211,16.18000030517578,15.329999923706055,15.619999885559082,10521100,0.0,0.0,0.0
2024-02-27,16.170000076293945,16.43000030517578,15.829999923706055,16.170000076293945,7298700,0.0,0.0,0.0
2024-02-28,16.530000686645508,17.030000686645508,16.479999542236328,16.729999542236328,8935900,0.0,0.0,0.0
2024-02-29,16.600000381469727,17.139999389648438,16.479999542236328,16.540000915527344,6082800,0.0,0.0,0.0
2024-03-01,16.34000015258789,16.600000381469727,16.270000457763672,16.420000076293945,3666000,0.0,0.0,0.0
2024-03-04,17.360000610351562,17.770000457763672,17.020000457763672,17.299999237060547,9923400,0.0,0.0,0.0
2024-03-05,17.209999084472656,17.959999084472656,16.959999084472656,17.510000228881836,5366000,0.0,0.0,0.0
2024-03-06,17.610000610351562,17.6200008392334,17.190000534057617,17.290000915527344,3053100,0.0,0.0,0.0
2024-03-07,17.0,17.290000915527344,16.0,16.030000686645508,6188900,0.0,0.0,0.0
2024-03-08,16.1299991607666,16.43000030517578,16.010000228881836,16.1299991607666,4150200,0.0,0.0,0.0
2024-03-11,15.949999809265137,15.960000038146973,15.680000305175781,15.6899995803833,4374500,0.0,0.0,0.0
2024-03-12,16.059999465942383,16.079999923706055,15.140000343322754,15.3100004196167,6887700,0.0,0.0,0.0
2024-03-13,14.890000343322754,15.199999809265137,14.829999923706055,14.90999984741211,6426000,0.0,0.0,0.0
2024-03-14,15.0,15.779999732971191,14.949999809265137,15.569999694824219,6018100,0.0,0.0,0.0
2024-03-15,15.40999984741211,15.4399995803833,14.880000114440918,15.130000114440918,6186000,0.0,0.0,0.0
2024-03-18,15.5,15.569999694824219,15.039999961853027,15.34000015258789,5285900,0.0,0.0,0.0
2024-03-19,15.600000381469727,15.770000457763672,15.380000114440918,15.640000343322754,4416400,0.0,0.0,0.0
2024-03-20,15.350000381469727,15.529999732971191,15.3100004196167,15.369999885559082,4423100,0.0,0.0,0.0
2024-03-21,15.319999694824219,15.380000114440918,15.029999732971191,15.319999694824219,5399800,0.0,0.0,0.0
2024-03-22,15.010000228881836,15.229999542236328,14.979999542236328,15.109999656677246,3657100,0.0,0.0,0.0
2024-03-25,14.989999771118164,15.199999809265137,14.890000343322754,15.039999961853027,4823100,0.0,0.0,0.0
2024-03-26,15.09000015258789,15.149999618530273,14.84000015258789,14.960000038146973,5762300,0.0,0.0,0.0
2024-03-27,14.449999809265137,14.5,14.25,14.350000381469727,7758700,0.0,0.0,0.0
2024-03-28,14.569999694824219,14.920000076293945,14.369999885559082,14.569999694824219,8144500,0.0,0.0,0.0
2024-04-01,15.270000457763672,15.489999771118164,15.069999694824219,15.390000343322754,8293000,0.0,0.0,0.0
2024-04-02,15.109999656677246,15.729999542236328,15.0600004196167,15.479999542236328,5999200,0.0,0.0,0.0
2024-04-03,15.859999656677246,15.859999656677246,15.350000381469727,15.460000038146973,5600100,0.0,0.0,0.0
2024-04-04,15.390000343322754,15.40999984741211,14.800000190734863,14.899999618530273,8334300,0.0,0.0,0.0
2024-04-05,14.90999984741211,15.25,14.819999694824219,14.869999885559082,5235900,0.0,0.0,0.0
2024-04-08,15.100000381469727,15.470000267028809,15.050000190734863,15.40999984741211,5459300,0.0,0.0,0.0
2024-04-09,15.859999656677246,16.09000015258789,15.430000305175781,15.850000381469727,7823600,0.0,0.0,0.0
2024-04-10,15.979999542236328,16.040000915527344,15.630000114440918,15.670000076293945,5986000,0.0,0.0,0.0
2024-04-11,15.369999885559082,15.390000343322754,14.699999809265137,14.850000381469727,9392000,0.0,0.0,0.0
2024-04-12,14.680000305175781,14.899999618530273,14.619999885559082,14.890000343322754,4676400,0.0,0.0,0.0
2024-04-15,14.40999984741211,14.59000015258789,14.069999694824219,14.140000343322754,9363000,0.0,0.0,0.0
2024-04-16,14.149999618530273,15.0,13.869999885559082,14.479999542236328,13329100,0.0,0.0,0.0
2024-04-17,14.15999984741211,14.399999618530273,13.979999542236328,14.380000114440918,5735400,0.0,0.0,0.0
2024-04-18,14.470000267028809,14.600000381469727,14.34000015258789,14.420000076293945,7205200,0.0,0.0,0.0
2024-04-19,14.710000038146973,14.800000190734863,14.380000114440918,14.520000457763672,6256900,0.0,0.0,0.0
2024-04-22,14.890000343322754,15.09000015258789,14.779999732971191,15.039999961853027,6189400,0.0,0.0,0.0
2024-04-23,14.9399995803833,15.5,14.930000305175781,15.4399995803833,5497100,0.0,0.0,0.0
2024-04-24,14.899999618530273,14.9399995803833,14.319999694824219,14.359999656677246,8951000,0.0,0.0,0.0
2024-04-25,14.270000457763672,14.539999961853027,14.109999656677246,14.369999885559082,5896800,0.0,0.0,0.0
2024-04-26,14.130000114440918,14.239999771118164,13.949999809265137,14.0600004196167,7256900,0.0,0.0,0.0
2024-04-29,14.3100004196167,14.970000267028809,14.289999961853027,14.90999984741211,10053700,0.0,0.0,0.0
2024-04-30,14.970000267028809,14.989999771118164,14.3100004196167,14.4399995803833,7738300,0.0,0.0,0.0
2024-05-01,14.1899995803833,14.260000228881836,13.979999542236328,14.140000343322754,7019900,0.0,0.0,0.0
2024-05-02,14.4399995803833,14.979999542236328,14.399999618530273,14.859999656677246,7709400,0.0,0.0,0.0
2024-05-03,15.069999694824219,15.779999732971191,14.869999885559082,15.670000076293945,11410300,0.0,0.0,0.0
2024-05-06,16.170000076293945,16.530000686645508,15.989999771118164,16.059999465942383,8740800,0.0,0.0,0.0
2024-05-07,16.010000228881836,16.25,15.90999984741211,16.170000076293945,5054800,0.0,0.0,0.0
2024-05-08,16.34000015258789,16.3799991607666,15.850000381469727,15.949999809265137,5676100,0.0,0.0,0.0
2024-05-09,16.260000228881836,16.940000534057617,16.229999542236328,16.920000076293945,8773200,0.0,0.0,0.0
2024-05-10,16.700000762939453,16.81999969482422,16.450000762939453,16.520000457763672,4684700,0.0,0.0,0.0
2024-05-13,16.68000030517578,17.440000534057617,16.670000076293945,17.309999465942383,6564800,0.0,0.0,0.0
2024-05-14,17.100000381469727,17.530000686645508,17.0,17.170000076293945,6484400,0.0,0.0,0.0
2024-05-15,17.09000015258789,17.729999542236328,16.93000030517578,17.600000381469727,7566800,0.0,0.0,0.0
2024-05-16,18.040000915527344,18.760000228881836,17.889999389648438,18.170000076293945,12255200,0.0,0.0,0.0
2024-05-17,18.579999923706055,19.190000534057617,18.579999923706055,19.100000381469727,7106200,0.0,0.0,0.0
2024-05-20,19.260000228881836,19.860000610351562,19.260000228881836,19.81999969482422,9304700,0.0,0.0,0.0
2024-05-21,19.56999969482422,19.899999618530273,19.15999984741211,19.489999771118164,7278500,0.0,0.0,0.0
2024-05-22,19.600000381469727,20.90999984741211,19.5,20.549999237060547,11201600,0.0,0.0,0.0
2024-05-23,21.43000030517578,21.610000610351562,19.809999465942383,20.1200008392334,19459500,0.0,0.0,0.0
2024-05-24,19.6200008392334,19.6200008392334,18.920000076293945,19.020000457763672,7827100,0.0,0.0,0.0
2024-05-28,18.90999984741211,19.469999313354492,18.770000457763672,19.360000610351562,5036400,0.0,0.0,0.0
2024-05-29,18.8700008392334,18.8799991607666,18.18000030517578,18.219999313354492,6800000,0.0,0.0,0.0
2024-05-30,17.790000915527344,18.0,17.540000915527344,17.559999465942383,6477100,0.0,0.0,0.0
2024-05-31,17.739999771118164,17.959999084472656,17.389999389648438,17.59000015258789,9163600,0.0,0.0,0.0
2024-06-03,18.709999084472656,19.0,18.0,18.920000076293945,8803500,0.0,0.0,0.0
2024-06-04,18.649999618530273,18.84000015258789,17.6299991607666,18.020000457763672,9818100,0.0,0.0,0.0
2024-06-05,18.200000762939453,19.09000015258789,18.149999618530273,18.940000534057617,7359200,0.0,0.0,0.0
2024-06-06,19.469999313354492,19.700000762939453,18.760000228881836,19.299999237060547,8101300,0.0,0.0,0.0
2024-06-07,19.440000534057617,20.329999923706055,19.329999923706055,20.18000030517578,11183800,0.0,0.0,0.0
2024-06-10,20.90999984741211,21.15999984741211,19.6200008392334,20.190000534057617,12188700,0.0,0.0,0.0
2024-06-11,20.81999969482422,21.559999465942383,20.59000015258789,21.530000686645508,7231600,0.0,0.0,0.0
2024-06-12,21.020000457763672,21.389999389648438,20.530000686645508,20.829999923706055,5718000,0.0,0.0,0.0
2024-06-13,20.600000381469727,20.719999313354492,19.889999389648438,20.110000610351562,5317900,0.0,0.0,0.0
2024-06-14,20.18000030517578,20.3700008392334,19.709999084472656,19.860000610351562,3853700,0.0,0.0,0.0
2024-06-17,19.309999465942383,19.3700008392334,18.950000762939453,19.15999984741211,4276100,0.0,0.0,0.0
2024-06-18,19.229999542236328,20.010000228881836,19.229999542236328,19.940000534057617,4244700,0.0,0.0,0.0
2024-06-20,19.450000762939453,19.469999313354492,18.93000030517578,19.030000686645508,4698100,0.0,0.0,0.0
2024-06-21,19.110000610351562,19.290000915527344,18.8799991607666,18.959999084472656,3390700,0.0,0.0,0.0
2024-06-24,18.959999084472656,19.729999542236328,18.920000076293945,19.700000762939453,3462700,0.0,0.0,0.0
2024-06-25,19.170000076293945,19.489999771118164,18.920000076293945,18.989999771118164,3600800,0.0,0.0,0.0
2024-06-26,18.790000915527344,18.790000915527344,18.260000228881836,18.309999465942383,4092300,0.0,0.0,0.0
2024-06-27,18.1299991607666,18.459999084472656,17.8700008392334,17.979999542236328,5931800,0.0,0.0,0.0
2024-06-28,17.920000076293945,17.989999771118164,17.34000015258789,17.43000030517578,5357800,0.0,0.0,0.0
2024-07-01,17.079999923706055,17.219999313354492,16.540000915527344,16.56999969482422,4955600,0.0,0.0,0.0
2024-07-02,16.350000381469727,16.43000030517578,16.149999618530273,16.40999984741211,5402000,0.0,0.0,0.0
2024-07-03,16.25,16.579999923706055,16.1200008392334,16.350000381469727,3486800,0.0,0.0,0.0
2024-07-05,15.960000038146973,16.09000015258789,15.5,15.600000381469727,4583800,0.0,0.0,0.0
2024-07-08,15.829999923706055,15.970000267028809,15.6899995803833,15.859999656677246,3377400,0.0,0.0,0.0
2024-07-09,16.15999984741211,16.209999084472656,15.65999984741211,15.729999542236328,3836500,0.0,0.0,0.0
2024-07-10,15.649999618530273,15.739999771118164,15.34000015258789,15.510000228881836,4097400,0.0,0.0,0.0
2024-07-11,15.319999694824219,15.420000076293945,15.140000343322754,15.220000267028809,4014400,0.0,0.0,0.0
2024-07-12,15.210000038146973,15.729999542236328,15.1899995803833,15.5,4567900,0.0,0.0,0.0
2024-07-15,14.850000381469727,15.029999732971191,14.390000343322754,14.479999542236328,8596800,0.0,0.0,0.0
2024-07-16,14.649999618530273,14.84000015258789,14.510000228881836,14.609999656677246,4602600,0.0,0.0,0.0
2024-07-17,14.229999542236328,14.25,13.579999923706055,13.739999771118164,10479300,0.0,0.0,0.0
2024-07-18,13.920000076293945,14.350000381469727,13.890000343322754,14.109999656677246,6383300,0.0,0.0,0.0
2024-07-19,14.079999923706055,14.390000343322754,13.949999809265137,14.300000190734863,3667700,0.0,0.0,0.0
2024-07-22,14.75,15.210000038146973,14.739999771118164,15.010000228881836,6541800,0.0,0.0,0.0
2024-07-23,14.890000343322754,14.949999809265137,14.619999885559082,14.859999656677246,3824000,0.0,0.0,0.0
2024-07-24,14.289999961853027,14.569999694824219,14.229999542236328,14.3100004196167,4630300,0.0,0.0,0.0
2024-07-25,14.010000228881836,14.170000076293945,13.649999618530273,13.75,8785400,0.0,0.0,0.0
2024-07-26,13.680000305175781,13.789999961853027,13.489999771118164,13.510000228881836,8509700,0.0,0.0,0.0
2024-07-29,13.510000228881836,13.680000305175781,13.229999542236328,13.59000015258789,9352000,0.0,0.0,0.0
2024-07-30,13.260000228881836,14.119999885559082,13.220000267028809,14.010000228881836,5705100,0.0,0.0,0.0
2024-07-31,13.630000114440918,13.800000190734863,13.390000343322754,13.539999961853027,7292100,0.0,0.0,0.0
2024-08-01,13.970000267028809,14.0600004196167,13.010000228881836,13.09000015258789,10103500,0.0,0.0,0.0
2024-08-02,13.3100004196167,13.380000114440918,12.710000038146973,13.050000190734863,6405000,0.0,0.0,0.0
2024-08-05,12.859999656677246,13.0600004196167,12.579999923706055,12.9399995803833,7359000,0.0,0.0,0.0
2024-08-06,13.289999961853027,13.449999809265137,12.970000267028809,13.319999694824219,5636100,0.0,0.0,0.0
2024-08-07,13.779999732971191,14.020000457763672,13.630000114440918,13.859999656677246,4903300,0.0,0.0,0.0
2024-08-08,13.569999694824219,14.420000076293945,13.430000305175781,14.180000305175781,7151100,0.0,0.0,0.0
2024-08-09,14.220000267028809,14.350000381469727,13.9399995803833,14.279999732971191,3717800,0.0,0.0,0.0
2024-08-12,14.609999656677246,14.739999771118164,14.270000457763672,14.399999618530273,5573200,0.0,0.0,0.0
2024-08-13,14.75,14.829999923706055,14.149999618530273,14.329999923706055,4346000,0.0,0.0,0.0
2024-08-14,14.729999542236328,15.069999694824219,14.569999694824219,14.739999771118164,6560900,0.0,0.0,0.0
2024-08-15,14.800000190734863,15.220000267028809,14.529999732971191,14.569999694824219,5999100,0.0,0.0,0.0
2024-08-16,14.329999923706055,14.420000076293945,14.010000228881836,14.069999694824219,4797400,0.0,0.0,0.0
2024-08-19,14.479999542236328,14.850000381469727,14.479999542236328,14.6899995803833,4987700,0.0,0.0,0.0
2024-08-20,14.550000190734863,14.680000305175781,14.430000305175781,14.649999618530273,3978900,0.0,0.0,0.0
2024-08-21,14.59000015258789,14.699999809265137,14.25,14.5600004196167,4044000,0.0,0.0,0.0
2024-08-22,14.130000114440918,14.199999809265137,13.579999923706055,13.8100004196167,9987300,0.0,0.0,0.0
2024-08-23,13.539999961853027,13.739999771118164,13.529999732971191,13.720000267028809,4328600,0.0,0.0,0.0
2024-08-26,13.539999961853027,13.710000038146973,13.260000228881836,13.329999923706055,7942500,0.0,0.0,0.0
2024-08-27,13.130000114440918,13.170000076293945,12.84000015258789,13.079999923706055,7738500,0.0,0.0,0.0
2024-08-28,12.869999885559082,13.40999984741211,12.760000228881836,13.199999809265137,9308800,0.0,0.0,0.0
2024-08-29,12.75,13.470000267028809,12.710000038146973,13.430000305175781,8137700,0.0,0.0,0.0
2024-08-30,13.329999923706055,13.520000457763672,13.140000343322754,13.369999885559082,7076500,0.0,0.0,0.0
2024-09-03,13.210000038146973,13.960000038146973,13.029999732971191,13.890000343322754,7417900,0.0,0.0,0.0
2024-09-04,14.020000457763672,14.069999694824219,13.390000343322754,13.460000038146973,4529400,0.0,0.0,0.0
2024-09-05,13.8100004196167,14.34000015258789,13.800000190734863,14.180000305175781,8653500,0.0,0.0,0.0
2024-09-06,14.210000038146973,14.369999885559082,14.020000457763672,14.319999694824219,4634100,0.0,0.0,0.0
2024-09-09,13.890000343322754,13.90999984741211,13.449999809265137,13.479999542236328,6567900,0.0,0.0,0.0
2024-09-10,14.029999732971191,14.15999984741211,13.789999961853027,14.069999694824219,5551900,0.0,0.0,0.0
2024-09-11,14.279999732971191,14.600000381469727,14.15999984741211,14.25,5735100,0.0,0.0,0.0
2024-09-12,14.09000015258789,15.029999732971191,14.039999961853027,14.829999923706055,5352500,0.0,0.0,0.0
2024-09-13,14.930000305175781,15.0,14.4399995803833,14.489999771118164,4517500,0.0,0.0,0.0
2024-09-16,14.359999656677246,14.989999771118164,14.329999923706055,14.859999656677246,4081800,0.0,0.0,0.0
2024-09-17,15.09000015258789,15.170000076293945,14.619999885559082,14.640000343322754,3925000,0.0,0.0,0.0
2024-09-18,14.8100004196167,14.819999694824219,14.380000114440918,14.4399995803833,3834700,0.0,0.0,0.0
2024-09-19,14.210000038146973,14.619999885559082,14.079999923706055,14.609999656677246,5843300,0.0,0.0,0.0
2024-09-20,14.569999694824219,15.399999618530273,14.510000228881836,15.34000015258789,6978600,0.0,0.0,0.0
2024-09-23,15.569999694824219,16.100000381469727,15.529999732971191,16.09000015258789,8030500,0.0,0.0,0.0
2024-09-24,15.880000114440918,16.079999923706055,15.609999656677246,15.8100004196167,5523800,0.0,0.0,0.0
2024-09-25,16.020000457763672,16.09000015258789,15.710000038146973,15.850000381469727,5305700,0.0,0.0,0.0
2024-09-26,16.010000228881836,16.040000915527344,15.350000381469727,15.470000267028809,7273400,0.0,0.0,0.0
2024-09-27,15.890000343322754,16.450000762939453,15.84000015258789,16.3700008392334,9982000,0.0,0.0,0.0
2024-09-30,16.239999771118164,16.56999969482422,16.209999084472656,16.329999923706055,4395600,0.0,0.0,0.0
2024-10-01,16.25,16.530000686645508,16.049999237060547,16.3700008392334,6976800,0.0,0.0,0.0
2024-10-02,16.6299991607666,16.760000228881836,16.139999389648438,16.40999984741211,6496300,0.0,0.0,0.0
2024-10-03,16.639999389648438,16.799999237060547,16.479999542236328,16.68000030517578,5628900,0.0,0.0,0.0
2024-10-04,16.329999923706055,16.43000030517578,15.930000305175781,15.9399995803833,6119800,0.0,0.0,0.0
2024-10-07,15.65999984741211,15.670000076293945,15.220000267028809,15.380000114440918,5846800,0.0,0.0,0.0
2024-10-08,15.430000305175781,15.600000381469727,15.229999542236328,15.25,4643200,0.0,0.0,0.0
2024-10-09,15.180000305175781,15.319999694824219,14.819999694824219,14.859999656677246,5305500,0.0,0.0,0.0
2024-10-10,14.739999771118164,15.1899995803833,14.630000114440918,15.130000114440918,5696500,0.0,0.0,0.0
2024-10-11,14.970000267028809,15.029999732971191,14.720000267028809,14.800000190734863,3820200,0.0,0.0,0.0
2024-10-14,14.350000381469727,14.40999984741211,13.979999542236328,13.989999771118164,5819800,0.0,0.0,0.0
2024-10-15,14.220000267028809,14.359999656677246,13.989999771118164,14.010000228881836,4195200,0.0,0.0,0.0
2024-10-16,13.770000457763672,13.789999961853027,13.350000381469727,13.4399995803833,8522300,0.0,0.0,0.0
2024-10-17,13.550000190734863,13.649999618530273,13.270000457763672,13.3100004196167,5290700,0.0,0.0,0.0
2024-10-18,13.100000381469727,13.130000114440918,12.949999809265137,13.029999732971191,6993900,0.0,0.0,0.0
2024-10-21,13.119999885559082,13.279999732971191,13.09000015258789,13.25,6271600,0.0,0.0,0.0
2024-10-22,13.279999732971191,13.680000305175781,13.260000228881836,13.5,8757000,0.0,0.0,0.0
2024-10-23,13.510000228881836,13.970000267028809,13.399999618530273,13.819999694824219,7599900,0.0,0.0,0.0
2024-10-24,13.890000343322754,14.350000381469727,13.609999656677246,14.319999694824219,8660800,0.0,0.0,0.0
2024-10-25,14.100000381469727,14.539999961853027,14.020000457763672,14.449999809265137,6217900,0.0,0.0,0.0
2024-10-28,13.430000305175781,13.550000190734863,13.140000343322754,13.34000015258789,11750300,0.0,0.0,0.0
2024-10-29,13.4399995803833,13.550000190734863,13.239999771118164,13.40999984741211,6109200,0.0,0.0,0.0
2024-10-30,13.109999656677246,13.4399995803833,13.050000190734863,13.229999542236328,7399700,0.0,0.0,0.0
2024-10-31,12.970000267028809,13.069999694824219,12.609999656677246,12.710000038146973,12949400,0.0,0.0,0.0
2024-11-01,12.720000267028809,12.779999732971191,12.350000381469727,12.479999542236328,7922000,0.0,0.0,0.0
2024-11-04,12.579999923706055,13.109999656677246,12.529999732971191,13.0600004196167,10459400,0.0,0.0,0.0
2024-11-05,13.100000381469727,13.130000114440918,12.4399995803833,12.529999732971191,8676400,0.0,0.0,0.0
2024-11-06,12.789999961853027,13.119999885559082,12.680000305175781,12.869999885559082,7324700,0.0,0.0,0.0
2024-11-07,12.619999885559082,12.760000228881836,12.479999542236328,12.65999984741211,7981000,0.0,0.0,0.0
2024-11-08,12.75,12.890000343322754,12.40999984741211,12.529999732971191,6011500,0.0,0.0,0.0
2024-11-11,13.680000305175781,13.880000114440918,13.5600004196167,13.800000190734863,13101900,0.0,0.0,0.0
2024-11-12,13.65999984741211,14.140000343322754,13.430000305175781,13.65999984741211,9680400,0.0,0.0,0.0
2024-11-13,13.489999771118164,14.140000343322754,13.430000305175781,14.109999656677246,9264000,0.0,0.0,0.0
2024-11-14,13.789999961853027,13.899999618530273,13.119999885559082,13.149999618530273,8651400,0.0,0.0,0.0
2024-11-15,13.100000381469727,13.420000076293945,13.069999694824219,13.369999885559082,7318200,0.0,0.0,0.0
2024-11-18,13.479999542236328,13.819999694824219,13.479999542236328,13.75,8377100,0.0,0.0,0.0
2024-11-19,13.789999961853027,14.180000305175781,13.710000038146973,13.869999885559082,8884400,0.0,0.0,0.0
2024-11-20,14.350000381469727,14.819999694824219,14.239999771118164,14.75,13846300,0.0,0.0,0.0
2024-11-21,15.390000343322754,15.520000457763672,14.8100004196167,15.149999618530273,11904800,0.0,0.0,0.0
2024-11-22,14.289999961853027,14.420000076293945,14.069999694824219,14.3100004196167,14879000,0.0,0.0,0.0
2024-11-25,14.979999542236328,15.4399995803833,14.720000267028809,14.789999961853027,11781600,0.0,0.0,0.0
2024-11-26,15.010000228881836,15.270000457763672,14.670000076293945,15.079999923706055,10170100,0.0,0.0,0.0
2024-11-27,14.050000190734863,14.180000305175781,13.8100004196167,13.8100004196167,9147000,0.0,0.0,0.0
2024-11-29,14.350000381469727,14.649999618530273,14.239999771118164,14.430000305175781,4681700,0.0,0.0,0.0
2024-12-02,13.970000267028809,14.199999809265137,13.770000457763672,13.880000114440918,9656700,0.0,0.0,0.0
2024-12-03,13.600000381469727,13.600000381469727,13.130000114440918,13.210000038146973,9444000,0.0,0.0,0.0
2024-12-04,13.149999618530273,13.350000381469727,12.899999618530273,13.260000228881836,8384500,0.0,0.0,0.0
2024-12-05,13.420000076293945,13.65999984741211,13.199999809265137,13.319999694824219,6637600,0.0,0.0,0.0
2024-12-06,13.220000267028809,13.4399995803833,13.149999618530273,13.369999885559082,4222400,0.0,0.0,0.0
2024-12-09,13.760000228881836,13.960000038146973,13.59000015258789,13.770000457763672,6923600,0.0,0.0,0.0
2024-12-10,13.380000114440918,13.829999923706055,13.3100004196167,13.8100004196167,6877200,0.0,0.0,0.0
2024-12-11,14.279999732971191,14.739999771118164,14.279999732971191,14.5600004196167,10133100,0.0,0.0,0.0
2024-12-12,14.710000038146973,15.420000076293945,14.489999771118164,15.039999961853027,13176100,0.0,0.0,0.0
2024-12-13,14.569999694824219,14.600000381469727,14.15999984741211,14.229999542236328,7033000,0.0,0.0,0.0
2024-12-16,13.84000015258789,14.069999694824219,13.800000190734863,13.949999809265137,5668400,0.0,0.0,0.0
2024-12-17,13.619999885559082,14.479999542236328,13.40999984741211,14.460000038146973,7641100,0.0,0.0,0.0
2024-12-18,14.489999771118164,14.699999809265137,14.300000190734863,14.539999961853027,6517300,0.0,0.0,0.0
2024-12-19,14.850000381469727,15.4399995803833,14.789999961853027,15.399999618530273,9531300,0.0,0.0,0.0
2024-12-20,15.3100004196167,16.020000457763672,15.130000114440918,15.869999885559082,11632600,0.0,0.0,0.0
2024-12-23,15.670000076293945,15.729999542236328,15.239999771118164,15.630000114440918,7477600,0.0,0.0,0.0
2024-12-24,16.0,16.209999084472656,15.960000038146973,16.139999389648438,4116700,0.0,0.0,0.0
2024-12-26,15.34000015258789,15.420000076293945,15.09000015258789,15.369999885559082,10900000,0.0,0.0,0.0
2024-12-27,15.739999771118164,15.890000343322754,15.289999961853027,15.760000228881836,11302800,0.0,0.0,0.0
2024-12-30,18.6299991607666,19.479999542236328,17.690000534057617,18.030000686645508,30104400,0.0,0.0,0.0
2024-12-31,17.149999618530273,17.5,16.600000381469727,16.809999465942383,15119400,0.0,0.0,0.0
2025-01-02,17.229999542236328,17.6200008392334,16.860000610351562,17.010000228881836,14092900,0.0,0.0,0.0
2025-01-03,16.18000030517578,16.25,15.460000038146973,15.59000015258789,16484500,0.0,0.0,0.0
2025-01-06,17.010000228881836,17.260000228881836,16.5,17.15999984741211,16600100,0.0,0.0,0.0
2025-01-07,16.6200008392334,16.719999313354492,15.920000076293945,15.989999771118164,16343200,0.0,0.0,0.0
2025-01-08,16.600000381469727,17.139999389648438,16.479999542236328,17.110000610351562,13468200,0.0,0.0,0.0
2025-01-10,18.260000228881836,18.639999389648438,18.0,18.420000076293945,14921800,0.0,0.0,0.0
2025-01-13,18.469999313354492,18.75,17.860000610351562,18.219999313354492,14321700,0.0,0.0,0.0
2025-01-14,17.729999542236328,18.829999923706055,17.719999313354492,18.469999313354492,12135900,0.0,0.0,0.0
2025-01-15,18.729999542236328,19.18000030517578,18.420000076293945,19.1200008392334,13993100,0.0,0.0,0.0
2025-01-16,19.09000015258789,20.030000686645508,18.68000030517578,19.940000534057617,16418300,0.0,0.0,0.0
2025-01-17,18.5,18.920000076293945,18.280000686645508,18.34000015258789,9260500,0.0,0.0,0.0
2025-01-21,17.989999771118164,18.09000015258789,17.579999923706055,17.729999542236328,9103500,0.0,0.0,0.0
2025-01-22,17.860000610351562,18.600000381469727,17.790000915527344,18.540000915527344,7320700,0.0,0.0,0.0
2025-01-23,18.729999542236328,18.899999618530273,17.979999542236328,18.25,10105600,0.0,0.0,0.0
2025-01-24,17.850000381469727,18.309999465942383,17.639999389648438,18.1200008392334,6331600,0.0,0.0,0.0
2025-01-27,17.219999313354492,17.260000228881836,16.770000457763672,17.149999618530273,7871600,0.0,0.0,0.0
2025-01-28,16.59000015258789,16.850000381469727,16.280000686645508,16.290000915527344,7570400,0.0,0.0,0.0
2025-01-29,16.709999084472656,16.860000610351562,16.350000381469727,16.760000228881836,5628500,0.0,0.0,0.0
2025-01-30,16.489999771118164,16.700000762939453,16.020000457763672,16.139999389648438,7689100,0.0,0.0,0.0
2025-01-31,15.970000267028809,16.25,15.859999656677246,16.190000534057617,5323600,0.0,0.0,0.0
2025-02-03,17.440000534057617,17.979999542236328,17.3799991607666,17.639999389648438,9247600,0.0,0.0,0.0
2025-02-04,16.729999542236328,17.510000228881836,16.729999542236328,17.06999969482422,5692400,0.0,0.0,0.0
2025-02-05,16.940000534057617,17.81999969482422,16.93000030517578,17.799999237060547,5663600,0.0,0.0,0.0
2025-02-06,17.489999771118164,18.1200008392334,17.440000534057617,17.889999389648438,7056300,0.0,0.0,0.0
2025-02-07,17.770000457763672,17.950000762939453,17.40999984741211,17.479999542236328,5877500,0.0,0.0,0.0
2025-02-10,17.81999969482422,18.40999984741211,17.709999084472656,18.209999084472656,7146500,0.0,0.0,0.0
2025-02-11,18.68000030517578,18.889999389648438,18.5,18.579999923706055,6507800,0.0,0.0,0.0
2025-02-12,18.760000228881836,18.920000076293945,18.43000030517578,18.790000915527344,4685600,0.0,0.0,0.0
2025-02-13,19.540000915527344,19.940000534057617,19.0,19.149999618530273,8334700,0.0,0.0,0.0
2025-02-14,19.610000610351562,20.0,19.56999969482422,19.649999618530273,4215300,0.0,0.0,0.0
2025-02-18,19.6200008392334,21.09000015258789,19.489999771118164,20.950000762939453,8789900,0.0,0.0,0.0
2025-02-19,21.729999542236328,22.729999542236328,21.709999084472656,22.610000610351562,25414200,0.0,0.0,0.0
2025-02-20,21.719999313354492,21.809999465942383,21.200000762939453,21.729999542236328,8367300,0.0,0.0,0.0
2025-02-21,22.389999389648438,22.84000015258789,21.84000015258789,22.09000015258789,12326600,0.0,0.0,0.0
2025-02-24,21.040000915527344,21.299999237060547,20.84000015258789,21.239999771118164,5871300,0.0,0.0,0.0
2025-02-25,21.31999969482422,21.940000534057617,21.139999389648438,21.75,5375400,0.0,0.0,0.0
2025-02-26,21.389999389648438,21.399999618530273,20.920000076293945,21.149999618530273,5491700,0.0,0.0,0.0
2025-02-27,21.239999771118164,21.559999465942383,20.829999923706055,20.860000610351562,6753600,0.0,0.0,0.0
2025-02-28,20.6200008392334,20.770000457763672,20.309999465942383,20.34000015258789,6454800,0.0,0.0,0.0
2025-03-03,20.690000534057617,22.1299991607666,20.600000381469727,21.950000762939453,10418300,0.0,0.0,0.0
2025-03-04,23.239999771118164,24.149999618530273,22.84000015258789,23.110000610351562,12699200,0.0,0.0,0.0
2025-03-05,22.709999084472656,23.760000228881836,22.670000076293945,23.6200008392334,8157700,0.0,0.0,0.0
2025-03-06,23.239999771118164,23.239999771118164,22.579999923706055,22.770000457763672,10394500,0.0,0.0,0.0
2025-03-07,22.200000762939453,23.479999542236328,22.1299991607666,23.190000534057617,12469700,0.0,0.0,0.0
2025-03-10,23.8700008392334,24.329999923706055,23.6200008392334,23.829999923706055,8932200,0.0,0.0,0.0
2025-03-11,24.079999923706055,24.09000015258789,23.209999084472656,23.280000686645508,7130400,0.0,0.0,0.0
2025-03-12,22.309999465942383,22.43000030517578,21.6200008392334,21.649999618530273,5596800,0.0,0.0,0.0
2025-03-13,21.100000381469727,22.260000228881836,21.040000915527344,21.43000030517578,6906000,0.0,0.0,0.0
2025-03-14,21.149999618530273,21.959999084472656,21.040000915527344,21.790000915527344,3893500,0.0,0.0,0.0
2025-03-17,21.420000076293945,21.75,21.1299991607666,21.219999313354492,4523300,0.0,0.0,0.0
2025-03-18,21.649999618530273,21.860000610351562,21.389999389648438,21.40999984741211,4571000,0.0,0.0,0.0
2025-03-19,22.040000915527344,22.579999923706055,21.829999923706055,22.350000381469727,5751900,0.0,0.0,0.0
2025-03-20,21.899999618530273,22.020000457763672,21.059999465942383,21.170000076293945,6852300,0.0,0.0,0.0
2025-03-21,21.200000762939453,21.360000610351562,20.809999465942383,20.84000015258789,5283700,0.0,0.0,0.0
2025-03-24,21.06999969482422,21.18000030517578,20.610000610351562,20.65999984741211,5504900,0.0,0.0,0.0
2025-03-25,20.799999237060547,20.799999237060547,20.010000228881836,20.329999923706055,5849800,0.0,0.0,0.0
2025-03-26,20.40999984741211,20.670000076293945,20.1200008392334,20.139999389648438,5044000,0.0,0.0,0.0
2025-03-27,20.18000030517578,20.68000030517578,19.90999984741211,20.40999984741211,6161900,0.0,0.0,0.0
2025-03-28,20.489999771118164,21.350000381469727,20.139999389648438,21.329999923706055,6055100,0.0,0.0,0.0
2025-03-31,22.1200008392334,22.1200008392334,21.209999084472656,21.610000610351562,6853300,0.0,0.0,0.0
2025-04-01,21.1200008392334,21.229999542236328,20.56999969482422,20.700000762939453,5514300,0.0,0.0,0.0
2025-04-02,21.06999969482422,21.3700008392334,20.940000534057617,21.049999237060547,3661000,0.0,0.0,0.0
2025-04-03,21.809999465942383,21.979999542236328,21.3799991607666,21.56999969482422,4852000,0.0,0.0,0.0
2025-04-04,20.170000076293945,20.700000762939453,19.93000030517578,20.040000915527344,6319300,0.0,0.0,0.0
2025-04-07,20.09000015258789,20.549999237060547,18.84000015258789,19.06999969482422,8673300,0.0,0.0,0.0
2025-04-08,19.59000015258789,19.780000686645508,18.110000610351562,18.280000686645508,7163200,0.0,0.0,0.0
2025-04-09,18.219999313354492,20.020000457763672,17.649999618530273,19.6200008392334,13737400,0.0,0.0,0.0
2025-04-10,19.139999389648438,19.360000610351562,18.149999618530273,18.469999313354492,9175400,0.0,0.0,0.0
2025-04-11,18.0,18.700000762939453,17.979999542236328,18.6299991607666,8203300,0.0,0.0,0.0
2025-04-14,18.790000915527344,18.829999923706055,17.34000015258789,17.510000228881836,5991400,0.0,0.0,0.0
2025-04-15,17.149999618530273,17.540000915527344,16.979999542236328,17.360000610351562,4816400,0.0,0.0,0.0
2025-04-16,17.010000228881836,17.31999969482422,16.81999969482422,17.030000686645508,4598500,0.0,0.0,0.0
2025-04-17,17.010000228881836,17.5,16.989999771118164,17.030000686645508,5057900,0.0,0.0,0.0
2025-04-21,16.600000381469727,16.649999618530273,15.789999961853027,16.020000457763672,6147600,0.0,0.0,0.0
2025-04-22,16.0,16.010000228881836,15.489999771118164,15.779999732971191,8225500,0.0,0.0,0.0
2025-04-23,15.819999694824219,16.09000015258789,15.630000114440918,15.729999542236328,8165700,0.0,0.0,0.0
2025-04-24,15.34000015258789,15.539999961853027,15.039999961853027,15.5,6700700,0.0,0.0,0.0
2025-04-25,15.300000190734863,15.869999885559082,15.279999732971191,15.699999809265137,5924200,0.0,0.0,0.0
2025-04-28,15.920000076293945,16.84000015258789,15.880000114440918,16.6200008392334,10958400,0.0,0.0,0.0
2025-04-29,16.860000610351562,17.059999465942383,16.59000015258789,16.8799991607666,7810900,0.0,0.0,0.0
2025-04-30,16.579999923706055,16.8700008392334,16.329999923706055,16.739999771118164,8942000,0.0,0.0,0.0
2025-05-01,16.979999542236328,17.709999084472656,16.739999771118164,17.31999969482422,12380800,0.0,0.0,0.0
2025-05-02,17.829999923706055,18.389999389648438,17.65999984741211,18.31999969482422,6073600,0.0,0.0,0.0
2025-05-05,18.25,18.450000762939453,17.68000030517578,17.979999542236328,6812600,0.0,0.0,0.0
2025-05-06,17.989999771118164,18.270000457763672,17.149999618530273,17.3700008392334,10142700,0.0,0.0,0.0
2025-05-07,18.079999923706055,18.299999237060547,17.860000610351562,18.170000076293945,5301000,0.0,0.0,0.0
2025-05-08,18.190000534057617,18.389999389648438,17.68000030517578,18.06999969482422,6664100,0.0,0.0,0.0
2025-05-09,18.709999084472656,19.110000610351562,18.709999084472656,18.979999542236328,5945900,0.0,0.0,0.0
2025-05-12,18.3799991607666,18.450000762939453,18.079999923706055,18.350000381469727,4895200,0.0,0.0,0.0
2025-05-13,18.520000457763672,18.540000915527344,17.889999389648438,18.190000534057617,5938700,0.0,0.0,0.0
2025-05-14,17.639999389648438,17.84000015258789,17.3700008392334,17.399999618530273,5132700,0.0,0.0,0.0
2025-05-15,17.389999389648438,17.510000228881836,16.780000686645508,16.799999237060547,6212200,0.0,0.0,0.0
2025-05-16,17.040000915527344,17.270000457763672,16.639999389648438,16.709999084472656,4364100,0.0,0.0,0.0
2025-05-19,16.020000457763672,16.09000015258789,15.619999885559082,15.649999618530273,8609600,0.0,0.0,0.0
2025-05-20,16.31999969482422,17.219999313354492,16.299999237060547,16.989999771118164,7823000,0.0,0.0,0.0
2025-05-21,17.040000915527344,17.190000534057617,16.81999969482422,16.920000076293945,6372500,0.0,0.0,0.0
2025-05-22,16.6299991607666,16.81999969482422,16.389999389648438,16.649999618530273,5650100,0.0,0.0,0.0
2025-05-23,16.700000762939453,16.950000762939453,16.6299991607666,16.829999923706055,6403900,0.0,0.0,0.0
2025-05-27,16.65999984741211,17.149999618530273,16.6200008392334,17.06999969482422,6089700,0.0,0.0,0.0
2025-05-28,16.829999923706055,16.829999923706055,16.1299991607666,16.149999618530273,8838600,0.0,0.0,0.0
2025-05-29,16.139999389648438,16.18000030517578,15.609999656677246,15.989999771118164,8699000,0.0,0.0,0.0
2025-05-30,16.040000915527344,16.049999237060547,15.630000114440918,15.710000038146973,6572800,0.0,0.0,0.0
2025-06-02,16.8700008392334,16.899999618530273,16.670000076293945,16.8700008392334,7573800,0.0,0.0,0.0
2025-06-03,16.559999465942383,17.110000610351562,16.559999465942383,16.959999084472656,6070900,0.0,0.0,0.0
2025-06-04,16.690000534057617,16.989999771118164,16.68000030517578,16.90999984741211,3854900,0.0,0.0,0.0
2025-06-05,16.989999771118164,17.06999969482422,16.459999084472656,16.700000762939453,6843200,0.0,0.0,0.0
2025-06-06,16.84000015258789,17.34000015258789,16.719999313354492,17.18000030517578,5596600,0.0,0.0,0.0
2025-06-09,16.440000534057617,16.770000457763672,16.270000457763672,16.559999465942383,7169100,0.0,0.0,0.0
2025-06-10,16.40999984741211,16.40999984741211,15.979999542236328,16.059999465942383,5250300,0.0,0.0,0.0
2025-06-11,16.34000015258789,16.420000076293945,15.699999809265137,15.949999809265137,7700500,0.0,0.0,0.0
2025-06-12,16.420000076293945,16.450000762939453,15.760000228881836,16.06999969482422,6750300,0.0,0.0,0.0
2025-06-13,16.040000915527344,16.399999618530273,16.030000686645508,16.360000610351562,5568700,0.0,0.0,0.0
2025-06-16,16.799999237060547,17.059999465942383,16.510000228881836,16.979999542236328,5656000,0.0,0.0,0.0
2025-06-17,17.3700008392334,17.600000381469727,17.200000762939453,17.579999923706055,5443000,0.0,0.0,0.0
2025-06-18,17.959999084472656,18.1200008392334,17.829999923706055,18.079999923706055,6006700,0.0,0.0,0.0
2025-06-20,18.06999969482422,18.06999969482422,17.350000381469727,17.65999984741211,6748700,0.0,0.0,0.0
2025-06-23,17.049999237060547,17.15999984741211,16.770000457763672,16.84000015258789,7132700,0.0,0.0,0.0
2025-06-24,16.459999084472656,16.6200008392334,16.15999984741211,16.25,5854100,0.0,0.0,0.0
2025-06-25,16.059999465942383,16.18000030517578,15.739999771118164,15.850000381469727,7409400,0.0,0.0,0.0
2025-06-26,15.649999618530273,15.680000305175781,15.079999923706055,15.65999984741211,10473200,0.0,0.0,0.0
2025-06-27,16.059999465942383,16.600000381469727,16.010000228881836,16.540000915527344,6858600,0.0,0.0,0.0
2025-06-30,15.609999656677246,15.739999771118164,15.170000076293945,15.279999732971191,10495700,0.0,0.0,0.0
2025-07-01,14.949999809265137,15.220000267028809,14.600000381469727,15.109999656677246,7679900,0.0,0.0,0.0
2025-07-02,15.34000015258789,15.59000015258789,15.3100004196167,15.420000076293945,4987000,0.0,0.0,0.0
2025-07-03,15.59000015258789,15.829999923706055,15.100000381469727,15.25,5903200,0.0,0.0,0.0
2025-07-07,14.9399995803833,15.390000343322754,14.859999656677246,15.109999656677246,5914200,0.0,0.0,0.0
2025-07-08,14.859999656677246,15.039999961853027,14.75,14.829999923706055,5132000,0.0,0.0,0.0
2025-07-09,14.270000457763672,14.289999961853027,13.970000267028809,14.199999809265137,10515100,0.0,0.0,0.0
2025-07-10,14.579999923706055,14.899999618530273,14.470000267028809,14.75,6976600,0.0,0.0,0.0
2025-07-11,14.989999771118164,15.149999618530273,14.600000381469727,14.920000076293945,4630900,0.0,0.0,0.0
2025-07-14,15.260000228881836,15.510000228881836,15.180000305175781,15.289999961853027,4755800,0.0,0.0,0.0
2025-07-15,15.350000381469727,15.710000038146973,15.149999618530273,15.539999961853027,5882200,0.0,0.0,0.0
2025-07-16,15.829999923706055,15.949999809265137,15.489999771118164,15.800000190734863,4815500,0.0,0.0,0.0
2025-07-17,15.960000038146973,16.0,15.619999885559082,15.699999809265137,9792500,0.0,0.0,0.0
2025-07-18,15.9399995803833,16.010000228881836,15.5,15.850000381469727,5907600,0.0,0.0,0.0
2025-07-21,15.0,15.050000190734863,14.59000015258789,14.680000305175781,9926200,0.0,0.0,0.0
2025-07-22,14.390000343322754,14.529999732971191,14.319999694824219,14.470000267028809,14426000,0.0,0.0,0.0
2025-07-23,13.989999771118164,14.020000457763672,13.670000076293945,13.710000038146973,16970800,0.0,0.0,0.0
2025-07-24,14.0,14.100000381469727,13.699999809265137,13.859999656677246,19512100,0.0,0.0,0.0
2025-07-25,13.890000343322754,14.069999694824219,13.789999961853027,13.829999923706055,11393900,0.0,0.0,0.0
2025-07-28,13.869999885559082,13.920000076293945,13.460000038146973,13.670000076293945,13369500,0.0,0.0,0.0
2025-07-29,13.829999923706055,14.020000457763672,13.699999809265137,13.90999984741211,6434300,0.0,0.0,0.0
2025-07-30,13.350000381469727,13.479999542236328,13.260000228881836,13.350000381469727,9391300,0.0,0.0,0.0
2025-07-31,13.1899995803833,13.6899995803833,13.079999923706055,13.59000015258789,9965300,0.0,0.0,0.0
2025-08-01,13.579999923706055,13.729999542236328,13.420000076293945,13.619999885559082,4111500,0.0,0.0,0.0
2025-08-04,13.239999771118164,13.3100004196167,12.75,12.960000038146973,11741000,0.0,0.0,0.0
2025-08-05,13.079999923706055,13.380000114440918,13.050000190734863,13.1899995803833,6377600,0.0,0.0,0.0
2025-08-06,13.420000076293945,13.600000381469727,13.300000190734863,13.539999961853027,5812400,0.0,0.0,0.0
2025-08-07,13.479999542236328,13.850000381469727,13.350000381469727,13.529999732971191,6555300,0.0,0.0,0.0
2025-08-08,13.380000114440918,13.449999809265137,13.029999732971191,13.199999809265137,5272600,0.0,0.0,0.0
2025-08-11,13.149999618530273,13.170000076293945,12.880000114440918,13.069999694824219,5634600,0.0,0.0,0.0
2025-08-12,12.640000343322754,12.680000305175781,12.220000267028809,12.279999732971191,15996000,0.0,0.0,0.0
2025-08-13,12.449999809265137,12.550000190734863,12.289999961853027,12.399999618530273,10040600,0.0,0.0,0.0
2025-08-14,12.359999656677246,12.529999732971191,12.239999771118164,12.510000228881836,9931100,0.0,0.0,0.0
2025-08-15,12.850000381469727,13.029999732971191,12.779999732971191,12.829999923706055,6292600,0.0,0.0,0.0
2025-08-18,12.59000015258789,12.850000381469727,12.550000190734863,12.720000267028809,6028500,0.0,0.0,0.0
2025-08-19,12.279999732971191,12.279999732971191,12.020000457763672,12.15999984741211,12848700,0.0,0.0,0.0
2025-08-20,12.149999618530273,12.170000076293945,12.0,12.130000114440918,7808300,0.0,0.0,0.0
2025-08-21,12.239999771118164,12.449999809265137,12.1899995803833,12.399999618530273,7945600,0.0,0.0,0.0
2025-08-22,12.180000305175781,12.199999809265137,11.84000015258789,11.90999984741211,11972100,0.0,0.0,0.0
2025-08-25,11.75,12.010000228881836,11.729999542236328,11.949999809265137,9579400,0.0,0.0,0.0
2025-08-26,11.899999618530273,11.979999542236328,11.720000267028809,11.970000267028809,8306100,0.0,0.0,0.0
2025-08-27,12.289999961853027,12.380000114440918,12.09000015258789,12.1899995803833,8508900,0.0,0.0,0.0
2025-08-28,12.25,12.739999771118164,12.140000343322754,12.569999694824219,11814000,0.0,0.0,0.0
2025-08-29,12.649999618530273,12.850000381469727,12.430000305175781,12.829999923706055,10891300,0.0,0.0,0.0
2025-09-02,12.449999809265137,12.819999694824219,12.300000190734863,12.779999732971191,12009900,0.0,0.0,0.0
2025-09-03,13.140000343322754,13.210000038146973,12.920000076293945,13.0600004196167,9138500,0.0,0.0,0.0
2025-09-04,13.15999984741211,13.3100004196167,12.859999656677246,13.100000381469727,8296000,0.0,0.0,0.0
2025-09-05,13.220000267028809,13.25,12.890000343322754,12.9399995803833,8096400,0.0,0.0,0.0
2025-09-08,13.40999984741211,13.460000038146973,13.09000015258789,13.15999984741211,8776000,0.0,0.0,0.0
2025-09-09,13.279999732971191,13.350000381469727,12.960000038146973,13.260000228881836,8336300,0.0,0.0,0.0
2025-09-10,12.9399995803833,13.0600004196167,12.829999923706055,12.880000114440918,5923300,0.0,0.0,0.0
2025-09-11,12.789999961853027,12.930000305175781,12.390000343322754,12.420000076293945,8531900,0.0,0.0,0.0
2025-09-12,12.720000267028809,12.770000457763672,12.489999771118164,12.510000228881836,5782200,0.0,0.0,0.0
2025-09-15,12.619999885559082,12.949999809265137,12.600000381469727,12.90999984741211,7179400,0.0,0.0,0.0
2025-09-16,13.020000457763672,13.279999732971191,12.960000038146973,13.220000267028809,7302500,0.0,0.0,0.0
2025-09-17,13.350000381469727,13.430000305175781,13.079999923706055,13.100000381469727,6572900,0.0,0.0,0.0
2025-09-18,13.0,13.029999732971191,12.649999618530273,12.670000076293945,9211000,0.0,0.0,0.0
2025-09-19,12.510000228881836,12.670000076293945,12.479999542236328,12.569999694824219,7616800,0.0,0.0,0.0
2025-09-22,12.489999771118164,12.510000228881836,12.140000343322754,12.149999618530273,8917200,0.0,0.0,0.0
2025-09-23,12.079999923706055,12.369999885559082,12.0600004196167,12.359999656677246,5679500,0.0,0.0,0.0
2025-09-24,12.25,12.510000228881836,12.239999771118164,12.359999656677246,6307100,0.0,0.0,0.0
2025-09-25,12.699999809265137,12.800000190734863,12.40999984741211,12.59000015258789,13007000,0.0,0.0,0.0
2025-09-26,12.390000343322754,12.619999885559082,12.260000228881836,12.470000267028809,8745700,0.0,0.0,0.0
2025-09-29,12.5,12.949999809265137,12.489999771118164,12.819999694824219,10866800,0.0,0.0,0.0
2025-09-30,13.020000457763672,13.109999656677246,12.899999618530273,13.069999694824219,8161700,0.0,0.0,0.0
2025-10-01,13.15999984741211,13.710000038146973,13.039999961853027,13.619999885559082,12776300,0.0,0.0,0.0
2025-10-02,13.670000076293945,14.069999694824219,13.40999984741211,13.449999809265137,12824100,0.0,0.0,0.0
2025-10-03,13.369999885559082,13.430000305175781,13.0,13.050000190734863,12367000,0.0,0.0,0.0
2025-10-06,13.359999656677246,13.4399995803833,13.130000114440918,13.300000190734863,11112100,0.0,0.0,0.0
2025-10-07,13.520000457763672,13.84000015258789,13.470000267028809,13.779999732971191,13272100,0.0,0.0,0.0
2025-10-08,13.529999732971191,13.529999732971191,13.039999961853027,13.100000381469727,12162800,0.0,0.0,0.0
2025-10-09,13.229999542236328,13.239999771118164,12.729999542236328,12.739999771118164,12023300,0.0,0.0,0.0
2025-10-10,12.460000038146973,12.569999694824219,12.149999618530273,12.329999923706055,14857800,0.0,0.0,0.0
2025-10-13,12.020000457763672,12.300000190734863,11.930000305175781,12.180000305175781,15572900,0.0,0.0,0.0
2025-10-14,11.970000267028809,12.109999656677246,11.8100004196167,11.949999809265137,12624900,0.0,0.0,0.0
2025-10-15,11.90999984741211,11.960000038146973,11.6899995803833,11.880000114440918,13214000,0.0,0.0,0.0
2025-10-16,11.819999694824219,12.050000190734863,11.550000190734863,11.579999923706055,17492300,0.0,0.0,0.0
2025-10-17,11.619999885559082,11.960000038146973,11.59000015258789,11.869999885559082,12810000,0.0,0.0,0.0
2025-10-20,12.569999694824219,13.039999961853027,12.550000190734863,12.930000305175781,20825600,0.0,0.0,0.0
2025-10-21,12.90999984741211,13.199999809265137,12.84000015258789,13.149999618530273,22141600,0.0,0.0,0.0
2025-10-22,13.1899995803833,13.229999542236328,12.9399995803833,13.0600004196167,13743000,0.0,0.0,0.0
2025-10-23,12.989999771118164,13.220000267028809,12.890000343322754,12.930000305175781,13259000,0.0,0.0,0.0
2025-10-24,12.9399995803833,13.079999923706055,12.609999656677246,12.970000267028809,11876000,0.0,0.0,0.0
2025-10-27,12.850000381469727,13.079999923706055,12.789999961853027,12.890000343322754,11835000,0.0,0.0,0.0
2025-10-28,12.449999809265137,12.520000457763672,12.34000015258789,12.34000015258789,12228200,0.0,0.0,0.0
2025-10-29,12.199999809265137,12.449999809265137,12.180000305175781,12.210000038146973,11310400,0.0,0.0,0.0
2025-10-30,12.510000228881836,12.84000015258789,12.399999618530273,12.819999694824219,14142500,0.0,0.0,0.0
2025-10-31,13.180000305175781,13.350000381469727,12.9399995803833,13.25,16695300,0.0,0.0,0.0
2025-11-03,13.359999656677246,13.829999923706055,13.25,13.760000228881836,15043600,0.0,0.0,0.0
2025-11-04,13.65999984741211,14.170000076293945,13.5600004196167,13.930000305175781,16230700,0.0,0.0,0.0
2025-11-05,13.819999694824219,14.029999732971191,13.569999694824219,13.630000114440918,12499400,0.0,0.0,0.0
2025-11-06,13.84000015258789,14.25,13.520000457763672,14.170000076293945,19299500,0.0,0.0,0.0
2025-11-07,13.979999542236328,14.170000076293945,13.800000190734863,13.949999809265137,13785700,0.0,0.0,0.0
2025-11-10,13.880000114440918,14.130000114440918,13.75,14.100000381469727,11114700,0.0,0.0,0.0
2025-11-11,14.180000305175781,14.770000457763672,14.180000305175781,14.5600004196167,14448900,0.0,0.0,0.0
2025-11-12,14.619999885559082,14.770000457763672,14.420000076293945,14.649999618530273,10600500,0.0,0.0,0.0
2025-11-13,14.710000038146973,15.09000015258789,14.609999656677246,14.8100004196167,13225600,0.0,0.0,0.0
2025-11-14,14.489999771118164,14.779999732971191,14.100000381469727,14.5600004196167,12716500,0.0,0.0,0.0
2025-11-17,14.5,14.649999618530273,14.069999694824219,14.119999885559082,10568100,0.0,0.0,0.0
2025-11-18,14.029999732971191,14.270000457763672,13.789999961853027,14.220000267028809,11539700,0.0,0.0,0.0
2025-11-19,14.649999618530273,14.850000381469727,14.5600004196167,14.699999809265137,8212000,0.0,0.0,0.0
2025-11-20,14.470000267028809,14.829999923706055,14.369999885559082,14.420000076293945,9230300,0.0,0.0,0.0
2025-11-21,14.5,14.84000015258789,14.470000267028809,14.649999618530273,11438100,0.0,0.0,0.0
2025-11-24,14.3100004196167,14.5,14.25,14.40999984741211,7753700,0.0,0.0,0.0
2025-11-25,13.649999618530273,13.989999771118164,13.59000015258789,13.829999923706055,10551100,0.0,0.0,0.0
2025-11-26,14.170000076293945,14.369999885559082,14.0600004196167,14.25,10074700,0.0,0.0,0.0
2025-11-28,14.619999885559082,14.869999885559082,14.569999694824219,14.729999542236328,6018500,0.0,0.0,0.0
2025-12-01,15.020000457763672,15.3100004196167,14.800000190734863,15.210000038146973,12186500,0.0,0.0,0.0
2025-12-02,15.239999771118164,15.319999694824219,14.869999885559082,14.960000038146973,10157400,0.0,0.0,0.0
2025-12-03,15.329999923706055,15.579999923706055,15.300000190734863,15.470000267028809,11076800,0.0,0.0,0.0
2025-12-04,15.289999961853027,15.739999771118164,15.079999923706055,15.65999984741211,12809700,0.0,0.0,0.0
2025-12-05,16.3700008392334,17.0,16.299999237060547,16.3700008392334,24469400,0.0,0.0,0.0
2025-12-08,15.489999771118164,15.600000381469727,15.050000190734863,15.069999694824219,18518300,0.0,0.0,0.0
2025-12-09,14.600000381469727,14.859999656677246,14.079999923706055,14.100000381469727,18381500,0.0,0.0,0.0
2025-12-10,14.300000190734863,14.529999732971191,14.0600004196167,14.260000228881836,15030700,0.0,0.0,0.0
2025-12-11,13.5,13.59000015258789,12.989999771118164,13.079999923706055,26227900,0.0,0.0,0.0
2025-12-12,12.720000267028809,12.920000076293945,12.579999923706055,12.729999542236328,18834700,0.0,0.0,0.0
2025-12-15,12.569999694824219,12.649999618530273,12.369999885559082,12.460000038146973,16102700,0.0,0.0,0.0
2025-12-16,12.029999732971191,12.25,11.920000076293945,12.100000381469727,18039800,0.0,0.0,0.0
2025-12-17,12.40999984741211,12.6899995803833,12.319999694824219,12.640000343322754,12317500,0.0,0.0,0.0
2025-12-18,12.6899995803833,12.779999732971191,11.970000267028809,12.029999732971191,15884200,0.0,0.0,0.0
2025-12-19,12.079999923706055,12.229999542236328,11.970000267028809,12.1899995803833,12523800,0.0,0.0,0.0
2025-12-22,11.75,11.890000343322754,11.479999542236328,11.850000381469727,24677600,0.0,0.0,0.0
2025-12-23,12.149999618530273,12.930000305175781,12.029999732971191,12.899999618530273,24265300,0.0,0.0,0.0
2025-12-24,12.479999542236328,12.649999618530273,12.329999923706055,12.390000343322754,10352500,0.0,0.0,0.0
2025-12-26,12.850000381469727,13.010000228881836,12.680000305175781,12.8100004196167,18068000,0.0,0.0,0.0
2025-12-29,12.989999771118164,13.329999923706055,12.880000114440918,13.050000190734863,20827700,0.0,0.0,0.0
2025-12-30,13.670000076293945,13.680000305175781,13.010000228881836,13.119999885559082,28028600,0.0,0.0,0.0
2025-12-31,12.59000015258789,12.640000343322754,12.180000305175781,12.260000228881836,19900800,0.0,0.0,0.0
2026-01-02,11.880000114440918,12.260000228881836,11.800000190734863,12.0600004196167,16673900,0.0,0.0,0.0
2026-01-05,11.239999771118164,11.680000305175781,11.199999809265137,11.630000114440918,27807100,0.0,0.0,0.0
2026-01-06,11.25,11.319999694824219,11.010000228881836,11.279999732971191,27092900,0.0,0.0,0.0
2026-01-07,11.539999961853027,11.880000114440918,11.460000038146973,11.779999732971191,15261900,0.0,0.0,0.0
2026-01-08,11.479999542236328,11.479999542236328,11.109999656677246,11.270000457763672,25829900,0.0,0.0,0.0
2026-01-09,11.050000190734863,11.119999885559082,10.380000114440918,10.399999618530273,41104700,0.0,0.0,0.0
2026-01-12,10.680000305175781,11.350000381469727,10.600000381469727,11.180000305175781,27909800,0.0,0.0,0.0
2026-01-13,11.140000343322754,11.420000076293945,10.970000267028809,11.319999694824219,16766700,0.0,0.0,0.0
2026-01-14,10.569999694824219,10.569999694824219,10.170000076293945,10.239999771118164,36804800,0.0,0.0,0.0
2026-01-15,10.199999809265137,10.399999618530273,9.949999809265137,10.300000190734863,23765300,0.0,0.0,0.0
2026-01-16,10.229999542236328,10.369999885559082,10.069999694824219,10.329999923706055,14915800,0.0,0.0,0.0
2026-01-20,12.319999694824219,12.539999961853027,11.970000267028809,12.369999885559082,50395600,0.0,0.0,0.0
2026-01-21,13.619999885559082,13.739999771118164,13.029999732971191,13.640000343322754,54623300,0.0,0.0,0.0
2026-01-22,14.220000267028809,14.369999885559082,13.380000114440918,13.430000305175781,51397600,0.0,0.0,0.0
2026-01-23,14.15999984741211,14.170000076293945,13.699999809265137,13.970000267028809,26751600,0.0,0.0,0.0
2026-01-26,14.260000228881836,15.1899995803833,14.149999618530273,14.829999923706055,46425300,0.0,0.0,0.0
2026-01-27,14.420000076293945,15.170000076293945,14.1899995803833,14.699999809265137,31400300,0.0,0.0,0.0
2026-01-28,14.460000038146973,15.109999656677246,14.300000190734863,14.529999732971191,32750400,0.0,0.0,0.0
2026-01-29,14.760000228881836,15.220000267028809,14.470000267028809,15.0600004196167,28675400,0.0,0.0,0.0
2026-01-30,15.84000015258789,17.030000686645508,15.670000076293945,16.899999618530273,35010600,0.0,0.0,0.0
2026-02-02,13.760000228881836,13.899999618530273,12.260000228881836,12.699999809265137,43704000,0.0,0.0,0.0
2026-02-03,12.699999809265137,13.15999984741211,12.65999984741211,12.979999542236328,13787300,0.0,0.0,0.0
2026-02-04,13.59000015258789,13.609999656677246,13.130000114440918,13.460000038146973,13198600,0.0,0.0,0.0
2026-02-05,13.539999961853027,13.680000305175781,12.920000076293945,13.520000457763672,17260000,0.0,0.0,0.0
2026-02-06,13.6899995803833,13.970000267028809,13.210000038146973,13.270000457763672,13699600,0.0,0.0,0.0
2026-02-09,12.199999809265137,12.5,12.109999656677246,12.170000076293945,11649900,0.0,0.0,0.0
2026-02-10,12.300000190734863,12.470000267028809,12.0600004196167,12.130000114440918,9268000,0.0,0.0,0.0
2026-02-11,12.0600004196167,12.420000076293945,12.020000457763672,12.319999694824219,10364100,0.0,0.0,0.0
2026-02-12,12.739999771118164,12.819999694824219,12.34000015258789,12.430000305175781,12603000,0.0,0.0,0.0
2026-02-13,12.229999542236328,12.609999656677246,12.229999542236328,12.4399995803833,8884700,0.0,0.0,0.0
2026-02-17,11.899999618530273,12.039999961853027,11.789999961853027,11.899999618530273,9544900,0.0,0.0,0.0
2026-02-18,11.779999732971191,11.899999618530273,11.539999961853027,11.869999885559082,9852700,0.0,0.0,0.0
2026-02-19,12.039999961853027,12.079999923706055,11.779999732971191,11.800000190734863,9977200,0.0,0.0,0.0
2026-02-20,11.880000114440918,12.369999885559082,11.8100004196167,12.010000228881836,10274000,0.0,0.0,0.0
2026-02-23,12.09000015258789,12.149999618530273,11.729999542236328,11.739999771118164,9403200,0.0,0.0,0.0
2026-02-24,11.600000381469727,11.699999809265137,11.380000114440918,11.460000038146973,7831800,0.0,0.0,0.0
2026-02-25,11.640000343322754,11.789999961853027,11.520000457763672,11.600000381469727,7762100,0.0,0.0,0.0
2026-02-26,11.300000190734863,11.420000076293945,11.170000076293945,11.380000114440918,10337400,0.0,0.0,0.0
2026-02-27,11.510000228881836,11.600000381469727,11.369999885559082,11.520000457763672,7457000,0.0,0.0,0.0
2026-03-02,11.930000305175781,12.039999961853027,11.720000267028809,12.0,17168300,0.0,0.0,0.0
2026-03-03,12.779999732971191,12.829999923706055,12.039999961853027,12.279999732971191,20735500,0.0,0.0,0.0
2026-03-04,11.850000381469727,11.949999809265137,11.640000343322754,11.779999732971191,12522600,0.0,0.0,0.0
2026-03-05,11.899999618530273,12.260000228881836,11.760000228881836,12.050000190734863,12980600,0.0,0.0,0.0
2026-03-06,12.529999732971191,13.1899995803833,12.399999618530273,12.75,26319100,0.0,0.0,0.0
2026-03-09,13.09000015258789,13.260000228881836,12.25,12.3100004196167,29248900,0.0,0.0,0.0
2026-03-10,12.1899995803833,12.380000114440918,11.920000076293945,12.270000457763672,14643100,0.0,0.0,0.0
2026-03-11,12.550000190734863,12.9399995803833,12.380000114440918,12.880000114440918,10224600,0.0,0.0,0.0
2026-03-12,13.039999961853027,13.130000114440918,12.670000076293945,13.039999961853027,14057900,0.0,0.0,0.0
2026-03-13,12.770000457763672,12.819999694824219,12.510000228881836,12.640000343322754,11989600,0.0,0.0,0.0
2026-03-16,12.510000228881836,12.609999656677246,12.050000190734863,12.210000038146973,10991300,0.0,0.0,0.0
2026-03-17,12.390000343322754,12.40999984741211,12.109999656677246,12.199999809265137,6352000,0.0,0.0,0.0
2026-03-18,12.1899995803833,12.789999961853027,12.09000015258789,12.670000076293945,14101500,0.0,0.0,0.0
2026-03-19,13.0,13.09000015258789,12.399999618530273,12.5600004196167,21405800,0.0,0.0,0.0
2026-03-20,12.25,12.5,12.210000038146973,12.390000343322754,10287300,0.0,0.0,0.0
2026-03-23,11.9399995803833,12.010000228881836,11.59000015258789,11.729999542236328,14397200,0.0,0.0,0.0
2026-03-24,11.84000015258789,11.899999618530273,11.65999984741211,11.729999542236328,6737300,0.0,0.0,0.0
2026-03-25,11.630000114440918,11.930000305175781,11.579999923706055,11.859999656677246,5642800,0.0,0.0,0.0
2026-03-26,11.890000343322754,12.100000381469727,11.789999961853027,11.84000015258789,8439200,0.0,0.0,0.0
2026-03-27,12.289999961853027,12.390000343322754,12.039999961853027,12.279999732971191,8514400,0.0,0.0,0.0
2026-03-30,11.6899995803833,11.770000457763672,11.569999694824219,11.680000305175781,9031100,0.0,0.0,0.0
2026-03-31,12.039999961853027,12.050000190734863,11.649999618530273,11.729999542236328,8115000,0.0,0.0,0.0
2026-04-01,11.550000190734863,11.569999694824219,11.3100004196167,11.420000076293945,7065600,0.0,0.0,0.0
2026-04-02,11.390000343322754,11.430000305175781,11.279999732971191,11.350000381469727,7923600,0.0,0.0,0.0
2026-04-06,11.59000015258789,11.600000381469727,11.359999656677246,11.369999885559082,4703400,0.0,0.0,0.0
2026-04-07,11.609999656677246,11.720000267028809,11.529999732971191,11.550000190734863,8146100,0.0,0.0,0.0
2026-04-08,11.100000381469727,11.239999771118164,10.970000267028809,11.079999923706055,10611700,0.0,0.0,0.0
2026-04-09,11.0600004196167,11.069999694824219,10.770000457763672,10.880000114440918,11520300,0.0,0.0,0.0
2026-04-10,10.8100004196167,10.899999618530273,10.699999809265137,10.770000457763672,6948100,0.0,0.0,0.0
2026-04-13,10.970000267028809,11.0,10.619999885559082,10.680000305175781,7345100,0.0,0.0,0.0
2026-04-14,10.729999542236328,10.75,10.399999618530273,10.5600004196167,8284300,0.0,0.0,0.0
2026-04-15,10.529999732971191,10.649999618530273,10.489999771118164,10.579999923706055,4993500,0.0,0.0,0.0
2026-04-16,10.609999656677246,10.789999961853027,10.600000381469727,10.779999732971191,4530200,0.0,0.0,0.0
2026-04-17,10.649999618530273,10.930000305175781,10.630000114440918,10.84000015258789,7532000,0.0,0.0,0.0
2026-04-20,10.869999885559082,11.0,10.789999961853027,10.850000381469727,7186200,0.0,0.0,0.0
2026-04-21,10.84000015258789,10.989999771118164,10.789999961853027,10.949999809265137,4804800,0.0,0.0,0.0
2026-04-22,11.069999694824219,11.15999984741211,10.9399995803833,10.949999809265137,5400300,0.0,0.0,0.0
2026-04-23,10.720000267028809,10.729999542236328,10.40999984741211,10.520000457763672,9074100,0.0,0.0,0.0
2026-04-24,10.34000015258789,10.359999656677246,10.180000305175781,10.3100004196167,11511200,0.0,0.0,0.0
2026-04-27,10.6899995803833,10.789999961853027,10.470000267028809,10.489999771118164,13640200,0.0,0.0,0.0
2026-04-28,10.399999618530273,10.539999961853027,10.279999732971191,10.329999923706055,18279100,0.0,0.0,0.0
2026-04-29,10.199999809265137,10.270000457763672,10.109999656677246,10.149999618530273,8683500,0.0,0.0,0.0
2026-04-30,10.15999984741211,10.720000267028809,10.149999618530273,10.600000381469727,19091200,0.0,0.0,0.0
2026-05-01,10.6899995803833,10.729999542236328,10.550000190734863,10.710000038146973,7259600,0.0,0.0,0.0
2026-05-04,10.859999656677246,11.079999923706055,10.84000015258789,10.949999809265137,12744500,0.0,0.0,0.0
2026-05-05,10.890000343322754,10.970000267028809,10.619999885559082,10.640000343322754,11185800,0.0,0.0,0.0
2026-05-06,10.460000038146973,10.510000228881836,10.350000381469727,10.449999809265137,11427200,0.0,0.0,0.0
2026-05-07,10.359999656677246,10.8100004196167,10.289999961853027,10.680000305175781,16306100,0.0,0.0,0.0
2026-05-08,10.869999885559082,10.920000076293945,10.520000457763672,10.569999694824219,8642300,0.0,0.0,0.0
2026-05-11,10.949999809265137,11.25,10.9399995803833,11.220000267028809,10225600,0.0,0.0,0.0
2026-05-12,10.989999771118164,11.010000228881836,10.779999732971191,10.90999984741211,7577200,0.0,0.0,0.0
2026-05-13,11.199999809265137,11.210000038146973,10.949999809265137,10.979999542236328,6926200,0.0,0.0,0.0
2026-05-14,10.819999694824219,11.210000038146973,10.760000228881836,11.15999984741211,10858000,0.0,0.0,0.0
2026-05-15,11.300000190734863,11.380000114440918,11.149999618530273,11.329999923706055,8907800,0.0,0.0,0.0
2026-05-18,11.449999809265137,11.609999656677246,11.359999656677246,11.539999961853027,8580900,0.0,0.0,0.0
2026-05-19,11.720000267028809,11.9399995803833,11.680000305175781,11.899999618530273,7342900,0.0,0.0,0.0
2026-05-20,11.6899995803833,11.779999732971191,11.369999885559082,11.489999771118164,8999400,0.0,0.0,0.0
2026-05-21,11.529999732971191,11.609999656677246,11.3100004196167,11.329999923706055,6415700,0.0,0.0,0.0
2026-05-22,11.130000114440918,11.199999809265137,10.899999618530273,10.9399995803833,9301800,0.0,0.0,0.0
2026-05-26,11.130000114440918,11.220000267028809,10.880000114440918,10.90999984741211,6268700,0.0,0.0,0.0
2026-05-27,11.09000015258789,11.40999984741211,11.09000015258789,11.180000305175781,9207800,0.0,0.0,0.0
2026-05-28,11.289999961853027,11.930000305175781,11.289999961853027,11.890000343322754,12138300,0.0,0.0,0.0
2026-05-29,12.149999618530273,12.220000267028809,11.869999885559082,11.930000305175781,12742200,0.0,0.0,0.0
2026-06-01,11.609999656677246,11.65999984741211,11.449999809265137,11.539999961853027,8716900,0.0,0.0,0.0
2026-06-02,11.34000015258789,11.520000457763672,11.329999923706055,11.470000267028809,5926300,0.0,0.0,0.0
2026-06-03,11.4399995803833,11.760000228881836,11.4399995803833,11.710000038146973,5708100,0.0,0.0,0.0
2026-06-04,11.989999771118164,12.229999542236328,11.970000267028809,12.119999885559082,8947700,0.0,0.0,0.0
2026-06-05,11.880000114440918,11.920000076293945,11.630000114440918,11.670000076293945,6443700,0.0,0.0,0.0
2026-06-08,11.399999618530273,11.4399995803833,11.229999542236328,11.369999885559082,4186100,0.0,0.0,0.0
2026-06-09,11.34000015258789,11.5600004196167,11.3100004196167,11.390000343322754,4161200,0.0,0.0,0.0
2026-06-10,11.649999618530273,11.720000267028809,11.5,11.539999961853027,6187700,0.0,0.0,0.0
2026-06-11,11.34000015258789,11.34000015258789,11.109999656677246,11.15999984741211,6887100,0.0,0.0,0.0
2026-06-12,11.180000305175781,11.380000114440918,11.15999984741211,11.350000381469727,5348500,0.0,0.0,0.0
2026-06-15,11.210000038146973,11.4399995803833,11.210000038146973,11.430000305175781,4717800,0.0,0.0,0.0
2026-06-16,11.460000038146973,11.829999923706055,11.4399995803833,11.760000228881836,5390700,0.0,0.0,0.0
2026-06-17,11.4399995803833,11.579999923706055,11.350000381469727,11.569999694824219,5383000,0.0,0.0,0.0
2026-06-18,11.40999984741211,11.819999694824219,11.40999984741211,11.739999771118164,6806800,0.0,0.0,0.0
2026-06-22,11.869999885559082,11.960000038146973,11.770000457763672,11.770000457763672,3662800,0.0,0.0,0.0
2026-06-23,11.579999923706055,11.670000076293945,11.40999984741211,11.5,5614800,0.0,0.0,0.0
2026-06-24,11.520000457763672,11.760000228881836,11.479999542236328,11.729999542236328,4699900,0.0,0.0,0.0
2026-06-25,11.9399995803833,11.979999542236328,11.579999923706055,11.75,6264600,0.0,0.0,0.0
2026-06-26,12.010000228881836,12.109999656677246,11.760000228881836,11.869999885559082,9248700,0.0,0.0,0.0
2026-06-29,11.520000457763672,11.550000190734863,11.380000114440918,11.430000305175781,5436900,0.0,0.0,0.0
2026-06-30,11.720000267028809,11.979999542236328,11.670000076293945,11.720000267028809,6091400,0.0,0.0,0.0
2026-07-01,11.649999618530273,11.720000267028809,11.510000228881836,11.520000457763672,3684900,0.0,0.0,0.0
2026-07-02,11.470000267028809,11.59000015258789,11.34000015258789,11.579999923706055,5114700,0.0,0.0,0.0
2026-07-06,11.520000457763672,11.720000267028809,11.460000038146973,11.710000038146973,3871000,0.0,0.0,0.0
2026-07-07,11.649999618530273,11.850000381469727,11.619999885559082,11.760000228881836,5501800,0.0,0.0,0.0
2026-07-08,11.84000015258789,11.850000381469727,11.539999961853027,11.600000381469727,5952400,0.0,0.0,0.0
2026-07-09,11.289999961853027,11.289999961853027,10.779999732971191,10.829999923706055,10983300,0.0,0.0,0.0
2026-07-10,10.569999694824219,10.619999885559082,10.350000381469727,10.600000381469727,8356400,0.0,0.0,0.0
2026-07-13,10.3100004196167,10.5,10.260000228881836,10.369999885559082,11573600,0.0,0.0,0.0
2026-07-14,10.40999984741211,10.550000190734863,10.319999694824219,10.520000457763672,5657700,0.0,0.0,0.0
2026-07-15,10.399999618530273,10.579999923706055,10.350000381469727,10.550000190734863,5971500,0.0,0.0,0.0
2026-07-16,10.59000015258789,10.6899995803833,10.180000305175781,10.420000076293945,11982800,0.0,0.0,0.0
2026-07-17,10.479999542236328,10.529999732971191,10.380000114440918,10.510000228881836,7122200,0.0,0.0,0.0
2026-07-20,10.380000114440918,10.380000114440918,10.229999542236328,10.289999961853027,7163200,0.0,0.0,0.0
2026-07-21,10.329999923706055,10.449999809265137,10.279999732971191,10.399999618530273,5293700,0.0,0.0,0.0
2026-07-22,10.460000038146973,10.649999618530273,10.449999809265137,10.600000381469727,5825300,0.0,0.0,0.0
2026-07-23,10.630000114440918,10.739999771118164,10.59000015258789,10.609999656677246,7649100,0.0,0.0,0.0
2026-07-24,10.8100004196167,10.819999694824219,10.489999771118164,10.550000190734863,7240200,0.0,0.0,0.0
2026-07-27,10.220000267028809,10.260000228881836,10.100000381469727,10.109999656677246,8718600,0.0,0.0,0.0
2026-07-28,10.029999732971191,10.029999732971191,9.75,9.800000190734863,15037900,0.0,0.0,0.0
2026-07-29,9.819999694824219,10.029999732971191,9.8100004196167,9.930000305175781,6439200,0.0,0.0,0.0
2026-07-30,9.890000343322754,10.109999656677246,9.819999694824219,10.010000228881836,10505900,0.0,0.0,0.0
2026-07-31,9.989999771118164,10.079999923706055,9.880000114440918,10.0600004196167,7111000,0.0,0.0,0.0
2026-08-03,10.109999656677246,10.140000343322754,10.0,10.109999656677246,6815200,0.0,0.0,0.0
2026-08-04,9.779999732971191,9.789999961853027,9.6899995803833,9.770000457763672,12619700,0.0,0.0,0.0
2026-08-05,9.760000228881836,9.829999923706055,9.699999809265137,9.739999771118164,7819400,0.0,0.0,0.0
2026-08-06,9.729999542236328,9.729999542236328,9.550000190734863,9.630000114440918,13407200,0.0,0.0,0.0
2026-08-07,9.779999732971191,9.8100004196167,9.680000305175781,9.739999771118164,8059800,0.0,0.0,0.0
2026-08-10,10.170000076293945,10.229999542236328,10.130000114440918,10.140000343322754,11466500,0.0,0.0,0.0
2026-08-11,10.180000305175781,10.220000267028809,10.020000457763672,10.069999694824219,7628100,0.0,0.0,0.0
2026-08-12,10.25,10.300000190734863,10.170000076293945,10.199999809265137,8935200,0.0,0.0,0.0
2026-08-13,10.010000228881836,10.119999885559082,9.890000343322754,9.970000267028809,11804500,0.0,0.0,0.0
2026-08-14,10.020000457763672,10.130000114440918,9.899999618530273,9.920000076293945,10851400,0.0,0.0,0.0
2026-08-17,9.770000457763672,9.850000381469727,9.720000267028809,9.829999923706055,8701400,0.0,0.0,0.0
2026-08-18,9.90999984741211,10.100000381469727,9.84000015258789,10.100000381469727,9057100,0.0,0.0,0.0
2026-08-19,10.289999961853027,10.329999923706055,10.0,10.010000228881836,11197300,0.0,0.0,0.0
2026-08-20,10.0,10.010000228881836,9.829999923706055,10.010000228881836,10541700,0.0,0.0,0.0
2026-08-21,10.069999694824219,10.130000114440918,9.989999771118164,9.989999771118164,7249800,0.0,0.0,0.0
2026-08-24,10.300000190734863,10.3100004196167,10.100000381469727,10.149999618530273,10193300,0.0,0.0,0.0
2026-08-25,9.920000076293945,10.239999771118164,9.880000114440918,10.229999542236328,11637100,0.0,0.0,0.0
2026-08-26,10.319999694824219,10.510000228881836,10.300000190734863,10.40999984741211,10839900,0.0,0.0,0.0
2026-08-27,10.550000190734863,10.729999542236328,10.40999984741211,10.430000305175781,10397300,0.0,0.0,0.0
2026-08-28,10.390000343322754,10.40999984741211,10.25,10.329999923706055,8629800,0.0,0.0,0.0
2026-08-31,10.420000076293945,10.59000015258789,10.34000015258789,10.539999961853027,9753000,0.0,0.0,0.0
2026-09-01,10.270000457763672,10.609999656677246,10.239999771118164,10.579999923706055,14734200,0.0,0.0,0.0
2026-09-02,10.569999694824219,10.760000228881836,10.529999732971191,10.75,12227000,0.0,0.0,0.0
2026-09-03,10.720000267028809,10.819999694824219,10.369999885559082,10.489999771118164,22245700,0.0,0.0,0.0
2026-09-04,10.649999618530273,10.720000267028809,10.539999961853027,10.5600004196167,16359600,0.0,0.0,0.0
2026-09-08,10.600000381469727,10.600000381469727,10.300000190734863,10.460000038146973,14247800,0.0,0.0,0.0
2026-09-09,10.270000457763672,10.390000343322754,10.069999694824219,10.09000015258789,14183800,0.0,0.0,0.0
2026-09-10,10.010000228881836,10.220000267028809,9.850000381469727,10.1899995803833,17270700,0.0,0.0,0.0
2026-09-11,10.09000015258789,10.229999542236328,10.079999923706055,10.170000076293945,11804200,0.0,0.0,0.0
2026-09-14,10.279999732971191,10.449999809265137,10.260000228881836,10.329999923706055,19520700,0.0,0.0,0.0
2026-09-15,10.5600004196167,10.59000015258789,10.399999618530273,10.539999961853027,23461900,0.0,0.0,0.0
2026-09-16,10.5600004196167,10.59000015258789,10.319999694824219,10.359999656677246,21101700,0.0,0.0,0.0
2026-09-17,10.300000190734863,10.579999923706055,10.289999961853027,10.329999923706055,25454900,0.0,0.0,0.0
