Date,Open,High,Low,Close,Volume,Dividends,Stock Splits,Capital Gains
2020-09-03,29.149999618530273,29.780000686645508,29.040000915527344,29.639999389648438,7999000,0.0,0.0,0.0
2020-09-04,29.420000076293945,29.450000762939453,28.399999618530273,28.510000228881836,7365900,0.0,0.0,0.0
2020-09-08,26.8799991607666,26.959999084472656,26.270000457763672,26.75,10546400,0.0,0.0,0.0
2020-09-09,26.84000015258789,27.690000534057617,26.709999084472656,27.40999984741211,5310500,0.0,0.0,0.0
2020-09-10,27.229999542236328,27.469999313354492,26.75,26.790000915527344,4856800,0.0,0.0,0.0
2020-09-11,26.920000076293945,27.270000457763672,26.729999542236328,27.040000915527344,3362000,0.0,0.0,0.0
2020-09-14,26.739999771118164,27.020000457763672,26.600000381469727,26.940000534057617,3311200,0.0,0.0,0.0
2020-09-15,27.059999465942383,27.700000762939453,26.959999084472656,27.520000457763672,3914100,0.0,0.0,0.0
2020-09-16,28.200000762939453,28.799999237060547,28.059999465942383,28.700000762939453,5785600,0.0,0.0,0.0
2020-09-17,28.56999969482422,29.389999389648438,28.43000030517578,29.229999542236328,4584300,0.0,0.0,0.0
2020-09-18,29.190000534057617,29.43000030517578,28.899999618530273,29.059999465942383,3058100,0.0,0.0,0.0
2020-09-21,28.670000076293945,28.760000228881836,27.65999984741211,28.290000915527344,5361800,0.0,0.0,0.0
2020-09-22,28.360000610351562,28.530000686645508,27.81999969482422,28.170000076293945,3020500,0.0,0.0,0.0
2020-09-23,28.350000381469727,28.84000015258789,28.0,28.030000686645508,5108100,0.0,0.0,0.0
2020-09-24,28.299999237060547,28.59000015258789,28.1299991607666,28.5,3418800,0.0,0.0,0.0
2020-09-25,28.299999237060547,28.559999465942383,28.170000076293945,28.350000381469727,2445200,0.0,0.0,0.0
2020-09-28,28.5,28.860000610351562,28.299999237060547,28.690000534057617,2428800,0.0,0.0,0.0
2020-09-29,28.309999465942383,28.31999969482422,27.280000686645508,27.700000762939453,5337100,0.0,0.0,0.0
2020-09-30,27.940000534057617,28.559999465942383,27.889999389648438,28.290000915527344,3445400,0.0,0.0,0.0
2020-10-01,27.760000228881836,27.860000610351562,26.770000457763672,27.510000228881836,6557100,0.0,0.0,0.0
2020-10-02,26.25,26.889999389648438,26.09000015258789,26.350000381469727,8583300,0.0,0.0,0.0
2020-10-05,27.579999923706055,28.15999984741211,27.440000534057617,27.93000030517578,7854900,0.0,0.0,0.0
2020-10-06,28.65999984741211,28.90999984741211,28.309999465942383,28.389999389648438,6288700,0.0,0.0,0.0
2020-10-07,28.15999984741211,28.40999984741211,27.889999389648438,28.389999389648438,5526200,0.0,0.0,0.0
2020-10-08,28.989999771118164,29.200000762939453,28.75,29.139999389648438,6567400,0.0,0.0,0.0
2020-10-09,28.989999771118164,29.25,28.59000015258789,28.690000534057617,4596400,0.0,0.0,0.0
2020-10-12,28.399999618530273,28.399999618530273,27.729999542236328,28.06999969482422,4553100,0.0,0.0,0.0
2020-10-13,28.459999084472656,28.649999618530273,28.270000457763672,28.459999084472656,3624000,0.0,0.0,0.0
2020-10-14,28.889999389648438,29.049999237060547,28.799999237060547,28.979999542236328,3190200,0.0,0.0,0.0
2020-10-15,28.06999969482422,28.950000762939453,28.010000228881836,28.940000534057617,5276500,0.0,0.0,0.0
2020-10-16,28.59000015258789,28.8700008392334,28.329999923706055,28.719999313354492,2516700,0.0,0.0,0.0
2020-10-19,28.829999923706055,29.010000228881836,28.59000015258789,28.59000015258789,2803000,0.0,0.0,0.0
2020-10-20,28.479999542236328,29.309999465942383,28.459999084472656,29.049999237060547,4391800,0.0,0.0,0.0
2020-10-21,28.610000610351562,28.780000686645508,27.93000030517578,28.100000381469727,5165700,0.0,0.0,0.0
2020-10-22,28.299999237060547,28.75,28.280000686645508,28.510000228881836,3235600,0.0,0.0,0.0
2020-10-23,28.549999237060547,28.559999465942383,27.780000686645508,27.8799991607666,3986200,0.0,0.0,0.0
2020-10-26,27.329999923706055,27.459999084472656,26.950000762939453,27.110000610351562,4646700,0.0,0.0,0.0
2020-10-27,27.309999465942383,27.950000762939453,27.229999542236328,27.690000534057617,3037200,0.0,0.0,0.0
2020-10-28,26.440000534057617,26.559999465942383,26.09000015258789,26.309999465942383,7011000,0.0,0.0,0.0
2020-10-29,24.920000076293945,25.739999771118164,24.75,25.600000381469727,8401400,0.0,0.0,0.0
2020-10-30,25.309999465942383,25.399999618530273,24.959999084472656,25.25,5424500,0.0,0.0,0.0
2020-11-02,25.15999984741211,26.290000915527344,25.139999389648438,26.260000228881836,5385100,0.0,0.0,0.0
2020-11-03,26.940000534057617,27.010000228881836,26.450000762939453,26.719999313354492,7241300,0.0,0.0,0.0
2020-11-04,27.1200008392334,27.6299991607666,26.690000534057617,27.440000534057617,5982500,0.0,0.0,0.0
2020-11-05,27.40999984741211,27.700000762939453,27.079999923706055,27.15999984741211,5115000,0.0,0.0,0.0
2020-11-06,26.829999923706055,26.8700008392334,26.200000762939453,26.469999313354492,5117700,0.0,0.0,0.0
2020-11-09,28.59000015258789,28.81999969482422,28.059999465942383,28.06999969482422,9840300,0.0,0.0,0.0
2020-11-10,28.65999984741211,28.969999313354492,28.469999313354492,28.90999984741211,6602400,0.0,0.0,0.0
2020-11-11,29.700000762939453,29.75,28.920000076293945,29.040000915527344,6376600,0.0,0.0,0.0
2020-11-12,29.209999084472656,29.440000534057617,28.6200008392334,28.65999984741211,6070900,0.0,0.0,0.0
2020-11-13,28.520000457763672,28.56999969482422,28.059999465942383,28.1299991607666,4367600,0.0,0.0,0.0
2020-11-16,29.1200008392334,29.170000076293945,28.65999984741211,28.809999465942383,4576600,0.0,0.0,0.0
2020-11-17,28.56999969482422,29.020000457763672,28.479999542236328,28.8700008392334,3613700,0.0,0.0,0.0
2020-11-18,29.06999969482422,29.360000610351562,28.959999084472656,29.0,4112100,0.0,0.0,0.0
2020-11-19,28.93000030517578,29.139999389648438,28.75,29.09000015258789,2934300,0.0,0.0,0.0
2020-11-20,28.93000030517578,29.360000610351562,28.920000076293945,29.270000457763672,4907100,0.0,0.0,0.0
2020-11-23,29.579999923706055,29.719999313354492,29.40999984741211,29.520000457763672,4398000,0.0,0.0,0.0
2020-11-24,30.229999542236328,31.030000686645508,30.209999084472656,30.799999237060547,9091700,0.0,0.0,0.0
2020-11-25,31.299999237060547,31.68000030517578,31.020000457763672,31.3700008392334,5865600,0.0,0.0,0.0
2020-11-27,31.1200008392334,31.360000610351562,31.030000686645508,31.219999313354492,2904900,0.0,0.0,0.0
2020-11-30,31.1200008392334,31.290000915527344,30.68000030517578,30.969999313354492,6778500,0.0,0.0,0.0
2020-12-01,30.920000076293945,30.959999084472656,30.34000015258789,30.6200008392334,4536800,0.0,0.0,0.0
2020-12-02,30.579999923706055,31.43000030517578,30.579999923706055,30.969999313354492,7064300,0.0,0.0,0.0
2020-12-03,30.889999389648438,31.360000610351562,30.809999465942383,31.25,5559700,0.0,0.0,0.0
2020-12-04,31.309999465942383,31.739999771118164,31.280000686645508,31.559999465942383,6930200,0.0,0.0,0.0
2020-12-07,31.440000534057617,31.8700008392334,31.309999465942383,31.399999618530273,4785400,0.0,0.0,0.0
2020-12-08,31.219999313354492,31.469999313354492,31.040000915527344,31.40999984741211,3786000,0.0,0.0,0.0
2020-12-09,31.549999237060547,31.65999984741211,30.899999618530273,31.34000015258789,7632800,0.0,0.0,0.0
2020-12-10,31.84000015258789,32.650001525878906,31.829999923706055,32.11000061035156,7572000,0.0,0.0,0.0
2020-12-11,32.029998779296875,32.130001068115234,31.770000457763672,31.940000534057617,3394000,0.0,0.0,0.0
2020-12-14,32.13999938964844,32.22999954223633,31.3700008392334,32.16999816894531,4877200,0.0,0.0,0.0
2020-12-15,32.31999969482422,32.619998931884766,32.25,32.540000915527344,3503300,0.0,0.0,0.0
2020-12-16,32.54999923706055,32.810001373291016,32.31999969482422,32.7400016784668,4349300,0.0,0.0,0.0
2020-12-17,33.0099983215332,33.22999954223633,32.91999816894531,33.15999984741211,4534000,0.0,0.0,0.0
2020-12-18,33.33000183105469,33.66999816894531,33.2599983215332,33.47999954223633,4759000,0.0,0.0,0.0
2020-12-21,32.18000030517578,32.84000015258789,32.119998931884766,32.63999938964844,6144300,0.0,0.0,0.0
2020-12-22,32.279998779296875,32.470001220703125,32.0,32.09000015258789,3749600,0.0,0.0,0.0
2020-12-23,32.33000183105469,33.08000183105469,32.33000183105469,32.75,5077500,0.0,0.0,0.0
2020-12-24,32.65999984741211,32.91999816894531,32.56999969482422,32.91999816894531,1694300,0.0,0.0,0.0
2020-12-28,32.880001068115234,33.04999923706055,32.5099983215332,32.59000015258789,4917500,0.0,0.0,0.0
2020-12-29,32.95000076293945,32.9900016784668,32.65999984741211,32.779998779296875,3631000,0.0,0.0,0.0
2020-12-30,32.58000183105469,33.220001220703125,32.54999923706055,32.90999984741211,4840000,0.0,0.0,0.0
2020-12-31,32.72999954223633,33.099998474121094,32.630001068115234,33.0099983215332,4424600,0.0,0.0,0.0
2021-01-04,33.0,33.290000915527344,32.2400016784668,32.380001068115234,14340200,0.0,0.0,0.0
2021-01-05,33.380001068115234,34.119998931884766,33.380001068115234,33.939998626708984,13616800,0.0,0.0,0.0
2021-01-06,33.939998626708984,34.470001220703125,33.560001373291016,34.11000061035156,7461100,0.0,0.0,0.0
2021-01-07,34.349998474121094,34.59000015258789,34.290000915527344,34.529998779296875,4103100,0.0,0.0,0.0
2021-01-08,34.93000030517578,35.5,34.75,35.43000030517578,7554600,0.0,0.0,0.0
2021-01-11,34.880001068115234,35.40999984741211,34.810001373291016,35.2599983215332,5100500,0.0,0.0,0.0
2021-01-12,35.650001525878906,36.0099983215332,35.56999969482422,35.900001525878906,4185800,0.0,0.0,0.0
2021-01-13,35.77000045776367,36.099998474121094,35.599998474121094,35.79999923706055,4457000,0.0,0.0,0.0
2021-01-14,35.70000076293945,36.31999969482422,35.61000061035156,36.2400016784668,5175000,0.0,0.0,0.0
2021-01-15,35.720001220703125,35.81999969482422,35.130001068115234,35.34000015258789,5492200,0.0,0.0,0.0
2021-01-19,35.709999084472656,35.88999938964844,35.529998779296875,35.75,3804300,0.0,0.0,0.0
2021-01-20,36.13999938964844,36.20000076293945,35.689998626708984,35.790000915527344,3222600,0.0,0.0,0.0
2021-01-21,35.81999969482422,36.0,35.63999938964844,35.7599983215332,3010300,0.0,0.0,0.0
2021-01-22,34.959999084472656,35.619998931884766,34.90999984741211,35.22999954223633,4673300,0.0,0.0,0.0
2021-01-25,35.11000061035156,35.65999984741211,35.029998779296875,35.59000015258789,4134500,0.0,0.0,0.0
2021-01-26,35.689998626708984,35.79999923706055,35.380001068115234,35.45000076293945,2628100,0.0,0.0,0.0
2021-01-27,35.40999984741211,35.93000030517578,35.02000045776367,35.5,4918800,0.0,0.0,0.0
2021-01-28,35.91999816894531,36.0099983215332,35.220001220703125,35.25,5409000,0.0,0.0,0.0
2021-01-29,35.63999938964844,35.77000045776367,35.11000061035156,35.18000030517578,3916100,0.0,0.0,0.0
2021-02-01,35.77000045776367,36.18000030517578,35.25,36.119998931884766,6051400,0.0,0.0,0.0
2021-02-02,36.970001220703125,37.04999923706055,36.720001220703125,36.81999969482422,6274700,0.0,0.0,0.0
2021-02-03,37.189998626708984,37.779998779296875,37.189998626708984,37.439998626708984,6804100,0.0,0.0,0.0
2021-02-04,37.61000061035156,37.95000076293945,37.20000076293945,37.810001373291016,5033700,0.0,0.0,0.0
2021-02-05,38.33000183105469,38.400001525878906,37.95000076293945,38.189998626708984,4379100,0.0,0.0,0.0
2021-02-08,38.470001220703125,38.97999954223633,38.470001220703125,38.939998626708984,4216200,0.0,0.0,0.0
2021-02-09,38.70000076293945,39.209999084472656,38.52000045776367,39.16999816894531,4904300,0.0,0.0,0.0
2021-02-10,39.2400016784668,39.470001220703125,39.0099983215332,39.279998779296875,5053600,0.0,0.0,0.0
2021-02-11,39.31999969482422,39.380001068115234,38.869998931884766,38.970001220703125,3738000,0.0,0.0,0.0
2021-02-12,39.0099983215332,40.06999969482422,39.0099983215332,39.939998626708984,5785100,0.0,0.0,0.0
2021-02-16,40.189998626708984,40.470001220703125,40.04999923706055,40.45000076293945,5467400,0.0,0.0,0.0
2021-02-17,40.27000045776367,40.959999084472656,40.130001068115234,40.88999938964844,7391500,0.0,0.0,0.0
2021-02-18,41.09000015258789,41.130001068115234,40.11000061035156,40.27000045776367,6708600,0.0,0.0,0.0
2021-02-19,40.2599983215332,40.4900016784668,39.54999923706055,39.68000030517578,5537500,0.0,0.0,0.0
2021-02-22,40.54999923706055,41.41999816894531,40.54999923706055,41.279998779296875,5814300,0.0,0.0,0.0
2021-02-23,41.150001525878906,41.72999954223633,40.7400016784668,41.619998931884766,5638200,0.0,0.0,0.0
2021-02-24,41.880001068115234,42.56999969482422,41.790000915527344,42.5,6504700,0.0,0.0,0.0
2021-02-25,42.31999969482422,42.77000045776367,42.150001525878906,42.459999084472656,4515200,0.0,0.0,0.0
2021-02-26,42.119998931884766,42.13999938964844,41.119998931884766,41.310001373291016,5913100,0.0,0.0,0.0
2021-03-01,41.29999923706055,41.61000061035156,40.310001373291016,40.599998474121094,6956000,0.0,0.0,0.0
2021-03-02,40.95000076293945,41.06999969482422,40.06999969482422,40.06999969482422,8272200,0.0,0.0,0.0
2021-03-03,40.880001068115234,41.650001525878906,40.54999923706055,41.13999938964844,4764400,0.0,0.0,0.0
2021-03-04,41.869998931884766,43.459999084472656,41.5,43.06999969482422,11815300,0.0,0.0,0.0
2021-03-05,44.08000183105469,44.5099983215332,43.90999984741211,44.439998626708984,7883300,0.0,0.0,0.0
2021-03-08,44.119998931884766,44.2400016784668,43.43000030517578,43.5,5083900,0.0,0.0,0.0
2021-03-09,43.72999954223633,43.81999969482422,43.06999969482422,43.11000061035156,5503200,0.0,0.0,0.0
2021-03-10,43.279998779296875,43.810001373291016,42.790000915527344,43.7400016784668,5733300,0.0,0.0,0.0
2021-03-11,43.90999984741211,44.63999938964844,43.709999084472656,44.599998474121094,6588700,0.0,0.0,0.0
2021-03-12,44.36000061035156,44.630001068115234,44.22999954223633,44.349998474121094,4643200,0.0,0.0,0.0
2021-03-15,43.900001525878906,44.34000015258789,43.459999084472656,44.2599983215332,5710000,0.0,0.0,0.0
2021-03-16,43.56999969482422,44.099998474121094,43.31999969482422,43.83000183105469,4932400,0.0,0.0,0.0
2021-03-17,43.689998626708984,43.93000030517578,43.2400016784668,43.81999969482422,5837900,0.0,0.0,0.0
2021-03-18,42.9900016784668,43.060001373291016,39.709999084472656,40.470001220703125,18801800,0.0,0.0,0.0
2021-03-19,40.83000183105469,41.9900016784668,40.2599983215332,41.77000045776367,6430000,0.0,0.0,0.0
2021-03-22,41.970001220703125,42.18000030517578,41.59000015258789,41.709999084472656,4162300,0.0,0.0,0.0
2021-03-23,40.290000915527344,40.90999984741211,39.27000045776367,39.369998931884766,12356900,0.0,0.0,0.0
2021-03-24,40.689998626708984,41.83000183105469,40.529998779296875,41.45000076293945,11330200,0.0,0.0,0.0
2021-03-25,40.470001220703125,40.619998931884766,39.310001373291016,39.88999938964844,9477000,0.0,0.0,0.0
2021-03-26,41.380001068115234,41.83000183105469,41.25,41.529998779296875,10091000,0.0,0.0,0.0
2021-03-29,41.22999954223633,41.959999084472656,40.95000076293945,41.91999816894531,6376300,0.0,0.0,0.0
2021-03-30,41.15999984741211,41.65999984741211,41.040000915527344,41.16999816894531,4151600,0.0,0.0,0.0
2021-03-31,40.9900016784668,41.70000076293945,40.220001220703125,40.529998779296875,6368600,0.0,0.0,0.0
2021-04-01,41.470001220703125,42.18000030517578,40.29999923706055,41.84000015258789,11598400,0.0,0.0,0.0
2021-04-05,41.209999084472656,41.2599983215332,39.52000045776367,40.279998779296875,9801000,0.0,0.0,0.0
2021-04-06,41.15999984741211,41.689998626708984,40.58000183105469,40.70000076293945,6734200,0.0,0.0,0.0
2021-04-07,40.540000915527344,41.04999923706055,39.90999984741211,40.86000061035156,9987600,0.0,0.0,0.0
2021-04-08,40.63999938964844,40.93000030517578,40.27000045776367,40.81999969482422,4288200,0.0,0.0,0.0
2021-04-09,40.619998931884766,40.869998931884766,40.47999954223633,40.63999938964844,3705600,0.0,0.0,0.0
2021-04-12,41.279998779296875,41.56999969482422,40.77000045776367,40.900001525878906,5998400,0.0,0.0,0.0
2021-04-13,41.33000183105469,41.47999954223633,41.150001525878906,41.400001525878906,5063600,0.0,0.0,0.0
2021-04-14,42.150001525878906,43.38999938964844,42.0099983215332,43.040000915527344,9353500,0.0,0.0,0.0
2021-04-15,43.060001373291016,43.439998626708984,42.880001068115234,43.27000045776367,4391600,0.0,0.0,0.0
2021-04-16,43.34000015258789,43.380001068115234,42.97999954223633,43.18000030517578,4680000,0.0,0.0,0.0
2021-04-19,43.220001220703125,43.4900016784668,43.04999923706055,43.31999969482422,3324500,0.0,0.0,0.0
2021-04-20,43.349998474121094,43.41999816894531,42.040000915527344,42.7400016784668,6415200,0.0,0.0,0.0
2021-04-21,41.790000915527344,42.54999923706055,41.720001220703125,41.77000045776367,5800300,0.0,0.0,0.0
2021-04-22,42.2400016784668,42.2599983215332,41.599998474121094,42.09000015258789,3278100,0.0,0.0,0.0
2021-04-23,41.90999984741211,42.61000061035156,41.849998474121094,42.459999084472656,4206300,0.0,0.0,0.0
2021-04-26,41.779998779296875,42.52000045776367,41.7400016784668,42.33000183105469,3150900,0.0,0.0,0.0
2021-04-27,42.65999984741211,43.189998626708984,42.47999954223633,43.11000061035156,3454400,0.0,0.0,0.0
2021-04-28,43.439998626708984,43.970001220703125,43.36000061035156,43.529998779296875,5500900,0.0,0.0,0.0
2021-04-29,44.470001220703125,44.61000061035156,43.84000015258789,44.2599983215332,5920400,0.0,0.0,0.0
2021-04-30,43.380001068115234,43.54999923706055,43.04999923706055,43.27000045776367,5007000,0.0,0.0,0.0
2021-05-03,43.560001373291016,44.09000015258789,43.54999923706055,43.97999954223633,3309500,0.0,0.0,0.0
2021-05-04,44.7400016784668,44.90999984741211,44.33000183105469,44.869998931884766,5357600,0.0,0.0,0.0
2021-05-05,45.22999954223633,45.540000915527344,44.38999938964844,44.65999984741211,6912400,0.0,0.0,0.0
2021-05-06,44.79999923706055,44.81999969482422,44.150001525878906,44.40999984741211,6635600,0.0,0.0,0.0
2021-05-07,44.060001373291016,44.630001068115234,43.90999984741211,44.43000030517578,4252900,0.0,0.0,0.0
2021-05-10,44.849998474121094,44.90999984741211,43.900001525878906,44.47999954223633,4391900,0.0,0.0,0.0
2021-05-11,43.91999816894531,44.93000030517578,43.91999816894531,44.869998931884766,6925400,0.0,0.0,0.0
2021-05-12,45.130001068115234,45.70000076293945,45.099998474121094,45.220001220703125,6838000,0.0,0.0,0.0
2021-05-13,43.97999954223633,44.47999954223633,43.349998474121094,43.810001373291016,7610000,0.0,0.0,0.0
2021-05-14,44.439998626708984,44.790000915527344,44.34000015258789,44.709999084472656,5058400,0.0,0.0,0.0
2021-05-17,44.880001068115234,45.40999984741211,44.86000061035156,45.38999938964844,3831000,0.0,0.0,0.0
2021-05-18,45.130001068115234,45.38999938964844,43.939998626708984,44.84000015258789,9166100,0.0,0.0,0.0
2021-05-19,43.70000076293945,43.70000076293945,42.529998779296875,43.43000030517578,9180000,0.0,0.0,0.0
2021-05-20,43.2400016784668,43.31999969482422,42.31999969482422,42.47999954223633,5320000,0.0,0.0,0.0
2021-05-21,43.5,43.79999923706055,43.369998931884766,43.70000076293945,4204900,0.0,0.0,0.0
2021-05-24,44.279998779296875,45.150001525878906,44.11000061035156,45.02000045776367,5146000,0.0,0.0,0.0
2021-05-25,45.06999969482422,45.310001373291016,44.779998779296875,44.91999816894531,3602800,0.0,0.0,0.0
2021-05-26,44.7400016784668,45.29999923706055,44.63999938964844,45.20000076293945,3817100,0.0,0.0,0.0
2021-05-27,45.189998626708984,45.63999938964844,45.04999923706055,45.54999923706055,3193000,0.0,0.0,0.0
2021-05-28,45.81999969482422,45.93000030517578,45.18000030517578,45.41999816894531,4847100,0.0,0.0,0.0
2021-06-01,46.58000183105469,46.939998626708984,45.970001220703125,46.33000183105469,6374900,0.0,0.0,0.0
2021-06-02,46.560001373291016,47.029998779296875,46.36000061035156,46.900001525878906,3682400,0.0,0.0,0.0
2021-06-03,47.099998474121094,47.150001525878906,46.5099983215332,46.970001220703125,3378700,0.0,0.0,0.0
2021-06-04,47.45000076293945,47.4900016784668,47.0099983215332,47.2599983215332,3654400,0.0,0.0,0.0
2021-06-07,47.34000015258789,47.540000915527344,47.06999969482422,47.27000045776367,3871200,0.0,0.0,0.0
2021-06-08,47.08000183105469,47.900001525878906,46.79999923706055,47.880001068115234,5129100,0.0,0.0,0.0
2021-06-09,47.95000076293945,48.099998474121094,47.41999816894531,47.58000183105469,4609200,0.0,0.0,0.0
2021-06-10,47.9900016784668,48.15999984741211,46.900001525878906,47.83000183105469,8677300,0.0,0.0,0.0
2021-06-11,47.93000030517578,48.25,47.88999938964844,48.06999969482422,4385300,0.0,0.0,0.0
2021-06-14,48.400001525878906,48.61000061035156,48.08000183105469,48.31999969482422,4764900,0.0,0.0,0.0
2021-06-15,48.68000030517578,49.0099983215332,48.630001068115234,48.97999954223633,4356400,0.0,0.0,0.0
2021-06-16,48.86000061035156,49.459999084472656,48.75,48.75,6152600,0.0,0.0,0.0
2021-06-17,48.91999816894531,49.0,47.33000183105469,48.040000915527344,11054200,0.0,0.0,0.0
2021-06-18,47.849998474121094,48.65999984741211,47.84000015258789,48.36000061035156,6247600,0.0,0.0,0.0
2021-06-21,48.400001525878906,49.40999984741211,48.33000183105469,49.36000061035156,8816200,0.0,0.0,0.0
2021-06-22,49.29999923706055,49.619998931884766,49.13999938964844,49.41999816894531,3734400,0.0,0.0,0.0
2021-06-23,50.09000015258789,50.25,49.58000183105469,49.720001220703125,4732700,0.0,0.0,0.0
2021-06-24,49.40999984741211,49.90999984741211,49.349998474121094,49.84000015258789,5415100,0.0,0.0,0.0
2021-06-25,50.029998779296875,50.33000183105469,49.4900016784668,50.25,5274000,0.0,0.0,0.0
2021-06-28,50.06999969482422,50.06999969482422,49.38999938964844,49.540000915527344,4247100,0.0,0.0,0.0
2021-06-29,49.939998626708984,50.13999938964844,49.47999954223633,49.88999938964844,3032300,0.0,0.0,0.0
2021-06-30,49.91999816894531,50.369998931884766,49.619998931884766,49.880001068115234,2849000,0.0,0.0,0.0
2021-07-01,51.209999084472656,51.400001525878906,50.41999816894531,50.619998931884766,4757500,0.0,0.0,0.0
2021-07-02,50.5,51.060001373291016,50.310001373291016,50.93000030517578,4438300,0.0,0.0,0.0
2021-07-06,50.619998931884766,50.70000076293945,49.31999969482422,49.900001525878906,10848100,0.0,0.0,0.0
2021-07-07,49.849998474121094,50.150001525878906,48.220001220703125,48.65999984741211,10566400,0.0,0.0,0.0
2021-07-08,48.709999084472656,49.540000915527344,48.31999969482422,49.52000045776367,6350400,0.0,0.0,0.0
2021-07-09,50.0,50.540000915527344,49.959999084472656,50.40999984741211,4279000,0.0,0.0,0.0
2021-07-12,49.939998626708984,50.380001068115234,49.619998931884766,50.310001373291016,2504700,0.0,0.0,0.0
2021-07-13,50.5099983215332,51.279998779296875,50.2599983215332,51.150001525878906,4387200,0.0,0.0,0.0
2021-07-14,51.130001068115234,51.18000030517578,49.279998779296875,49.70000076293945,6735300,0.0,0.0,0.0
2021-07-15,49.130001068115234,49.75,48.9900016784668,49.040000915527344,3927600,0.0,0.0,0.0
2021-07-16,49.400001525878906,49.560001373291016,48.380001068115234,49.13999938964844,4517900,0.0,0.0,0.0
2021-07-19,47.619998931884766,47.63999938964844,45.349998474121094,45.84000015258789,8948900,0.0,0.0,0.0
2021-07-20,45.63999938964844,46.61000061035156,45.02000045776367,46.5099983215332,4781100,0.0,0.0,0.0
2021-07-21,47.36000061035156,48.459999084472656,47.36000061035156,48.27000045776367,6502600,0.0,0.0,0.0
2021-07-22,48.68000030517578,49.41999816894531,48.34000015258789,49.16999816894531,4516700,0.0,0.0,0.0
2021-07-23,49.25,49.529998779296875,49.029998779296875,49.470001220703125,2741300,0.0,0.0,0.0
2021-07-26,49.2599983215332,49.709999084472656,49.0099983215332,49.66999816894531,2857400,0.0,0.0,0.0
2021-07-27,49.58000183105469,49.709999084472656,49.040000915527344,49.470001220703125,2654800,0.0,0.0,0.0
2021-07-28,49.630001068115234,49.970001220703125,49.45000076293945,49.720001220703125,3104400,0.0,0.0,0.0
2021-07-29,50.18000030517578,50.689998626708984,50.06999969482422,50.63999938964844,2657900,0.0,0.0,0.0
2021-07-30,50.70000076293945,51.02000045776367,50.439998626708984,50.65999984741211,3605700,0.0,0.0,0.0
2021-08-02,50.349998474121094,50.43000030517578,48.630001068115234,49.18000030517578,5876500,0.0,0.0,0.0
2021-08-03,48.11000061035156,48.93000030517578,47.869998931884766,48.849998474121094,8234700,0.0,0.0,0.0
2021-08-04,47.540000915527344,48.13999938964844,47.18000030517578,47.20000076293945,6803000,0.0,0.0,0.0
2021-08-05,47.34000015258789,48.15999984741211,47.34000015258789,48.099998474121094,3124300,0.0,0.0,0.0
2021-08-06,48.41999816894531,48.5099983215332,47.349998474121094,47.56999969482422,5245000,0.0,0.0,0.0
2021-08-09,46.470001220703125,46.70000076293945,45.849998474121094,46.599998474121094,5248000,0.0,0.0,0.0
2021-08-10,46.970001220703125,48.0099983215332,46.93000030517578,47.68000030517578,4148700,0.0,0.0,0.0
2021-08-11,47.20000076293945,48.34000015258789,46.90999984741211,48.29999923706055,5227000,0.0,0.0,0.0
2021-08-12,48.15999984741211,48.349998474121094,47.720001220703125,48.099998474121094,2808600,0.0,0.0,0.0
2021-08-13,48.11000061035156,48.22999954223633,47.31999969482422,47.43000030517578,3401700,0.0,0.0,0.0
2021-08-16,46.380001068115234,47.279998779296875,45.939998626708984,47.040000915527344,4733700,0.0,0.0,0.0
2021-08-17,46.65999984741211,47.20000076293945,46.33000183105469,46.58000183105469,3086100,0.0,0.0,0.0
2021-08-18,46.72999954223633,46.84000015258789,45.290000915527344,45.400001525878906,5795500,0.0,0.0,0.0
2021-08-19,44.290000915527344,44.88999938964844,43.79999923706055,44.77000045776367,6017300,0.0,0.0,0.0
2021-08-20,43.900001525878906,44.310001373291016,43.41999816894531,43.43000030517578,4596600,0.0,0.0,0.0
2021-08-23,45.349998474121094,46.18000030517578,45.34000015258789,45.849998474121094,4578600,0.0,0.0,0.0
2021-08-24,46.66999816894531,47.470001220703125,46.61000061035156,47.369998931884766,4881900,0.0,0.0,0.0
2021-08-25,47.33000183105469,48.0,47.099998474121094,47.810001373291016,4801300,0.0,0.0,0.0
2021-08-26,47.2400016784668,47.79999923706055,46.95000076293945,47.47999954223633,4904400,0.0,0.0,0.0
2021-08-27,48.02000045776367,48.279998779296875,47.91999816894531,48.150001525878906,4109900,0.0,0.0,0.0
2021-08-30,48.150001525878906,48.59000015258789,47.86000061035156,48.400001525878906,3661500,0.0,0.0,0.0
2021-08-31,48.18000030517578,48.4900016784668,47.959999084472656,48.040000915527344,4069700,0.0,0.0,0.0
2021-09-01,47.36000061035156,48.2400016784668,47.20000076293945,47.93000030517578,8122400,0.0,0.0,0.0
2021-09-02,49.0099983215332,49.52000045776367,48.93000030517578,48.95000076293945,6151400,0.0,0.0,0.0
2021-09-03,48.970001220703125,49.2599983215332,48.599998474121094,48.65999984741211,5343600,0.0,0.0,0.0
2021-09-07,47.93000030517578,48.369998931884766,47.72999954223633,48.040000915527344,3771400,0.0,0.0,0.0
2021-09-08,48.880001068115234,48.88999938964844,48.31999969482422,48.59000015258789,4176500,0.0,0.0,0.0
2021-09-09,47.81999969482422,48.869998931884766,47.45000076293945,47.75,7491000,0.0,0.0,0.0
2021-09-10,49.0,49.040000915527344,48.66999816894531,48.79999923706055,3994500,0.0,0.0,0.0
2021-09-13,49.400001525878906,49.70000076293945,49.15999984741211,49.47999954223633,3264000,0.0,0.0,0.0
2021-09-14,49.779998779296875,49.79999923706055,49.04999923706055,49.310001373291016,2952400,0.0,0.0,0.0
2021-09-15,50.45000076293945,51.06999969482422,50.439998626708984,50.689998626708984,5718000,0.0,0.0,0.0
2021-09-16,50.54999923706055,50.84000015258789,50.0,50.70000076293945,2729200,0.0,0.0,0.0
2021-09-17,50.20000076293945,50.45000076293945,49.849998474121094,50.31999969482422,4635000,0.0,0.0,0.0
2021-09-20,49.56999969482422,49.81999969482422,48.88999938964844,49.599998474121094,4460900,0.0,0.0,0.0
2021-09-21,49.61000061035156,49.689998626708984,48.7400016784668,49.58000183105469,3450100,0.0,0.0,0.0
2021-09-22,50.2599983215332,50.720001220703125,50.09000015258789,50.47999954223633,2938800,0.0,0.0,0.0
2021-09-23,50.7599983215332,51.4900016784668,50.720001220703125,51.380001068115234,3030500,0.0,0.0,0.0
2021-09-24,51.290000915527344,52.0,51.2599983215332,51.81999969482422,2591100,0.0,0.0,0.0
2021-09-27,52.84000015258789,53.08000183105469,52.630001068115234,52.90999984741211,4389400,0.0,0.0,0.0
2021-09-28,53.459999084472656,53.52000045776367,52.18000030517578,52.400001525878906,5253600,0.0,0.0,0.0
2021-09-29,52.560001373291016,53.099998474121094,52.2400016784668,52.31999969482422,4428900,0.0,0.0,0.0
2021-09-30,51.70000076293945,53.36000061035156,51.380001068115234,52.560001373291016,12376500,0.0,0.0,0.0
2021-10-01,52.619998931884766,53.38999938964844,52.34000015258789,53.2599983215332,4791400,0.0,0.0,0.0
2021-10-04,54.06999969482422,55.04999923706055,54.06999969482422,54.4900016784668,6919200,0.0,0.0,0.0
2021-10-05,55.27000045776367,55.72999954223633,55.15999984741211,55.630001068115234,5824100,0.0,0.0,0.0
2021-10-06,54.77000045776367,54.790000915527344,53.97999954223633,54.15999984741211,7943700,0.0,0.0,0.0
2021-10-07,54.02000045776367,55.36000061035156,53.7400016784668,55.36000061035156,6956400,0.0,0.0,0.0
2021-10-08,55.720001220703125,56.029998779296875,55.060001373291016,55.470001220703125,5639800,0.0,0.0,0.0
2021-10-11,56.40999984741211,56.689998626708984,56.130001068115234,56.18000030517578,3831700,0.0,0.0,0.0
2021-10-12,56.31999969482422,56.720001220703125,55.83000183105469,56.11000061035156,5368000,0.0,0.0,0.0
2021-10-13,55.630001068115234,56.45000076293945,55.38999938964844,56.15999984741211,2840700,0.0,0.0,0.0
2021-10-14,56.650001525878906,56.849998474121094,56.150001525878906,56.810001373291016,3403400,0.0,0.0,0.0
2021-10-15,57.25,57.45000076293945,56.869998931884766,57.150001525878906,3622200,0.0,0.0,0.0
2021-10-18,57.72999954223633,57.91999816894531,56.790000915527344,56.959999084472656,4094100,0.0,0.0,0.0
2021-10-19,56.900001525878906,57.880001068115234,56.70000076293945,57.41999816894531,4098800,0.0,0.0,0.0
2021-10-20,57.0,58.189998626708984,56.869998931884766,58.119998931884766,6032000,0.0,0.0,0.0
2021-10-21,57.58000183105469,57.810001373291016,56.34000015258789,57.40999984741211,4738800,0.0,0.0,0.0
2021-10-22,57.7400016784668,58.040000915527344,57.209999084472656,58.029998779296875,3350200,0.0,0.0,0.0
2021-10-25,58.41999816894531,58.689998626708984,57.779998779296875,57.83000183105469,5180200,0.0,0.0,0.0
2021-10-26,58.08000183105469,58.619998931884766,57.869998931884766,58.45000076293945,3509200,0.0,0.0,0.0
2021-10-27,57.63999938964844,58.16999816894531,56.880001068115234,56.900001525878906,6731400,0.0,0.0,0.0
2021-10-28,56.849998474121094,57.41999816894531,56.380001068115234,57.400001525878906,5412000,0.0,0.0,0.0
2021-10-29,56.790000915527344,57.38999938964844,56.400001525878906,57.150001525878906,5320600,0.0,0.0,0.0
2021-11-01,57.90999984741211,58.040000915527344,57.459999084472656,57.529998779296875,2787600,0.0,0.0,0.0
2021-11-02,57.310001373291016,57.7599983215332,57.09000015258789,57.529998779296875,2953900,0.0,0.0,0.0
2021-11-03,56.15999984741211,56.58000183105469,55.209999084472656,55.34000015258789,7707600,0.0,0.0,0.0
2021-11-04,57.310001373291016,57.400001525878906,54.529998779296875,54.91999816894531,9145500,0.0,0.0,0.0
2021-11-05,55.650001525878906,56.7400016784668,55.150001525878906,56.54999923706055,4738500,0.0,0.0,0.0
2021-11-08,56.58000183105469,57.130001068115234,56.560001373291016,57.09000015258789,3037600,0.0,0.0,0.0
2021-11-09,57.209999084472656,58.029998779296875,56.970001220703125,57.970001220703125,5106600,0.0,0.0,0.0
2021-11-10,57.790000915527344,58.0099983215332,55.95000076293945,56.31999969482422,5134400,0.0,0.0,0.0
2021-11-11,56.439998626708984,56.849998474121094,55.81999969482422,56.220001220703125,5376300,0.0,0.0,0.0
2021-11-12,55.810001373291016,56.349998474121094,55.650001525878906,55.97999954223633,5869800,0.0,0.0,0.0
2021-11-15,55.38999938964844,56.13999938964844,55.18000030517578,56.06999969482422,4955300,0.0,0.0,0.0
2021-11-16,56.0,56.5,55.68000030517578,56.20000076293945,4190100,0.0,0.0,0.0
2021-11-17,55.86000061035156,55.90999984741211,54.459999084472656,55.0,7492900,0.0,0.0,0.0
2021-11-18,55.369998931884766,55.77000045776367,54.84000015258789,55.54999923706055,4623700,0.0,0.0,0.0
2021-11-19,54.84000015258789,54.93000030517578,53.52000045776367,53.779998779296875,6388900,0.0,0.0,0.0
2021-11-22,53.9900016784668,54.90999984741211,53.90999984741211,54.45000076293945,7353500,0.0,0.0,0.0
2021-11-23,55.45000076293945,56.27000045776367,55.439998626708984,56.20000076293945,5877400,0.0,0.0,0.0
2021-11-24,55.810001373291016,56.380001068115234,55.779998779296875,55.880001068115234,4109000,0.0,0.0,0.0
2021-11-26,52.33000183105469,52.380001068115234,48.560001373291016,49.630001068115234,18765600,0.0,0.0,0.0
2021-11-29,51.970001220703125,52.16999816894531,49.63999938964844,50.16999816894531,13571400,0.0,0.0,0.0
2021-11-30,48.619998931884766,49.11000061035156,46.470001220703125,47.90999984741211,21152500,0.0,0.0,0.0
2021-12-01,49.09000015258789,49.52000045776367,46.869998931884766,47.040000915527344,12413700,0.0,0.0,0.0
2021-12-02,46.529998779296875,48.599998474121094,46.15999984741211,48.290000915527344,14552000,0.0,0.0,0.0
2021-12-03,49.70000076293945,49.93000030517578,47.54999923706055,48.0,10857300,0.0,0.0,0.0
2021-12-06,49.04999923706055,50.720001220703125,48.77000045776367,50.5099983215332,8107500,0.0,0.0,0.0
2021-12-07,51.31999969482422,52.560001373291016,51.31999969482422,51.59000015258789,9476800,0.0,0.0,0.0
2021-12-08,51.77000045776367,52.65999984741211,51.709999084472656,52.41999816894531,5778000,0.0,0.0,0.0
2021-12-09,51.91999816894531,52.06999969482422,50.970001220703125,51.02000045776367,5814100,0.0,0.0,0.0
2021-12-10,51.720001220703125,52.099998474121094,51.31999969482422,52.029998779296875,6199000,0.0,0.0,0.0
2021-12-13,51.54999923706055,52.099998474121094,51.20000076293945,51.439998626708984,6370000,0.0,0.0,0.0
2021-12-14,50.779998779296875,51.22999954223633,50.31999969482422,50.91999816894531,4796200,0.0,0.0,0.0
2021-12-15,50.63999938964844,51.689998626708984,50.2400016784668,51.619998931884766,5326100,0.0,0.0,0.0
2021-12-16,51.56999969482422,52.459999084472656,51.290000915527344,51.869998931884766,4873300,0.0,0.0,0.0
2021-12-17,51.290000915527344,51.43000030517578,50.369998931884766,50.779998779296875,5796800,0.0,0.0,0.0
2021-12-20,49.029998779296875,49.97999954223633,47.959999084472656,49.900001525878906,8896700,0.0,0.0,0.0
2021-12-21,50.900001525878906,51.61000061035156,50.59000015258789,51.56999969482422,4867600,0.0,0.0,0.0
2021-12-22,51.41999816894531,52.52000045776367,51.25,52.47999954223633,5877200,0.0,0.0,0.0
2021-12-23,52.47999954223633,53.2400016784668,52.349998474121094,53.130001068115234,3662700,0.0,0.0,0.0
2021-12-27,52.97999954223633,54.650001525878906,52.810001373291016,54.52000045776367,4326300,0.0,0.0,0.0
2021-12-28,54.83000183105469,55.13999938964844,54.540000915527344,54.66999816894531,2862300,0.0,0.0,0.0
2021-12-29,54.47999954223633,55.66999816894531,54.36000061035156,55.08000183105469,3933400,0.0,0.0,0.0
2021-12-30,55.31999969482422,55.72999954223633,55.029998779296875,55.099998474121094,3649000,0.0,0.0,0.0
2021-12-31,54.88999938964844,55.16999816894531,54.040000915527344,54.36000061035156,2497900,0.0,0.0,0.0
2022-01-03,53.970001220703125,55.15999984741211,53.939998626708984,54.83000183105469,5602900,0.0,0.0,0.0
2022-01-04,55.310001373291016,56.04999923706055,55.25,55.59000015258789,4857000,0.0,0.0,0.0
2022-01-05,56.15999984741211,56.47999954223633,55.43000030517578,55.43000030517578,5043500,0.0,0.0,0.0
2022-01-06,57.099998474121094,57.310001373291016,56.650001525878906,56.88999938964844,4954400,0.0,0.0,0.0
2022-01-07,56.900001525878906,57.040000915527344,56.369998931884766,56.66999816894531,6023600,0.0,0.0,0.0
2022-01-10,56.56999969482422,56.779998779296875,55.83000183105469,56.15999984741211,3758000,0.0,0.0,0.0
2022-01-11,56.95000076293945,58.279998779296875,56.540000915527344,58.15999984741211,6841500,0.0,0.0,0.0
2022-01-12,58.369998931884766,59.16999816894531,58.36000061035156,58.90999984741211,5171600,0.0,0.0,0.0
2022-01-13,59.02000045776367,59.130001068115234,58.209999084472656,58.27000045776367,4680700,0.0,0.0,0.0
2022-01-14,59.099998474121094,59.97999954223633,59.06999969482422,59.970001220703125,6031200,0.0,0.0,0.0
2022-01-18,60.36000061035156,61.09000015258789,60.15999984741211,60.970001220703125,6240800,0.0,0.0,0.0
2022-01-19,61.25,61.900001525878906,60.97999954223633,61.04999923706055,5435700,0.0,0.0,0.0
2022-01-20,61.2400016784668,62.16999816894531,60.61000061035156,60.65999984741211,4278400,0.0,0.0,0.0
2022-01-21,60.869998931884766,61.2400016784668,60.08000183105469,60.779998779296875,5410200,0.0,0.0,0.0
2022-01-24,59.90999984741211,60.220001220703125,58.810001373291016,60.11000061035156,9098900,0.0,0.0,0.0
2022-01-25,59.90999984741211,61.16999816894531,59.880001068115234,60.970001220703125,6104800,0.0,0.0,0.0
2022-01-26,61.66999816894531,62.52000045776367,61.40999984741211,61.68000030517578,6735100,0.0,0.0,0.0
2022-01-27,62.65999984741211,62.709999084472656,61.36000061035156,61.86000061035156,5749100,0.0,0.0,0.0
2022-01-28,62.63999938964844,62.9900016784668,61.41999816894531,61.970001220703125,4187100,0.0,0.0,0.0
2022-01-31,62.189998626708984,62.5,61.36000061035156,62.47999954223633,3142800,0.0,0.0,0.0
2022-02-01,61.90999984741211,62.7599983215332,61.58000183105469,62.529998779296875,4308300,0.0,0.0,0.0
2022-02-02,62.779998779296875,62.86000061035156,61.75,62.52000045776367,3332600,0.0,0.0,0.0
2022-02-03,62.099998474121094,63.810001373291016,61.900001525878906,63.5099983215332,5222200,0.0,0.0,0.0
2022-02-04,64.68000030517578,65.3499984741211,64.6500015258789,64.91000366210938,4830400,0.0,0.0,0.0
2022-02-07,64.61000061035156,65.05000305175781,64.47000122070312,64.68000030517578,2247200,0.0,0.0,0.0
2022-02-08,63.709999084472656,63.83000183105469,62.849998474121094,63.619998931884766,4923200,0.0,0.0,0.0
2022-02-09,63.790000915527344,64.37000274658203,63.5099983215332,64.16999816894531,3933700,0.0,0.0,0.0
2022-02-10,63.900001525878906,65.08000183105469,63.59000015258789,63.959999084472656,4787600,0.0,0.0,0.0
2022-02-11,64.43000030517578,66.33999633789062,64.37000274658203,65.73999786376953,12309200,0.0,0.0,0.0
2022-02-14,64.97000122070312,66.87999725341797,64.80000305175781,66.36000061035156,9540700,0.0,0.0,0.0
2022-02-15,64.19999694824219,64.4000015258789,63.540000915527344,64.27999877929688,10076300,0.0,0.0,0.0
2022-02-16,65.08000183105469,65.87000274658203,63.5,63.540000915527344,6978300,0.0,0.0,0.0
2022-02-17,63.619998931884766,64.5,63.41999816894531,64.16999816894531,7116200,0.0,0.0,0.0
2022-02-18,63.13999938964844,65.0,62.91999816894531,64.73999786376953,8438400,0.0,0.0,0.0
2022-02-22,66.86000061035156,66.93000030517578,65.27999877929688,65.54000091552734,9307800,0.0,0.0,0.0
2022-02-23,65.9000015258789,67.31999969482422,65.66000366210938,66.23999786376953,8562400,0.0,0.0,0.0
2022-02-24,70.19000244140625,70.23999786376953,65.06999969482422,66.33999633789062,18256700,0.0,0.0,0.0
2022-02-25,65.55999755859375,66.12000274658203,64.4000015258789,65.80000305175781,8803300,0.0,0.0,0.0
2022-02-28,67.37999725341797,68.26000213623047,66.81999969482422,67.4800033569336,8886500,0.0,0.0,0.0
2022-03-01,70.33999633789062,72.62999725341797,70.0999984741211,71.81999969482422,16803600,0.0,0.0,0.0
2022-03-02,74.1500015258789,76.19999694824219,71.75,75.41999816894531,21956100,0.0,0.0,0.0
2022-03-03,74.76000213623047,76.37000274658203,74.0,74.52999877929688,18443800,0.0,0.0,0.0
2022-03-04,77.0,80.0,76.18000030517578,79.45999908447266,17341900,0.0,0.0,0.0
2022-03-07,79.93000030517578,83.4000015258789,79.69999694824219,82.37000274658203,16563300,0.0,0.0,0.0
2022-03-08,85.43000030517578,87.83999633789062,81.56999969482422,85.43000030517578,29882700,0.0,0.0,0.0
2022-03-09,80.0,81.0999984741211,72.2699966430664,75.47000122070312,29934600,0.0,0.0,0.0
2022-03-10,77.05999755859375,77.4800033569336,72.9800033569336,74.05999755859375,11738200,0.0,0.0,0.0
2022-03-11,74.80999755859375,76.55000305175781,74.26000213623047,76.4000015258789,7937300,0.0,0.0,0.0
2022-03-14,73.52999877929688,73.55999755859375,71.45999908447266,72.83999633789062,9470000,0.0,0.0,0.0
2022-03-15,69.56999969482422,70.55000305175781,67.9000015258789,68.62999725341797,13575300,0.0,0.0,0.0
2022-03-16,70.63999938964844,71.08000183105469,67.7300033569336,68.27999877929688,7392700,0.0,0.0,0.0
2022-03-17,72.6500015258789,74.44000244140625,72.38999938964844,73.68000030517578,9653600,0.0,0.0,0.0
2022-03-18,74.25,75.0,73.55000305175781,74.63999938964844,4440900,0.0,0.0,0.0
2022-03-21,77.41000366210938,79.66000366210938,77.26000213623047,79.54000091552734,6410800,0.0,0.0,0.0
2022-03-22,78.69000244140625,79.6500015258789,77.55000305175781,78.55999755859375,4175300,0.0,0.0,0.0
2022-03-23,81.37999725341797,82.4800033569336,81.08000183105469,81.94999694824219,6155100,0.0,0.0,0.0
2022-03-24,81.66999816894531,81.77999877929688,79.30000305175781,79.75,4417200,0.0,0.0,0.0
2022-03-25,78.87999725341797,81.7300033569336,78.41000366210938,80.73999786376953,7534500,0.0,0.0,0.0
2022-03-28,76.8499984741211,77.91999816894531,74.1500015258789,74.52999877929688,8934500,0.0,0.0,0.0
2022-03-29,72.30000305175781,76.43000030517578,72.06999969482422,76.1500015258789,8954800,0.0,0.0,0.0
2022-03-30,78.06999969482422,78.69999694824219,77.30000305175781,77.91000366210938,5239100,0.0,0.0,0.0
2022-03-31,75.76000213623047,76.83999633789062,73.33999633789062,74.12000274658203,10749400,0.0,0.0,0.0
2022-04-01,73.37000274658203,74.80000305175781,73.25,74.16999816894531,4926700,0.0,0.0,0.0
2022-04-04,76.45999908447266,77.19999694824219,75.33000183105469,76.86000061035156,6157100,0.0,0.0,0.0
2022-04-05,77.33999633789062,77.70999908447266,74.54000091552734,74.80000305175781,7542800,0.0,0.0,0.0
2022-04-06,76.25,76.75,72.16000366210938,73.05000305175781,7040900,0.0,0.0,0.0
2022-04-07,73.26000213623047,73.83999633789062,71.08000183105469,73.11000061035156,5749300,0.0,0.0,0.0
2022-04-08,72.69000244140625,74.5999984741211,72.38999938964844,74.11000061035156,5666300,0.0,0.0,0.0
2022-04-11,71.75,72.76000213623047,71.30000305175781,72.30000305175781,5209400,0.0,0.0,0.0
2022-04-12,74.94999694824219,76.37999725341797,74.91000366210938,75.9800033569336,6839800,0.0,0.0,0.0
2022-04-13,77.1500015258789,78.55999755859375,75.88999938964844,78.41999816894531,6918900,0.0,0.0,0.0
2022-04-14,77.33999633789062,80.44000244140625,77.2300033569336,79.56999969482422,7437200,0.0,0.0,0.0
2022-04-18,80.80999755859375,81.69999694824219,80.0,80.41000366210938,5326100,0.0,0.0,0.0
2022-04-19,78.05999755859375,78.08000183105469,76.33999633789062,76.86000061035156,7626100,0.0,0.0,0.0
2022-04-20,77.51000213623047,77.91999816894531,75.56999969482422,77.23999786376953,5056200,0.0,0.0,0.0
2022-04-21,78.33999633789062,79.2699966430664,77.06999969482422,78.12000274658203,4815700,0.0,0.0,0.0
2022-04-22,76.9800033569336,77.47000122070312,76.27999877929688,76.30999755859375,3730500,0.0,0.0,0.0
2022-04-25,72.63999938964844,74.98999786376953,71.9800033569336,74.6500015258789,5073600,0.0,0.0,0.0
2022-04-26,75.33000183105469,76.94000244140625,74.37000274658203,76.45999908447266,7354100,0.0,0.0,0.0
2022-04-27,75.12000274658203,76.61000061035156,74.87000274658203,76.37000274658203,4545800,0.0,0.0,0.0
2022-04-28,76.27999877929688,78.2300033569336,75.86000061035156,78.08000183105469,6856000,0.0,0.0,0.0
2022-04-29,78.80000305175781,79.68000030517578,76.94000244140625,77.16000366210938,6097900,0.0,0.0,0.0
2022-05-02,75.37999725341797,78.43000030517578,74.86000061035156,78.37999725341797,4467600,0.0,0.0,0.0
2022-05-03,76.91999816894531,77.83000183105469,76.04000091552734,76.69000244140625,2990700,0.0,0.0,0.0
2022-05-04,79.4000015258789,80.72000122070312,78.66000366210938,80.22000122070312,5420100,0.0,0.0,0.0
2022-05-05,82.20999908447266,82.37000274658203,79.2300033569336,80.4800033569336,5997700,0.0,0.0,0.0
2022-05-06,81.62999725341797,82.41000366210938,80.43000030517578,82.12999725341797,5679700,0.0,0.0,0.0
2022-05-09,79.80999755859375,80.02999877929688,76.37999725341797,76.56999969482422,5630900,0.0,0.0,0.0
2022-05-10,77.06999969482422,77.33000183105469,74.22000122070312,74.52999877929688,5741000,0.0,0.0,0.0
2022-05-11,77.76000213623047,79.04000091552734,77.38999938964844,78.18000030517578,4659600,0.0,0.0,0.0
2022-05-12,78.48999786376953,79.47000122070312,77.91000366210938,79.2300033569336,4322700,0.0,0.0,0.0
2022-05-13,80.5999984741211,81.41999816894531,79.93000030517578,81.27999877929688,4194500,0.0,0.0,0.0
2022-05-16,80.9800033569336,83.38999938964844,80.81999969482422,83.11000061035156,4820700,0.0,0.0,0.0
2022-05-17,83.05000305175781,83.62999725341797,80.86000061035156,81.11000061035156,4118300,0.0,0.0,0.0
2022-05-18,82.0199966430664,82.04000091552734,78.6500015258789,79.29000091552734,3882200,0.0,0.0,0.0
2022-05-19,78.5,81.3499984741211,78.44999694824219,80.58000183105469,4135300,0.0,0.0,0.0
2022-05-20,81.20999908447266,81.83999633789062,80.26000213623047,81.6500015258789,3103800,0.0,0.0,0.0
2022-05-23,81.36000061035156,82.16000366210938,80.91000366210938,81.97000122070312,2989800,0.0,0.0,0.0
2022-05-24,82.02999877929688,82.83999633789062,81.33999633789062,82.0,1537600,0.0,0.0,0.0
2022-05-25,82.20999908447266,82.69000244140625,81.52999877929688,82.4800033569336,1940400,0.0,0.0,0.0
2022-05-26,83.1500015258789,85.0999984741211,83.1500015258789,84.58999633789062,3780800,0.0,0.0,0.0
2022-05-27,84.33000183105469,85.5199966430664,84.11000061035156,85.45999908447266,2371900,0.0,0.0,0.0
2022-05-31,87.98999786376953,88.31999969482422,84.69999694824219,85.47000122070312,7416000,0.0,0.0,0.0
2022-06-01,86.70999908447266,87.19999694824219,85.5,85.54000091552734,4762300,0.0,0.0,0.0
2022-06-02,85.87999725341797,87.48999786376953,85.2699966430664,87.25,3769500,0.0,0.0,0.0
2022-06-03,87.20999908447266,89.55999755859375,86.95999908447266,89.47000122070312,3671500,0.0,0.0,0.0
2022-06-06,89.06999969482422,89.22000122070312,87.8499984741211,88.38999938964844,2315800,0.0,0.0,0.0
2022-06-07,88.68000030517578,90.11000061035156,88.08999633789062,90.04000091552734,3893800,0.0,0.0,0.0
2022-06-08,90.26000213623047,92.19999694824219,89.73999786376953,91.98999786376953,5357200,0.0,0.0,0.0
2022-06-09,91.02999877929688,91.48999786376953,90.72000122070312,91.08000183105469,4583600,0.0,0.0,0.0
2022-06-10,90.23999786376953,90.77999877929688,88.5,90.12999725341797,5865200,0.0,0.0,0.0
2022-06-13,89.27999877929688,91.1500015258789,87.68000030517578,90.36000061035156,6681900,0.0,0.0,0.0
2022-06-14,90.9800033569336,91.91999816894531,87.37000274658203,88.44999694824219,4675900,0.0,0.0,0.0
2022-06-15,88.05000305175781,88.80999755859375,86.23999786376953,86.93000030517578,4420500,0.0,0.0,0.0
2022-06-16,86.44000244140625,88.55000305175781,85.05000305175781,87.66000366210938,5171300,0.0,0.0,0.0
2022-06-17,86.5,86.77999877929688,81.94000244140625,83.33999633789062,8744600,0.0,0.0,0.0
2022-06-21,84.48999786376953,85.30000305175781,83.6500015258789,84.05000305175781,3674400,0.0,0.0,0.0
2022-06-22,78.83000183105469,82.33000183105469,78.48999786376953,80.87999725341797,5215400,0.0,0.0,0.0
2022-06-23,81.62999725341797,81.9000015258789,78.95999908447266,78.9800033569336,3918500,0.0,0.0,0.0
2022-06-24,80.19000244140625,82.16999816894531,79.62999725341797,81.2699966430664,3456200,0.0,0.0,0.0
2022-06-27,81.29000091552734,83.38999938964844,80.4000015258789,82.93000030517578,4591500,0.0,0.0,0.0
2022-06-28,83.98999786376953,85.16999816894531,83.33000183105469,84.72000122070312,4226000,0.0,0.0,0.0
2022-06-29,85.87000274658203,86.4000015258789,82.91000366210938,82.94999694824219,4619800,0.0,0.0,0.0
2022-06-30,82.08999633789062,82.30000305175781,79.93000030517578,80.3499984741211,4631500,0.0,0.0,0.0
2022-07-01,82.0999984741211,82.45999908447266,80.83999633789062,81.66999816894531,4689800,0.0,0.0,0.0
2022-07-05,78.47000122070312,78.5199966430664,73.41999816894531,74.77999877929688,10752700,0.0,0.0,0.0
2022-07-06,73.48999786376953,74.23999786376953,71.45999908447266,73.66999816894531,8899500,0.0,0.0,0.0
2022-07-07,76.45999908447266,77.87000274658203,76.2699966430664,76.55000305175781,6993200,0.0,0.0,0.0
2022-07-08,78.58999633789062,79.01000213623047,77.08000183105469,78.54000091552734,6450600,0.0,0.0,0.0
2022-07-11,77.80999755859375,78.91999816894531,76.62999725341797,78.2300033569336,4950300,0.0,0.0,0.0
2022-07-12,74.81999969482422,75.31999969482422,72.55999755859375,72.80999755859375,6104700,0.0,0.0,0.0
2022-07-13,73.06999969482422,74.51000213623047,72.2300033569336,73.19000244140625,4365800,0.0,0.0,0.0
2022-07-14,71.0199966430664,73.30000305175781,69.51000213623047,72.8499984741211,5355800,0.0,0.0,0.0
2022-07-15,74.08000183105469,74.62999725341797,73.05999755859375,73.73999786376953,3367700,0.0,0.0,0.0
2022-07-18,76.91999816894531,77.54000091552734,76.52999877929688,76.80999755859375,5382200,0.0,0.0,0.0
2022-07-19,76.0,78.20999908447266,75.98999786376953,78.05000305175781,3172000,0.0,0.0,0.0
2022-07-20,77.16999816894531,78.26000213623047,76.4800033569336,77.63999938964844,3125900,0.0,0.0,0.0
2022-07-21,75.2699966430664,76.27999877929688,74.69999694824219,75.48999786376953,3979200,0.0,0.0,0.0
2022-07-22,75.18000030517578,76.58000183105469,74.43000030517578,74.52999877929688,5768500,0.0,0.0,0.0
2022-07-25,75.83999633789062,76.4000015258789,74.93000030517578,76.22000122070312,2807500,0.0,0.0,0.0
2022-07-26,77.30000305175781,77.44000244140625,75.0,75.16000366210938,2949300,0.0,0.0,0.0
2022-07-27,76.4000015258789,78.19000244140625,75.41999816894531,77.87000274658203,3166400,0.0,0.0,0.0
2022-07-28,78.44999694824219,78.5199966430664,76.4800033569336,77.12999725341797,4322000,0.0,0.0,0.0
2022-07-29,79.16999816894531,80.48999786376953,78.0,78.05000305175781,3632800,0.0,0.0,0.0
2022-08-01,74.79000091552734,75.62000274658203,74.01000213623047,75.12999725341797,3326800,0.0,0.0,0.0
2022-08-02,76.02999877929688,77.41000366210938,75.27999877929688,75.93000030517578,2737300,0.0,0.0,0.0
2022-08-03,76.27999877929688,76.55000305175781,73.30000305175781,73.52999877929688,4033700,0.0,0.0,0.0
2022-08-04,72.83000183105469,73.5999984741211,70.95999908447266,71.52999877929688,5215500,0.0,0.0,0.0
2022-08-05,70.45999908447266,73.18000030517578,70.41999816894531,71.54000091552734,3139200,0.0,0.0,0.0
2022-08-08,71.58999633789062,73.70999908447266,71.47000122070312,73.54000091552734,4429500,0.0,0.0,0.0
2022-08-09,74.19999694824219,74.91999816894531,72.62000274658203,73.44999694824219,2492200,0.0,0.0,0.0
2022-08-10,73.25,74.9800033569336,71.44999694824219,74.31999969482422,4622300,0.0,0.0,0.0
2022-08-11,75.83000183105469,76.97000122070312,74.9800033569336,76.27999877929688,4687300,0.0,0.0,0.0
2022-08-12,75.33999633789062,75.45999908447266,74.30000305175781,74.9800033569336,2949600,0.0,0.0,0.0
2022-08-15,71.38999938964844,73.36000061035156,71.26000213623047,72.87999725341797,4446200,0.0,0.0,0.0
2022-08-16,72.66999816894531,73.83999633789062,70.66999816894531,71.23999786376953,5750100,0.0,0.0,0.0
2022-08-17,71.6500015258789,73.16999816894531,71.08999633789062,72.05000305175781,3800700,0.0,0.0,0.0
2022-08-18,73.58999633789062,74.83000183105469,73.31999969482422,74.20999908447266,3315900,0.0,0.0,0.0
2022-08-19,74.05000305175781,75.37000274658203,73.83000183105469,74.05999755859375,2700600,0.0,0.0,0.0
2022-08-22,72.79000091552734,74.7699966430664,71.44999694824219,74.68000030517578,7937300,0.0,0.0,0.0
2022-08-23,75.83000183105469,77.27999877929688,75.80999755859375,76.83000183105469,3782000,0.0,0.0,0.0
2022-08-24,76.8499984741211,78.06999969482422,76.22000122070312,78.04000091552734,3857400,0.0,0.0,0.0
2022-08-25,78.33999633789062,78.37999725341797,75.83000183105469,76.5,2960200,0.0,0.0,0.0
2022-08-26,75.45999908447266,76.19000244140625,74.7699966430664,75.8499984741211,2424600,0.0,0.0,0.0
2022-08-29,77.0199966430664,78.95999908447266,76.70999908447266,78.69000244140625,3693500,0.0,0.0,0.0
2022-08-30,76.5999984741211,76.75,74.27999877929688,75.47000122070312,4968000,0.0,0.0,0.0
2022-08-31,73.83999633789062,75.08999633789062,73.05999755859375,73.11000061035156,4538500,0.0,0.0,0.0
2022-09-01,72.08999633789062,72.72000122070312,70.80000305175781,70.94999694824219,4319300,0.0,0.0,0.0
2022-09-02,73.18000030517578,73.22000122070312,71.30000305175781,71.43000030517578,4050300,0.0,0.0,0.0
2022-09-06,72.33999633789062,72.44999694824219,71.1500015258789,71.41999816894531,5250400,0.0,0.0,0.0
2022-09-07,69.16999816894531,69.72000122070312,67.58999633789062,67.62000274658203,7540200,0.0,0.0,0.0
2022-09-08,68.54000091552734,69.27999877929688,67.6500015258789,68.08999633789062,4277100,0.0,0.0,0.0
2022-09-09,70.33000183105469,71.61000061035156,70.02999877929688,71.0999984741211,4953600,0.0,0.0,0.0
2022-09-12,72.62999725341797,73.20999908447266,72.06999969482422,72.37000274658203,3710000,0.0,0.0,0.0
2022-09-13,72.11000061035156,72.7300033569336,70.0999984741211,72.01000213623047,6056900,0.0,0.0,0.0
2022-09-14,72.72000122070312,73.72000122070312,72.25,72.7300033569336,2594400,0.0,0.0,0.0
2022-09-15,71.08999633789062,71.1500015258789,69.33999633789062,69.76000213623047,3898100,0.0,0.0,0.0
2022-09-16,70.33000183105469,70.80999755859375,69.44000244140625,69.9000015258789,3384500,0.0,0.0,0.0
2022-09-19,67.62000274658203,70.2699966430664,67.48999786376953,70.05000305175781,2863900,0.0,0.0,0.0
2022-09-20,69.54000091552734,69.58999633789062,68.41000366210938,69.22000122070312,3569200,0.0,0.0,0.0
2022-09-21,70.48999786376953,70.62000274658203,68.0999984741211,68.68000030517578,4537900,0.0,0.0,0.0
2022-09-22,70.41999816894531,70.80999755859375,68.52999877929688,68.97000122070312,2928800,0.0,0.0,0.0
2022-09-23,65.88999938964844,65.9000015258789,64.6500015258789,65.31999969482422,5923200,0.0,0.0,0.0
2022-09-26,65.37000274658203,66.25,63.150001525878906,63.20000076293945,5064500,0.0,0.0,0.0
2022-09-27,64.30000305175781,65.52999877929688,63.689998626708984,64.41999816894531,3273500,0.0,0.0,0.0
2022-09-28,65.26000213623047,67.33999633789062,64.94999694824219,67.12999725341797,2603400,0.0,0.0,0.0
2022-09-29,67.30999755859375,67.76000213623047,66.25,66.7699966430664,2762700,0.0,0.0,0.0
2022-09-30,65.63999938964844,66.5,64.8499984741211,65.27999877929688,2397100,0.0,0.0,0.0
2022-10-03,68.5999984741211,68.9000015258789,67.16999816894531,67.88999938964844,5256000,0.0,0.0,0.0
2022-10-04,69.91000366210938,71.0,69.30999755859375,70.27999877929688,6673400,0.0,0.0,0.0
2022-10-05,71.16000366210938,72.16000366210938,69.87000274658203,71.94000244140625,4927200,0.0,0.0,0.0
2022-10-06,71.73999786376953,73.04000091552734,71.61000061035156,72.98999786376953,2981200,0.0,0.0,0.0
2022-10-07,73.2699966430664,75.8499984741211,73.25,75.0999984741211,4670000,0.0,0.0,0.0
2022-10-10,75.29000091552734,76.11000061035156,73.5999984741211,73.77999877929688,3511500,0.0,0.0,0.0
2022-10-11,72.55999755859375,73.06999969482422,71.4000015258789,71.75,2476200,0.0,0.0,0.0
2022-10-12,71.41999816894531,71.5999984741211,70.19999694824219,70.93000030517578,2338900,0.0,0.0,0.0
2022-10-13,70.38999938964844,72.87000274658203,70.37000274658203,72.5199966430664,2304000,0.0,0.0,0.0
2022-10-14,71.4000015258789,71.72000122070312,69.75,70.16999816894531,2518900,0.0,0.0,0.0
2022-10-17,71.16999816894531,71.4800033569336,69.77999877929688,70.12999725341797,3255400,0.0,0.0,0.0
2022-10-18,69.36000061035156,69.77999877929688,67.8499984741211,68.69999694824219,3291200,0.0,0.0,0.0
2022-10-19,68.87000274658203,70.56999969482422,68.55000305175781,70.04000091552734,3094900,0.0,0.0,0.0
2022-10-20,71.08999633789062,71.87999725341797,69.70999908447266,70.18000030517578,2545800,0.0,0.0,0.0
2022-10-21,70.1500015258789,70.98999786376953,69.45999908447266,70.56999969482422,1564300,0.0,0.0,0.0
2022-10-24,70.23999786376953,71.18000030517578,69.80000305175781,70.37999725341797,1722400,0.0,0.0,0.0
2022-10-25,70.58999633789062,71.44999694824219,70.2300033569336,70.61000061035156,1517400,0.0,0.0,0.0
2022-10-26,71.36000061035156,73.13999938964844,71.3499984741211,72.97000122070312,3435400,0.0,0.0,0.0
2022-10-27,73.69000244140625,74.08999633789062,73.11000061035156,73.62000274658203,1308800,0.0,0.0,0.0
2022-10-28,72.70999908447266,73.30000305175781,72.02999877929688,72.81999969482422,1511200,0.0,0.0,0.0
2022-10-31,71.38999938964844,72.63999938964844,70.72000122070312,71.52999877929688,3088100,0.0,0.0,0.0
2022-11-01,73.80000305175781,73.88999938964844,72.66000366210938,73.12000274658203,4586900,0.0,0.0,0.0
2022-11-02,73.12000274658203,74.87999725341797,72.79000091552734,74.08000183105469,2796300,0.0,0.0,0.0
2022-11-03,73.05000305175781,74.01000213623047,72.86000061035156,73.29000091552734,1482000,0.0,0.0,0.0
2022-11-04,76.54000091552734,76.94000244140625,75.5,76.81999969482422,3679900,0.0,0.0,0.0
2022-11-07,76.83999633789062,77.72000122070312,76.22000122070312,76.55999755859375,2231400,0.0,0.0,0.0
2022-11-08,76.2699966430664,76.48999786376953,74.08000183105469,74.47000122070312,2539700,0.0,0.0,0.0
2022-11-09,73.16999816894531,73.19999694824219,71.58000183105469,71.66999816894531,2585500,0.0,0.0,0.0
2022-11-10,71.66000366210938,72.98999786376953,71.19000244140625,72.23999786376953,2020500,0.0,0.0,0.0
2022-11-11,74.52999877929688,75.1500015258789,73.68000030517578,74.37999725341797,3191900,0.0,0.0,0.0
2022-11-14,73.54000091552734,74.62000274658203,71.87999725341797,71.91000366210938,2680700,0.0,0.0,0.0
2022-11-15,72.12000274658203,74.77999877929688,71.5999984741211,73.25,3318100,0.0,0.0,0.0
2022-11-16,72.11000061035156,72.47000122070312,71.37999725341797,72.04000091552734,3359600,0.0,0.0,0.0
2022-11-17,71.1500015258789,71.44000244140625,69.5199966430664,70.13999938964844,5000100,0.0,0.0,0.0
2022-11-18,67.7300033569336,69.12000274658203,67.45999908447266,69.02999877929688,8376000,0.0,0.0,0.0
2022-11-21,66.66999816894531,69.37000274658203,65.37000274658203,69.02999877929688,12862900,0.0,0.0,0.0
2022-11-22,69.91999816894531,70.76000213623047,69.58000183105469,69.9800033569336,3715000,0.0,0.0,0.0
2022-11-23,67.83999633789062,68.22000122070312,66.86000061035156,67.41000366210938,4693000,0.0,0.0,0.0
2022-11-25,68.19000244140625,68.48999786376953,66.77999877929688,66.95999908447266,1703600,0.0,0.0,0.0
2022-11-28,65.16000366210938,67.69000244140625,65.0,66.87999725341797,7370900,0.0,0.0,0.0
2022-11-29,68.51000213623047,69.12000274658203,67.19000244140625,68.33999633789062,6290800,0.0,0.0,0.0
2022-11-30,70.30000305175781,70.44000244140625,69.55000305175781,70.2300033569336,3724000,0.0,0.0,0.0
2022-12-01,71.63999938964844,72.13999938964844,70.30000305175781,70.44999694824219,4571200,0.0,0.0,0.0
2022-12-02,70.5999984741211,71.13999938964844,69.3499984741211,69.83999633789062,3459200,0.0,0.0,0.0
2022-12-05,71.55999755859375,71.77999877929688,67.25,67.72000122070312,5259100,0.0,0.0,0.0
2022-12-06,66.97000122070312,67.36000061035156,64.5199966430664,65.2300033569336,6746200,0.0,0.0,0.0
2022-12-07,65.47000122070312,65.88999938964844,63.20000076293945,63.650001525878906,5443900,0.0,0.0,0.0
2022-12-08,64.61000061035156,64.68000030517578,62.459999084472656,62.709999084472656,8334600,0.0,0.0,0.0
2022-12-09,63.06999969482422,63.75,61.810001373291016,62.849998474121094,7184900,0.0,0.0,0.0
2022-12-12,63.209999084472656,64.62999725341797,63.04999923706055,64.41000366210938,4520100,0.0,0.0,0.0
2022-12-13,65.16000366210938,66.47000122070312,65.13999938964844,65.86000061035156,4496100,0.0,0.0,0.0
2022-12-14,66.79000091552734,67.66999816894531,66.08000183105469,67.36000061035156,7394100,0.0,0.0,0.0
2022-12-15,66.9000015258789,67.05000305175781,65.68000030517578,66.1500015258789,4665300,0.0,0.0,0.0
2022-12-16,64.3499984741211,65.81999969482422,64.13999938964844,64.9000015258789,4847100,0.0,0.0,0.0
2022-12-19,65.7699966430664,66.5,64.83000183105469,66.06999969482422,3920700,0.0,0.0,0.0
2022-12-20,65.83000183105469,66.80000305175781,64.81999969482422,66.22000122070312,2501300,0.0,0.0,0.0
2022-12-21,67.61000061035156,68.16000366210938,67.41000366210938,68.05999755859375,3292400,0.0,0.0,0.0
2022-12-22,68.4800033569336,68.58999633789062,66.8499984741211,67.69999694824219,2381800,0.0,0.0,0.0
2022-12-23,68.94000244140625,69.55999755859375,68.87000274658203,69.31999969482422,2928900,0.0,0.0,0.0
2022-12-27,69.58999633789062,70.54000091552734,69.05999755859375,69.52999877929688,3147900,0.0,0.0,0.0
2022-12-28,69.18000030517578,69.22000122070312,67.52999877929688,68.58000183105469,2782800,0.0,0.0,0.0
2022-12-29,67.55000305175781,68.58999633789062,67.37000274658203,68.52999877929688,1972300,0.0,0.0,0.0
2022-12-30,68.36000061035156,70.2699966430664,68.3499984741211,70.11000061035156,3648500,0.0,0.0,0.0
2023-01-03,68.63999938964844,69.6500015258789,67.12000274658203,67.63999938964844,3339700,0.0,0.0,0.0
2023-01-04,65.58000183105469,65.58000183105469,63.97999954223633,64.30000305175781,4215300,0.0,0.0,0.0
2023-01-05,64.31999969482422,65.75,63.93000030517578,64.77999877929688,3555500,0.0,0.0,0.0
2023-01-06,65.81999969482422,66.18000030517578,64.45999908447266,64.83000183105469,2994000,0.0,0.0,0.0
2023-01-09,66.48999786376953,67.33000183105469,65.44999694824219,65.87999725341797,2941100,0.0,0.0,0.0
2023-01-10,66.2699966430664,66.68000030517578,65.22000122070312,65.9000015258789,2000400,0.0,0.0,0.0
2023-01-11,67.23999786376953,68.22000122070312,66.45999908447266,68.05000305175781,3545100,0.0,0.0,0.0
2023-01-12,69.12000274658203,69.31999969482422,68.41999816894531,68.61000061035156,2616300,0.0,0.0,0.0
2023-01-13,69.30000305175781,70.08999633789062,68.91999816894531,70.05000305175781,2503300,0.0,0.0,0.0
2023-01-17,70.86000061035156,71.13999938964844,69.45999908447266,70.86000061035156,3796500,0.0,0.0,0.0
2023-01-18,71.58999633789062,72.02999877929688,69.3499984741211,69.51000213623047,3172700,0.0,0.0,0.0
2023-01-19,70.19000244140625,71.13999938964844,69.69000244140625,70.58999633789062,2814900,0.0,0.0,0.0
2023-01-20,70.86000061035156,71.55999755859375,69.97000122070312,71.55000305175781,2438400,0.0,0.0,0.0
2023-01-23,71.81999969482422,72.25,71.29000091552734,71.5,1661100,0.0,0.0,0.0
2023-01-24,71.58999633789062,71.66000366210938,69.87999725341797,70.22000122070312,1653200,0.0,0.0,0.0
2023-01-25,70.41000366210938,71.08999633789062,69.63999938964844,70.51000213623047,1613200,0.0,0.0,0.0
2023-01-26,71.6500015258789,71.76000213623047,70.2699966430664,70.93000030517578,1481400,0.0,0.0,0.0
2023-01-27,71.73999786376953,71.77999877929688,69.19999694824219,69.5,3185000,0.0,0.0,0.0
2023-01-30,68.68000030517578,69.87000274658203,68.02999877929688,68.0999984741211,2345800,0.0,0.0,0.0
2023-01-31,67.86000061035156,69.37000274658203,67.66999816894531,69.31999969482422,1391600,0.0,0.0,0.0
2023-02-01,69.20999908447266,69.41000366210938,66.76000213623047,67.36000061035156,3538500,0.0,0.0,0.0
2023-02-02,66.98999786376953,67.48999786376953,65.9000015258789,66.56999969482422,2561500,0.0,0.0,0.0
2023-02-03,66.7300033569336,68.38999938964844,64.3499984741211,64.4000015258789,4875300,0.0,0.0,0.0
2023-02-06,65.06999969482422,65.52999877929688,63.66999816894531,65.5,2694200,0.0,0.0,0.0
2023-02-07,65.83000183105469,67.8499984741211,65.81999969482422,67.76000213623047,3598100,0.0,0.0,0.0
2023-02-08,68.4000015258789,68.79000091552734,67.61000061035156,68.68000030517578,2052000,0.0,0.0,0.0
2023-02-09,67.87999725341797,68.5,67.12000274658203,67.91999816894531,2430700,0.0,0.0,0.0
2023-02-10,69.0199966430664,69.9000015258789,68.94999694824219,69.87000274658203,2817200,0.0,0.0,0.0
2023-02-13,69.37999725341797,70.43000030517578,69.06999969482422,69.5,3458200,0.0,0.0,0.0
2023-02-14,68.22000122070312,69.62999725341797,68.01000213623047,69.4000015258789,1601500,0.0,0.0,0.0
2023-02-15,68.79000091552734,69.38999938964844,67.80000305175781,69.0199966430664,1907600,0.0,0.0,0.0
2023-02-16,68.81999969482422,69.38999938964844,68.41999816894531,68.44999694824219,2369700,0.0,0.0,0.0
2023-02-17,66.36000061035156,67.26000213623047,66.01000213623047,67.0199966430664,3851700,0.0,0.0,0.0
2023-02-21,67.5,67.81999969482422,66.54000091552734,66.69000244140625,2432700,0.0,0.0,0.0
2023-02-22,66.4000015258789,66.66999816894531,64.88999938964844,64.91999816894531,3495600,0.0,0.0,0.0
2023-02-23,66.22000122070312,66.6500015258789,65.69999694824219,66.37999725341797,2136800,0.0,0.0,0.0
2023-02-24,65.55999755859375,67.1500015258789,65.11000061035156,67.0999984741211,2593400,0.0,0.0,0.0
2023-02-27,66.62999725341797,66.76000213623047,65.7300033569336,66.25,3024800,0.0,0.0,0.0
2023-02-28,67.80000305175781,67.93000030517578,67.16000366210938,67.20999908447266,1886400,0.0,0.0,0.0
2023-03-01,67.13999938964844,68.12000274658203,66.7300033569336,68.06999969482422,2577600,0.0,0.0,0.0
2023-03-02,68.44000244140625,68.76000213623047,67.88999938964844,68.30000305175781,1623900,0.0,0.0,0.0
2023-03-03,67.19000244140625,69.91000366210938,67.13999938964844,69.86000061035156,5179300,0.0,0.0,0.0
2023-03-06,69.29000091552734,70.5199966430664,69.05000305175781,70.48999786376953,3977800,0.0,0.0,0.0
2023-03-07,70.13999938964844,70.22000122070312,67.55999755859375,67.8499984741211,5071200,0.0,0.0,0.0
2023-03-08,67.12999725341797,67.8499984741211,66.77999877929688,67.0999984741211,3018100,0.0,0.0,0.0
2023-03-09,67.9000015258789,68.38999938964844,66.16999816894531,66.23999786376953,2436600,0.0,0.0,0.0
2023-03-10,66.37000274658203,67.55999755859375,66.19999694824219,67.13999938964844,2989500,0.0,0.0,0.0
2023-03-13,64.51000213623047,66.81999969482422,64.06999969482422,65.25,5203900,0.0,0.0,0.0
2023-03-14,64.0199966430664,65.31999969482422,62.34000015258789,62.93000030517578,6367400,0.0,0.0,0.0
2023-03-15,60.2599983215332,60.970001220703125,57.939998626708984,60.02000045776367,13746500,0.0,0.0,0.0
2023-03-16,58.720001220703125,61.09000015258789,58.040000915527344,60.04999923706055,8441800,0.0,0.0,0.0
2023-03-17,59.939998626708984,60.02000045776367,57.83000183105469,58.65999984741211,9071700,0.0,0.0,0.0
2023-03-20,58.72999954223633,59.869998931884766,58.04999923706055,59.790000915527344,5391600,0.0,0.0,0.0
2023-03-21,60.540000915527344,61.31999969482422,60.11000061035156,61.22999954223633,3975100,0.0,0.0,0.0
2023-03-22,61.38999938964844,62.66999816894531,60.91999816894531,61.61000061035156,3512800,0.0,0.0,0.0
2023-03-23,62.5099983215332,63.02000045776367,60.900001525878906,60.9900016784668,2635500,0.0,0.0,0.0
2023-03-24,60.310001373291016,61.25,59.84000015258789,60.959999084472656,3721100,0.0,0.0,0.0
2023-03-27,62.2400016784668,64.2699966430664,61.86000061035156,64.1500015258789,8701200,0.0,0.0,0.0
2023-03-28,63.7599983215332,64.9800033569336,63.7599983215332,64.55000305175781,4149500,0.0,0.0,0.0
2023-03-29,65.01000213623047,65.3499984741211,64.0,64.1500015258789,2593100,0.0,0.0,0.0
2023-03-30,64.80999755859375,65.54000091552734,64.19000244140625,65.31999969482422,3295100,0.0,0.0,0.0
2023-03-31,65.91999816894531,66.5,65.26000213623047,66.44000244140625,2730700,0.0,0.0,0.0
2023-04-03,69.93000030517578,70.69999694824219,69.62999725341797,70.2699966430664,8377900,0.0,0.0,0.0
2023-04-04,71.12999725341797,71.12999725341797,69.58000183105469,70.2699966430664,3592700,0.0,0.0,0.0
2023-04-05,70.48999786376953,70.55000305175781,69.68000030517578,70.23999786376953,3015000,0.0,0.0,0.0
2023-04-06,70.3499984741211,70.48999786376953,69.7699966430664,70.26000213623047,2839300,0.0,0.0,0.0
2023-04-10,70.2300033569336,70.79000091552734,69.62000274658203,69.76000213623047,2884600,0.0,0.0,0.0
2023-04-11,70.08000183105469,71.20999908447266,69.97000122070312,71.06999969482422,3346800,0.0,0.0,0.0
2023-04-12,71.73999786376953,72.6500015258789,71.61000061035156,72.43000030517578,4474100,0.0,0.0,0.0
2023-04-13,72.36000061035156,72.62999725341797,71.6500015258789,71.80000305175781,2790900,0.0,0.0,0.0
2023-04-14,72.05999755859375,72.44999694824219,71.33999633789062,72.08999633789062,3170400,0.0,0.0,0.0
2023-04-17,71.66000366210938,71.8499984741211,70.4800033569336,70.83999633789062,2985700,0.0,0.0,0.0
2023-04-18,70.91999816894531,71.36000061035156,70.08999633789062,70.7300033569336,1468800,0.0,0.0,0.0
2023-04-19,69.72000122070312,69.9800033569336,68.86000061035156,69.30000305175781,3621100,0.0,0.0,0.0
2023-04-20,67.86000061035156,68.33999633789062,67.51000213623047,67.5999984741211,3486800,0.0,0.0,0.0
2023-04-21,68.58000183105469,68.72000122070312,67.91000366210938,68.20999908447266,2620200,0.0,0.0,0.0
2023-04-24,68.29000091552734,69.5999984741211,68.11000061035156,69.25,1924400,0.0,0.0,0.0
2023-04-25,68.54000091552734,68.56999969482422,67.26000213623047,67.62000274658203,2262600,0.0,0.0,0.0
2023-04-26,67.18000030517578,67.83000183105469,65.19999694824219,65.36000061035156,5692100,0.0,0.0,0.0
2023-04-27,65.83000183105469,66.20999908447266,65.16000366210938,65.80999755859375,2752700,0.0,0.0,0.0
2023-04-28,65.8499984741211,67.5999984741211,65.52999877929688,67.5,3043600,0.0,0.0,0.0
2023-05-01,66.33999633789062,66.93000030517578,65.62000274658203,66.55000305175781,2939000,0.0,0.0,0.0
2023-05-02,65.4800033569336,65.5,62.9900016784668,63.04999923706055,6535700,0.0,0.0,0.0
2023-05-03,61.310001373291016,61.38999938964844,60.15999984741211,60.310001373291016,12166700,0.0,0.0,0.0
2023-05-04,60.5,61.65999984741211,59.779998779296875,60.70000076293945,4997400,0.0,0.0,0.0
2023-05-05,62.72999954223633,63.34000015258789,62.61000061035156,63.029998779296875,4700000,0.0,0.0,0.0
2023-05-08,64.75,64.88999938964844,64.05000305175781,64.26000213623047,3454600,0.0,0.0,0.0
2023-05-09,63.84000015258789,65.1500015258789,63.099998474121094,64.87000274658203,5831500,0.0,0.0,0.0
2023-05-10,64.80000305175781,64.80000305175781,63.59000015258789,64.38999938964844,2683700,0.0,0.0,0.0
2023-05-11,63.2599983215332,63.619998931884766,62.619998931884766,63.25,4023300,0.0,0.0,0.0
2023-05-12,63.209999084472656,63.5,61.939998626708984,62.06999969482422,4070800,0.0,0.0,0.0
2023-05-15,62.70000076293945,63.459999084472656,62.369998931884766,62.9900016784668,4837800,0.0,0.0,0.0
2023-05-16,63.11000061035156,63.540000915527344,62.45000076293945,62.540000915527344,1987100,0.0,0.0,0.0
2023-05-17,63.869998931884766,64.98999786376953,63.060001373291016,64.5999984741211,4276000,0.0,0.0,0.0
2023-05-18,64.31999969482422,64.4000015258789,63.58000183105469,64.04000091552734,2496600,0.0,0.0,0.0
2023-05-19,64.61000061035156,64.66000366210938,63.25,63.900001525878906,2490200,0.0,0.0,0.0
2023-05-22,63.59000015258789,64.33000183105469,63.36000061035156,63.90999984741211,1645000,0.0,0.0,0.0
2023-05-23,64.63999938964844,65.4000015258789,64.5,64.87000274658203,3409700,0.0,0.0,0.0
2023-05-24,65.95999908447266,66.23999786376953,64.94000244140625,65.66000366210938,3775800,0.0,0.0,0.0
2023-05-25,64.45999908447266,64.69999694824219,63.209999084472656,64.08999633789062,4322700,0.0,0.0,0.0
2023-05-26,64.9000015258789,64.98999786376953,64.36000061035156,64.80000305175781,2145100,0.0,0.0,0.0
2023-05-30,62.849998474121094,62.970001220703125,61.70000076293945,62.29999923706055,6442600,0.0,0.0,0.0
2023-05-31,61.47999954223633,62.09000015258789,60.61000061035156,60.630001068115234,4040700,0.0,0.0,0.0
2023-06-01,60.65999984741211,63.369998931884766,60.630001068115234,62.54999923706055,3631400,0.0,0.0,0.0
2023-06-02,64.0999984741211,64.36000061035156,63.459999084472656,64.1500015258789,6937900,0.0,0.0,0.0
2023-06-05,65.37000274658203,65.41000366210938,64.0199966430664,64.02999877929688,3038400,0.0,0.0,0.0
2023-06-06,63.08000183105469,64.43000030517578,63.0099983215332,63.790000915527344,2569500,0.0,0.0,0.0
2023-06-07,64.48999786376953,65.20999908447266,64.20999908447266,64.70999908447266,3520500,0.0,0.0,0.0
2023-06-08,64.88999938964844,64.94000244140625,61.81999969482422,63.459999084472656,8579200,0.0,0.0,0.0
2023-06-09,63.63999938964844,64.19000244140625,62.790000915527344,62.93000030517578,3354100,0.0,0.0,0.0
2023-06-12,61.0,61.22999954223633,60.02000045776367,60.2400016784668,5985300,0.0,0.0,0.0
2023-06-13,62.09000015258789,62.650001525878906,61.9900016784668,62.13999938964844,3473500,0.0,0.0,0.0
2023-06-14,63.0,63.20000076293945,61.2599983215332,61.83000183105469,4818600,0.0,0.0,0.0
2023-06-15,62.209999084472656,63.77000045776367,62.13999938964844,63.40999984741211,3445600,0.0,0.0,0.0
2023-06-16,63.47999954223633,64.52999877929688,63.279998779296875,64.3499984741211,2974000,0.0,0.0,0.0
2023-06-20,63.75,63.959999084472656,62.61000061035156,63.91999816894531,2313600,0.0,0.0,0.0
2023-06-21,63.83000183105469,65.08999633789062,63.70000076293945,65.04000091552734,2725500,0.0,0.0,0.0
2023-06-22,63.150001525878906,63.650001525878906,62.13999938964844,62.52000045776367,3875200,0.0,0.0,0.0
2023-06-23,61.040000915527344,62.4900016784668,60.970001220703125,62.41999816894531,2413600,0.0,0.0,0.0
2023-06-26,62.150001525878906,63.13999938964844,62.08000183105469,62.72999954223633,2084500,0.0,0.0,0.0
2023-06-27,62.33000183105469,62.630001068115234,61.099998474121094,61.29999923706055,2610100,0.0,0.0,0.0
2023-06-28,61.470001220703125,62.939998626708984,60.869998931884766,62.52000045776367,2461500,0.0,0.0,0.0
2023-06-29,62.75,63.63999938964844,62.25,62.959999084472656,1992200,0.0,0.0,0.0
2023-06-30,63.349998474121094,63.970001220703125,63.150001525878906,63.54999923706055,3133400,0.0,0.0,0.0
2023-07-03,63.81999969482422,64.11000061035156,63.119998931884766,63.38999938964844,1220800,0.0,0.0,0.0
2023-07-05,64.66000366210938,64.8499984741211,63.900001525878906,64.62999725341797,2965600,0.0,0.0,0.0
2023-07-06,64.33000183105469,64.55999755859375,63.119998931884766,64.44000244140625,2372000,0.0,0.0,0.0
2023-07-07,64.13999938964844,66.05000305175781,64.13999938964844,65.8499984741211,2784600,0.0,0.0,0.0
2023-07-10,65.62999725341797,66.30999755859375,65.16000366210938,65.54000091552734,2449000,0.0,0.0,0.0
2023-07-11,66.02999877929688,67.05000305175781,65.88999938964844,67.02999877929688,2346500,0.0,0.0,0.0
2023-07-12,67.62000274658203,67.97000122070312,67.26000213623047,67.87000274658203,3046200,0.0,0.0,0.0
2023-07-13,67.79000091552734,69.0999984741211,67.52999877929688,69.08999633789062,3608700,0.0,0.0,0.0
2023-07-14,68.52999877929688,68.56999969482422,67.36000061035156,67.47000122070312,2400600,0.0,0.0,0.0
2023-07-17,66.8499984741211,67.4000015258789,66.52999877929688,66.58000183105469,2280800,0.0,0.0,0.0
2023-07-18,66.79000091552734,68.12000274658203,66.6500015258789,67.95999908447266,2547400,0.0,0.0,0.0
2023-07-19,68.38999938964844,68.91999816894531,67.48999786376953,67.69000244140625,1935000,0.0,0.0,0.0
2023-07-20,68.33000183105469,68.48999786376953,67.12999725341797,68.05000305175781,2031400,0.0,0.0,0.0
2023-07-21,68.5199966430664,69.30999755859375,68.16999816894531,68.98999786376953,2993300,0.0,0.0,0.0
2023-07-24,69.61000061035156,70.93000030517578,69.29000091552734,70.69000244140625,2420200,0.0,0.0,0.0
2023-07-25,70.4000015258789,71.41000366210938,70.2699966430664,71.16000366210938,2340100,0.0,0.0,0.0
2023-07-26,70.58999633789062,71.30999755859375,70.41000366210938,70.66000366210938,1384300,0.0,0.0,0.0
2023-07-27,71.16000366210938,71.98999786376953,70.72000122070312,71.43000030517578,1807200,0.0,0.0,0.0
2023-07-28,71.31999969482422,72.23999786376953,70.87000274658203,72.08999633789062,1751500,0.0,0.0,0.0
2023-07-31,72.75,73.29000091552734,72.55999755859375,73.16999816894531,2068900,0.0,0.0,0.0
2023-08-01,72.68000030517578,73.19000244140625,72.16999816894531,72.95999908447266,1480900,0.0,0.0,0.0
2023-08-02,72.66999816894531,72.73999786376953,70.87999725341797,71.4800033569336,3170000,0.0,0.0,0.0
2023-08-03,71.69999694824219,73.25,71.69999694824219,73.13999938964844,2921700,0.0,0.0,0.0
2023-08-04,73.22000122070312,74.29000091552734,72.94000244140625,73.79000091552734,2016600,0.0,0.0,0.0
2023-08-07,73.76000213623047,73.87000274658203,73.04000091552734,73.81999969482422,1858800,0.0,0.0,0.0
2023-08-08,72.47000122070312,74.2699966430664,72.04000091552734,74.05999755859375,4218700,0.0,0.0,0.0
2023-08-09,74.77999877929688,75.36000061035156,74.20999908447266,75.0999984741211,4777100,0.0,0.0,0.0
2023-08-10,74.66000366210938,75.08999633789062,73.95999908447266,74.19999694824219,3443900,0.0,0.0,0.0
2023-08-11,74.13999938964844,74.80999755859375,73.94999694824219,74.25,3137800,0.0,0.0,0.0
2023-08-14,73.69000244140625,74.22000122070312,73.3499984741211,73.80999755859375,3545400,0.0,0.0,0.0
2023-08-15,73.25,73.26000213623047,72.18000030517578,72.62000274658203,3907500,0.0,0.0,0.0
2023-08-16,72.9000015258789,73.1500015258789,71.29000091552734,71.37000274658203,3789600,0.0,0.0,0.0
2023-08-17,72.56999969482422,72.81999969482422,71.91999816894531,71.9800033569336,2647600,0.0,0.0,0.0
2023-08-18,72.18000030517578,73.05999755859375,71.91000366210938,72.79000091552734,2734900,0.0,0.0,0.0
2023-08-21,73.41999816894531,73.51000213623047,72.41999816894531,72.58000183105469,2085600,0.0,0.0,0.0
2023-08-22,72.76000213623047,72.87000274658203,72.05999755859375,72.27999877929688,1655000,0.0,0.0,0.0
2023-08-23,70.80000305175781,72.0,70.43000030517578,71.36000061035156,3836900,0.0,0.0,0.0
2023-08-24,70.87999725341797,71.7300033569336,70.44999694824219,71.41000366210938,2368700,0.0,0.0,0.0
2023-08-25,72.62000274658203,72.66000366210938,70.81999969482422,72.44999694824219,3106000,0.0,0.0,0.0
2023-08-28,72.4000015258789,73.12999725341797,72.11000061035156,72.41000366210938,1618700,0.0,0.0,0.0
2023-08-29,72.66000366210938,73.3499984741211,71.79000091552734,73.31999969482422,2890400,0.0,0.0,0.0
2023-08-30,73.7300033569336,74.01000213623047,73.05999755859375,73.66000366210938,2228100,0.0,0.0,0.0
2023-08-31,74.4800033569336,75.18000030517578,73.94999694824219,75.05999755859375,2900700,0.0,0.0,0.0
2023-09-01,76.0,76.94000244140625,75.94000244140625,76.91999816894531,4205600,0.0,0.0,0.0
2023-09-05,78.06999969482422,78.77999877929688,77.38999938964844,77.76000213623047,4782200,0.0,0.0,0.0
2023-09-06,77.5999984741211,78.7699966430664,77.41999816894531,78.5199966430664,3159800,0.0,0.0,0.0
2023-09-07,78.1500015258789,78.5,77.44000244140625,77.94999694824219,2671400,0.0,0.0,0.0
2023-09-08,78.13999938964844,78.7300033569336,77.87999725341797,78.30000305175781,2039000,0.0,0.0,0.0
2023-09-11,78.93000030517578,79.12000274658203,78.13999938964844,78.37000274658203,2083800,0.0,0.0,0.0
2023-09-12,79.36000061035156,80.01000213623047,79.30999755859375,79.69999694824219,3308800,0.0,0.0,0.0
2023-09-13,79.86000061035156,80.04000091552734,79.2300033569336,79.68000030517578,2783800,0.0,0.0,0.0
2023-09-14,80.66000366210938,81.13999938964844,80.52999877929688,81.12000274658203,3098900,0.0,0.0,0.0
2023-09-15,80.29000091552734,81.33999633789062,80.08999633789062,81.29000091552734,2874500,0.0,0.0,0.0
2023-09-18,81.79000091552734,81.94000244140625,80.80000305175781,81.44999694824219,5940800,0.0,0.0,0.0
2023-09-19,82.18000030517578,82.27999877929688,81.12000274658203,81.5,6657100,0.0,0.0,0.0
2023-09-20,80.55999755859375,81.58999633789062,80.12999725341797,80.13999938964844,4117600,0.0,0.0,0.0
2023-09-21,81.25,81.51000213623047,80.4000015258789,80.41000366210938,3095900,0.0,0.0,0.0
2023-09-22,81.55000305175781,81.5999984741211,79.98999786376953,80.62999725341797,2704300,0.0,0.0,0.0
2023-09-25,80.58999633789062,80.6500015258789,79.66999816894531,80.38999938964844,1918300,0.0,0.0,0.0
2023-09-26,79.97000122070312,81.05000305175781,79.88999938964844,80.87999725341797,2522700,0.0,0.0,0.0
2023-09-27,82.23999786376953,83.29000091552734,82.05000305175781,82.9000015258789,4257900,0.0,0.0,0.0
2023-09-28,82.31999969482422,82.61000061035156,81.22000122070312,81.56999969482422,3169000,0.0,0.0,0.0
2023-09-29,81.9000015258789,81.94000244140625,80.47000122070312,80.86000061035156,2399700,0.0,0.0,0.0
2023-10-02,81.18000030517578,81.27999877929688,79.19000244140625,79.38999938964844,3492100,0.0,0.0,0.0
2023-10-03,79.80999755859375,80.37000274658203,79.25,79.93000030517578,2899300,0.0,0.0,0.0
2023-10-04,77.97000122070312,77.97000122070312,75.22000122070312,75.58999633789062,7853800,0.0,0.0,0.0
2023-10-05,74.11000061035156,75.44999694824219,73.61000061035156,73.98999786376953,5599100,0.0,0.0,0.0
2023-10-06,74.43000030517578,74.56999969482422,73.33999633789062,74.16000366210938,3896200,0.0,0.0,0.0
2023-10-09,76.76000213623047,77.4000015258789,76.2300033569336,77.12999725341797,6892100,0.0,0.0,0.0
2023-10-10,77.19000244140625,77.19000244140625,76.19000244140625,76.70999908447266,4237600,0.0,0.0,0.0
2023-10-11,76.19000244140625,76.4000015258789,74.76000213623047,75.66999816894531,6048300,0.0,0.0,0.0
2023-10-12,76.58000183105469,76.61000061035156,74.62000274658203,75.41999816894531,4244100,0.0,0.0,0.0
2023-10-13,77.70999908447266,79.18000030517578,77.16000366210938,78.98999786376953,6765100,0.0,0.0,0.0
2023-10-16,78.62999725341797,78.88999938964844,77.87000274658203,78.38999938964844,5156200,0.0,0.0,0.0
2023-10-17,77.9800033569336,78.87999725341797,77.4000015258789,78.80000305175781,3914400,0.0,0.0,0.0
2023-10-18,79.72000122070312,80.36000061035156,79.31999969482422,79.83999633789062,4647300,0.0,0.0,0.0
2023-10-19,79.37000274658203,81.75,78.94000244140625,81.68000030517578,5924400,0.0,0.0,0.0
2023-10-20,81.58999633789062,81.9800033569336,80.16999816894531,80.69999694824219,4664700,0.0,0.0,0.0
2023-10-23,80.22000122070312,80.2699966430664,78.3499984741211,78.88999938964844,4607100,0.0,0.0,0.0
2023-10-24,78.04000091552734,78.22000122070312,76.30999755859375,76.93000030517578,6629600,0.0,0.0,0.0
2023-10-25,77.11000061035156,78.7300033569336,75.63999938964844,78.45999908447266,6116800,0.0,0.0,0.0
2023-10-26,76.83000183105469,77.58999633789062,76.48999786376953,76.88999938964844,3518500,0.0,0.0,0.0
2023-10-27,77.62000274658203,78.9800033569336,76.58000183105469,78.36000061035156,5522600,0.0,0.0,0.0
2023-10-30,77.23999786376953,77.58000183105469,75.36000061035156,76.05000305175781,5929500,0.0,0.0,0.0
2023-10-31,76.20999908447266,77.0199966430664,74.55999755859375,75.0199966430664,4604000,0.0,0.0,0.0
2023-11-01,76.66000366210938,76.72000122070312,74.23999786376953,74.75,4143000,0.0,0.0,0.0
2023-11-02,74.91000366210938,76.52999877929688,74.79000091552734,76.18000030517578,4191600,0.0,0.0,0.0
2023-11-03,75.29000091552734,76.41000366210938,74.13999938964844,74.8499984741211,5054500,0.0,0.0,0.0
2023-11-06,75.88999938964844,76.08999633789062,74.7699966430664,74.91000366210938,2764300,0.0,0.0,0.0
2023-11-07,72.98999786376953,73.1500015258789,71.61000061035156,71.80000305175781,7413600,0.0,0.0,0.0
2023-11-08,71.2699966430664,71.66999816894531,69.6500015258789,70.19000244140625,7264500,0.0,0.0,0.0
2023-11-09,70.75,71.66000366210938,70.13999938964844,70.25,4327700,0.0,0.0,0.0
2023-11-10,71.30999755859375,72.22000122070312,71.12000274658203,71.79000091552734,3754400,0.0,0.0,0.0
2023-11-13,71.80999755859375,72.95999908447266,71.7699966430664,72.91999816894531,3075600,0.0,0.0,0.0
2023-11-14,73.2300033569336,74.04000091552734,72.36000061035156,72.69000244140625,2688500,0.0,0.0,0.0
2023-11-15,71.80999755859375,72.37999725341797,71.18000030517578,71.33999633789062,5002800,0.0,0.0,0.0
2023-11-16,69.61000061035156,69.70999908447266,67.44999694824219,68.05000305175781,6745900,0.0,0.0,0.0
2023-11-17,69.13999938964844,70.94999694824219,69.13999938964844,70.75,5921000,0.0,0.0,0.0
2023-11-20,72.18000030517578,73.06999969482422,71.94000244140625,72.30000305175781,3985400,0.0,0.0,0.0
2023-11-21,72.05999755859375,72.58999633789062,71.75,72.52999877929688,2543500,0.0,0.0,0.0
2023-11-22,69.27999877929688,71.9000015258789,68.80999755859375,71.61000061035156,5283900,0.0,0.0,0.0
2023-11-24,70.94999694824219,71.86000061035156,70.75,70.81999969482422,1453900,0.0,0.0,0.0
2023-11-27,70.30000305175781,71.08999633789062,69.54000091552734,69.95999908447266,4633000,0.0,0.0,0.0
2023-11-28,70.63999938964844,71.83000183105469,70.23999786376953,71.26000213623047,2508200,0.0,0.0,0.0
2023-11-29,72.12000274658203,72.87000274658203,70.5999984741211,72.5199966430664,4573000,0.0,0.0,0.0
2023-11-30,73.5,74.20999908447266,70.02999877929688,70.13999938964844,9702200,0.0,0.0,0.0
2023-12-01,70.93000030517578,71.58999633789062,69.04000091552734,69.23999786376953,4354500,0.0,0.0,0.0
2023-12-04,68.66000366210938,69.7699966430664,67.87000274658203,68.47000122070312,5104000,0.0,0.0,0.0
2023-12-05,68.73999786376953,69.23999786376953,67.47000122070312,67.58000183105469,4833500,0.0,0.0,0.0
2023-12-06,65.9800033569336,66.3499984741211,64.61000061035156,64.76000213623047,9506200,0.0,0.0,0.0
2023-12-07,65.6500015258789,65.73999786376953,64.3499984741211,65.11000061035156,4561900,0.0,0.0,0.0
2023-12-08,66.11000061035156,66.9000015258789,65.91999816894531,66.52999877929688,4055500,0.0,0.0,0.0
2023-12-11,66.5,67.02999877929688,65.9800033569336,66.80000305175781,2589200,0.0,0.0,0.0
2023-12-12,64.93000030517578,65.05999755859375,63.84000015258789,64.25,7103800,0.0,0.0,0.0
2023-12-13,64.41999816894531,65.3499984741211,64.33999633789062,65.33000183105469,3575200,0.0,0.0,0.0
2023-12-14,66.94999694824219,67.80000305175781,66.9000015258789,67.16000366210938,5062800,0.0,0.0,0.0
2023-12-15,67.19000244140625,67.31999969482422,65.87999725341797,67.1500015258789,3451100,0.0,0.0,0.0
2023-12-18,68.88999938964844,69.58000183105469,67.55000305175781,68.08999633789062,5558900,0.0,0.0,0.0
2023-12-19,68.30000305175781,69.43000030517578,68.26000213623047,69.36000061035156,4039100,0.0,0.0,0.0
2023-12-20,70.1500015258789,70.30000305175781,68.66000366210938,68.79000091552734,5252100,0.0,0.0,0.0
2023-12-21,68.12999725341797,69.08000183105469,68.12999725341797,69.02999877929688,3290400,0.0,0.0,0.0
2023-12-22,69.62999725341797,69.95999908447266,68.48999786376953,68.69000244140625,4301900,0.0,0.0,0.0
2023-12-26,70.5199966430664,71.0999984741211,70.11000061035156,70.20999908447266,4996900,0.0,0.0,0.0
2023-12-27,70.0199966430664,70.16999816894531,68.9000015258789,68.91999816894531,3785600,0.0,0.0,0.0
2023-12-28,68.3499984741211,68.94000244140625,66.97000122070312,67.18000030517578,5754500,0.0,0.0,0.0
2023-12-29,67.68000030517578,67.75,66.62999725341797,66.6500015258789,3305500,0.0,0.0,0.0
2024-01-02,67.55999755859375,67.55999755859375,65.4800033569336,65.7699966430664,7908600,0.0,0.0,0.0
2024-01-03,66.91999816894531,68.36000061035156,66.72000122070312,68.19000244140625,7136800,0.0,0.0,0.0
2024-01-04,68.19000244140625,68.38999938964844,66.4000015258789,67.56999969482422,5001000,0.0,0.0,0.0
2024-01-05,68.83000183105469,69.31999969482422,68.36000061035156,69.02999877929688,4996500,0.0,0.0,0.0
2024-01-08,66.06999969482422,66.48999786376953,65.54000091552734,66.4000015258789,6270300,0.0,0.0,0.0
2024-01-09,67.30000305175781,67.94999694824219,66.70999908447266,67.38999938964844,4394100,0.0,0.0,0.0
2024-01-10,68.2699966430664,68.68000030517578,66.33999633789062,66.55999755859375,6307700,0.0,0.0,0.0
2024-01-11,68.3499984741211,68.91999816894531,67.11000061035156,67.6500015258789,7436400,0.0,0.0,0.0
2024-01-12,69.37999725341797,69.80999755859375,67.56999969482422,68.0199966430664,7198800,0.0,0.0,0.0
2024-01-16,68.08999633789062,68.25,67.11000061035156,67.25,4904800,0.0,0.0,0.0
2024-01-17,66.4800033569336,67.95999908447266,66.27999877929688,67.94000244140625,4463000,0.0,0.0,0.0
2024-01-18,68.36000061035156,69.30999755859375,67.79000091552734,69.05999755859375,4685900,0.0,0.0,0.0
2024-01-19,69.41000366210938,69.72000122070312,68.20999908447266,68.81999969482422,4668900,0.0,0.0,0.0
2024-01-22,68.87999725341797,70.5,68.72000122070312,69.69000244140625,4992500,0.0,0.0,0.0
2024-01-23,69.33999633789062,70.33000183105469,69.12000274658203,69.66000366210938,3164800,0.0,0.0,0.0
2024-01-24,69.97000122070312,70.87999725341797,69.66000366210938,70.54000091552734,4857600,0.0,0.0,0.0
2024-01-25,71.4800033569336,72.44999694824219,71.0199966430664,72.2300033569336,4979600,0.0,0.0,0.0
2024-01-26,71.9800033569336,73.19000244140625,71.12999725341797,73.0999984741211,4822100,0.0,0.0,0.0
2024-01-29,72.43000030517578,72.44999694824219,71.4800033569336,72.05000305175781,3444900,0.0,0.0,0.0
2024-01-30,72.0,73.0999984741211,71.72000122070312,72.80999755859375,3559200,0.0,0.0,0.0
2024-01-31,72.31999969482422,72.37000274658203,70.66000366210938,70.91999816894531,5073700,0.0,0.0,0.0
2024-02-01,71.58999633789062,71.98999786376953,68.95999908447266,69.06999969482422,13358700,0.0,0.0,0.0
2024-02-02,68.02999877929688,68.36000061035156,67.19000244140625,67.51000213623047,5659600,0.0,0.0,0.0
2024-02-05,67.83000183105469,68.58999633789062,66.8499984741211,68.18000030517578,3284500,0.0,0.0,0.0
2024-02-06,68.6500015258789,69.0999984741211,68.12000274658203,68.80999755859375,4413400,0.0,0.0,0.0
2024-02-07,68.94000244140625,69.43000030517578,68.69999694824219,69.41999816894531,5234200,0.0,0.0,0.0
2024-02-08,70.2699966430664,71.5999984741211,70.22000122070312,71.5199966430664,6147400,0.0,0.0,0.0
2024-02-09,71.94000244140625,72.27999877929688,71.0999984741211,71.66999816894531,2761600,0.0,0.0,0.0
2024-02-12,71.52999877929688,72.12999725341797,71.52999877929688,72.11000061035156,3839000,0.0,0.0,0.0
2024-02-13,72.54000091552734,73.22000122070312,71.94999694824219,72.6500015258789,3632000,0.0,0.0,0.0
2024-02-14,73.06999969482422,73.52999877929688,71.37000274658203,71.55000305175781,4632500,0.0,0.0,0.0
2024-02-15,71.7699966430664,73.19999694824219,71.7699966430664,72.83999633789062,4230900,0.0,0.0,0.0
2024-02-16,72.94999694824219,73.62999725341797,72.44000244140625,73.41000366210938,4209200,0.0,0.0,0.0
2024-02-20,73.44000244140625,73.44999694824219,72.05999755859375,72.41999816894531,3468600,0.0,0.0,0.0
2024-02-21,72.16999816894531,73.22000122070312,72.16000366210938,73.19999694824219,3775000,0.0,0.0,0.0
2024-02-22,72.98999786376953,74.05000305175781,72.91000366210938,73.5999984741211,2748500,0.0,0.0,0.0
2024-02-23,72.19000244140625,72.66000366210938,71.66000366210938,71.91999816894531,3403200,0.0,0.0,0.0
2024-02-26,71.55000305175781,73.23999786376953,71.4800033569336,72.79000091552734,3578500,0.0,0.0,0.0
2024-02-27,73.20999908447266,74.16000366210938,73.13999938964844,73.8499984741211,5301700,0.0,0.0,0.0
2024-02-28,74.45999908447266,74.73999786376953,73.2699966430664,73.62000274658203,3991500,0.0,0.0,0.0
2024-02-29,74.06999969482422,74.44999694824219,73.19999694824219,73.36000061035156,3861400,0.0,0.0,0.0
2024-03-01,74.73999786376953,75.94000244140625,74.52999877929688,74.95999908447266,5359600,0.0,0.0,0.0
2024-03-04,75.43000030517578,75.5,73.83000183105469,74.01000213623047,3332700,0.0,0.0,0.0
2024-03-05,73.62000274658203,74.66999816894531,73.11000061035156,73.44999694824219,4262700,0.0,0.0,0.0
2024-03-06,74.66999816894531,75.7300033569336,74.16000366210938,74.33999633789062,4988900,0.0,0.0,0.0
2024-03-07,73.55999755859375,74.7699966430664,73.4000015258789,74.2300033569336,3758500,0.0,0.0,0.0
2024-03-08,74.0199966430664,74.08000183105469,72.98999786376953,73.36000061035156,4038700,0.0,0.0,0.0
2024-03-11,72.97000122070312,73.9000015258789,72.37000274658203,73.62000274658203,3072600,0.0,0.0,0.0
2024-03-12,73.41999816894531,74.16000366210938,73.01000213623047,73.3499984741211,4134600,0.0,0.0,0.0
2024-03-13,74.75,75.25,74.37000274658203,75.08999633789062,4435500,0.0,0.0,0.0
2024-03-14,75.9000015258789,76.76000213623047,75.73999786376953,76.30000305175781,4238600,0.0,0.0,0.0
2024-03-15,75.97000122070312,76.63999938964844,75.87000274658203,76.33000183105469,3141800,0.0,0.0,0.0
2024-03-18,77.0199966430664,78.18000030517578,76.61000061035156,77.9800033569336,3403700,0.0,0.0,0.0
2024-03-19,78.08999633789062,78.77999877929688,77.94000244140625,78.43000030517578,2720500,0.0,0.0,0.0
2024-03-20,77.19999694824219,77.5199966430664,76.62000274658203,77.25,4254600,0.0,0.0,0.0
2024-03-21,76.83000183105469,77.0,76.13999938964844,76.81999969482422,2742000,0.0,0.0,0.0
2024-03-22,77.06999969482422,77.12000274658203,76.30999755859375,76.68000030517578,2397000,0.0,0.0,0.0
2024-03-25,76.98999786376953,78.20999908447266,76.98999786376953,77.76000213623047,2189200,0.0,0.0,0.0
2024-03-26,77.94000244140625,77.9800033569336,77.20999908447266,77.29000091552734,2776800,0.0,0.0,0.0
2024-03-27,76.91999816894531,77.54000091552734,76.81999969482422,77.51000213623047,2412300,0.0,0.0,0.0
2024-03-28,78.2699966430664,78.94000244140625,78.0199966430664,78.7300033569336,4745600,0.0,0.0,0.0
2024-04-01,79.08000183105469,80.19999694824219,78.80000305175781,79.66999816894531,4000100,0.0,0.0,0.0
2024-04-02,80.62999725341797,80.91999816894531,79.87999725341797,80.79000091552734,4241700,0.0,0.0,0.0
2024-04-03,81.30999755859375,81.81999969482422,81.0999984741211,81.25,3254800,0.0,0.0,0.0
2024-04-04,81.06999969482422,82.83999633789062,80.43000030517578,82.2699966430664,6112200,0.0,0.0,0.0
2024-04-05,82.58000183105469,83.25,82.12000274658203,82.4000015258789,3842800,0.0,0.0,0.0
2024-04-08,82.37999725341797,82.7300033569336,81.16999816894531,82.19999694824219,3757200,0.0,0.0,0.0
2024-04-09,82.12999725341797,82.25,80.87000274658203,81.1500015258789,3893900,0.0,0.0,0.0
2024-04-10,81.38999938964844,82.11000061035156,80.43000030517578,82.08999633789062,6834100,0.0,0.0,0.0
2024-04-11,81.66999816894531,81.66999816894531,80.79000091552734,81.55000305175781,6287700,0.0,0.0,0.0
2024-04-12,83.0,83.41000366210938,81.2300033569336,81.52999877929688,9724900,0.0,0.0,0.0
2024-04-15,81.0,81.69999694824219,80.08999633789062,81.6500015258789,10203200,0.0,0.0,0.0
2024-04-16,81.30999755859375,81.72000122070312,81.01000213623047,81.33000183105469,4285400,0.0,0.0,0.0
2024-04-17,80.27999877929688,80.95999908447266,78.69000244140625,78.91000366210938,5967300,0.0,0.0,0.0
2024-04-18,79.12000274658203,79.48999786376953,78.19999694824219,78.77999877929688,4529600,0.0,0.0,0.0
2024-04-19,78.72000122070312,79.52999877929688,78.55999755859375,78.8499984741211,7608800,0.0,0.0,0.0
2024-04-22,77.86000061035156,78.98999786376953,77.56999969482422,78.77999877929688,3299600,0.0,0.0,0.0
2024-04-23,78.25,80.0999984741211,78.16000366210938,79.9800033569336,3355400,0.0,0.0,0.0
2024-04-24,79.70999908447266,80.25,79.16000366210938,79.63999938964844,3662900,0.0,0.0,0.0
2024-04-25,79.56999969482422,80.48999786376953,78.75,80.44000244140625,3009000,0.0,0.0,0.0
2024-04-26,80.97000122070312,80.97000122070312,80.05999755859375,80.38999938964844,1605300,0.0,0.0,0.0
2024-04-29,80.06999969482422,80.33000183105469,79.16999816894531,79.5,3934100,0.0,0.0,0.0
2024-04-30,78.93000030517578,79.22000122070312,77.79000091552734,78.37999725341797,3829200,0.0,0.0,0.0
2024-05-01,77.37000274658203,78.37999725341797,75.76000213623047,75.93000030517578,5965400,0.0,0.0,0.0
2024-05-02,76.0999984741211,76.4000015258789,75.37000274658203,75.93000030517578,4710000,0.0,0.0,0.0
2024-05-03,75.73999786376953,75.91999816894531,75.0199966430664,75.12999725341797,2875100,0.0,0.0,0.0
2024-05-06,75.54000091552734,75.9800033569336,74.95999908447266,75.66000366210938,6195900,0.0,0.0,0.0
2024-05-07,75.25,76.16000366210938,74.63999938964844,75.5,4327400,0.0,0.0,0.0
2024-05-08,74.72000122070312,76.18000030517578,74.55000305175781,76.11000061035156,2423800,0.0,0.0,0.0
2024-05-09,76.06999969482422,76.55999755859375,75.87999725341797,76.5199966430664,2240300,0.0,0.0,0.0
2024-05-10,76.68000030517578,76.83000183105469,75.23999786376953,75.30000305175781,2746600,0.0,0.0,0.0
2024-05-13,75.72000122070312,76.43000030517578,75.5999984741211,76.12999725341797,3055300,0.0,0.0,0.0
2024-05-14,75.30000305175781,75.87000274658203,74.83999633789062,75.20999908447266,2186600,0.0,0.0,0.0
2024-05-15,74.44999694824219,75.87999725341797,73.87999725341797,75.87999725341797,3660000,0.0,0.0,0.0
2024-05-16,76.63999938964844,76.73999786376953,75.93000030517578,76.25,3195900,0.0,0.0,0.0
2024-05-17,76.3499984741211,77.11000061035156,76.16000366210938,76.97000122070312,2019100,0.0,0.0,0.0
2024-05-20,76.55000305175781,77.55000305175781,76.18000030517578,76.7300033569336,2040500,0.0,0.0,0.0
2024-05-21,75.98999786376953,76.52999877929688,75.52999877929688,76.16000366210938,2009600,0.0,0.0,0.0
2024-05-22,75.20999908447266,75.9000015258789,74.81999969482422,74.87000274658203,2337200,0.0,0.0,0.0
2024-05-23,75.95999908447266,76.18000030517578,74.04000091552734,74.44999694824219,1915600,0.0,0.0,0.0
2024-05-24,74.87999725341797,75.5999984741211,74.7300033569336,75.3499984741211,1164400,0.0,0.0,0.0
2024-05-28,76.76000213623047,77.77999877929688,76.56999969482422,77.66000366210938,2300500,0.0,0.0,0.0
2024-05-29,77.66000366210938,77.66999816894531,76.55999755859375,76.56999969482422,1619000,0.0,0.0,0.0
2024-05-30,76.05000305175781,76.72000122070312,75.25,75.52999877929688,2332200,0.0,0.0,0.0
2024-05-31,75.62999725341797,75.83999633789062,74.33000183105469,74.81999969482422,2038300,0.0,0.0,0.0
2024-06-03,73.93000030517578,73.93000030517578,71.76000213623047,71.83000183105469,5763800,0.0,0.0,0.0
2024-06-04,70.95999908447266,71.44999694824219,70.44000244140625,71.08999633789062,2421100,0.0,0.0,0.0
2024-06-05,71.4000015258789,71.9800033569336,70.76000213623047,71.88999938964844,2058500,0.0,0.0,0.0
2024-06-06,72.12000274658203,73.47000122070312,71.95999908447266,73.26000213623047,1933300,0.0,0.0,0.0
2024-06-07,73.55999755859375,73.91999816894531,72.95999908447266,73.0199966430664,2049500,0.0,0.0,0.0
2024-06-10,73.77999877929688,75.55000305175781,73.55999755859375,75.45999908447266,4020300,0.0,0.0,0.0
2024-06-11,75.33999633789062,75.98999786376953,74.91000366210938,75.51000213623047,1891700,0.0,0.0,0.0
2024-06-12,76.83000183105469,76.91999816894531,75.56999969482422,75.9800033569336,2465300,0.0,0.0,0.0
2024-06-13,76.30999755859375,76.5199966430664,75.69000244140625,75.73999786376953,1685400,0.0,0.0,0.0
2024-06-14,76.62000274658203,76.77999877929688,75.83999633789062,76.08000183105469,2347100,0.0,0.0,0.0
2024-06-17,76.66000366210938,77.9800033569336,76.55000305175781,77.79000091552734,2589800,0.0,0.0,0.0
2024-06-18,77.87999725341797,78.83000183105469,77.76000213623047,78.66999816894531,1757300,0.0,0.0,0.0
2024-06-20,79.27999877929688,79.52999877929688,78.8499984741211,79.41000366210938,1446500,0.0,0.0,0.0
2024-06-21,79.44000244140625,79.79000091552734,78.4000015258789,78.6500015258789,1525500,0.0,0.0,0.0
2024-06-24,78.5199966430664,79.80000305175781,78.48999786376953,79.69999694824219,1402400,0.0,0.0,0.0
2024-06-25,79.47000122070312,79.83000183105469,78.75,78.9000015258789,1268100,0.0,0.0,0.0
2024-06-26,78.94000244140625,79.55000305175781,78.2699966430664,78.75,1581900,0.0,0.0,0.0
2024-06-27,79.69999694824219,80.02999877929688,79.22000122070312,79.91999816894531,1785700,0.0,0.0,0.0
2024-06-28,80.02999877929688,80.04000091552734,79.08000183105469,79.58999633789062,1359600,0.0,0.0,0.0
2024-07-01,80.20999908447266,81.69000244140625,79.81999969482422,81.54000091552734,2272800,0.0,0.0,0.0
2024-07-02,81.9800033569336,82.0199966430664,80.83000183105469,81.11000061035156,1182500,0.0,0.0,0.0
2024-07-03,80.94999694824219,81.5999984741211,80.56999969482422,81.2699966430664,734700,0.0,0.0,0.0
2024-07-05,82.01000213623047,82.5999984741211,81.2300033569336,81.30999755859375,1979700,0.0,0.0,0.0
2024-07-08,80.58999633789062,81.0199966430664,80.29000091552734,80.41999816894531,2029600,0.0,0.0,0.0
2024-07-09,80.12000274658203,80.6500015258789,79.45999908447266,79.7699966430664,1913000,0.0,0.0,0.0
2024-07-10,79.41999816894531,80.69000244140625,79.18000030517578,80.4800033569336,2291900,0.0,0.0,0.0
2024-07-11,79.93000030517578,80.98999786376953,79.7300033569336,80.94000244140625,2998200,0.0,0.0,0.0
2024-07-12,81.25,81.31999969482422,80.11000061035156,80.25,3003800,0.0,0.0,0.0
2024-07-15,80.26000213623047,80.37999725341797,79.56999969482422,80.12000274658203,2206700,0.0,0.0,0.0
2024-07-16,78.68000030517578,79.41000366210938,78.68000030517578,79.05999755859375,2012200,0.0,0.0,0.0
2024-07-17,80.0,80.70999908447266,79.94999694824219,80.62000274658203,2459300,0.0,0.0,0.0
2024-07-18,80.58999633789062,81.08999633789062,79.83999633789062,79.9000015258789,1425500,0.0,0.0,0.0
2024-07-19,79.51000213623047,80.22000122070312,77.86000061035156,78.0,2636000,0.0,0.0,0.0
2024-07-22,77.16999816894531,77.75,76.86000061035156,77.62000274658203,1556600,0.0,0.0,0.0
2024-07-23,76.95999908447266,77.12999725341797,75.72000122070312,76.62000274658203,3124100,0.0,0.0,0.0
2024-07-24,76.87000274658203,77.4800033569336,76.30000305175781,76.80999755859375,2129200,0.0,0.0,0.0
2024-07-25,76.16999816894531,77.77999877929688,75.54000091552734,77.45999908447266,1824000,0.0,0.0,0.0
2024-07-26,76.81999969482422,76.94000244140625,75.55000305175781,76.11000061035156,2125100,0.0,0.0,0.0
2024-07-29,76.7300033569336,76.98999786376953,74.73999786376953,75.19000244140625,1955400,0.0,0.0,0.0
2024-07-30,74.44999694824219,74.7699966430664,74.0,74.45999908447266,3304600,0.0,0.0,0.0
2024-07-31,76.33000183105469,77.91000366210938,75.9000015258789,77.73999786376953,4582800,0.0,0.0,0.0
2024-08-01,77.79000091552734,77.8499984741211,75.63999938964844,76.29000091552734,3633500,0.0,0.0,0.0
2024-08-02,73.80999755859375,73.81999969482422,72.43000030517578,73.38999938964844,5001300,0.0,0.0,0.0
2024-08-05,71.94000244140625,73.26000213623047,71.83000183105469,73.22000122070312,3939500,0.0,0.0,0.0
2024-08-06,71.7699966430664,73.38999938964844,71.7300033569336,72.44999694824219,3377900,0.0,0.0,0.0
2024-08-07,73.94000244140625,75.16999816894531,73.69000244140625,74.69000244140625,4944000,0.0,0.0,0.0
2024-08-08,74.52999877929688,75.80000305175781,74.44000244140625,75.36000061035156,3034300,0.0,0.0,0.0
2024-08-09,75.66999816894531,76.3499984741211,75.25,76.22000122070312,2923600,0.0,0.0,0.0
2024-08-12,77.19000244140625,79.16999816894531,76.93000030517578,78.62999725341797,4745000,0.0,0.0,0.0
2024-08-13,78.37999725341797,78.45999908447266,77.30999755859375,77.63999938964844,2300800,0.0,0.0,0.0
2024-08-14,77.5999984741211,77.75,76.30000305175781,76.58999633789062,1721700,0.0,0.0,0.0
2024-08-15,77.29000091552734,78.0,77.1500015258789,77.41000366210938,1640500,0.0,0.0,0.0
2024-08-16,76.2300033569336,76.6500015258789,75.69000244140625,76.31999969482422,2476000,0.0,0.0,0.0
2024-08-19,76.25,76.37999725341797,74.08999633789062,74.37999725341797,4881200,0.0,0.0,0.0
2024-08-20,74.73999786376953,75.0199966430664,73.68000030517578,73.83000183105469,2761700,0.0,0.0,0.0
2024-08-21,74.31999969482422,74.80999755859375,72.11000061035156,72.5999984741211,2769800,0.0,0.0,0.0
2024-08-22,72.83000183105469,74.16999816894531,72.70999908447266,73.58000183105469,3170300,0.0,0.0,0.0
2024-08-23,74.98999786376953,75.76000213623047,74.87000274658203,75.55000305175781,3008600,0.0,0.0,0.0
2024-08-26,78.06999969482422,78.31999969482422,77.62000274658203,77.83000183105469,4196800,0.0,0.0,0.0
2024-08-27,77.38999938964844,77.5999984741211,76.13999938964844,76.48999786376953,3537500,0.0,0.0,0.0
2024-08-28,75.4000015258789,76.2300033569336,74.80000305175781,75.4800033569336,1852500,0.0,0.0,0.0
2024-08-29,76.7699966430664,77.6500015258789,76.0999984741211,76.7699966430664,4062000,0.0,0.0,0.0
2024-08-30,75.19000244140625,75.22000122070312,74.12000274658203,74.33999633789062,3341400,0.0,0.0,0.0
2024-09-03,72.1500015258789,72.1500015258789,70.8499984741211,71.08999633789062,4967800,0.0,0.0,0.0
2024-09-04,70.62000274658203,71.5,69.55000305175781,69.61000061035156,4701400,0.0,0.0,0.0
2024-09-05,70.7300033569336,71.52999877929688,69.51000213623047,69.88999938964844,3482600,0.0,0.0,0.0
2024-09-06,70.55000305175781,70.87000274658203,67.91000366210938,68.93000030517578,3708600,0.0,0.0,0.0
2024-09-09,68.48999786376953,69.66000366210938,68.05000305175781,69.2699966430664,2685200,0.0,0.0,0.0
2024-09-10,69.44999694824219,69.48999786376953,66.0199966430664,66.95999908447266,4038100,0.0,0.0,0.0
2024-09-11,67.8499984741211,68.62000274658203,66.37000274658203,67.8499984741211,3143200,0.0,0.0,0.0
2024-09-12,69.06999969482422,70.45999908447266,68.52999877929688,69.88999938964844,4035600,0.0,0.0,0.0
2024-09-13,70.19999694824219,70.93000030517578,69.12000274658203,69.83999633789062,2453000,0.0,0.0,0.0
2024-09-16,70.61000061035156,71.22000122070312,70.12999725341797,70.87999725341797,3317900,0.0,0.0,0.0
2024-09-17,70.9000015258789,72.29000091552734,70.83999633789062,71.72000122070312,1952300,0.0,0.0,0.0
2024-09-18,71.01000213623047,71.94000244140625,70.58000183105469,70.66000366210938,2443800,0.0,0.0,0.0
2024-09-19,72.22000122070312,73.20999908447266,71.79000091552734,72.75,4126900,0.0,0.0,0.0
2024-09-20,72.41999816894531,73.13999938964844,72.05000305175781,72.91999816894531,1353300,0.0,0.0,0.0
2024-09-23,72.95999908447266,73.52999877929688,71.16999816894531,72.25,2837700,0.0,0.0,0.0
2024-09-24,73.8499984741211,73.86000061035156,72.83000183105469,73.29000091552734,2387000,0.0,0.0,0.0
2024-09-25,72.3499984741211,72.80000305175781,70.94000244140625,71.4800033569336,3469200,0.0,0.0,0.0
2024-09-26,69.22000122070312,70.12000274658203,68.5999984741211,69.01000213623047,4593800,0.0,0.0,0.0
2024-09-27,69.30000305175781,70.31999969482422,68.80000305175781,70.2699966430664,3214700,0.0,0.0,0.0
2024-09-30,69.95999908447266,70.87000274658203,69.41999816894531,69.91999816894531,2338500,0.0,0.0,0.0
2024-10-01,69.33999633789062,73.7300033569336,69.29000091552734,72.11000061035156,13945000,0.0,0.0,0.0
2024-10-02,73.94999694824219,74.20999908447266,71.62000274658203,72.76000213623047,4093000,0.0,0.0,0.0
2024-10-03,73.73999786376953,75.9000015258789,73.44999694824219,75.7300033569336,7082200,0.0,0.0,0.0
2024-10-04,76.20999908447266,77.4000015258789,75.76000213623047,76.3499984741211,5843100,0.0,0.0,0.0
2024-10-07,77.41999816894531,79.30999755859375,77.29000091552734,79.19999694824219,4353500,0.0,0.0,0.0
2024-10-08,76.83000183105469,76.94000244140625,74.56999969482422,75.79000091552734,8048000,0.0,0.0,0.0
2024-10-09,74.11000061035156,75.36000061035156,73.41000366210938,75.25,6501500,0.0,0.0,0.0
2024-10-10,76.1500015258789,78.04000091552734,75.76000213623047,77.7699966430664,4533100,0.0,0.0,0.0
2024-10-11,77.01000213623047,77.87999725341797,76.69000244140625,77.48999786376953,3642400,0.0,0.0,0.0
2024-10-14,76.05999755859375,76.6500015258789,75.4800033569336,75.93000030517578,3943200,0.0,0.0,0.0
2024-10-15,72.2699966430664,72.94999694824219,71.66999816894531,72.76000213623047,4116700,0.0,0.0,0.0
2024-10-16,72.37999725341797,72.66999816894531,71.52999877929688,72.4000015258789,2195300,0.0,0.0,0.0
2024-10-17,72.05000305175781,72.83999633789062,71.30999755859375,72.62000274658203,2541700,0.0,0.0,0.0
2024-10-18,71.73999786376953,71.91999816894531,70.56999969482422,71.37999725341797,4342300,0.0,0.0,0.0
2024-10-21,72.4000015258789,72.87000274658203,71.70999908447266,72.26000213623047,2941400,0.0,0.0,0.0
2024-10-22,73.19000244140625,74.6500015258789,73.0,73.9800033569336,3782100,0.0,0.0,0.0
2024-10-23,73.48999786376953,74.02999877929688,72.91000366210938,73.55000305175781,2413400,0.0,0.0,0.0
2024-10-24,73.75,74.08000183105469,72.2699966430664,73.05999755859375,2218600,0.0,0.0,0.0
2024-10-25,73.80000305175781,74.48999786376953,73.36000061035156,74.2300033569336,3676100,0.0,0.0,0.0
2024-10-28,69.7699966430664,70.63999938964844,69.66999816894531,70.43000030517578,7429100,0.0,0.0,0.0
2024-10-29,70.12000274658203,70.30999755859375,69.13999938964844,69.66000366210938,4015900,0.0,0.0,0.0
2024-10-30,70.66999816894531,71.62999725341797,70.36000061035156,71.36000061035156,3934400,0.0,0.0,0.0
2024-10-31,71.80999755859375,73.3499984741211,71.44000244140625,73.08000183105469,9183500,0.0,0.0,0.0
2024-11-01,73.62999725341797,73.80000305175781,71.94999694824219,72.0199966430664,4533400,0.0,0.0,0.0
2024-11-04,73.86000061035156,74.43000030517578,73.27999877929688,74.29000091552734,3240200,0.0,0.0,0.0
2024-11-05,74.91999816894531,75.33999633789062,74.05000305175781,74.7300033569336,2839500,0.0,0.0,0.0
2024-11-06,73.2300033569336,75.31999969482422,73.2300033569336,74.54000091552734,4179100,0.0,0.0,0.0
2024-11-07,74.01000213623047,75.55999755859375,73.51000213623047,74.66000366210938,3133400,0.0,0.0,0.0
2024-11-08,73.83999633789062,73.94000244140625,72.66000366210938,73.12999725341797,2984700,0.0,0.0,0.0
2024-11-11,71.20999908447266,71.44999694824219,70.63999938964844,70.94000244140625,3272100,0.0,0.0,0.0
2024-11-12,71.77999877929688,71.8499984741211,70.5,70.69000244140625,1905500,0.0,0.0,0.0
2024-11-13,70.33000183105469,71.5,69.5999984741211,70.7300033569336,3449100,0.0,0.0,0.0
2024-11-14,72.05999755859375,72.08999633789062,70.81999969482422,71.29000091552734,2088900,0.0,0.0,0.0
2024-11-15,70.87000274658203,71.3499984741211,69.55999755859375,69.75,3629400,0.0,0.0,0.0
2024-11-18,70.93000030517578,72.30999755859375,70.9000015258789,72.06999969482422,3112000,0.0,0.0,0.0
2024-11-19,72.4000015258789,72.70999908447266,71.4000015258789,72.30999755859375,3959400,0.0,0.0,0.0
2024-11-20,72.83999633789062,72.83999633789062,71.5999984741211,72.0199966430664,1362400,0.0,0.0,0.0
2024-11-21,73.12999725341797,73.26000213623047,72.38999938964844,73.19999694824219,1848100,0.0,0.0,0.0
2024-11-22,73.0999984741211,74.58000183105469,72.94000244140625,74.25,2573800,0.0,0.0,0.0
2024-11-25,72.94000244140625,73.44000244140625,71.7300033569336,72.0999984741211,3299000,0.0,0.0,0.0
2024-11-26,72.5199966430664,73.33999633789062,71.01000213623047,71.61000061035156,2882200,0.0,0.0,0.0
2024-11-27,71.62999725341797,72.30000305175781,71.16000366210938,71.72000122070312,1575900,0.0,0.0,0.0
2024-11-29,72.31999969482422,72.73999786376953,71.51000213623047,71.61000061035156,1757600,0.0,0.0,0.0
2024-12-02,71.87000274658203,71.94999694824219,70.69999694824219,71.04000091552734,3553900,0.0,0.0,0.0
2024-12-03,72.16000366210938,73.31999969482422,71.80000305175781,73.04000091552734,3199100,0.0,0.0,0.0
2024-12-04,73.41000366210938,73.44999694824219,71.5199966430664,71.87999725341797,2784100,0.0,0.0,0.0
2024-12-05,71.94999694824219,72.16999816894531,71.22000122070312,71.47000122070312,1525200,0.0,0.0,0.0
2024-12-06,70.62000274658203,70.70999908447266,69.98999786376953,70.23999786376953,3083800,0.0,0.0,0.0
2024-12-09,71.2300033569336,71.97000122070312,71.16000366210938,71.16999816894531,2061700,0.0,0.0,0.0
2024-12-10,71.54000091552734,72.12999725341797,71.31999969482422,71.4000015258789,2475900,0.0,0.0,0.0
2024-12-11,72.58000183105469,73.58999633789062,72.1500015258789,73.33000183105469,3061900,0.0,0.0,0.0
2024-12-12,72.9000015258789,73.58000183105469,72.19000244140625,73.20999908447266,2830100,0.0,0.0,0.0
2024-12-13,73.62000274658203,74.5,73.55000305175781,74.20999908447266,2713400,0.0,0.0,0.0
2024-12-16,74.1500015258789,74.30000305175781,73.61000061035156,73.69999694824219,1947900,0.0,0.0,0.0
2024-12-17,72.95999908447266,73.3499984741211,72.30999755859375,73.30000305175781,2140100,0.0,0.0,0.0
2024-12-18,73.66999816894531,74.37999725341797,72.91999816894531,72.94000244140625,2338100,0.0,0.0,0.0
2024-12-19,73.93000030517578,74.11000061035156,72.61000061035156,72.61000061035156,2099400,0.0,0.0,0.0
2024-12-20,72.2699966430664,73.41000366210938,71.95999908447266,73.0999984741211,1599800,0.0,0.0,0.0
2024-12-23,72.91000366210938,73.06999969482422,72.0999984741211,73.05999755859375,1894400,0.0,0.0,0.0
2024-12-24,73.69999694824219,74.02999877929688,73.44999694824219,73.6500015258789,1011800,0.0,0.0,0.0
2024-12-26,74.26000213623047,74.37999725341797,72.9000015258789,73.12999725341797,1808600,0.0,0.0,0.0
2024-12-27,74.0999984741211,74.4000015258789,73.69000244140625,73.8499984741211,1462000,0.0,0.0,0.0
2024-12-30,74.86000061035156,75.2699966430664,74.45999908447266,74.81999969482422,1621000,0.0,0.0,0.0
2024-12-31,75.23999786376953,75.75,74.97000122070312,75.55000305175781,1273500,0.0,0.0,0.0
2025-01-02,76.83999633789062,77.55999755859375,76.83999633789062,76.93000030517578,3269400,0.0,0.0,0.0
2025-01-03,77.41000366210938,78.22000122070312,77.26000213623047,77.91999816894531,1875300,0.0,0.0,0.0
2025-01-06,78.43000030517578,78.9000015258789,77.05999755859375,77.30000305175781,2141800,0.0,0.0,0.0
2025-01-07,78.12999725341797,78.44000244140625,77.69999694824219,78.16999816894531,3912400,0.0,0.0,0.0
2025-01-08,78.3499984741211,78.45999908447266,77.05999755859375,77.30000305175781,3259100,0.0,0.0,0.0
2025-01-10,81.54000091552734,81.81999969482422,79.37000274658203,80.63999938964844,5048700,0.0,0.0,0.0
2025-01-13,81.51000213623047,82.81999969482422,81.37000274658203,82.2300033569336,5060500,0.0,0.0,0.0
2025-01-14,81.9000015258789,82.08000183105469,81.20999908447266,81.66999816894531,4679800,0.0,0.0,0.0
2025-01-15,82.27999877929688,84.58000183105469,82.27999877929688,84.33999633789062,4891900,0.0,0.0,0.0
2025-01-16,83.48999786376953,83.5999984741211,81.98999786376953,82.94000244140625,3607100,0.0,0.0,0.0
2025-01-17,82.5199966430664,83.0,82.2300033569336,82.5199966430664,2297600,0.0,0.0,0.0
2025-01-21,80.62000274658203,81.33999633789062,80.44999694824219,81.11000061035156,2410900,0.0,0.0,0.0
2025-01-22,80.72000122070312,81.20999908447266,80.31999969482422,80.43000030517578,2798000,0.0,0.0,0.0
2025-01-23,80.55999755859375,81.04000091552734,79.16000366210938,79.20999908447266,3803200,0.0,0.0,0.0
2025-01-24,80.06999969482422,80.22000122070312,79.0199966430664,79.5999984741211,1922700,0.0,0.0,0.0
2025-01-27,79.27999877929688,79.54000091552734,77.2300033569336,77.93000030517578,1954800,0.0,0.0,0.0
2025-01-28,78.87000274658203,78.94999694824219,77.80999755859375,78.86000061035156,1592300,0.0,0.0,0.0
2025-01-29,78.0199966430664,78.6500015258789,77.18000030517578,77.77999877929688,1670500,0.0,0.0,0.0
2025-01-30,77.7699966430664,78.7699966430664,77.45999908447266,77.75,2238600,0.0,0.0,0.0
2025-01-31,77.5999984741211,78.26000213623047,76.76000213623047,78.0199966430664,3538900,0.0,0.0,0.0
2025-02-03,78.41999816894531,78.7699966430664,76.94000244140625,77.81999969482422,4200200,0.0,0.0,0.0
2025-02-04,75.69999694824219,78.30000305175781,75.5999984741211,77.51000213623047,6136900,0.0,0.0,0.0
2025-02-05,76.56999969482422,77.0,75.83000183105469,76.08999633789062,1985200,0.0,0.0,0.0
2025-02-06,76.36000061035156,76.7300033569336,75.2699966430664,75.44999694824219,2168400,0.0,0.0,0.0
2025-02-07,76.22000122070312,76.29000091552734,75.45999908447266,75.86000061035156,2013900,0.0,0.0,0.0
2025-02-10,76.94000244140625,77.51000213623047,76.61000061035156,77.4000015258789,2814500,0.0,0.0,0.0
2025-02-11,78.37000274658203,78.48999786376953,77.87000274658203,78.2699966430664,2284100,0.0,0.0,0.0
2025-02-12,77.1500015258789,77.45999908447266,76.29000091552734,76.31999969482422,4918700,0.0,0.0,0.0
2025-02-13,75.68000030517578,76.47000122070312,75.58000183105469,76.38999938964844,1897100,0.0,0.0,0.0
2025-02-14,76.58000183105469,76.73999786376953,75.62999725341797,75.81999969482422,2426000,0.0,0.0,0.0
2025-02-18,76.69000244140625,77.11000061035156,76.3499984741211,76.95999908447266,2324900,0.0,0.0,0.0
2025-02-19,78.05999755859375,78.19999694824219,77.2300033569336,77.44999694824219,1554200,0.0,0.0,0.0
2025-02-20,77.91999816894531,78.47000122070312,77.62000274658203,77.76000213623047,1627000,0.0,0.0,0.0
2025-02-21,76.69999694824219,76.8499984741211,75.33999633789062,75.3499984741211,2749100,0.0,0.0,0.0
2025-02-24,75.70999908447266,76.13999938964844,75.44999694824219,75.97000122070312,2930800,0.0,0.0,0.0
2025-02-25,75.5999984741211,75.61000061035156,73.73999786376953,74.12999725341797,2386600,0.0,0.0,0.0
2025-02-26,73.91000366210938,74.2699966430664,73.41000366210938,73.8499984741211,3229400,0.0,0.0,0.0
2025-02-27,75.0199966430664,75.79000091552734,74.69000244140625,75.27999877929688,2641900,0.0,0.0,0.0
2025-02-28,74.58000183105469,75.47000122070312,74.25,75.22000122070312,2351600,0.0,0.0,0.0
2025-03-03,75.33000183105469,75.55999755859375,72.93000030517578,73.31999969482422,3996300,0.0,0.0,0.0
2025-03-04,72.75,73.61000061035156,71.70999908447266,73.30999755859375,2030600,0.0,0.0,0.0
2025-03-05,71.4000015258789,71.48999786376953,70.08999633789062,71.41999816894531,3811000,0.0,0.0,0.0
2025-03-06,71.37000274658203,72.0199966430664,70.48999786376953,71.12999725341797,3038700,0.0,0.0,0.0
2025-03-07,72.73999786376953,73.30999755859375,71.7699966430664,72.08999633789062,4195700,0.0,0.0,0.0
2025-03-10,72.05999755859375,72.25,70.73999786376953,70.88999938964844,1777100,0.0,0.0,0.0
2025-03-11,71.80000305175781,72.16999816894531,70.9800033569336,71.44999694824219,1876200,0.0,0.0,0.0
2025-03-12,72.31999969482422,72.97000122070312,72.04000091552734,72.80000305175781,2389100,0.0,0.0,0.0
2025-03-13,72.08000183105469,72.44000244140625,71.41000366210938,71.62000274658203,3119100,0.0,0.0,0.0
2025-03-14,71.88999938964844,72.43000030517578,71.6500015258789,72.27999877929688,2054600,0.0,0.0,0.0
2025-03-17,72.9800033569336,73.16999816894531,72.43000030517578,72.70999908447266,2873700,0.0,0.0,0.0
2025-03-18,73.38999938964844,73.48999786376953,71.97000122070312,72.20999908447266,2739000,0.0,0.0,0.0
2025-03-19,72.08000183105469,72.87999725341797,71.93000030517578,72.41999816894531,1747400,0.0,0.0,0.0
2025-03-20,72.2300033569336,73.80000305175781,72.04000091552734,73.7300033569336,2523100,0.0,0.0,0.0
2025-03-21,73.38999938964844,73.95999908447266,73.13999938964844,73.79000091552734,1528800,0.0,0.0,0.0
2025-03-24,74.12999725341797,74.97000122070312,73.94000244140625,74.87999725341797,2755300,0.0,0.0,0.0
2025-03-25,75.2300033569336,75.36000061035156,74.12000274658203,74.81999969482422,1922900,0.0,0.0,0.0
2025-03-26,75.33999633789062,75.94000244140625,75.12999725341797,75.41999816894531,2469600,0.0,0.0,0.0
2025-03-27,75.26000213623047,75.68000030517578,74.77999877929688,75.4800033569336,1590800,0.0,0.0,0.0
2025-03-28,75.5199966430664,75.54000091552734,74.54000091552734,74.7699966430664,2430300,0.0,0.0,0.0
2025-03-31,75.5199966430664,77.72000122070312,75.27999877929688,77.33000183105469,3147400,0.0,0.0,0.0
2025-04-01,77.5999984741211,78.01000213623047,76.87999725341797,77.08000183105469,2753900,0.0,0.0,0.0
2025-04-02,76.72000122070312,77.86000061035156,76.69000244140625,77.73999786376953,2808400,0.0,0.0,0.0
2025-04-03,72.16000366210938,72.69999694824219,71.44000244140625,72.25,6279800,0.0,0.0,0.0
2025-04-04,66.9000015258789,68.41999816894531,65.5,67.91999816894531,9319900,0.0,0.0,0.0
2025-04-07,65.63999938964844,69.19999694824219,64.94000244140625,65.9800033569336,7869100,0.0,0.0,0.0
2025-04-08,66.5999984741211,66.80000305175781,62.7400016784668,63.34000015258789,8411300,0.0,0.0,0.0
2025-04-09,61.72999954223633,68.05000305175781,60.66999816894531,67.58000183105469,15313000,0.0,0.0,0.0
2025-04-10,64.7699966430664,65.47000122070312,63.599998474121094,65.31999969482422,6596700,0.0,0.0,0.0
2025-04-11,64.6500015258789,66.79000091552734,64.5,66.45999908447266,4386200,0.0,0.0,0.0
2025-04-14,67.12000274658203,67.12999725341797,65.62000274658203,66.66000366210938,3146200,0.0,0.0,0.0
2025-04-15,66.47000122070312,66.91999816894531,65.91999816894531,66.4800033569336,1779200,0.0,0.0,0.0
2025-04-16,66.98999786376953,67.97000122070312,66.98999786376953,67.75,5452100,0.0,0.0,0.0
2025-04-17,68.3499984741211,70.05000305175781,68.1500015258789,69.4800033569336,4776800,0.0,0.0,0.0
2025-04-21,68.2699966430664,68.66000366210938,67.44000244140625,68.62000274658203,2343000,0.0,0.0,0.0
2025-04-22,68.88999938964844,70.2699966430664,68.72000122070312,69.37000274658203,4499000,0.0,0.0,0.0
2025-04-23,68.98999786376953,69.80999755859375,67.19000244140625,68.05000305175781,8908500,0.0,0.0,0.0
2025-04-24,68.6500015258789,68.86000061035156,67.69999694824219,68.45999908447266,4336600,0.0,0.0,0.0
2025-04-25,68.05000305175781,69.18000030517578,68.04000091552734,69.02999877929688,3272100,0.0,0.0,0.0
2025-04-28,68.87000274658203,69.04000091552734,67.16999816894531,67.76000213623047,3232700,0.0,0.0,0.0
2025-04-29,66.69000244140625,66.80999755859375,65.83000183105469,65.8499984741211,4650000,0.0,0.0,0.0
2025-04-30,65.44999694824219,65.72000122070312,63.29999923706055,63.560001373291016,10236300,0.0,0.0,0.0
2025-05-01,63.59000015258789,65.08000183105469,63.099998474121094,64.5199966430664,10673900,0.0,0.0,0.0
2025-05-02,64.52999877929688,64.5999984741211,63.11000061035156,64.01000213623047,7095900,0.0,0.0,0.0
2025-05-05,62.849998474121094,63.02000045776367,61.75,62.369998931884766,4867100,0.0,0.0,0.0
2025-05-06,64.69999694824219,65.41000366210938,64.45999908447266,64.5999984741211,5745700,0.0,0.0,0.0
2025-05-07,64.41000366210938,64.66999816894531,63.2599983215332,63.5099983215332,4008500,0.0,0.0,0.0
2025-05-08,64.44000244140625,65.73999786376953,64.43000030517578,65.5999984741211,4643900,0.0,0.0,0.0
2025-05-09,65.95999908447266,66.81999969482422,65.87000274658203,66.61000061035156,4361300,0.0,0.0,0.0
2025-05-12,69.08000183105469,69.27999877929688,67.4800033569336,67.5999984741211,4861900,0.0,0.0,0.0
2025-05-13,68.44999694824219,69.87999725341797,68.4000015258789,69.58999633789062,4728000,0.0,0.0,0.0
2025-05-14,69.27999877929688,69.55000305175781,68.69999694824219,68.7300033569336,2802500,0.0,0.0,0.0
2025-05-15,67.41000366210938,67.79000091552734,66.87000274658203,67.58999633789062,5263400,0.0,0.0,0.0
2025-05-16,67.83000183105469,68.54000091552734,67.41999816894531,68.0999984741211,3769400,0.0,0.0,0.0
2025-05-19,68.11000061035156,69.0999984741211,67.87999725341797,68.51000213623047,5136900,0.0,0.0,0.0
2025-05-20,68.37000274658203,68.80000305175781,67.77999877929688,68.66000366210938,2786100,0.0,0.0,0.0
2025-05-21,69.13999938964844,69.16000366210938,67.56999969482422,67.58999633789062,5467400,0.0,0.0,0.0
2025-05-22,66.87999725341797,67.55000305175781,66.56999969482422,67.13999938964844,3512500,0.0,0.0,0.0
2025-05-23,66.97000122070312,68.22000122070312,66.95999908447266,67.98999786376953,4285000,0.0,0.0,0.0
2025-05-27,67.4800033569336,67.5999984741211,66.47000122070312,67.27999877929688,3938200,0.0,0.0,0.0
2025-05-28,68.33000183105469,68.95999908447266,67.83000183105469,67.88999938964844,5201800,0.0,0.0,0.0
2025-05-29,67.62999725341797,67.63999938964844,66.77999877929688,67.19000244140625,4856200,0.0,0.0,0.0
2025-05-30,67.0999984741211,67.25,65.95999908447266,67.1500015258789,8793200,0.0,0.0,0.0
2025-06-02,69.98999786376953,70.04000091552734,68.63999938964844,69.55000305175781,7125100,0.0,0.0,0.0
2025-06-03,69.62000274658203,70.5,69.37000274658203,69.88999938964844,3996900,0.0,0.0,0.0
2025-06-04,70.0,70.55999755859375,68.63999938964844,69.33999633789062,6455200,0.0,0.0,0.0
2025-06-05,70.43000030517578,70.61000061035156,69.79000091552734,69.93000030517578,2613700,0.0,0.0,0.0
2025-06-06,70.36000061035156,71.5199966430664,70.36000061035156,71.37999725341797,3488000,0.0,0.0,0.0
2025-06-09,71.4000015258789,72.18000030517578,71.08000183105469,72.05000305175781,2893900,0.0,0.0,0.0
2025-06-10,72.16999816894531,73.06999969482422,71.26000213623047,71.5999984741211,5541900,0.0,0.0,0.0
2025-06-11,73.0199966430664,75.31999969482422,72.80000305175781,74.81999969482422,8888000,0.0,0.0,0.0
2025-06-12,74.01000213623047,75.41000366210938,73.75,75.05000305175781,11696900,0.0,0.0,0.0
2025-06-13,80.47000122070312,81.13999938964844,78.63999938964844,80.22000122070312,33971200,0.0,0.0,0.0
2025-06-16,79.01000213623047,79.5999984741211,76.25,78.58999633789062,40622400,0.0,0.0,0.0
2025-06-17,80.44000244140625,82.88999938964844,80.08999633789062,82.30000305175781,26239300,0.0,0.0,0.0
2025-06-18,83.0999984741211,83.45999908447266,80.16000366210938,82.2699966430664,36772300,0.0,0.0,0.0
2025-06-20,82.25,83.37999725341797,81.86000061035156,83.12000274658203,14229000,0.0,0.0,0.0
2025-06-23,83.25,83.56999969482422,76.41000366210938,76.41000366210938,50659400,0.0,0.0,0.0
2025-06-24,73.33999633789062,73.86000061035156,71.97000122070312,73.0,16119600,0.0,0.0,0.0
2025-06-25,72.93000030517578,74.2300033569336,72.79000091552734,73.30999755859375,12401000,0.0,0.0,0.0
2025-06-26,73.62999725341797,74.68000030517578,73.08999633789062,73.58999633789062,9514900,0.0,0.0,0.0
2025-06-27,74.0199966430664,74.33999633789062,72.87000274658203,73.27999877929688,11610800,0.0,0.0,0.0
2025-06-30,73.4800033569336,73.62999725341797,72.72000122070312,73.11000061035156,5917500,0.0,0.0,0.0
2025-07-01,73.61000061035156,74.04000091552734,73.31999969482422,73.93000030517578,4425200,0.0,0.0,0.0
2025-07-02,74.31999969482422,76.0199966430664,73.51000213623047,75.58999633789062,6491400,0.0,0.0,0.0
2025-07-03,75.41000366210938,75.91999816894531,74.87999725341797,75.19000244140625,4394800,0.0,0.0,0.0
2025-07-07,75.83999633789062,76.88999938964844,75.56999969482422,76.4800033569336,6155000,0.0,0.0,0.0
2025-07-08,76.18000030517578,77.58999633789062,76.05000305175781,76.95999908447266,4287200,0.0,0.0,0.0
2025-07-09,76.44999694824219,77.5199966430664,76.27999877929688,76.93000030517578,3839700,0.0,0.0,0.0
2025-07-10,75.37000274658203,75.91999816894531,74.95999908447266,75.38999938964844,6704000,0.0,0.0,0.0
2025-07-11,76.08999633789062,77.3499984741211,76.08000183105469,77.29000091552734,4487200,0.0,0.0,0.0
2025-07-14,77.2699966430664,77.2699966430664,75.5,75.62000274658203,7289700,0.0,0.0,0.0
2025-07-15,75.30999755859375,75.87999725341797,74.94000244140625,75.26000213623047,5941400,0.0,0.0,0.0
2025-07-16,74.20999908447266,75.33000183105469,73.98999786376953,75.19000244140625,6178100,0.0,0.0,0.0
2025-07-17,75.01000213623047,76.26000213623047,74.87000274658203,76.16000366210938,4350000,0.0,0.0,0.0
2025-07-18,76.97000122070312,77.30999755859375,75.80000305175781,75.93000030517578,7583500,0.0,0.0,0.0
2025-07-21,75.62000274658203,75.91000366210938,74.98999786376953,75.58999633789062,2884800,0.0,0.0,0.0
2025-07-22,75.05999755859375,75.47000122070312,74.55000305175781,75.3499984741211,3946300,0.0,0.0,0.0
2025-07-23,74.80999755859375,75.33000183105469,74.44000244140625,75.27999877929688,4811500,0.0,0.0,0.0
2025-07-24,75.87000274658203,76.33999633789062,75.1500015258789,76.08999633789062,5938400,0.0,0.0,0.0
2025-07-25,76.11000061035156,76.11000061035156,74.80000305175781,74.8499984741211,3287400,0.0,0.0,0.0
2025-07-28,76.69999694824219,77.23999786376953,76.20999908447266,77.16999816894531,3796800,0.0,0.0,0.0
2025-07-29,77.44999694824219,80.23999786376953,77.33999633789062,79.80000305175781,7928200,0.0,0.0,0.0
2025-07-30,80.16000366210938,81.12999725341797,79.7300033569336,81.04000091552734,4957400,0.0,0.0,0.0
2025-07-31,79.86000061035156,80.41999816894531,78.91999816894531,79.58999633789062,3817100,0.0,0.0,0.0
2025-08-01,79.70999908447266,79.83000183105469,77.19000244140625,77.45999908447266,7087100,0.0,0.0,0.0
2025-08-04,75.63999938964844,77.16000366210938,75.45999908447266,76.11000061035156,5326700,0.0,0.0,0.0
2025-08-05,75.51000213623047,75.75,74.88999938964844,75.0199966430664,5894000,0.0,0.0,0.0
2025-08-06,76.30999755859375,76.83999633789062,73.31999969482422,73.79000091552734,8908700,0.0,0.0,0.0
2025-08-07,74.05999755859375,74.54000091552734,73.41999816894531,73.41999816894531,3578400,0.0,0.0,0.0
2025-08-08,73.93000030517578,74.4000015258789,72.38999938964844,73.30000305175781,5793400,0.0,0.0,0.0
2025-08-11,73.94000244140625,74.2300033569336,73.36000061035156,73.80000305175781,3307600,0.0,0.0,0.0
2025-08-12,73.22000122070312,73.58000183105469,72.80000305175781,72.94999694824219,2929300,0.0,0.0,0.0
2025-08-13,72.77999877929688,72.83000183105469,71.55999755859375,72.45999908447266,5653500,0.0,0.0,0.0
2025-08-14,73.36000061035156,73.77999877929688,72.87999725341797,73.73999786376953,4551100,0.0,0.0,0.0
2025-08-15,72.72000122070312,73.22000122070312,72.29000091552734,72.80000305175781,8046900,0.0,0.0,0.0
2025-08-18,72.3499984741211,73.62999725341797,71.80999755859375,73.16999816894531,5247900,0.0,0.0,0.0
2025-08-19,72.5,72.75,72.05999755859375,72.30000305175781,3423300,0.0,0.0,0.0
2025-08-20,73.16000366210938,73.62999725341797,72.58999633789062,73.5199966430664,3858800,0.0,0.0,0.0
2025-08-21,73.29000091552734,74.41000366210938,73.08999633789062,74.12999725341797,3185700,0.0,0.0,0.0
2025-08-22,74.27999877929688,74.7300033569336,74.12000274658203,74.63999938964844,4873300,0.0,0.0,0.0
2025-08-25,75.19000244140625,76.12000274658203,75.16999816894531,75.75,3175800,0.0,0.0,0.0
2025-08-26,74.58000183105469,75.12000274658203,73.8499984741211,74.05000305175781,3174400,0.0,0.0,0.0
2025-08-27,74.12999725341797,75.11000061035156,74.12999725341797,74.68000030517578,3322100,0.0,0.0,0.0
2025-08-28,74.94000244140625,75.66999816894531,74.11000061035156,75.23999786376953,3522000,0.0,0.0,0.0
2025-08-29,75.3499984741211,75.44999694824219,74.73999786376953,74.83999633789062,3510200,0.0,0.0,0.0
2025-09-02,76.08000183105469,76.95999908447266,75.66999816894531,76.76000213623047,5380800,0.0,0.0,0.0
2025-09-03,75.61000061035156,75.83000183105469,74.58999633789062,74.83000183105469,6270900,0.0,0.0,0.0
2025-09-04,73.87000274658203,74.55000305175781,73.75,74.18000030517578,4503100,0.0,0.0,0.0
2025-09-05,73.0199966430664,73.0199966430664,71.95999908447266,72.62999725341797,5101500,0.0,0.0,0.0
2025-09-08,73.48999786376953,73.54000091552734,72.56999969482422,73.04000091552734,3943300,0.0,0.0,0.0
2025-09-09,73.98999786376953,74.5199966430664,73.29000091552734,73.38999938964844,4228800,0.0,0.0,0.0
2025-09-10,74.0,75.05000305175781,73.79000091552734,74.70999908447266,6039000,0.0,0.0,0.0
2025-09-11,73.19000244140625,73.55000305175781,72.93000030517578,73.0,3876000,0.0,0.0,0.0
2025-09-12,74.16999816894531,74.44999694824219,73.26000213623047,73.30999755859375,4990100,0.0,0.0,0.0
2025-09-15,74.26000213623047,74.68000030517578,73.97000122070312,74.2300033569336,3985500,0.0,0.0,0.0
2025-09-16,75.08000183105469,75.86000061035156,74.80000305175781,75.66999816894531,5063900,0.0,0.0,0.0
2025-09-17,75.41000366210938,75.69999694824219,74.66999816894531,74.97000122070312,4020200,0.0,0.0,0.0
2025-09-18,75.12000274658203,75.66000366210938,74.27999877929688,74.69000244140625,4176200,0.0,0.0,0.0
2025-09-19,73.94999694824219,74.4800033569336,73.33000183105469,73.5199966430664,5958100,0.0,0.0,0.0
2025-09-22,72.80000305175781,73.58999633789062,72.72000122070312,73.44999694824219,2787100,0.0,0.0,0.0
2025-09-23,74.36000061035156,75.33000183105469,74.33000183105469,75.05000305175781,5617600,0.0,0.0,0.0
2025-09-24,75.87999725341797,76.69000244140625,75.58000183105469,76.38999938964844,3939900,0.0,0.0,0.0
2025-09-25,76.02999877929688,77.04000091552734,75.55000305175781,76.98999786376953,5736700,0.0,0.0,0.0
2025-09-26,77.05999755859375,78.31999969482422,76.93000030517578,77.0199966430664,5918400,0.0,0.0,0.0
2025-09-29,75.43000030517578,75.5,74.31999969482422,74.58999633789062,6341200,0.0,0.0,0.0
2025-09-30,73.87000274658203,74.3499984741211,73.4000015258789,73.75,7709100,0.0,0.0,0.0
2025-10-01,72.6500015258789,73.48999786376953,72.45999908447266,73.13999938964844,6348600,0.0,0.0,0.0
2025-10-02,72.27999877929688,72.95999908447266,71.27999877929688,71.54000091552734,6317200,0.0,0.0,0.0
2025-10-03,71.7699966430664,72.30000305175781,71.62999725341797,71.70999908447266,6657000,0.0,0.0,0.0
2025-10-06,72.43000030517578,73.16000366210938,72.23999786376953,72.87000274658203,5435400,0.0,0.0,0.0
2025-10-07,72.4800033569336,73.2300033569336,72.22000122070312,73.19999694824219,4845800,0.0,0.0,0.0
2025-10-08,73.5199966430664,74.12999725341797,73.25,73.52999877929688,4321100,0.0,0.0,0.0
2025-10-09,73.80999755859375,73.91000366210938,72.23999786376953,72.51000213623047,4670900,0.0,0.0,0.0
2025-10-10,70.7699966430664,71.37000274658203,69.30000305175781,69.38999938964844,8290900,0.0,0.0,0.0
2025-10-13,70.30999755859375,70.88999938964844,69.9000015258789,70.27999877929688,4026900,0.0,0.0,0.0
2025-10-14,69.1500015258789,69.5999984741211,68.51000213623047,69.0,5106900,0.0,0.0,0.0
2025-10-15,69.70999908447266,69.86000061035156,68.70999908447266,68.98999786376953,4069300,0.0,0.0,0.0
2025-10-16,69.12000274658203,69.22000122070312,67.52999877929688,67.80999755859375,7635800,0.0,0.0,0.0
2025-10-17,67.72000122070312,68.16000366210938,67.44000244140625,67.9800033569336,5517900,0.0,0.0,0.0
2025-10-20,66.9800033569336,67.9000015258789,66.9800033569336,67.83000183105469,6113000,0.0,0.0,0.0
2025-10-21,68.05000305175781,69.13999938964844,67.04000091552734,68.2699966430664,10824400,0.0,0.0,0.0
2025-10-22,69.5199966430664,71.18000030517578,69.33000183105469,70.62999725341797,14092800,0.0,0.0,0.0
2025-10-23,73.11000061035156,73.98999786376953,72.86000061035156,73.29000091552734,9561300,0.0,0.0,0.0
2025-10-24,73.66999816894531,74.25,73.08999633789062,73.18000030517578,6467300,0.0,0.0,0.0
2025-10-27,73.20999908447266,73.81999969482422,72.7699966430664,73.12000274658203,4563100,0.0,0.0,0.0
2025-10-28,72.05000305175781,72.33000183105469,71.13999938964844,71.38999938964844,4540300,0.0,0.0,0.0
2025-10-29,71.80999755859375,72.63999938964844,71.73999786376953,71.80000305175781,4418000,0.0,0.0,0.0
2025-10-30,71.38999938964844,72.3499984741211,71.16000366210938,71.70999908447266,2787200,0.0,0.0,0.0
2025-10-31,72.56999969482422,72.88999938964844,72.01000213623047,72.55999755859375,7030300,0.0,0.0,0.0
2025-11-03,72.55999755859375,73.19999694824219,72.05999755859375,72.73999786376953,4473600,0.0,0.0,0.0
2025-11-04,71.91999816894531,72.5199966430664,71.77999877929688,71.93000030517578,3196200,0.0,0.0,0.0
2025-11-05,71.68000030517578,72.45999908447266,70.94000244140625,71.02999877929688,3309200,0.0,0.0,0.0
2025-11-06,70.62000274658203,71.11000061035156,70.12999725341797,70.87999725341797,4127300,0.0,0.0,0.0
2025-11-07,71.27999877929688,71.44999694824219,70.72000122070312,71.26000213623047,3627000,0.0,0.0,0.0
2025-11-10,71.58999633789062,71.7699966430664,70.86000061035156,71.68000030517578,2525500,0.0,0.0,0.0
2025-11-11,72.43000030517578,73.06999969482422,72.43000030517578,72.72000122070312,3677200,0.0,0.0,0.0
2025-11-12,71.08999633789062,71.08999633789062,69.63999938964844,69.79000091552734,5070800,0.0,0.0,0.0
2025-11-13,70.5,70.54000091552734,69.8499984741211,69.8499984741211,4174700,0.0,0.0,0.0
2025-11-14,71.31999969482422,71.95999908447266,71.12999725341797,71.37999725341797,4159900,0.0,0.0,0.0
2025-11-17,71.5999984741211,71.77999877929688,71.29000091552734,71.30000305175781,3647400,0.0,0.0,0.0
2025-11-18,71.31999969482422,72.68000030517578,70.91000366210938,72.5,5343000,0.0,0.0,0.0
2025-11-19,70.4800033569336,70.91000366210938,70.11000061035156,70.87999725341797,4790200,0.0,0.0,0.0
2025-11-20,71.2699966430664,71.79000091552734,70.0199966430664,70.1500015258789,5542200,0.0,0.0,0.0
2025-11-21,69.2699966430664,69.52999877929688,68.58000183105469,69.30000305175781,7120500,0.0,0.0,0.0
2025-11-24,69.2699966430664,70.58999633789062,68.8499984741211,70.41999816894531,4551300,0.0,0.0,0.0
2025-11-25,68.94999694824219,69.48999786376953,68.26000213623047,69.25,5888800,0.0,0.0,0.0
2025-11-26,69.06999969482422,70.19000244140625,69.05000305175781,70.04000091552734,3201800,0.0,0.0,0.0
2025-11-28,70.44000244140625,71.30000305175781,70.44000244140625,71.06999969482422,3363800,0.0,0.0,0.0
2025-12-01,70.61000061035156,71.33000183105469,70.61000061035156,71.05999755859375,4462800,0.0,0.0,0.0
2025-12-02,70.54000091552734,71.04000091552734,69.72000122070312,70.19999694824219,6339600,0.0,0.0,0.0
2025-12-03,70.75,71.30000305175781,70.37000274658203,70.66000366210938,3173600,0.0,0.0,0.0
2025-12-04,70.6500015258789,71.76000213623047,70.3499984741211,71.38999938964844,3957500,0.0,0.0,0.0
2025-12-05,71.33000183105469,72.33999633789062,71.30999755859375,71.91999816894531,4323600,0.0,0.0,0.0
2025-12-08,70.81999969482422,71.18000030517578,70.2699966430664,70.48999786376953,3073400,0.0,0.0,0.0
2025-12-09,70.37999725341797,70.41999816894531,69.66000366210938,69.86000061035156,3111300,0.0,0.0,0.0
2025-12-10,69.43000030517578,70.69999694824219,69.12999725341797,70.54000091552734,8096000,0.0,0.0,0.0
2025-12-11,68.58999633789062,69.29000091552734,68.30999755859375,69.25,8487500,0.0,0.0,0.0
2025-12-12,68.87000274658203,69.12999725341797,68.47000122070312,68.80999755859375,5306000,0.0,0.0,0.0
2025-12-15,68.48999786376953,68.52999877929688,67.61000061035156,67.88999938964844,6298800,0.0,0.0,0.0
2025-12-16,66.75,66.77999877929688,65.98999786376953,66.16999816894531,6816100,0.0,0.0,0.0
2025-12-17,67.22000122070312,68.05999755859375,66.83000183105469,67.9800033569336,7398000,0.0,0.0,0.0
2025-12-18,67.7699966430664,67.94000244140625,67.0999984741211,67.19000244140625,4713800,0.0,0.0,0.0
2025-12-19,67.73999786376953,68.19999694824219,67.44000244140625,68.02999877929688,4003300,0.0,0.0,0.0
2025-12-22,69.55999755859375,69.8499984741211,69.22000122070312,69.7300033569336,4491500,0.0,0.0,0.0
2025-12-23,69.62000274658203,70.36000061035156,69.44999694824219,70.30000305175781,3517300,0.0,0.0,0.0
2025-12-24,70.47000122070312,70.58000183105469,69.94000244140625,70.19999694824219,1596400,0.0,0.0,0.0
2025-12-26,69.66000366210938,69.76000213623047,68.18000030517578,68.4800033569336,4224500,0.0,0.0,0.0
2025-12-29,69.8499984741211,70.12999725341797,69.56999969482422,69.61000061035156,2758000,0.0,0.0,0.0
2025-12-30,70.27999877929688,70.33000183105469,69.6500015258789,69.73999786376953,2324200,0.0,0.0,0.0
2025-12-31,70.19999694824219,70.26000213623047,68.8499984741211,69.16000366210938,2218700,0.0,0.0,0.0
2026-01-02,68.43000030517578,69.1500015258789,68.1500015258789,68.95999908447266,5012300,0.0,0.0,0.0
2026-01-05,69.7300033569336,70.4000015258789,69.2300033569336,70.22000122070312,4987100,0.0,0.0,0.0
2026-01-06,70.5999984741211,70.73999786376953,68.45999908447266,68.51000213623047,5432900,0.0,0.0,0.0
2026-01-07,68.23999786376953,68.30999755859375,67.3499984741211,67.79000091552734,5317500,0.0,0.0,0.0
2026-01-08,68.79000091552734,70.6500015258789,68.38999938964844,70.54000091552734,6558600,0.0,0.0,0.0
2026-01-09,70.87999725341797,71.94000244140625,70.7699966430664,70.77999877929688,5925100,0.0,0.0,0.0
2026-01-12,70.95999908447266,72.0,70.47000122070312,71.6500015258789,5703400,0.0,0.0,0.0
2026-01-13,72.77999877929688,73.94000244140625,72.75,73.4800033569336,10694200,0.0,0.0,0.0
2026-01-14,74.26000213623047,75.16000366210938,71.41000366210938,72.61000061035156,17618100,0.0,0.0,0.0
2026-01-15,71.5999984741211,71.70999908447266,71.0,71.12999725341797,4748400,0.0,0.0,0.0
2026-01-16,72.30000305175781,72.5199966430664,71.56999969482422,71.6500015258789,4492100,0.0,0.0,0.0
2026-01-20,72.80000305175781,73.12999725341797,71.70999908447266,71.86000061035156,7577200,0.0,0.0,0.0
2026-01-21,72.83999633789062,73.45999908447266,72.5999984741211,73.33999633789062,4291300,0.0,0.0,0.0
2026-01-22,72.43000030517578,72.5,71.2699966430664,71.81999969482422,4973400,0.0,0.0,0.0
2026-01-23,73.76000213623047,74.05000305175781,73.37999725341797,73.94999694824219,5427600,0.0,0.0,0.0
2026-01-26,73.36000061035156,73.7699966430664,72.94000244140625,73.4800033569336,4486300,0.0,0.0,0.0
2026-01-27,73.94999694824219,75.70999908447266,73.69000244140625,75.66000366210938,6164600,0.0,0.0,0.0
2026-01-28,76.26000213623047,76.73999786376953,75.62999725341797,76.62000274658203,6508700,0.0,0.0,0.0
2026-01-29,80.11000061035156,80.37999725341797,78.16999816894531,79.13999938964844,13188800,0.0,0.0,0.0
2026-01-30,79.44000244140625,79.94999694824219,77.6500015258789,79.5199966430664,11586200,0.0,0.0,0.0
2026-02-02,75.5,75.66999816894531,74.45999908447266,75.33000183105469,8544400,0.0,0.0,0.0
2026-02-03,75.8499984741211,77.63999938964844,75.63999938964844,77.47000122070312,10887400,0.0,0.0,0.0
2026-02-04,76.5199966430664,79.37000274658203,76.19999694824219,77.87999725341797,17514900,0.0,0.0,0.0
2026-02-05,76.86000061035156,77.30999755859375,75.87999725341797,76.69000244140625,5989500,0.0,0.0,0.0
2026-02-06,76.23999786376953,77.98999786376953,76.16999816894531,76.98999786376953,6661500,0.0,0.0,0.0
2026-02-09,76.83000183105469,78.62999725341797,76.79000091552734,78.0199966430664,3201100,0.0,0.0,0.0
2026-02-10,78.30000305175781,78.44000244140625,77.27999877929688,78.02999877929688,6542000,0.0,0.0,0.0
2026-02-11,79.68000030517578,79.83000183105469,78.23999786376953,78.88999938964844,10313100,0.0,0.0,0.0
2026-02-12,78.0,78.06999969482422,75.70999908447266,76.37999725341797,7442600,0.0,0.0,0.0
2026-02-13,76.12000274658203,76.72000122070312,75.66000366210938,76.22000122070312,6172200,0.0,0.0,0.0
2026-02-17,76.20999908447266,76.4800033569336,75.18000030517578,75.7300033569336,9329600,0.0,0.0,0.0
2026-02-18,77.91999816894531,79.62999725341797,77.8499984741211,79.4000015258789,10251400,0.0,0.0,0.0
2026-02-19,80.43000030517578,81.2699966430664,79.69000244140625,81.19000244140625,11768000,0.0,0.0,0.0
2026-02-20,80.54000091552734,81.23999786376953,80.16999816894531,80.8499984741211,9427300,0.0,0.0,0.0
2026-02-23,81.48999786376953,81.91999816894531,80.5,80.9000015258789,5941200,0.0,0.0,0.0
2026-02-24,81.19000244140625,81.22000122070312,79.80000305175781,80.76000213623047,10649500,0.0,0.0,0.0
2026-02-25,80.0999984741211,80.13999938964844,79.31999969482422,79.7300033569336,6547300,0.0,0.0,0.0
2026-02-26,78.1500015258789,81.23999786376953,78.04000091552734,79.7699966430664,18725900,0.0,0.0,0.0
2026-02-27,82.0,82.12000274658203,80.58000183105469,81.94999694824219,12164700,0.0,0.0,0.0
2026-03-02,87.62000274658203,88.63999938964844,83.19999694824219,87.19000244140625,41780500,0.0,0.0,0.0
2026-03-03,94.0999984741211,94.37000274658203,87.33000183105469,90.19999694824219,50397900,0.0,0.0,0.0
2026-03-04,90.22000122070312,91.58999633789062,89.11000061035156,91.55999755859375,28457300,0.0,0.0,0.0
2026-03-05,94.45999908447266,98.83000183105469,94.05999755859375,96.30999755859375,47311300,0.0,0.0,0.0
2026-03-06,105.37999725341797,109.9800033569336,104.52999877929688,108.7699966430664,68722000,0.0,0.0,0.0
2026-03-09,119.41999816894531,124.06999969482422,98.47000122070312,104.33000183105469,143771900,0.0,0.0,0.0
2026-03-10,107.12999725341797,107.55999755859375,94.2300033569336,105.86000061035156,135401400,0.0,0.0,0.0
2026-03-11,105.02999877929688,108.36000061035156,100.98999786376953,108.05000305175781,80928900,0.0,0.0,0.0
2026-03-12,115.69000244140625,119.12999725341797,113.91000366210938,118.38999938964844,93641500,0.0,0.0,0.0
2026-03-13,115.08000183105469,121.1500015258789,114.55999755859375,119.88999938964844,59716000,0.0,0.0,0.0
2026-03-16,116.93000030517578,118.91000366210938,114.36000061035156,115.02999877929688,66869700,0.0,0.0,0.0
2026-03-17,117.41999816894531,119.12999725341797,116.06999969482422,118.83999633789062,40127600,0.0,0.0,0.0
2026-03-18,121.02999877929688,122.87000274658203,117.44999694824219,121.66999816894531,70647800,0.0,0.0,0.0
2026-03-19,120.4000015258789,125.19000244140625,114.68000030517578,117.36000061035156,96157300,0.0,0.0,0.0
2026-03-20,118.95999908447266,123.0199966430664,118.33000183105469,121.43000030517578,49738900,0.0,0.0,0.0
2026-03-23,113.29000091552734,114.44999694824219,106.44999694824219,110.55999755859375,91139700,0.0,0.0,0.0
2026-03-24,115.2300033569336,116.3499984741211,112.7699966430664,114.54000091552734,48623800,0.0,0.0,0.0
2026-03-25,109.29000091552734,114.25,109.0199966430664,113.38999938964844,41976300,0.0,0.0,0.0
2026-03-26,116.7300033569336,118.94000244140625,115.19999694824219,117.26000213623047,42398600,0.0,0.0,0.0
2026-03-27,120.79000091552734,125.30000305175781,120.47000122070312,124.19999694824219,32843700,0.0,0.0,0.0
2026-03-30,126.83999633789062,130.0800018310547,126.30999755859375,129.8300018310547,40484900,0.0,0.0,0.0
2026-03-31,129.35000610351562,130.92999267578125,124.19999694824219,127.25,58856900,0.0,0.0,0.0
2026-04-01,124.86000061035156,125.7300033569336,122.4800033569336,124.08999633789062,45287000,0.0,0.0,0.0
2026-04-02,139.27000427246094,140.0,131.88999938964844,137.9199981689453,63983600,0.0,0.0,0.0
2026-04-06,138.50999450683594,140.88999938964844,136.3800048828125,138.94000244140625,28315500,0.0,0.0,0.0
2026-04-07,141.3300018310547,143.97999572753906,130.0,138.0800018310547,50936400,0.0,0.0,0.0
2026-04-08,119.05999755859375,125.2300033569336,118.05999755859375,124.58000183105469,52449300,0.0,0.0,0.0
2026-04-09,127.19000244140625,129.63999938964844,123.05999755859375,126.95999908447266,44214800,0.0,0.0,0.0
2026-04-10,125.61000061035156,127.77999877929688,123.9800033569336,124.81999969482422,16178900,0.0,0.0,0.0
2026-04-13,133.3699951171875,133.52999877929688,127.16000366210938,128.47000122070312,22427800,0.0,0.0,0.0
2026-04-14,127.0999984741211,127.2300033569336,122.91000366210938,123.8499984741211,14735600,0.0,0.0,0.0
2026-04-15,123.25,125.23999786376953,122.33000183105469,122.58999633789062,13952800,0.0,0.0,0.0
2026-04-16,124.06999969482422,128.27999877929688,124.05000305175781,125.83999633789062,13470200,0.0,0.0,0.0
2026-04-17,114.7300033569336,116.87000274658203,110.3499984741211,116.04000091552734,38315300,0.0,0.0,0.0
2026-04-20,119.83999633789062,122.87999725341797,119.4000015258789,121.31999969482422,15244900,0.0,0.0,0.0
2026-04-21,121.51000213623047,128.88999938964844,121.02999877929688,128.25,23309500,0.0,0.0,0.0
2026-04-22,127.36000061035156,131.00999450683594,127.06999969482422,129.39999389648438,11894500,0.0,0.0,0.0
2026-04-23,131.25999450683594,137.4600067138672,129.8699951171875,134.72000122070312,19181600,0.0,0.0,0.0
2026-04-24,132.6300048828125,133.8699951171875,129.5500030517578,132.39999389648438,14228400,0.0,0.0,0.0
2026-04-27,133.9600067138672,136.49000549316406,133.2100067138672,134.72000122070312,7019600,0.0,0.0,0.0
2026-04-28,138.85000610351562,140.39999389648438,138.02000427246094,139.60000610351562,11944900,0.0,0.0,0.0
2026-04-29,146.14999389648438,151.6300048828125,145.94000244140625,150.6300048828125,14903300,0.0,0.0,0.0
2026-04-30,146.32000732421875,149.05999755859375,144.47999572753906,147.08999633789062,10614100,0.0,0.0,0.0
2026-05-01,143.52999877929688,143.85000610351562,138.8000030517578,142.8000030517578,12798600,0.0,0.0,0.0
2026-05-04,143.85000610351562,149.47000122070312,142.22999572753906,147.61000061035156,15170600,0.0,0.0,0.0
2026-05-05,143.91000366210938,144.8000030517578,142.13999938964844,144.1699981689453,8551000,0.0,0.0,0.0
2026-05-06,135.3300018310547,136.63999938964844,132.55999755859375,133.9499969482422,12535300,0.0,0.0,0.0
2026-05-07,128.77000427246094,136.7899932861328,127.37999725341797,134.97000122070312,15902200,0.0,0.0,0.0
2026-05-08,132.3699951171875,135.22000122070312,132.13999938964844,133.58999633789062,7739600,0.0,0.0,0.0
2026-05-11,136.69000244140625,140.89999389648438,135.86000061035156,138.66000366210938,6252800,0.0,0.0,0.0
2026-05-12,143.8300018310547,144.8000030517578,143.08999633789062,144.3000030517578,6109900,0.0,0.0,0.0
2026-05-13,143.9199981689453,145.0,141.27000427246094,142.0399932861328,4719900,0.0,0.0,0.0
2026-05-14,140.94000244140625,143.0,140.58999633789062,143.0,4656000,0.0,0.0,0.0
2026-05-15,145.5500030517578,148.41000366210938,145.1699981689453,148.22999572753906,5588300,0.0,0.0,0.0
2026-05-18,145.91000366210938,154.0800018310547,144.9600067138672,149.2899932861328,10817300,0.0,0.0,0.0
2026-05-19,152.8800048828125,153.5,150.22000122070312,152.9600067138672,5514800,0.0,0.0,0.0
2026-05-20,149.4499969482422,150.5399932861328,141.9600067138672,144.27000427246094,11573800,0.0,0.0,0.0
2026-05-21,149.27000427246094,150.25999450683594,140.22999572753906,142.5399932861328,10203800,0.0,0.0,0.0
2026-05-22,141.42999267578125,143.77999877929688,138.7100067138672,140.9199981689453,7541300,0.0,0.0,0.0
2026-05-26,136.33999633789062,138.6999969482422,135.94000244140625,137.0,7574200,0.0,0.0,0.0
2026-05-27,131.38999938964844,133.5800018310547,129.63999938964844,131.02999877929688,8423300,0.0,0.0,0.0
2026-05-28,133.33999633789062,133.83999633789062,127.7699966430664,130.77999877929688,7533300,0.0,0.0,0.0
2026-05-29,128.30999755859375,130.32000732421875,126.55000305175781,129.08999633789062,8226600,0.0,0.0,0.0
2026-06-01,135.64999389648438,138.91000366210938,133.02000427246094,135.5,11053300,0.0,0.0,0.0
2026-06-02,135.07000732421875,137.6699981689453,134.17999267578125,137.27000427246094,3831200,0.0,0.0,0.0
2026-06-03,139.4600067138672,141.4199981689453,138.38999938964844,140.86000061035156,4766200,0.0,0.0,0.0
2026-06-04,136.6699981689453,137.0500030517578,135.00999450683594,136.74000549316406,4192000,0.0,0.0,0.0
2026-06-05,135.13999938964844,135.1999969482422,132.24000549316406,133.02000427246094,4653800,0.0,0.0,0.0
2026-06-08,134.9499969482422,136.52999877929688,133.9499969482422,135.14999389648438,4564300,0.0,0.0,0.0
2026-06-09,132.00999450683594,133.0399932861328,128.17999267578125,131.3000030517578,9321500,0.0,0.0,0.0
2026-06-10,132.92999267578125,136.61000061035156,132.6300048828125,134.3000030517578,7519500,0.0,0.0,0.0
2026-06-11,134.27000427246094,135.97999572753906,127.87000274658203,128.8300018310547,12187300,0.0,0.0,0.0
2026-06-12,127.02999877929688,129.77000427246094,125.30000305175781,125.43000030517578,8521300,0.0,0.0,0.0
2026-06-15,119.83999633789062,121.4800033569336,119.0199966430664,121.20999908447266,5839100,0.0,0.0,0.0
2026-06-16,116.33999633789062,116.98999786376953,113.30999755859375,115.47000122070312,7728800,0.0,0.0,0.0
2026-06-17,115.44000244140625,120.0,114.12999725341797,114.2300033569336,5504000,0.0,0.0,0.0
2026-06-18,112.47000122070312,115.33000183105469,110.4800033569336,114.87000274658203,5560100,0.0,0.0,0.0
2026-06-22,112.62999725341797,112.80999755859375,111.12999725341797,112.69000244140625,4524400,0.0,0.0,0.0
2026-06-23,110.91999816894531,111.52999877929688,110.05999755859375,111.26000213623047,3153900,0.0,0.0,0.0
2026-06-24,106.29000091552734,107.66000366210938,105.6500015258789,106.29000091552734,5035500,0.0,0.0,0.0
2026-06-25,106.02999877929688,110.05000305175781,105.87000274658203,109.30999755859375,6186900,0.0,0.0,0.0
2026-06-26,105.83000183105469,106.16999816894531,104.06999969482422,105.4800033569336,9624500,0.0,0.0,0.0
2026-06-29,106.6500015258789,107.98999786376953,106.19000244140625,107.08000183105469,3173300,0.0,0.0,0.0
2026-06-30,108.1500015258789,108.1500015258789,105.12000274658203,106.44000244140625,3736500,0.0,0.0,0.0
2026-07-01,104.55000305175781,105.0,103.1500015258789,103.2699966430664,3111300,0.0,0.0,0.0
2026-07-02,102.8499984741211,104.45999908447266,102.41999816894531,103.9800033569336,2203900,0.0,0.0,0.0
2026-07-06,104.52999877929688,105.0199966430664,103.66000366210938,104.3499984741211,1635900,0.0,0.0,0.0
2026-07-07,105.66999816894531,109.83999633789062,105.48999786376953,108.91999816894531,7307100,0.0,0.0,0.0
2026-07-08,112.36000061035156,115.0,110.94999694824219,112.20999908447266,14148900,0.0,0.0,0.0
2026-07-09,110.83999633789062,110.9000015258789,108.37999725341797,109.01000213623047,5521900,0.0,0.0,0.0
2026-07-10,109.30999755859375,110.9000015258789,107.48999786376953,108.69999694824219,4488400,0.0,0.0,0.0
2026-07-13,111.88999938964844,119.05000305175781,111.70999908447266,117.79000091552734,13024300,0.0,0.0,0.0
2026-07-14,120.6500015258789,121.37000274658203,117.7300033569336,120.16999816894531,10211300,0.0,0.0,0.0
2026-07-15,121.44999694824219,121.87000274658203,118.3499984741211,121.37999725341797,6332500,0.0,0.0,0.0
2026-07-16,121.20999908447266,121.43000030517578,118.69999694824219,119.30000305175781,3993100,0.0,0.0,0.0
2026-07-17,123.19999694824219,124.87999725341797,121.44999694824219,123.95999908447266,5953900,0.0,0.0,0.0
2026-07-20,123.77999877929688,126.56999969482422,123.44000244140625,125.51000213623047,6696100,0.0,0.0,0.0
2026-07-21,128.9199981689453,129.39999389648438,127.5,128.85000610351562,6079700,0.0,0.0,0.0
2026-07-22,131.4199981689453,132.91000366210938,130.58999633789062,131.67999267578125,6708200,0.0,0.0,0.0
2026-07-23,138.52000427246094,142.3300018310547,138.14999389648438,139.49000549316406,12732100,0.0,0.0,0.0
2026-07-24,137.72000122070312,137.80999755859375,133.52999877929688,136.69000244140625,9036300,0.0,0.0,0.0
2026-07-27,128.66000366210938,128.66000366210938,124.58000183105469,124.76000213623047,9422500,0.0,0.0,0.0
2026-07-28,123.66999816894531,124.55000305175781,118.4800033569336,120.48999786376953,8187100,0.0,0.0,0.0
2026-07-29,128.4600067138672,130.3000030517578,128.00999450683594,129.30999755859375,7865600,0.0,0.0,0.0
2026-07-30,127.12000274658203,129.2100067138672,126.91000366210938,127.4800033569336,3744800,0.0,0.0,0.0
2026-07-31,130.17999267578125,130.97999572753906,127.94999694824219,129.1699981689453,4676600,0.0,0.0,0.0
2026-08-03,120.80000305175781,122.86000061035156,119.54000091552734,122.12000274658203,7297300,0.0,0.0,0.0
2026-08-04,117.0,117.62000274658203,114.86000061035156,115.77999877929688,7619300,0.0,0.0,0.0
2026-08-05,115.95999908447266,116.01000213623047,113.86000061035156,114.87999725341797,5345700,0.0,0.0,0.0
2026-08-06,116.45999908447266,119.7300033569336,116.19000244140625,118.87000274658203,5341900,0.0,0.0,0.0
2026-08-07,117.66999816894531,120.0999984741211,117.51000213623047,117.9800033569336,4510600,0.0,0.0,0.0
2026-08-10,122.08999633789062,126.27999877929688,122.05999755859375,125.91999816894531,5180900,0.0,0.0,0.0
2026-08-11,124.75,127.8499984741211,124.45999908447266,127.61000061035156,8426700,0.0,0.0,0.0
2026-08-12,126.63999938964844,127.83000183105469,125.86000061035156,127.30000305175781,3612400,0.0,0.0,0.0
2026-08-13,124.56999969482422,126.95999908447266,123.19000244140625,125.02999877929688,5059900,0.0,0.0,0.0
2026-08-14,124.79000091552734,126.91999816894531,124.16999816894531,126.5999984741211,3850800,0.0,0.0,0.0
2026-08-17,127.29000091552734,130.57000732421875,126.37000274658203,130.2899932861328,5279800,0.0,0.0,0.0
2026-08-18,131.61000061035156,132.25,130.13999938964844,130.66000366210938,4333100,0.0,0.0,0.0
2026-08-19,131.1699981689453,133.36000061035156,130.44000244140625,130.91000366210938,4393900,0.0,0.0,0.0
2026-08-20,134.7100067138672,135.1699981689453,133.13999938964844,134.5399932861328,4434800,0.0,0.0,0.0
2026-08-21,134.97999572753906,135.91000366210938,133.88999938964844,134.63999938964844,3550000,0.0,0.0,0.0
2026-08-24,133.5,133.74000549316406,131.14999389648438,132.2100067138672,3433400,0.0,0.0,0.0
2026-08-25,128.08999633789062,129.7100067138672,126.08999633789062,126.1500015258789,5395400,0.0,0.0,0.0
2026-08-26,125.47000122070312,129.4600067138672,125.41000366210938,127.3499984741211,3351500,0.0,0.0,0.0
2026-08-27,128.14999389648438,130.9600067138672,127.4800033569336,130.00999450683594,3058600,0.0,0.0,0.0
2026-08-28,128.1300048828125,130.13999938964844,128.0,129.6999969482422,2121700,0.0,0.0,0.0
2026-08-31,133.00999450683594,134.33999633789062,132.3800048828125,133.6999969482422,4205400,0.0,0.0,0.0
2026-09-01,137.19000244140625,141.0399932861328,136.08999633789062,141.0,8187700,0.0,0.0,0.0
2026-09-02,139.4199981689453,142.17999267578125,138.44000244140625,141.14999389648438,4700100,0.0,0.0,0.0
2026-09-03,142.1199951171875,143.4600067138672,140.97000122070312,142.08999633789062,4036600,0.0,0.0,0.0
2026-09-04,140.14999389648438,143.02999877929688,138.00999450683594,141.9600067138672,3708400,0.0,0.0,0.0
2026-09-08,144.60000610351562,146.22999572753906,143.00999450683594,146.02999877929688,6272600,0.0,0.0,0.0
2026-09-09,148.8000030517578,150.0399932861328,147.75999450683594,149.97000122070312,5523700,0.0,0.0,0.0
2026-09-10,154.77999877929688,158.8800048828125,152.47999572753906,158.3800048828125,10095000,0.0,0.0,0.0
2026-09-11,152.5,155.02000427246094,152.35000610351562,154.89999389648438,6710600,0.0,0.0,0.0
2026-09-14,159.42999267578125,160.27000427246094,154.77000427246094,156.66000366210938,7691800,0.0,0.0,0.0
2026-09-15,158.35000610351562,163.35000610351562,158.25999450683594,161.86000061035156,6895700,0.0,0.0,0.0
2026-09-16,159.30999755859375,159.36000061035156,154.0,156.1699981689453,5755600,0.0,0.0,0.0
2026-09-17,154.10000610351562,156.6699981689453,153.7899932861328,155.30999755859375,4261000,0.0,0.0,0.0
