Date,Open,High,Low,Close,Volume,Dividends,Stock Splits,Capital Gains
2020-09-03,28.0,28.0,27.5,27.649999618530273,80900,0.0,0.0,0.0
2020-09-04,27.649999618530273,27.75,27.299999237060547,27.649999618530273,42040,0.0,0.0,0.0
2020-09-08,27.25,27.399999618530273,27.200000762939453,27.299999237060547,65720,0.0,0.0,0.0
2020-09-09,27.299999237060547,27.549999237060547,27.200000762939453,27.25,36500,0.0,0.0,0.0
2020-09-10,27.600000381469727,27.850000381469727,27.399999618530273,27.450000762939453,39420,0.0,0.0,0.0
2020-09-11,27.600000381469727,27.649999618530273,27.149999618530273,27.25,48280,0.0,0.0,0.0
2020-09-14,27.299999237060547,27.450000762939453,27.100000381469727,27.450000762939453,41120,0.0,0.0,0.0
2020-09-15,27.200000762939453,27.200000762939453,26.799999237060547,26.950000762939453,83400,0.0,0.0,0.0
2020-09-16,26.850000381469727,27.200000762939453,26.850000381469727,27.100000381469727,48620,0.0,0.0,0.0
2020-09-17,27.0,27.850000381469727,27.0,27.850000381469727,75140,0.0,0.0,0.0
2020-09-18,27.899999618530273,28.75,27.75,28.75,101200,0.0,0.0,0.0
2020-09-21,28.5,28.5,27.5,27.75,98980,0.0,0.0,0.0
2020-09-22,27.850000381469727,28.25,27.75,27.850000381469727,42720,0.0,0.0,0.0
2020-09-23,27.649999618530273,27.799999237060547,27.299999237060547,27.350000381469727,58780,0.0,0.0,0.0
2020-09-24,27.100000381469727,27.649999618530273,27.0,27.450000762939453,48800,0.0,0.0,0.0
2020-09-25,27.25,27.350000381469727,27.149999618530273,27.200000762939453,22980,0.0,0.0,0.0
2020-09-28,27.100000381469727,27.5,26.899999618530273,27.450000762939453,25020,0.0,0.0,0.0
2020-09-29,27.450000762939453,27.549999237060547,27.25,27.450000762939453,27960,0.0,0.0,0.0
2020-09-30,27.600000381469727,28.950000762939453,27.600000381469727,28.549999237060547,65540,0.0,0.0,0.0
2020-10-01,28.600000381469727,28.600000381469727,28.200000762939453,28.299999237060547,38780,0.0,0.0,0.0
2020-10-02,27.950000762939453,28.450000762939453,27.950000762939453,28.399999618530273,20740,0.0,0.0,0.0
2020-10-05,28.399999618530273,28.899999618530273,28.399999618530273,28.850000381469727,33240,0.0,0.0,0.0
2020-10-06,28.799999237060547,29.549999237060547,28.799999237060547,29.049999237060547,61560,0.0,0.0,0.0
2020-10-07,29.350000381469727,29.850000381469727,29.350000381469727,29.700000762939453,39260,0.0,0.0,0.0
2020-10-08,29.950000762939453,30.0,29.100000381469727,29.149999618530273,99540,0.0,0.0,0.0
2020-10-09,29.25,29.549999237060547,28.899999618530273,29.149999618530273,63300,0.0,0.0,0.0
2020-10-12,29.149999618530273,29.25,28.799999237060547,29.25,75380,0.0,0.0,0.0
2020-10-13,29.25,29.299999237060547,28.950000762939453,29.100000381469727,30400,0.0,0.0,0.0
2020-10-14,29.25,29.350000381469727,28.799999237060547,29.149999618530273,32800,0.0,0.0,0.0
2020-10-15,29.25,30.0,29.25,30.0,171200,0.0,0.0,0.0
2020-10-16,30.049999237060547,30.25,29.75,30.0,125260,0.0,0.0,0.0
2020-10-19,30.299999237060547,30.399999618530273,29.850000381469727,30.149999618530273,65900,0.0,0.0,0.0
2020-10-20,30.399999618530273,30.649999618530273,30.25,30.600000381469727,303860,0.0,0.0,0.0
2020-10-21,30.649999618530273,30.799999237060547,30.5,30.600000381469727,221640,0.0,0.0,0.0
2020-10-22,30.350000381469727,30.549999237060547,30.149999618530273,30.149999618530273,98820,0.0,0.0,0.0
2020-10-23,30.450000762939453,30.700000762939453,30.350000381469727,30.700000762939453,57200,0.0,0.0,0.0
2020-10-26,30.450000762939453,30.450000762939453,29.850000381469727,30.0,125120,0.0,0.0,0.0
2020-10-27,30.0,30.25,29.75,29.799999237060547,87680,0.0,0.0,0.0
2020-10-28,29.25,29.5,29.100000381469727,29.399999618530273,126740,0.0,0.0,0.0
2020-10-29,29.049999237060547,29.350000381469727,29.0,29.100000381469727,162560,0.0,0.0,0.0
2020-10-30,29.350000381469727,29.350000381469727,28.899999618530273,29.049999237060547,74160,0.0,0.0,0.0
2020-11-02,28.950000762939453,29.450000762939453,28.899999618530273,29.399999618530273,66980,0.0,0.0,0.0
2020-11-03,29.549999237060547,29.600000381469727,29.299999237060547,29.5,67160,0.0,0.0,0.0
2020-11-04,29.5,29.600000381469727,29.200000762939453,29.5,83280,0.0,0.0,0.0
2020-11-05,30.149999618530273,30.399999618530273,29.649999618530273,29.799999237060547,113240,0.0,0.0,0.0
2020-11-06,29.799999237060547,30.0,29.600000381469727,29.600000381469727,41520,0.0,0.0,0.0
2020-11-09,29.600000381469727,29.75,29.450000762939453,29.450000762939453,63260,0.0,0.0,0.0
2020-11-10,29.549999237060547,30.100000381469727,29.549999237060547,30.0,63440,0.0,0.0,0.0
2020-11-11,30.049999237060547,30.049999237060547,29.399999618530273,29.549999237060547,107100,0.0,0.0,0.0
2020-11-12,29.299999237060547,29.399999618530273,29.100000381469727,29.149999618530273,99220,0.0,0.0,0.0
2020-11-13,29.100000381469727,29.549999237060547,29.0,29.350000381469727,71440,0.0,0.0,0.0
2020-11-16,29.350000381469727,29.649999618530273,29.049999237060547,29.649999618530273,50260,0.0,0.0,0.0
2020-11-17,29.649999618530273,29.649999618530273,29.350000381469727,29.450000762939453,75380,0.0,0.0,0.0
2020-11-18,29.5,29.75,29.5,29.600000381469727,88240,0.0,0.0,0.0
2020-11-19,29.450000762939453,29.549999237060547,29.200000762939453,29.299999237060547,37020,0.0,0.0,0.0
2020-11-20,29.399999618530273,29.450000762939453,29.100000381469727,29.200000762939453,100340,0.0,0.0,0.0
2020-11-23,29.549999237060547,29.649999618530273,29.350000381469727,29.399999618530273,39900,0.0,0.0,0.0
2020-11-24,29.350000381469727,30.0,29.25,30.0,81460,0.0,0.0,0.0
2020-11-25,30.0,30.0,29.0,29.100000381469727,85900,0.0,0.0,0.0
2020-11-27,29.100000381469727,29.600000381469727,29.100000381469727,29.549999237060547,39700,0.0,0.0,0.0
2020-11-30,29.350000381469727,29.350000381469727,28.600000381469727,28.600000381469727,97560,0.0,0.0,0.0
2020-12-01,28.600000381469727,28.649999618530273,28.149999618530273,28.200000762939453,104000,0.0,0.0,0.0
2020-12-02,28.25,28.899999618530273,28.25,28.75,69600,0.0,0.0,0.0
2020-12-03,28.549999237060547,28.600000381469727,28.350000381469727,28.5,53600,0.0,0.0,0.0
2020-12-04,28.299999237060547,28.450000762939453,28.100000381469727,28.149999618530273,70040,0.0,0.0,0.0
2020-12-07,27.950000762939453,28.350000381469727,27.700000762939453,28.149999618530273,95420,0.0,0.0,0.0
2020-12-08,28.049999237060547,28.200000762939453,27.799999237060547,27.899999618530273,109980,0.0,0.0,0.0
2020-12-09,27.950000762939453,28.450000762939453,27.899999618530273,28.399999618530273,66700,0.0,0.0,0.0
2020-12-10,28.700000762939453,29.100000381469727,28.649999618530273,29.049999237060547,74800,0.0,0.0,0.0
2020-12-11,29.100000381469727,29.899999618530273,29.100000381469727,29.799999237060547,79280,0.0,0.0,0.0
2020-12-14,29.5,29.5,29.0,29.049999237060547,46180,0.0,0.0,0.0
2020-12-15,29.25,29.450000762939453,29.100000381469727,29.200000762939453,32220,0.0,0.0,0.0
2020-12-16,29.200000762939453,29.200000762939453,28.75,29.0,34460,0.0,0.0,0.0
2020-12-17,29.299999237060547,29.600000381469727,29.25,29.5,53520,0.0,0.0,0.0
2020-12-18,29.5,29.600000381469727,29.350000381469727,29.5,70680,0.0,0.0,0.0
2020-12-21,29.350000381469727,29.700000762939453,29.0,29.600000381469727,55020,0.0,0.0,0.0
2020-12-22,29.399999618530273,29.899999618530273,29.399999618530273,29.75,69740,0.0,0.0,0.0
2020-12-23,30.0,30.399999618530273,30.0,30.299999237060547,121100,0.0,0.0,0.0
2020-12-24,30.25,30.25,30.0,30.200000762939453,20460,0.0,0.0,0.0
2020-12-28,30.0,30.0,29.399999618530273,29.700000762939453,73020,0.0,0.0,0.0
2020-12-29,29.850000381469727,30.100000381469727,29.799999237060547,30.0,68140,0.0,0.0,0.0
2020-12-30,30.0,30.850000381469727,30.0,30.700000762939453,102420,0.0,0.0,0.0
2020-12-31,30.700000762939453,30.950000762939453,30.5,30.950000762939453,86320,0.0,0.0,0.0
2021-01-04,30.950000762939453,31.049999237060547,30.5,30.850000381469727,148540,0.0,0.0,0.0
2021-01-05,31.049999237060547,31.700000762939453,31.049999237060547,31.350000381469727,85120,0.0,0.0,0.0
2021-01-06,31.450000762939453,31.5,31.049999237060547,31.299999237060547,75460,0.0,0.0,0.0
2021-01-07,30.950000762939453,31.149999618530273,30.850000381469727,31.149999618530273,145300,0.0,0.0,0.0
2021-01-08,31.100000381469727,31.100000381469727,30.600000381469727,30.950000762939453,119380,0.0,0.0,0.0
2021-01-11,31.049999237060547,31.100000381469727,30.649999618530273,30.75,71640,0.0,0.0,0.0
2021-01-12,31.049999237060547,32.04999923706055,31.0,32.0,241560,0.0,0.0,0.0
2021-01-13,32.099998474121094,32.099998474121094,31.5,31.649999618530273,98740,0.0,0.0,0.0
2021-01-14,31.600000381469727,32.20000076293945,31.549999237060547,32.099998474121094,86880,0.0,0.0,0.0
2021-01-15,32.29999923706055,32.5,31.850000381469727,32.20000076293945,124460,0.0,0.0,0.0
2021-01-19,32.5,32.70000076293945,32.099998474121094,32.29999923706055,165940,0.0,0.0,0.0
2021-01-20,31.649999618530273,32.20000076293945,31.5,31.799999237060547,111340,0.0,0.0,0.0
2021-01-21,31.950000762939453,32.0,31.549999237060547,31.600000381469727,76420,0.0,0.0,0.0
2021-01-22,31.0,31.149999618530273,30.399999618530273,30.5,136880,0.0,0.0,0.0
2021-01-25,30.5,31.100000381469727,30.399999618530273,30.950000762939453,116620,0.0,0.0,0.0
2021-01-26,31.200000762939453,31.700000762939453,31.149999618530273,31.600000381469727,62420,0.0,0.0,0.0
2021-01-27,31.75,31.799999237060547,31.100000381469727,31.25,89040,0.0,0.0,0.0
2021-01-28,31.25,31.600000381469727,30.799999237060547,30.850000381469727,56080,0.0,0.0,0.0
2021-01-29,31.049999237060547,31.600000381469727,30.799999237060547,31.5,81340,0.0,0.0,0.0
2021-02-01,31.25,31.299999237060547,30.75,31.100000381469727,114000,0.0,0.0,0.0
2021-02-02,30.649999618530273,30.950000762939453,30.600000381469727,30.899999618530273,78920,0.0,0.0,0.0
2021-02-03,30.600000381469727,31.049999237060547,30.100000381469727,31.0,127160,0.0,0.0,0.0
2021-02-04,31.0,31.0,30.5,30.700000762939453,59660,0.0,0.0,0.0
2021-02-05,31.100000381469727,31.149999618530273,30.75,31.0,214780,0.0,0.0,0.0
2021-02-08,31.25,31.549999237060547,31.149999618530273,31.5,193120,0.0,0.0,0.0
2021-02-09,31.299999237060547,31.600000381469727,30.799999237060547,31.350000381469727,101140,0.0,0.0,0.0
2021-02-10,30.950000762939453,30.950000762939453,30.350000381469727,30.700000762939453,178420,0.0,0.0,0.0
2021-02-11,30.899999618530273,31.100000381469727,30.549999237060547,30.649999618530273,39540,0.0,0.0,0.0
2021-02-12,30.700000762939453,31.0,30.700000762939453,30.799999237060547,44260,0.0,0.0,0.0
2021-02-16,31.100000381469727,31.75,31.0,31.75,111820,0.0,0.0,0.0
2021-02-17,31.200000762939453,31.200000762939453,30.75,31.0,96480,0.0,0.0,0.0
2021-02-18,31.399999618530273,31.899999618530273,31.25,31.799999237060547,127860,0.0,0.0,0.0
2021-02-19,31.799999237060547,31.950000762939453,31.200000762939453,31.5,252260,0.0,0.0,0.0
2021-02-22,31.5,32.04999923706055,31.5,32.0,107980,0.0,0.0,0.0
2021-02-23,32.0,32.099998474121094,31.649999618530273,32.099998474121094,65980,0.0,0.0,0.0
2021-02-24,32.099998474121094,32.75,32.099998474121094,32.5,87040,0.0,0.0,0.0
2021-02-25,32.29999923706055,32.400001525878906,31.850000381469727,32.25,92840,0.0,0.0,0.0
2021-02-26,31.600000381469727,31.850000381469727,31.450000762939453,31.450000762939453,86620,0.0,0.0,0.0
2021-03-01,31.75,31.75,31.100000381469727,31.149999618530273,56380,0.0,0.0,0.0
2021-03-02,31.399999618530273,31.950000762939453,31.399999618530273,31.799999237060547,51660,0.0,0.0,0.0
2021-03-03,31.5,31.5,31.149999618530273,31.399999618530273,53660,0.0,0.0,0.0
2021-03-04,31.25,31.649999618530273,31.049999237060547,31.149999618530273,79140,0.0,0.0,0.0
2021-03-05,31.049999237060547,31.549999237060547,30.950000762939453,31.450000762939453,54320,0.0,0.0,0.0
2021-03-08,31.450000762939453,31.5,30.75,31.100000381469727,100700,0.0,0.0,0.0
2021-03-09,31.200000762939453,31.600000381469727,31.149999618530273,31.5,59260,0.0,0.0,0.0
2021-03-10,30.950000762939453,31.350000381469727,30.799999237060547,31.350000381469727,116840,0.0,0.0,0.0
2021-03-11,31.100000381469727,31.100000381469727,30.75,31.0,80180,0.0,0.0,0.0
2021-03-12,31.0,31.0,30.75,30.799999237060547,31600,0.0,0.0,0.0
2021-03-15,30.700000762939453,31.0,30.600000381469727,30.850000381469727,52600,0.0,0.0,0.0
2021-03-16,30.600000381469727,30.899999618530273,30.299999237060547,30.850000381469727,95100,0.0,0.0,0.0
2021-03-17,30.75,30.899999618530273,30.600000381469727,30.700000762939453,42160,0.0,0.0,0.0
2021-03-18,30.399999618530273,30.450000762939453,29.299999237060547,30.049999237060547,245920,0.0,0.0,0.0
2021-03-19,30.149999618530273,30.299999237060547,29.899999618530273,30.0,60800,0.0,0.0,0.0
2021-03-22,30.0,30.200000762939453,29.799999237060547,30.100000381469727,55900,0.0,0.0,0.0
2021-03-23,29.950000762939453,30.700000762939453,29.75,30.299999237060547,55640,0.0,0.0,0.0
2021-03-24,30.25,30.299999237060547,29.950000762939453,30.0,56520,0.0,0.0,0.0
2021-03-25,29.75,29.75,29.350000381469727,29.450000762939453,81600,0.0,0.0,0.0
2021-03-26,29.450000762939453,29.850000381469727,29.450000762939453,29.649999618530273,33720,0.0,0.0,0.0
2021-03-29,29.549999237060547,29.75,29.25,29.700000762939453,58760,0.0,0.0,0.0
2021-03-30,29.600000381469727,29.600000381469727,29.049999237060547,29.100000381469727,62940,0.0,0.0,0.0
2021-03-31,29.100000381469727,30.450000762939453,28.799999237060547,30.049999237060547,136840,0.0,0.0,0.0
2021-04-01,29.799999237060547,29.899999618530273,29.299999237060547,29.600000381469727,101040,0.0,0.0,0.0
2021-04-05,29.75,30.200000762939453,29.75,29.899999618530273,59480,0.0,0.0,0.0
2021-04-06,29.899999618530273,30.200000762939453,29.75,29.850000381469727,44360,0.0,0.0,0.0
2021-04-07,29.799999237060547,30.100000381469727,29.649999618530273,30.0,20400,0.0,0.0,0.0
2021-04-08,30.399999618530273,30.700000762939453,30.25,30.700000762939453,94620,0.0,0.0,0.0
2021-04-09,30.75,31.299999237060547,30.75,31.100000381469727,145620,0.0,0.0,0.0
2021-04-12,30.950000762939453,30.950000762939453,30.399999618530273,30.600000381469727,74920,0.0,0.0,0.0
2021-04-13,30.850000381469727,31.049999237060547,30.75,30.850000381469727,33860,0.0,0.0,0.0
2021-04-14,31.049999237060547,31.899999618530273,31.049999237060547,31.549999237060547,110760,0.0,0.0,0.0
2021-04-15,31.700000762939453,31.950000762939453,31.149999618530273,31.75,123020,0.0,0.0,0.0
2021-04-16,32.0,32.04999923706055,31.549999237060547,31.850000381469727,43260,0.0,0.0,0.0
2021-04-19,31.899999618530273,31.950000762939453,31.649999618530273,31.700000762939453,47880,0.0,0.0,0.0
2021-04-20,32.0,32.900001525878906,31.899999618530273,32.150001525878906,129760,0.0,0.0,0.0
2021-04-21,32.400001525878906,32.95000076293945,32.04999923706055,32.79999923706055,79860,0.0,0.0,0.0
2021-04-22,32.95000076293945,34.650001525878906,32.70000076293945,34.400001525878906,202960,0.0,0.0,0.0
2021-04-23,34.20000076293945,34.650001525878906,34.04999923706055,34.5,75340,0.0,0.0,0.0
2021-04-26,35.29999923706055,36.0,35.0,35.70000076293945,189720,0.0,0.0,0.0
2021-04-27,35.95000076293945,36.349998474121094,35.20000076293945,35.45000076293945,173900,0.0,0.0,0.0
2021-04-28,34.70000076293945,35.75,34.599998474121094,34.599998474121094,215440,0.0,0.0,0.0
2021-04-29,34.75,35.349998474121094,34.45000076293945,35.25,79140,0.0,0.0,0.0
2021-04-30,34.70000076293945,35.5,34.54999923706055,35.5,50620,0.0,0.0,0.0
2021-05-03,36.0,36.0,34.5,34.900001525878906,135980,0.0,0.0,0.0
2021-05-04,34.900001525878906,35.400001525878906,34.79999923706055,35.150001525878906,97420,0.0,0.0,0.0
2021-05-05,35.0,36.0,35.0,35.900001525878906,85220,0.0,0.0,0.0
2021-05-06,35.70000076293945,36.599998474121094,35.45000076293945,36.599998474121094,111880,0.0,0.0,0.0
2021-05-07,36.900001525878906,37.099998474121094,36.04999923706055,36.79999923706055,137680,0.0,0.0,0.0
2021-05-10,36.150001525878906,36.25,35.25,35.29999923706055,194900,0.0,0.0,0.0
2021-05-11,35.45000076293945,36.25,35.45000076293945,35.95000076293945,108220,0.0,0.0,0.0
2021-05-12,35.75,35.849998474121094,35.099998474121094,35.400001525878906,142460,0.0,0.0,0.0
2021-05-13,34.79999923706055,35.04999923706055,33.54999923706055,34.25,278320,0.0,0.0,0.0
2021-05-14,34.75,35.0,34.0,34.150001525878906,107700,0.0,0.0,0.0
2021-05-17,33.849998474121094,34.150001525878906,33.599998474121094,34.0,91000,0.0,0.0,0.0
2021-05-18,34.150001525878906,34.75,33.75,34.0,96700,0.0,0.0,0.0
2021-05-19,33.25,33.599998474121094,32.849998474121094,33.29999923706055,154260,0.0,0.0,0.0
2021-05-20,33.150001525878906,33.75,33.04999923706055,33.20000076293945,77060,0.0,0.0,0.0
2021-05-21,33.0,33.25,32.79999923706055,33.099998474121094,66300,0.0,0.0,0.0
2021-05-24,32.5,32.849998474121094,32.150001525878906,32.70000076293945,123460,0.0,0.0,0.0
2021-05-25,32.79999923706055,32.79999923706055,31.950000762939453,32.45000076293945,91100,0.0,0.0,0.0
2021-05-26,32.25,32.349998474121094,31.649999618530273,32.20000076293945,118340,0.0,0.0,0.0
2021-05-27,32.650001525878906,33.650001525878906,32.54999923706055,33.400001525878906,186500,0.0,0.0,0.0
2021-05-28,33.04999923706055,33.349998474121094,32.79999923706055,33.0,66720,0.0,0.0,0.0
2021-06-01,33.900001525878906,34.599998474121094,33.849998474121094,34.25,135380,0.0,0.0,0.0
2021-06-02,34.5,34.70000076293945,33.95000076293945,34.29999923706055,84540,0.0,0.0,0.0
2021-06-03,34.54999923706055,34.650001525878906,33.45000076293945,33.75,63500,0.0,0.0,0.0
2021-06-04,34.0,34.45000076293945,33.900001525878906,34.29999923706055,58700,0.0,0.0,0.0
2021-06-07,34.95000076293945,35.0,34.20000076293945,34.29999923706055,81360,0.0,0.0,0.0
2021-06-08,34.599998474121094,34.95000076293945,34.25,34.5,52540,0.0,0.0,0.0
2021-06-09,34.04999923706055,34.349998474121094,33.79999923706055,34.150001525878906,62560,0.0,0.0,0.0
2021-06-10,34.0,34.400001525878906,33.79999923706055,34.099998474121094,67960,0.0,0.0,0.0
2021-06-11,33.75,34.20000076293945,33.45000076293945,34.0,79020,0.0,0.0,0.0
2021-06-14,32.849998474121094,33.849998474121094,32.75,33.54999923706055,109620,0.0,0.0,0.0
2021-06-15,32.75,33.150001525878906,32.54999923706055,32.95000076293945,109140,0.0,0.0,0.0
2021-06-16,33.20000076293945,33.45000076293945,33.0,33.099998474121094,65740,0.0,0.0,0.0
2021-06-17,32.5,32.849998474121094,31.799999237060547,31.899999618530273,144400,0.0,0.0,0.0
2021-06-18,32.5,33.25,32.0,33.0,88540,0.0,0.0,0.0
2021-06-21,32.45000076293945,33.400001525878906,32.150001525878906,33.0,67900,0.0,0.0,0.0
2021-06-22,33.150001525878906,33.150001525878906,32.5,32.599998474121094,38280,0.0,0.0,0.0
2021-06-23,32.75,33.25,32.650001525878906,32.900001525878906,47360,0.0,0.0,0.0
2021-06-24,32.5,32.599998474121094,32.04999923706055,32.349998474121094,69560,0.0,0.0,0.0
2021-06-25,32.5,32.5,31.75,31.799999237060547,90080,0.0,0.0,0.0
2021-06-28,32.400001525878906,32.75,32.29999923706055,32.349998474121094,44460,0.0,0.0,0.0
2021-06-29,32.650001525878906,33.0,32.099998474121094,32.20000076293945,198620,0.0,0.0,0.0
2021-06-30,32.150001525878906,33.849998474121094,31.649999618530273,33.849998474121094,141080,0.0,0.0,0.0
2021-07-01,34.0,34.29999923706055,33.150001525878906,33.20000076293945,83120,0.0,0.0,0.0
2021-07-02,33.25,33.29999923706055,32.400001525878906,32.599998474121094,76020,0.0,0.0,0.0
2021-07-06,32.75,32.75,30.850000381469727,31.200000762939453,228160,0.0,0.0,0.0
2021-07-07,31.450000762939453,31.450000762939453,30.899999618530273,31.25,67120,0.0,0.0,0.0
2021-07-08,31.200000762939453,31.299999237060547,30.950000762939453,31.100000381469727,59620,0.0,0.0,0.0
2021-07-09,31.0,31.100000381469727,30.649999618530273,30.850000381469727,78120,0.0,0.0,0.0
2021-07-12,30.799999237060547,32.150001525878906,30.649999618530273,32.0,126880,0.0,0.0,0.0
2021-07-13,31.799999237060547,32.150001525878906,31.549999237060547,31.700000762939453,76500,0.0,0.0,0.0
2021-07-14,32.099998474121094,32.75,32.099998474121094,32.650001525878906,69200,0.0,0.0,0.0
2021-07-15,32.75,33.349998474121094,32.650001525878906,33.29999923706055,77480,0.0,0.0,0.0
2021-07-16,33.95000076293945,34.349998474121094,33.70000076293945,34.150001525878906,128700,0.0,0.0,0.0
2021-07-19,34.5,34.75,34.25,34.54999923706055,112400,0.0,0.0,0.0
2021-07-20,35.0,35.25,34.400001525878906,34.54999923706055,68920,0.0,0.0,0.0
2021-07-21,34.79999923706055,35.0,34.45000076293945,34.900001525878906,40500,0.0,0.0,0.0
2021-07-22,34.150001525878906,34.29999923706055,33.70000076293945,34.099998474121094,38320,0.0,0.0,0.0
2021-07-23,34.099998474121094,34.349998474121094,33.5,33.54999923706055,29680,0.0,0.0,0.0
2021-07-26,33.349998474121094,33.70000076293945,33.099998474121094,33.5,28380,0.0,0.0,0.0
2021-07-27,33.54999923706055,34.099998474121094,33.29999923706055,33.29999923706055,39240,0.0,0.0,0.0
2021-07-28,34.0,34.29999923706055,33.95000076293945,34.099998474121094,39780,0.0,0.0,0.0
2021-07-29,34.20000076293945,34.70000076293945,34.20000076293945,34.70000076293945,42260,0.0,0.0,0.0
2021-07-30,34.400001525878906,34.900001525878906,34.099998474121094,34.54999923706055,32520,0.0,0.0,0.0
2021-08-02,35.150001525878906,35.900001525878906,35.150001525878906,35.900001525878906,115520,0.0,0.0,0.0
2021-08-03,35.349998474121094,36.0,35.25,35.5,35560,0.0,0.0,0.0
2021-08-04,35.70000076293945,36.150001525878906,35.20000076293945,35.349998474121094,30160,0.0,0.0,0.0
2021-08-05,35.45000076293945,35.75,35.099998474121094,35.20000076293945,33320,0.0,0.0,0.0
2021-08-06,35.5,35.75,35.400001525878906,35.650001525878906,34220,0.0,0.0,0.0
2021-08-09,35.349998474121094,35.54999923706055,35.150001525878906,35.400001525878906,30420,0.0,0.0,0.0
2021-08-10,35.599998474121094,36.04999923706055,35.45000076293945,35.95000076293945,29800,0.0,0.0,0.0
2021-08-11,35.849998474121094,36.099998474121094,35.599998474121094,35.75,27940,0.0,0.0,0.0
2021-08-12,35.900001525878906,37.20000076293945,35.900001525878906,36.75,112560,0.0,0.0,0.0
2021-08-13,37.29999923706055,37.650001525878906,37.099998474121094,37.20000076293945,87080,0.0,0.0,0.0
2021-08-16,37.400001525878906,37.599998474121094,37.04999923706055,37.400001525878906,36440,0.0,0.0,0.0
2021-08-17,36.54999923706055,36.75,36.099998474121094,36.150001525878906,102720,0.0,0.0,0.0
2021-08-18,36.25,36.45000076293945,36.0,36.25,45020,0.0,0.0,0.0
2021-08-19,35.849998474121094,36.150001525878906,35.400001525878906,35.900001525878906,67440,0.0,0.0,0.0
2021-08-20,35.79999923706055,35.900001525878906,35.099998474121094,35.400001525878906,42180,0.0,0.0,0.0
2021-08-23,35.95000076293945,36.099998474121094,35.5,35.75,41760,0.0,0.0,0.0
2021-08-24,35.5,35.849998474121094,35.25,35.54999923706055,27280,0.0,0.0,0.0
2021-08-25,35.20000076293945,35.5,35.0,35.29999923706055,39540,0.0,0.0,0.0
2021-08-26,35.400001525878906,35.849998474121094,35.400001525878906,35.849998474121094,30360,0.0,0.0,0.0
2021-08-27,35.849998474121094,35.900001525878906,35.54999923706055,35.599998474121094,24420,0.0,0.0,0.0
2021-08-30,35.75,35.900001525878906,35.20000076293945,35.25,75000,0.0,0.0,0.0
2021-08-31,35.25,35.5,34.70000076293945,35.400001525878906,46740,0.0,0.0,0.0
2021-09-01,35.29999923706055,35.45000076293945,34.75,34.900001525878906,30400,0.0,0.0,0.0
2021-09-02,35.0,35.20000076293945,34.849998474121094,34.95000076293945,25580,0.0,0.0,0.0
2021-09-03,35.0,35.400001525878906,35.0,35.349998474121094,24400,0.0,0.0,0.0
2021-09-07,35.349998474121094,35.349998474121094,34.79999923706055,34.95000076293945,46440,0.0,0.0,0.0
2021-09-08,35.0,35.0,34.5,34.54999923706055,34160,0.0,0.0,0.0
2021-09-09,34.04999923706055,34.20000076293945,33.650001525878906,33.650001525878906,89520,0.0,0.0,0.0
2021-09-10,33.650001525878906,34.0,33.20000076293945,33.54999923706055,48040,0.0,0.0,0.0
2021-09-13,33.349998474121094,33.75,33.29999923706055,33.599998474121094,37220,0.0,0.0,0.0
2021-09-14,34.04999923706055,34.29999923706055,33.95000076293945,34.25,38620,0.0,0.0,0.0
2021-09-15,34.29999923706055,34.849998474121094,34.150001525878906,34.79999923706055,35460,0.0,0.0,0.0
2021-09-16,34.54999923706055,34.849998474121094,34.400001525878906,34.75,17020,0.0,0.0,0.0
2021-09-17,34.75,34.75,34.400001525878906,34.400001525878906,17140,0.0,0.0,0.0
2021-09-20,34.0,34.25,33.900001525878906,34.150001525878906,40800,0.0,0.0,0.0
2021-09-21,34.099998474121094,34.099998474121094,33.54999923706055,33.599998474121094,21440,0.0,0.0,0.0
2021-09-22,34.04999923706055,34.79999923706055,34.04999923706055,34.79999923706055,42380,0.0,0.0,0.0
2021-09-23,34.650001525878906,35.0,34.5,34.95000076293945,64340,0.0,0.0,0.0
2021-09-24,34.79999923706055,35.20000076293945,34.79999923706055,35.20000076293945,41980,0.0,0.0,0.0
2021-09-27,35.20000076293945,35.29999923706055,35.04999923706055,35.20000076293945,52540,0.0,0.0,0.0
2021-09-28,35.20000076293945,35.25,34.5,34.54999923706055,25360,0.0,0.0,0.0
2021-09-29,34.650001525878906,35.0,34.650001525878906,34.75,34500,0.0,0.0,0.0
2021-09-30,34.849998474121094,35.54999923706055,34.25,35.400001525878906,61240,0.0,0.0,0.0
2021-10-01,35.70000076293945,36.75,35.70000076293945,36.650001525878906,103360,0.0,0.0,0.0
2021-10-04,36.849998474121094,37.0,36.599998474121094,36.70000076293945,54080,0.0,0.0,0.0
2021-10-05,36.400001525878906,36.599998474121094,36.150001525878906,36.25,44520,0.0,0.0,0.0
2021-10-06,36.5,36.79999923706055,36.25,36.25,24340,0.0,0.0,0.0
2021-10-07,36.70000076293945,36.70000076293945,36.150001525878906,36.29999923706055,26080,0.0,0.0,0.0
2021-10-08,36.5,36.5,35.849998474121094,35.849998474121094,28520,0.0,0.0,0.0
2021-10-11,35.95000076293945,36.20000076293945,35.900001525878906,35.900001525878906,19340,0.0,0.0,0.0
2021-10-12,36.04999923706055,36.349998474121094,35.29999923706055,36.04999923706055,60160,0.0,0.0,0.0
2021-10-13,35.849998474121094,35.849998474121094,35.0,35.25,75460,0.0,0.0,0.0
2021-10-14,35.45000076293945,35.70000076293945,35.400001525878906,35.400001525878906,18740,0.0,0.0,0.0
2021-10-15,35.75,36.20000076293945,35.75,36.0,65000,0.0,0.0,0.0
2021-10-18,36.0,36.099998474121094,35.70000076293945,36.099998474121094,20300,0.0,0.0,0.0
2021-10-19,36.25,36.400001525878906,35.95000076293945,36.150001525878906,22820,0.0,0.0,0.0
2021-10-20,36.04999923706055,36.599998474121094,36.04999923706055,36.54999923706055,66880,0.0,0.0,0.0
2021-10-21,36.20000076293945,36.400001525878906,36.04999923706055,36.20000076293945,63700,0.0,0.0,0.0
2021-10-22,36.650001525878906,36.95000076293945,36.5,36.95000076293945,38980,0.0,0.0,0.0
2021-10-25,37.20000076293945,37.25,36.75,37.150001525878906,63200,0.0,0.0,0.0
2021-10-26,36.849998474121094,37.29999923706055,36.599998474121094,36.650001525878906,40740,0.0,0.0,0.0
2021-10-27,36.650001525878906,37.29999923706055,36.650001525878906,37.25,36140,0.0,0.0,0.0
2021-10-28,37.29999923706055,38.04999923706055,37.099998474121094,37.79999923706055,48960,0.0,0.0,0.0
2021-10-29,37.599998474121094,37.70000076293945,37.25,37.650001525878906,49400,0.0,0.0,0.0
2021-11-01,38.0,38.79999923706055,38.0,38.79999923706055,96660,0.0,0.0,0.0
2021-11-02,39.04999923706055,39.04999923706055,38.400001525878906,38.54999923706055,61340,0.0,0.0,0.0
2021-11-03,38.45000076293945,38.45000076293945,37.900001525878906,38.20000076293945,61140,0.0,0.0,0.0
2021-11-04,38.400001525878906,38.650001525878906,37.650001525878906,37.75,51120,0.0,0.0,0.0
2021-11-05,37.849998474121094,37.849998474121094,37.45000076293945,37.650001525878906,51240,0.0,0.0,0.0
2021-11-08,37.54999923706055,37.75,37.349998474121094,37.599998474121094,66660,0.0,0.0,0.0
2021-11-09,37.79999923706055,38.20000076293945,37.349998474121094,38.20000076293945,49620,0.0,0.0,0.0
2021-11-10,38.20000076293945,39.099998474121094,38.20000076293945,39.099998474121094,56200,0.0,0.0,0.0
2021-11-11,39.0,39.95000076293945,39.0,39.54999923706055,78100,0.0,0.0,0.0
2021-11-12,39.400001525878906,40.04999923706055,39.099998474121094,39.70000076293945,75520,0.0,0.0,0.0
2021-11-15,39.70000076293945,40.20000076293945,39.5,40.0,55860,0.0,0.0,0.0
2021-11-16,39.5,39.75,39.20000076293945,39.20000076293945,47060,0.0,0.0,0.0
2021-11-17,39.5,40.29999923706055,39.5,39.95000076293945,65060,0.0,0.0,0.0
2021-11-18,40.45000076293945,40.79999923706055,39.79999923706055,39.95000076293945,51540,0.0,0.0,0.0
2021-11-19,39.75,40.349998474121094,39.70000076293945,40.04999923706055,35560,0.0,0.0,0.0
2021-11-22,40.75,41.099998474121094,40.599998474121094,41.099998474121094,81340,0.0,0.0,0.0
2021-11-23,40.900001525878906,41.54999923706055,40.599998474121094,41.54999923706055,57120,0.0,0.0,0.0
2021-11-24,41.349998474121094,41.45000076293945,40.5,40.75,60260,0.0,0.0,0.0
2021-11-26,40.25,40.349998474121094,39.25,40.150001525878906,45840,0.0,0.0,0.0
2021-11-29,40.29999923706055,40.29999923706055,39.29999923706055,39.5,49820,0.0,0.0,0.0
2021-11-30,38.75,38.95000076293945,37.70000076293945,37.900001525878906,139820,0.0,0.0,0.0
2021-12-01,38.29999923706055,38.29999923706055,37.75,37.79999923706055,70280,0.0,0.0,0.0
2021-12-02,38.349998474121094,39.20000076293945,38.349998474121094,39.04999923706055,126480,0.0,0.0,0.0
2021-12-03,38.900001525878906,39.25,38.25,38.54999923706055,41800,0.0,0.0,0.0
2021-12-06,38.400001525878906,38.79999923706055,37.900001525878906,38.70000076293945,135340,0.0,0.0,0.0
2021-12-07,38.70000076293945,38.849998474121094,38.25,38.849998474121094,54300,0.0,0.0,0.0
2021-12-08,38.54999923706055,38.54999923706055,38.04999923706055,38.150001525878906,37380,0.0,0.0,0.0
2021-12-09,37.5,37.75,37.099998474121094,37.45000076293945,66060,0.0,0.0,0.0
2021-12-10,37.54999923706055,37.900001525878906,37.45000076293945,37.75,31360,0.0,0.0,0.0
2021-12-13,37.650001525878906,38.150001525878906,37.400001525878906,37.95000076293945,36360,0.0,0.0,0.0
2021-12-14,37.79999923706055,38.0,37.400001525878906,37.79999923706055,31820,0.0,0.0,0.0
2021-12-15,37.45000076293945,37.45000076293945,36.29999923706055,36.5,93780,0.0,0.0,0.0
2021-12-16,36.54999923706055,37.150001525878906,36.400001525878906,37.0,25720,0.0,0.0,0.0
2021-12-17,36.95000076293945,37.349998474121094,36.79999923706055,37.150001525878906,43880,0.0,0.0,0.0
2021-12-20,36.70000076293945,37.25,36.599998474121094,37.25,29320,0.0,0.0,0.0
2021-12-21,37.099998474121094,38.04999923706055,37.099998474121094,38.0,34800,0.0,0.0,0.0
2021-12-22,38.400001525878906,38.900001525878906,38.349998474121094,38.79999923706055,54420,0.0,0.0,0.0
2021-12-23,38.70000076293945,39.04999923706055,38.599998474121094,38.95000076293945,41980,0.0,0.0,0.0
2021-12-27,39.04999923706055,39.099998474121094,38.45000076293945,38.650001525878906,38420,0.0,0.0,0.0
2021-12-28,38.0,38.20000076293945,37.650001525878906,37.79999923706055,72960,0.0,0.0,0.0
2021-12-29,37.5,38.0,37.29999923706055,37.900001525878906,29840,0.0,0.0,0.0
2021-12-30,37.70000076293945,37.79999923706055,37.20000076293945,37.400001525878906,34740,0.0,0.0,0.0
2021-12-31,37.20000076293945,37.29999923706055,36.79999923706055,36.95000076293945,33340,0.0,0.0,0.0
2022-01-03,37.099998474121094,37.099998474121094,36.20000076293945,36.349998474121094,44000,0.0,0.0,0.0
2022-01-04,36.5,36.95000076293945,36.45000076293945,36.95000076293945,157240,0.0,0.0,0.0
2022-01-05,36.650001525878906,36.79999923706055,36.29999923706055,36.599998474121094,42440,0.0,0.0,0.0
2022-01-06,36.349998474121094,36.349998474121094,35.599998474121094,36.099998474121094,67280,0.0,0.0,0.0
2022-01-07,35.70000076293945,36.54999923706055,35.5,36.54999923706055,44320,0.0,0.0,0.0
2022-01-10,36.150001525878906,36.75,36.0,36.54999923706055,26840,0.0,0.0,0.0
2022-01-11,36.650001525878906,37.0,36.54999923706055,37.0,37020,0.0,0.0,0.0
2022-01-12,36.900001525878906,36.900001525878906,36.25,36.400001525878906,51800,0.0,0.0,0.0
2022-01-13,36.25,36.25,35.54999923706055,35.75,40060,0.0,0.0,0.0
2022-01-14,35.650001525878906,35.900001525878906,35.45000076293945,35.70000076293945,28080,0.0,0.0,0.0
2022-01-18,35.900001525878906,36.75,35.79999923706055,36.75,54000,0.0,0.0,0.0
2022-01-19,37.099998474121094,38.0,36.95000076293945,37.95000076293945,64720,0.0,0.0,0.0
2022-01-20,37.79999923706055,38.25,37.400001525878906,37.599998474121094,52160,0.0,0.0,0.0
2022-01-21,37.29999923706055,37.75,37.20000076293945,37.20000076293945,50760,0.0,0.0,0.0
2022-01-24,37.349998474121094,38.29999923706055,37.150001525878906,38.29999923706055,111980,0.0,0.0,0.0
2022-01-25,38.70000076293945,39.45000076293945,38.45000076293945,38.900001525878906,167760,0.0,0.0,0.0
2022-01-26,38.599998474121094,38.599998474121094,37.70000076293945,38.0,71660,0.0,0.0,0.0
2022-01-27,37.54999923706055,37.650001525878906,37.150001525878906,37.150001525878906,59000,0.0,0.0,0.0
2022-01-28,37.45000076293945,37.900001525878906,37.29999923706055,37.849998474121094,40080,0.0,0.0,0.0
2022-01-31,37.79999923706055,37.79999923706055,36.400001525878906,36.54999923706055,86140,0.0,0.0,0.0
2022-02-01,36.75,37.20000076293945,36.75,36.95000076293945,51680,0.0,0.0,0.0
2022-02-02,37.150001525878906,37.349998474121094,36.099998474121094,36.349998474121094,52300,0.0,0.0,0.0
2022-02-03,36.0,36.349998474121094,35.75,36.29999923706055,56760,0.0,0.0,0.0
2022-02-04,36.45000076293945,36.900001525878906,36.099998474121094,36.900001525878906,61640,0.0,0.0,0.0
2022-02-07,37.150001525878906,37.25,36.650001525878906,37.20000076293945,46040,0.0,0.0,0.0
2022-02-08,36.79999923706055,37.54999923706055,36.70000076293945,37.54999923706055,57020,0.0,0.0,0.0
2022-02-09,37.25,37.900001525878906,37.25,37.849998474121094,53920,0.0,0.0,0.0
2022-02-10,38.150001525878906,38.54999923706055,36.95000076293945,37.20000076293945,77860,0.0,0.0,0.0
2022-02-11,37.54999923706055,38.75,37.45000076293945,38.54999923706055,129540,0.0,0.0,0.0
2022-02-14,38.0,38.650001525878906,37.75,38.54999923706055,116720,0.0,0.0,0.0
2022-02-15,37.70000076293945,37.79999923706055,37.349998474121094,37.5,70420,0.0,0.0,0.0
2022-02-16,37.54999923706055,37.75,37.29999923706055,37.54999923706055,72460,0.0,0.0,0.0
2022-02-17,37.95000076293945,38.5,37.849998474121094,38.45000076293945,103120,0.0,0.0,0.0
2022-02-18,38.650001525878906,39.150001525878906,38.29999923706055,38.29999923706055,157020,0.0,0.0,0.0
2022-02-22,39.0,40.70000076293945,38.70000076293945,40.650001525878906,623660,0.0,0.0,0.0
2022-02-23,40.75,42.29999923706055,40.70000076293945,42.099998474121094,513880,0.0,0.0,0.0
2022-02-24,45.75,45.849998474121094,43.0,44.150001525878906,1150520,0.0,0.0,0.0
2022-02-25,42.04999923706055,42.25,40.349998474121094,40.54999923706055,527620,0.0,0.0,0.0
2022-02-28,42.599998474121094,44.20000076293945,42.0,44.20000076293945,626700,0.0,0.0,0.0
2022-03-01,45.95000076293945,47.650001525878906,45.79999923706055,47.04999923706055,764400,0.0,0.0,0.0
2022-03-02,48.04999923706055,51.5,46.29999923706055,48.04999923706055,1300220,0.0,0.0,0.0
2022-03-03,49.54999923706055,58.75,49.099998474121094,55.54999923706055,3195120,0.0,0.0,0.0
2022-03-04,59.54999923706055,63.75,51.0,54.150001525878906,5474120,0.0,0.0,0.0
2022-03-07,56.75,62.79999923706055,55.54999923706055,61.400001525878906,4137140,0.0,0.0,0.0
2022-03-08,58.79999923706055,59.5,50.5,55.54999923706055,3508360,0.0,0.0,0.0
2022-03-09,52.75,53.5,49.70000076293945,51.79999923706055,1097320,0.0,0.0,0.0
2022-03-10,52.5,53.0,48.45000076293945,50.04999923706055,1405780,0.0,0.0,0.0
2022-03-11,49.400001525878906,52.45000076293945,48.150001525878906,51.75,908060,0.0,0.0,0.0
2022-03-14,50.900001525878906,53.349998474121094,50.25,50.95000076293945,1129760,0.0,0.0,0.0
2022-03-15,51.25,53.95000076293945,51.099998474121094,52.849998474121094,754660,0.0,0.0,0.0
2022-03-16,52.29999923706055,52.75,48.75,49.20000076293945,1325660,0.0,0.0,0.0
2022-03-17,49.400001525878906,52.04999923706055,49.29999923706055,51.20000076293945,1906580,0.0,0.0,0.0
2022-03-18,50.54999923706055,51.20000076293945,49.79999923706055,49.95000076293945,397120,0.0,0.0,0.0
2022-03-21,51.650001525878906,53.900001525878906,51.45000076293945,53.150001525878906,1816160,0.0,0.0,0.0
2022-03-22,54.099998474121094,54.29999923706055,52.25,53.45000076293945,911760,0.0,0.0,0.0
2022-03-23,54.20000076293945,54.29999923706055,52.599998474121094,52.95000076293945,735440,0.0,0.0,0.0
2022-03-24,52.25,53.099998474121094,51.95000076293945,52.150001525878906,557780,0.0,0.0,0.0
2022-03-25,52.75,53.45000076293945,51.70000076293945,53.04999923706055,1309140,0.0,0.0,0.0
2022-03-28,51.29999923706055,51.70000076293945,50.650001525878906,51.29999923706055,1247680,0.0,0.0,0.0
2022-03-29,48.0,50.099998474121094,47.45000076293945,49.45000076293945,1349940,0.0,0.0,0.0
2022-03-30,50.5,50.75,49.900001525878906,50.099998474121094,399700,0.0,0.0,0.0
2022-03-31,50.650001525878906,52.20000076293945,49.099998474121094,49.29999923706055,621900,0.0,0.0,0.0
2022-04-01,50.0,50.29999923706055,48.29999923706055,48.45000076293945,408200,0.0,0.0,0.0
2022-04-04,49.5,50.150001525878906,49.20000076293945,49.900001525878906,364880,0.0,0.0,0.0
2022-04-05,51.599998474121094,52.70000076293945,50.900001525878906,51.70000076293945,606980,0.0,0.0,0.0
2022-04-06,51.25,52.25,50.900001525878906,51.75,498580,0.0,0.0,0.0
2022-04-07,51.54999923706055,51.650001525878906,50.79999923706055,51.25,305720,0.0,0.0,0.0
2022-04-08,51.29999923706055,52.650001525878906,51.29999923706055,52.650001525878906,1041800,0.0,0.0,0.0
2022-04-11,53.400001525878906,54.400001525878906,52.95000076293945,54.150001525878906,1304600,0.0,0.0,0.0
2022-04-12,55.0,55.5,54.25,55.099998474121094,1394660,0.0,0.0,0.0
2022-04-13,55.04999923706055,56.099998474121094,54.349998474121094,55.349998474121094,1337520,0.0,0.0,0.0
2022-04-14,55.45000076293945,55.70000076293945,54.349998474121094,54.54999923706055,776740,0.0,0.0,0.0
2022-04-18,56.0,56.54999923706055,55.599998474121094,55.79999923706055,1472520,0.0,0.0,0.0
2022-04-19,55.900001525878906,56.150001525878906,54.5,54.650001525878906,821160,0.0,0.0,0.0
2022-04-20,54.75,55.04999923706055,53.25,54.54999923706055,482740,0.0,0.0,0.0
2022-04-21,54.150001525878906,54.150001525878906,52.599998474121094,53.349998474121094,621000,0.0,0.0,0.0
2022-04-22,53.45000076293945,53.79999923706055,52.650001525878906,52.900001525878906,425860,0.0,0.0,0.0
2022-04-25,53.20000076293945,53.75,52.349998474121094,53.25,523900,0.0,0.0,0.0
2022-04-26,54.5,54.75,53.29999923706055,54.400001525878906,829320,0.0,0.0,0.0
2022-04-27,53.849998474121094,54.400001525878906,53.400001525878906,54.29999923706055,489040,0.0,0.0,0.0
2022-04-28,54.650001525878906,54.79999923706055,53.599998474121094,53.79999923706055,669580,0.0,0.0,0.0
2022-04-29,53.650001525878906,53.70000076293945,52.0,52.099998474121094,558460,0.0,0.0,0.0
2022-05-02,52.099998474121094,53.29999923706055,51.75,52.650001525878906,297120,0.0,0.0,0.0
2022-05-03,52.79999923706055,53.349998474121094,52.0,52.45000076293945,288440,0.0,0.0,0.0
2022-05-04,53.599998474121094,53.849998474121094,52.79999923706055,53.75,611720,0.0,0.0,0.0
2022-05-05,54.650001525878906,55.400001525878906,53.95000076293945,54.900001525878906,959100,0.0,0.0,0.0
2022-05-06,55.0,55.70000076293945,54.54999923706055,55.0,455140,0.0,0.0,0.0
2022-05-09,55.150001525878906,55.75,52.900001525878906,53.400001525878906,1091260,0.0,0.0,0.0
2022-05-10,54.45000076293945,54.75,53.900001525878906,54.54999923706055,434300,0.0,0.0,0.0
2022-05-11,54.95000076293945,56.70000076293945,54.650001525878906,56.45000076293945,2374260,0.0,0.0,0.0
2022-05-12,55.5,58.70000076293945,54.95000076293945,57.900001525878906,2090880,0.0,0.0,0.0
2022-05-13,58.04999923706055,58.29999923706055,57.29999923706055,58.20000076293945,658300,0.0,0.0,0.0
2022-05-16,60.25,60.849998474121094,59.54999923706055,60.70000076293945,2181700,0.0,0.0,0.0
2022-05-17,59.849998474121094,62.099998474121094,59.599998474121094,61.79999923706055,1579400,0.0,0.0,0.0
2022-05-18,60.75,60.95000076293945,59.400001525878906,60.0,1557580,0.0,0.0,0.0
2022-05-19,58.75,59.900001525878906,58.25,58.849998474121094,1002580,0.0,0.0,0.0
2022-05-20,58.29999923706055,58.849998474121094,57.349998474121094,57.5,895500,0.0,0.0,0.0
2022-05-23,58.75,59.650001525878906,58.150001525878906,59.5,1143420,0.0,0.0,0.0
2022-05-24,59.54999923706055,59.650001525878906,56.400001525878906,57.599998474121094,1099200,0.0,0.0,0.0
2022-05-25,55.95000076293945,57.150001525878906,55.5,57.04999923706055,1128620,0.0,0.0,0.0
2022-05-26,56.349998474121094,57.599998474121094,55.849998474121094,56.75,688560,0.0,0.0,0.0
2022-05-27,56.849998474121094,58.150001525878906,56.849998474121094,57.900001525878906,640920,0.0,0.0,0.0
2022-05-31,56.45000076293945,56.45000076293945,54.400001525878906,54.849998474121094,1710860,0.0,0.0,0.0
2022-06-01,54.849998474121094,55.0,51.95000076293945,52.45000076293945,2196100,0.0,0.0,0.0
2022-06-02,53.349998474121094,54.04999923706055,53.150001525878906,53.70000076293945,631560,0.0,0.0,0.0
2022-06-03,52.70000076293945,53.5,52.5,53.400001525878906,664720,0.0,0.0,0.0
2022-06-06,54.849998474121094,56.400001525878906,54.650001525878906,56.04999923706055,1904940,0.0,0.0,0.0
2022-06-07,55.54999923706055,55.54999923706055,54.150001525878906,55.349998474121094,794080,0.0,0.0,0.0
2022-06-08,55.400001525878906,55.599998474121094,54.599998474121094,55.349998474121094,349120,0.0,0.0,0.0
2022-06-09,54.25,55.099998474121094,53.70000076293945,54.95000076293945,1000000,0.0,0.0,0.0
2022-06-10,54.400001525878906,55.25,54.0,55.25,848340,0.0,0.0,0.0
2022-06-13,55.5,55.75,54.150001525878906,54.79999923706055,1084600,0.0,0.0,0.0
2022-06-14,54.599998474121094,54.75,53.75,53.849998474121094,681960,0.0,0.0,0.0
2022-06-15,53.75,54.45000076293945,53.650001525878906,53.95000076293945,360340,0.0,0.0,0.0
2022-06-16,54.0,55.45000076293945,53.95000076293945,55.349998474121094,688400,0.0,0.0,0.0
2022-06-17,55.25,55.45000076293945,52.900001525878906,53.0,764780,0.0,0.0,0.0
2022-06-21,52.20000076293945,52.70000076293945,50.099998474121094,50.150001525878906,1263980,0.0,0.0,0.0
2022-06-22,50.70000076293945,51.54999923706055,49.849998474121094,49.900001525878906,908820,0.0,0.0,0.0
2022-06-23,49.599998474121094,49.79999923706055,48.099998474121094,48.150001525878906,741880,0.0,0.0,0.0
2022-06-24,48.95000076293945,49.20000076293945,47.54999923706055,47.599998474121094,323100,0.0,0.0,0.0
2022-06-27,47.849998474121094,48.099998474121094,46.5,46.650001525878906,822820,0.0,0.0,0.0
2022-06-28,47.900001525878906,48.150001525878906,47.25,47.45000076293945,326020,0.0,0.0,0.0
2022-06-29,48.20000076293945,48.349998474121094,47.150001525878906,47.400001525878906,402680,0.0,0.0,0.0
2022-06-30,47.20000076293945,47.70000076293945,44.900001525878906,45.20000076293945,1829840,0.0,0.0,0.0
2022-07-01,45.25,45.5,43.0,43.150001525878906,873700,0.0,0.0,0.0
2022-07-05,43.400001525878906,43.45000076293945,41.20000076293945,41.29999923706055,672500,0.0,0.0,0.0
2022-07-06,42.599998474121094,42.849998474121094,40.349998474121094,41.25,458420,0.0,0.0,0.0
2022-07-07,43.099998474121094,43.150001525878906,42.20000076293945,42.849998474121094,325060,0.0,0.0,0.0
2022-07-08,43.849998474121094,45.75,43.650001525878906,45.75,499580,0.0,0.0,0.0
2022-07-11,46.099998474121094,46.099998474121094,43.54999923706055,43.70000076293945,271480,0.0,0.0,0.0
2022-07-12,43.0,43.599998474121094,41.599998474121094,41.650001525878906,306500,0.0,0.0,0.0
2022-07-13,42.04999923706055,43.04999923706055,41.400001525878906,41.650001525878906,286640,0.0,0.0,0.0
2022-07-14,41.900001525878906,42.150001525878906,40.900001525878906,41.0,244440,0.0,0.0,0.0
2022-07-15,40.75,40.900001525878906,39.75,40.29999923706055,336560,0.0,0.0,0.0
2022-07-18,41.25,42.45000076293945,41.150001525878906,41.79999923706055,250240,0.0,0.0,0.0
2022-07-19,41.349998474121094,42.29999923706055,40.95000076293945,41.95000076293945,290100,0.0,0.0,0.0
2022-07-20,42.599998474121094,42.75,41.45000076293945,42.349998474121094,203460,0.0,0.0,0.0
2022-07-21,41.75,42.650001525878906,40.79999923706055,41.599998474121094,181480,0.0,0.0,0.0
2022-07-22,40.54999923706055,40.79999923706055,39.04999923706055,39.150001525878906,835600,0.0,0.0,0.0
2022-07-25,40.400001525878906,40.79999923706055,39.54999923706055,40.099998474121094,448520,0.0,0.0,0.0
2022-07-26,40.900001525878906,41.75,40.75,41.75,327220,0.0,0.0,0.0
2022-07-27,41.75,41.79999923706055,40.650001525878906,41.099998474121094,220100,0.0,0.0,0.0
2022-07-28,41.79999923706055,42.650001525878906,41.5,42.5,271800,0.0,0.0,0.0
2022-07-29,43.400001525878906,43.650001525878906,41.650001525878906,42.29999923706055,321260,0.0,0.0,0.0
2022-08-01,41.0,41.849998474121094,40.79999923706055,41.79999923706055,181900,0.0,0.0,0.0
2022-08-02,40.849998474121094,41.400001525878906,40.400001525878906,40.45000076293945,144780,0.0,0.0,0.0
2022-08-03,41.150001525878906,41.20000076293945,39.599998474121094,40.25,231500,0.0,0.0,0.0
2022-08-04,40.20000076293945,41.29999923706055,39.900001525878906,41.04999923706055,209160,0.0,0.0,0.0
2022-08-05,40.5,41.400001525878906,40.349998474121094,40.79999923706055,472420,0.0,0.0,0.0
2022-08-08,40.349998474121094,41.599998474121094,40.150001525878906,41.29999923706055,495800,0.0,0.0,0.0
2022-08-09,41.599998474121094,41.70000076293945,40.54999923706055,41.099998474121094,337660,0.0,0.0,0.0
2022-08-10,41.70000076293945,42.099998474121094,41.349998474121094,41.900001525878906,201820,0.0,0.0,0.0
2022-08-11,41.900001525878906,42.599998474121094,41.849998474121094,42.150001525878906,190340,0.0,0.0,0.0
2022-08-12,42.099998474121094,42.099998474121094,40.75,41.849998474121094,594060,0.0,0.0,0.0
2022-08-15,41.04999923706055,41.95000076293945,40.54999923706055,41.599998474121094,321600,0.0,0.0,0.0
2022-08-16,41.400001525878906,41.70000076293945,40.650001525878906,40.75,382960,0.0,0.0,0.0
2022-08-17,41.349998474121094,41.349998474121094,39.70000076293945,40.0,249400,0.0,0.0,0.0
2022-08-18,39.349998474121094,39.349998474121094,38.150001525878906,38.45000076293945,495160,0.0,0.0,0.0
2022-08-19,38.900001525878906,39.650001525878906,38.29999923706055,39.5,352840,0.0,0.0,0.0
2022-08-22,39.400001525878906,40.599998474121094,39.150001525878906,40.5,382260,0.0,0.0,0.0
2022-08-23,41.0,42.0,40.70000076293945,41.25,371300,0.0,0.0,0.0
2022-08-24,41.650001525878906,41.75,40.70000076293945,41.599998474121094,420320,0.0,0.0,0.0
2022-08-25,41.45000076293945,41.849998474121094,40.099998474121094,40.20000076293945,436520,0.0,0.0,0.0
2022-08-26,40.45000076293945,41.900001525878906,40.45000076293945,41.79999923706055,403040,0.0,0.0,0.0
2022-08-29,41.5,43.349998474121094,41.349998474121094,43.25,1431480,0.0,0.0,0.0
2022-08-30,42.54999923706055,43.099998474121094,41.900001525878906,42.150001525878906,603340,0.0,0.0,0.0
2022-08-31,41.75,43.0,41.349998474121094,42.70000076293945,422060,0.0,0.0,0.0
2022-09-01,42.45000076293945,42.75,40.650001525878906,40.79999923706055,575100,0.0,0.0,0.0
2022-09-02,41.400001525878906,42.04999923706055,41.25,41.54999923706055,243380,0.0,0.0,0.0
2022-09-06,41.79999923706055,42.04999923706055,41.29999923706055,41.95000076293945,272920,0.0,0.0,0.0
2022-09-07,43.04999923706055,44.400001525878906,42.650001525878906,42.95000076293945,704020,0.0,0.0,0.0
2022-09-08,43.400001525878906,43.54999923706055,41.79999923706055,42.400001525878906,500420,0.0,0.0,0.0
2022-09-09,42.79999923706055,44.29999923706055,42.79999923706055,44.04999923706055,458640,0.0,0.0,0.0
2022-09-12,44.0,44.099998474121094,43.150001525878906,43.75,441040,0.0,0.0,0.0
2022-09-13,43.5,44.349998474121094,43.29999923706055,43.79999923706055,480580,0.0,0.0,0.0
2022-09-14,43.650001525878906,44.400001525878906,43.29999923706055,44.400001525878906,309300,0.0,0.0,0.0
2022-09-15,44.04999923706055,44.45000076293945,42.70000076293945,42.79999923706055,559560,0.0,0.0,0.0
2022-09-16,42.650001525878906,43.849998474121094,42.25,43.650001525878906,281880,0.0,0.0,0.0
2022-09-19,42.70000076293945,42.70000076293945,41.79999923706055,42.29999923706055,316800,0.0,0.0,0.0
2022-09-20,42.75,45.20000076293945,42.75,45.04999923706055,511020,0.0,0.0,0.0
2022-09-21,45.20000076293945,45.79999923706055,44.04999923706055,45.349998474121094,438980,0.0,0.0,0.0
2022-09-22,44.95000076293945,46.04999923706055,44.79999923706055,45.5,441260,0.0,0.0,0.0
2022-09-23,44.75,44.75,44.0,44.099998474121094,448660,0.0,0.0,0.0
2022-09-26,44.0,44.45000076293945,43.04999923706055,43.04999923706055,254720,0.0,0.0,0.0
2022-09-27,44.0,44.75,43.650001525878906,43.650001525878906,294440,0.0,0.0,0.0
2022-09-28,44.25,45.349998474121094,44.25,45.20000076293945,412680,0.0,0.0,0.0
2022-09-29,45.29999923706055,45.400001525878906,44.599998474121094,44.79999923706055,241560,0.0,0.0,0.0
2022-09-30,45.29999923706055,46.79999923706055,44.79999923706055,45.75,505420,0.0,0.0,0.0
2022-10-03,46.45000076293945,46.45000076293945,45.29999923706055,45.650001525878906,298620,0.0,0.0,0.0
2022-10-04,45.650001525878906,46.349998474121094,45.0,45.20000076293945,315280,0.0,0.0,0.0
2022-10-05,45.04999923706055,46.04999923706055,44.900001525878906,45.54999923706055,330860,0.0,0.0,0.0
2022-10-06,44.75,45.04999923706055,44.099998474121094,44.54999923706055,276020,0.0,0.0,0.0
2022-10-07,44.849998474121094,45.20000076293945,44.25,44.599998474121094,287620,0.0,0.0,0.0
2022-10-10,45.900001525878906,47.5,45.75,46.79999923706055,768400,0.0,0.0,0.0
2022-10-11,46.150001525878906,46.349998474121094,45.29999923706055,45.349998474121094,408700,0.0,0.0,0.0
2022-10-12,44.95000076293945,45.25,44.349998474121094,44.70000076293945,435600,0.0,0.0,0.0
2022-10-13,44.099998474121094,45.75,43.849998474121094,44.95000076293945,433160,0.0,0.0,0.0
2022-10-14,44.5,44.95000076293945,43.650001525878906,43.75,346360,0.0,0.0,0.0
2022-10-17,44.25,44.5,43.650001525878906,43.849998474121094,216400,0.0,0.0,0.0
2022-10-18,43.5,43.599998474121094,42.650001525878906,43.349998474121094,268280,0.0,0.0,0.0
2022-10-19,43.54999923706055,43.900001525878906,42.75,42.900001525878906,259660,0.0,0.0,0.0
2022-10-20,43.400001525878906,43.650001525878906,43.099998474121094,43.54999923706055,396640,0.0,0.0,0.0
2022-10-21,42.79999923706055,44.099998474121094,42.75,43.400001525878906,265980,0.0,0.0,0.0
2022-10-24,43.29999923706055,43.54999923706055,42.849998474121094,43.0,210600,0.0,0.0,0.0
2022-10-25,42.849998474121094,43.20000076293945,42.599998474121094,42.79999923706055,191060,0.0,0.0,0.0
2022-10-26,42.79999923706055,43.400001525878906,42.45000076293945,43.20000076293945,212320,0.0,0.0,0.0
2022-10-27,43.75,43.900001525878906,42.849998474121094,43.099998474121094,158320,0.0,0.0,0.0
2022-10-28,42.650001525878906,42.95000076293945,42.400001525878906,42.75,149960,0.0,0.0,0.0
2022-10-31,44.70000076293945,45.099998474121094,43.70000076293945,44.900001525878906,1107780,0.0,0.0,0.0
2022-11-01,45.0,45.900001525878906,44.5,45.70000076293945,429220,0.0,0.0,0.0
2022-11-02,43.5,43.75,43.04999923706055,43.25,578340,0.0,0.0,0.0
2022-11-03,42.70000076293945,43.54999923706055,42.599998474121094,43.150001525878906,317000,0.0,0.0,0.0
2022-11-04,43.599998474121094,43.849998474121094,42.95000076293945,43.599998474121094,172140,0.0,0.0,0.0
2022-11-07,43.54999923706055,44.29999923706055,43.400001525878906,43.5,427860,0.0,0.0,0.0
2022-11-08,43.25,43.95000076293945,42.54999923706055,42.70000076293945,320780,0.0,0.0,0.0
2022-11-09,42.5,42.650001525878906,41.75,41.75,360660,0.0,0.0,0.0
2022-11-10,42.20000076293945,42.20000076293945,41.400001525878906,41.650001525878906,345520,0.0,0.0,0.0
2022-11-11,41.70000076293945,42.400001525878906,41.54999923706055,42.20000076293945,232280,0.0,0.0,0.0
2022-11-14,42.0,42.79999923706055,41.79999923706055,42.25,149680,0.0,0.0,0.0
2022-11-15,41.79999923706055,43.400001525878906,41.5,42.54999923706055,534180,0.0,0.0,0.0
2022-11-16,41.900001525878906,42.25,41.650001525878906,42.099998474121094,129440,0.0,0.0,0.0
2022-11-17,41.400001525878906,41.95000076293945,41.150001525878906,41.54999923706055,263200,0.0,0.0,0.0
2022-11-18,41.54999923706055,41.79999923706055,41.29999923706055,41.349998474121094,163400,0.0,0.0,0.0
2022-11-21,40.95000076293945,41.349998474121094,40.599998474121094,41.150001525878906,164020,0.0,0.0,0.0
2022-11-22,41.25,41.5,40.79999923706055,40.849998474121094,161080,0.0,0.0,0.0
2022-11-23,40.599998474121094,41.099998474121094,40.400001525878906,40.900001525878906,187580,0.0,0.0,0.0
2022-11-25,40.75,41.29999923706055,40.25,40.349998474121094,118880,0.0,0.0,0.0
2022-11-28,39.95000076293945,39.95000076293945,39.25,39.5,265540,0.0,0.0,0.0
2022-11-29,39.5,40.0,39.400001525878906,39.599998474121094,183620,0.0,0.0,0.0
2022-11-30,39.599998474121094,40.29999923706055,39.54999923706055,40.20000076293945,192020,0.0,0.0,0.0
2022-12-01,40.0,40.25,39.5,39.5,128720,0.0,0.0,0.0
2022-12-02,39.150001525878906,39.150001525878906,38.45000076293945,38.650001525878906,220520,0.0,0.0,0.0
2022-12-05,38.75,38.79999923706055,37.400001525878906,37.599998474121094,874600,0.0,0.0,0.0
2022-12-06,37.5,37.70000076293945,36.75,37.04999923706055,321560,0.0,0.0,0.0
2022-12-07,37.400001525878906,38.25,37.25,37.900001525878906,220220,0.0,0.0,0.0
2022-12-08,38.099998474121094,38.20000076293945,37.400001525878906,37.79999923706055,149260,0.0,0.0,0.0
2022-12-09,37.79999923706055,37.849998474121094,37.099998474121094,37.25,183160,0.0,0.0,0.0
2022-12-12,37.849998474121094,38.45000076293945,37.599998474121094,38.20000076293945,199060,0.0,0.0,0.0
2022-12-13,38.5,38.849998474121094,38.0,38.0,152160,0.0,0.0,0.0
2022-12-14,37.75,38.099998474121094,37.54999923706055,37.95000076293945,81360,0.0,0.0,0.0
2022-12-15,38.099998474121094,38.75,37.75,38.20000076293945,148560,0.0,0.0,0.0
2022-12-16,38.099998474121094,38.400001525878906,37.95000076293945,38.25,140320,0.0,0.0,0.0
2022-12-19,37.900001525878906,38.29999923706055,37.400001525878906,37.849998474121094,206320,0.0,0.0,0.0
2022-12-20,37.70000076293945,38.400001525878906,37.650001525878906,37.79999923706055,144620,0.0,0.0,0.0
2022-12-21,38.04999923706055,39.0,38.04999923706055,38.75,231240,0.0,0.0,0.0
2022-12-22,38.75,38.900001525878906,38.29999923706055,38.5,152000,0.0,0.0,0.0
2022-12-23,38.599998474121094,39.20000076293945,38.599998474121094,38.95000076293945,163780,0.0,0.0,0.0
2022-12-27,39.099998474121094,39.45000076293945,38.70000076293945,39.099998474121094,266080,0.0,0.0,0.0
2022-12-28,39.150001525878906,39.650001525878906,39.04999923706055,39.599998474121094,187560,0.0,0.0,0.0
2022-12-29,38.95000076293945,39.150001525878906,38.650001525878906,39.04999923706055,189520,0.0,0.0,0.0
2022-12-30,38.70000076293945,40.150001525878906,38.70000076293945,39.900001525878906,196420,0.0,0.0,0.0
2023-01-03,39.900001525878906,40.0,38.849998474121094,39.29999923706055,141080,0.0,0.0,0.0
2023-01-04,38.75,38.75,37.75,37.75,194100,0.0,0.0,0.0
2023-01-05,37.79999923706055,38.0,37.349998474121094,37.75,112640,0.0,0.0,0.0
2023-01-06,38.0,38.25,37.599998474121094,37.599998474121094,93300,0.0,0.0,0.0
2023-01-09,37.54999923706055,38.29999923706055,37.54999923706055,37.650001525878906,125540,0.0,0.0,0.0
2023-01-10,37.150001525878906,37.5,36.650001525878906,37.0,183760,0.0,0.0,0.0
2023-01-11,37.150001525878906,37.599998474121094,36.95000076293945,37.45000076293945,197900,0.0,0.0,0.0
2023-01-12,37.45000076293945,37.79999923706055,36.79999923706055,37.599998474121094,185920,0.0,0.0,0.0
2023-01-13,37.5,37.79999923706055,37.29999923706055,37.54999923706055,90600,0.0,0.0,0.0
2023-01-17,37.04999923706055,38.150001525878906,37.0,37.900001525878906,168460,0.0,0.0,0.0
2023-01-18,38.099998474121094,38.349998474121094,37.5,37.54999923706055,145420,0.0,0.0,0.0
2023-01-19,37.45000076293945,37.849998474121094,37.20000076293945,37.29999923706055,71440,0.0,0.0,0.0
2023-01-20,37.20000076293945,37.75,37.20000076293945,37.650001525878906,127460,0.0,0.0,0.0
2023-01-23,37.099998474121094,37.150001525878906,36.150001525878906,36.5,270840,0.0,0.0,0.0
2023-01-24,36.54999923706055,37.349998474121094,36.54999923706055,37.150001525878906,229380,0.0,0.0,0.0
2023-01-25,37.29999923706055,37.650001525878906,37.25,37.29999923706055,87020,0.0,0.0,0.0
2023-01-26,37.79999923706055,38.25,37.79999923706055,38.04999923706055,116200,0.0,0.0,0.0
2023-01-27,37.79999923706055,38.04999923706055,37.70000076293945,37.95000076293945,97900,0.0,0.0,0.0
2023-01-30,38.150001525878906,38.29999923706055,37.75,38.04999923706055,93940,0.0,0.0,0.0
2023-01-31,37.75,38.70000076293945,37.75,38.599998474121094,139340,0.0,0.0,0.0
2023-02-01,38.5,38.599998474121094,37.849998474121094,38.599998474121094,108700,0.0,0.0,0.0
2023-02-02,38.849998474121094,38.900001525878906,38.150001525878906,38.54999923706055,201580,0.0,0.0,0.0
2023-02-03,38.349998474121094,39.400001525878906,38.20000076293945,38.45000076293945,143740,0.0,0.0,0.0
2023-02-06,38.54999923706055,38.95000076293945,38.0,38.20000076293945,112000,0.0,0.0,0.0
2023-02-07,38.150001525878906,38.54999923706055,38.150001525878906,38.349998474121094,52660,0.0,0.0,0.0
2023-02-08,38.25,38.95000076293945,38.20000076293945,38.95000076293945,154460,0.0,0.0,0.0
2023-02-09,39.0,39.0,38.400001525878906,38.54999923706055,115280,0.0,0.0,0.0
2023-02-10,38.95000076293945,40.099998474121094,38.95000076293945,40.0,182640,0.0,0.0,0.0
2023-02-13,39.599998474121094,40.25,39.400001525878906,39.95000076293945,151460,0.0,0.0,0.0
2023-02-14,40.04999923706055,40.45000076293945,39.79999923706055,39.849998474121094,154240,0.0,0.0,0.0
2023-02-15,39.79999923706055,40.0,39.04999923706055,39.099998474121094,125880,0.0,0.0,0.0
2023-02-16,39.0,39.20000076293945,38.849998474121094,38.95000076293945,99580,0.0,0.0,0.0
2023-02-17,38.849998474121094,39.25,38.849998474121094,38.900001525878906,116360,0.0,0.0,0.0
2023-02-21,38.900001525878906,39.20000076293945,38.349998474121094,38.349998474121094,109060,0.0,0.0,0.0
2023-02-22,38.150001525878906,38.150001525878906,37.650001525878906,37.849998474121094,127540,0.0,0.0,0.0
2023-02-23,37.75,38.20000076293945,37.599998474121094,37.849998474121094,69840,0.0,0.0,0.0
2023-02-24,37.349998474121094,37.349998474121094,36.25,36.29999923706055,206540,0.0,0.0,0.0
2023-02-27,36.25,36.349998474121094,35.70000076293945,35.849998474121094,171040,0.0,0.0,0.0
2023-02-28,35.70000076293945,36.04999923706055,35.54999923706055,35.75,104480,0.0,0.0,0.0
2023-03-01,35.650001525878906,36.099998474121094,35.5,36.0,175640,0.0,0.0,0.0
2023-03-02,36.150001525878906,36.45000076293945,35.849998474121094,36.0,147460,0.0,0.0,0.0
2023-03-03,36.04999923706055,36.150001525878906,35.75,35.95000076293945,139080,0.0,0.0,0.0
2023-03-06,35.400001525878906,35.45000076293945,35.150001525878906,35.20000076293945,178460,0.0,0.0,0.0
2023-03-07,35.25,35.599998474121094,35.0,35.349998474121094,117440,0.0,0.0,0.0
2023-03-08,35.20000076293945,35.25,34.70000076293945,34.79999923706055,162660,0.0,0.0,0.0
2023-03-09,34.79999923706055,34.79999923706055,33.79999923706055,33.95000076293945,256300,0.0,0.0,0.0
2023-03-10,33.900001525878906,34.70000076293945,33.900001525878906,34.650001525878906,169860,0.0,0.0,0.0
2023-03-13,34.099998474121094,35.29999923706055,34.04999923706055,34.75,185780,0.0,0.0,0.0
2023-03-14,34.599998474121094,35.45000076293945,34.599998474121094,35.29999923706055,102080,0.0,0.0,0.0
2023-03-15,35.349998474121094,35.70000076293945,35.29999923706055,35.5,136840,0.0,0.0,0.0
2023-03-16,35.54999923706055,35.54999923706055,35.04999923706055,35.400001525878906,92400,0.0,0.0,0.0
2023-03-17,35.29999923706055,35.95000076293945,35.29999923706055,35.75,92160,0.0,0.0,0.0
2023-03-20,35.5,35.650001525878906,35.04999923706055,35.20000076293945,121820,0.0,0.0,0.0
2023-03-21,35.29999923706055,35.54999923706055,34.45000076293945,34.45000076293945,134880,0.0,0.0,0.0
2023-03-22,33.900001525878906,34.20000076293945,33.29999923706055,33.75,126400,0.0,0.0,0.0
2023-03-23,34.0,34.29999923706055,33.599998474121094,33.599998474121094,122080,0.0,0.0,0.0
2023-03-24,34.54999923706055,35.54999923706055,34.349998474121094,35.150001525878906,194840,0.0,0.0,0.0
2023-03-27,34.79999923706055,35.900001525878906,34.79999923706055,35.5,127220,0.0,0.0,0.0
2023-03-28,35.75,35.849998474121094,35.400001525878906,35.599998474121094,55060,0.0,0.0,0.0
2023-03-29,36.5,36.75,35.75,35.79999923706055,177100,0.0,0.0,0.0
2023-03-30,35.849998474121094,36.0,35.20000076293945,35.25,69940,0.0,0.0,0.0
2023-03-31,35.20000076293945,35.70000076293945,34.79999923706055,35.29999923706055,123880,0.0,0.0,0.0
2023-04-03,36.04999923706055,36.150001525878906,35.29999923706055,35.650001525878906,83340,0.0,0.0,0.0
2023-04-04,35.5,35.650001525878906,35.20000076293945,35.25,69980,0.0,0.0,0.0
2023-04-05,34.70000076293945,35.349998474121094,34.650001525878906,34.79999923706055,84960,0.0,0.0,0.0
2023-04-06,34.849998474121094,34.95000076293945,34.45000076293945,34.54999923706055,69920,0.0,0.0,0.0
2023-04-10,34.5,34.849998474121094,34.20000076293945,34.75,76700,0.0,0.0,0.0
2023-04-11,34.650001525878906,34.79999923706055,34.0,34.25,128600,0.0,0.0,0.0
2023-04-12,34.5,34.650001525878906,34.29999923706055,34.349998474121094,64740,0.0,0.0,0.0
2023-04-13,34.20000076293945,34.400001525878906,33.79999923706055,33.900001525878906,96400,0.0,0.0,0.0
2023-04-14,33.79999923706055,34.75,33.75,34.75,120340,0.0,0.0,0.0
2023-04-17,34.900001525878906,35.45000076293945,34.599998474121094,35.29999923706055,208260,0.0,0.0,0.0
2023-04-18,35.599998474121094,35.599998474121094,35.150001525878906,35.54999923706055,129140,0.0,0.0,0.0
2023-04-19,35.04999923706055,35.150001525878906,34.650001525878906,34.650001525878906,89980,0.0,0.0,0.0
2023-04-20,34.150001525878906,34.5,34.0,34.150001525878906,111520,0.0,0.0,0.0
2023-04-21,34.150001525878906,34.20000076293945,33.45000076293945,33.70000076293945,136100,0.0,0.0,0.0
2023-04-24,33.650001525878906,33.79999923706055,33.0,33.04999923706055,164820,0.0,0.0,0.0
2023-04-25,33.0,33.099998474121094,32.349998474121094,32.849998474121094,152380,0.0,0.0,0.0
2023-04-26,32.95000076293945,33.0,32.25,32.349998474121094,140400,0.0,0.0,0.0
2023-04-27,31.799999237060547,32.0,31.450000762939453,31.799999237060547,185360,0.0,0.0,0.0
2023-04-28,31.549999237060547,32.04999923706055,31.399999618530273,31.899999618530273,174520,0.0,0.0,0.0
2023-05-01,31.649999618530273,31.649999618530273,30.899999618530273,31.049999237060547,194300,0.0,0.0,0.0
2023-05-02,30.950000762939453,31.25,30.600000381469727,30.75,148380,0.0,0.0,0.0
2023-05-03,30.899999618530273,32.20000076293945,30.899999618530273,32.20000076293945,198480,0.0,0.0,0.0
2023-05-04,31.75,32.599998474121094,31.600000381469727,32.349998474121094,179800,0.0,0.0,0.0
2023-05-05,32.54999923706055,33.20000076293945,32.45000076293945,33.04999923706055,119940,0.0,0.0,0.0
2023-05-08,33.25,33.45000076293945,32.75,32.79999923706055,75900,0.0,0.0,0.0
2023-05-09,32.400001525878906,32.45000076293945,31.899999618530273,32.349998474121094,110300,0.0,0.0,0.0
2023-05-10,32.0,32.349998474121094,31.700000762939453,32.150001525878906,70900,0.0,0.0,0.0
2023-05-11,32.04999923706055,32.20000076293945,31.5,31.700000762939453,64900,0.0,0.0,0.0
2023-05-12,32.0,32.650001525878906,31.700000762939453,31.950000762939453,98380,0.0,0.0,0.0
2023-05-15,32.75,33.20000076293945,32.650001525878906,33.20000076293945,120680,0.0,0.0,0.0
2023-05-16,32.900001525878906,33.0,32.150001525878906,32.45000076293945,95780,0.0,0.0,0.0
2023-05-17,32.04999923706055,32.5,31.049999237060547,31.450000762939453,142200,0.0,0.0,0.0
2023-05-18,30.850000381469727,31.049999237060547,30.600000381469727,30.850000381469727,158780,0.0,0.0,0.0
2023-05-19,31.25,31.299999237060547,30.5,30.700000762939453,129320,0.0,0.0,0.0
2023-05-22,30.549999237060547,30.950000762939453,30.350000381469727,30.649999618530273,92760,0.0,0.0,0.0
2023-05-23,31.0,31.5,30.700000762939453,31.450000762939453,94300,0.0,0.0,0.0
2023-05-24,31.200000762939453,31.299999237060547,30.5,30.649999618530273,71000,0.0,0.0,0.0
2023-05-25,30.649999618530273,31.100000381469727,30.399999618530273,30.649999618530273,96980,0.0,0.0,0.0
2023-05-26,31.100000381469727,31.299999237060547,30.75,31.299999237060547,76020,0.0,0.0,0.0
2023-05-30,30.600000381469727,30.700000762939453,30.049999237060547,30.200000762939453,141200,0.0,0.0,0.0
2023-05-31,29.549999237060547,30.350000381469727,29.399999618530273,30.299999237060547,188780,0.0,0.0,0.0
2023-06-01,30.850000381469727,31.25,30.75,31.100000381469727,129020,0.0,0.0,0.0
2023-06-02,31.100000381469727,31.700000762939453,30.75,31.600000381469727,81400,0.0,0.0,0.0
2023-06-05,31.5,32.0,31.299999237060547,31.700000762939453,63300,0.0,0.0,0.0
2023-06-06,32.349998474121094,32.400001525878906,31.549999237060547,31.850000381469727,135040,0.0,0.0,0.0
2023-06-07,32.0,32.0,31.100000381469727,31.200000762939453,188100,0.0,0.0,0.0
2023-06-08,31.5,31.799999237060547,31.299999237060547,31.799999237060547,129580,0.0,0.0,0.0
2023-06-09,31.75,31.899999618530273,31.350000381469727,31.899999618530273,75480,0.0,0.0,0.0
2023-06-12,31.950000762939453,32.20000076293945,31.700000762939453,32.099998474121094,92300,0.0,0.0,0.0
2023-06-13,32.25,32.70000076293945,31.950000762939453,32.150001525878906,242800,0.0,0.0,0.0
2023-06-14,31.75,31.950000762939453,31.600000381469727,31.75,122480,0.0,0.0,0.0
2023-06-15,32.150001525878906,33.29999923706055,32.150001525878906,33.25,213580,0.0,0.0,0.0
2023-06-16,33.70000076293945,34.75,33.70000076293945,34.29999923706055,473940,0.0,0.0,0.0
2023-06-20,34.25,34.900001525878906,34.0,34.79999923706055,237100,0.0,0.0,0.0
2023-06-21,35.150001525878906,36.5,35.150001525878906,36.5,343660,0.0,0.0,0.0
2023-06-22,36.0,37.0,35.900001525878906,36.650001525878906,304080,0.0,0.0,0.0
2023-06-23,35.95000076293945,36.349998474121094,35.70000076293945,36.150001525878906,260600,0.0,0.0,0.0
2023-06-26,36.849998474121094,37.20000076293945,35.900001525878906,36.04999923706055,232640,0.0,0.0,0.0
2023-06-27,35.099998474121094,35.20000076293945,34.150001525878906,34.29999923706055,316800,0.0,0.0,0.0
2023-06-28,33.70000076293945,33.70000076293945,32.95000076293945,33.0,408180,0.0,0.0,0.0
2023-06-29,33.0,33.45000076293945,32.900001525878906,32.95000076293945,148800,0.0,0.0,0.0
2023-06-30,33.150001525878906,33.5,32.099998474121094,32.20000076293945,350000,0.0,0.0,0.0
2023-07-03,32.099998474121094,32.599998474121094,31.950000762939453,32.20000076293945,117880,0.0,0.0,0.0
2023-07-05,32.25,33.54999923706055,32.150001525878906,33.29999923706055,276180,0.0,0.0,0.0
2023-07-06,33.150001525878906,33.150001525878906,32.349998474121094,32.54999923706055,184440,0.0,0.0,0.0
2023-07-07,32.04999923706055,32.75,32.04999923706055,32.25,136560,0.0,0.0,0.0
2023-07-10,32.099998474121094,32.650001525878906,32.0,32.099998474121094,278820,0.0,0.0,0.0
2023-07-11,32.650001525878906,32.95000076293945,32.29999923706055,32.70000076293945,326540,0.0,0.0,0.0
2023-07-12,32.650001525878906,32.75,31.549999237060547,31.549999237060547,222260,0.0,0.0,0.0
2023-07-13,31.600000381469727,32.150001525878906,31.450000762939453,31.950000762939453,248240,0.0,0.0,0.0
2023-07-14,32.5,32.900001525878906,32.0,32.79999923706055,267400,0.0,0.0,0.0
2023-07-17,33.79999923706055,33.900001525878906,32.349998474121094,32.5,429360,0.0,0.0,0.0
2023-07-18,33.0,33.45000076293945,32.79999923706055,33.25,362780,0.0,0.0,0.0
2023-07-19,34.5,35.900001525878906,34.25,35.54999923706055,752300,0.0,0.0,0.0
2023-07-20,36.099998474121094,36.29999923706055,35.25,35.5,561740,0.0,0.0,0.0
2023-07-21,34.54999923706055,35.150001525878906,34.20000076293945,34.400001525878906,495380,0.0,0.0,0.0
2023-07-24,35.95000076293945,37.04999923706055,35.95000076293945,36.900001525878906,518180,0.0,0.0,0.0
2023-07-25,36.45000076293945,37.0,36.04999923706055,37.0,404980,0.0,0.0,0.0
2023-07-26,36.099998474121094,36.400001525878906,34.849998474121094,35.5,692440,0.0,0.0,0.0
2023-07-27,35.400001525878906,35.95000076293945,35.20000076293945,35.29999923706055,212580,0.0,0.0,0.0
2023-07-28,34.54999923706055,35.54999923706055,34.25,34.95000076293945,346380,0.0,0.0,0.0
2023-07-31,34.29999923706055,34.349998474121094,33.45000076293945,33.54999923706055,489700,0.0,0.0,0.0
2023-08-01,33.29999923706055,33.45000076293945,32.70000076293945,33.150001525878906,304520,0.0,0.0,0.0
2023-08-02,33.5,33.5,32.349998474121094,32.54999923706055,339060,0.0,0.0,0.0
2023-08-03,32.599998474121094,32.599998474121094,32.099998474121094,32.349998474121094,190980,0.0,0.0,0.0
2023-08-04,33.20000076293945,33.20000076293945,32.25,32.54999923706055,213260,0.0,0.0,0.0
2023-08-07,32.79999923706055,33.400001525878906,32.349998474121094,33.25,497620,0.0,0.0,0.0
2023-08-08,33.04999923706055,33.45000076293945,32.70000076293945,33.25,319660,0.0,0.0,0.0
2023-08-09,33.099998474121094,33.099998474121094,32.400001525878906,32.599998474121094,383520,0.0,0.0,0.0
2023-08-10,32.599998474121094,32.75,32.400001525878906,32.5,269560,0.0,0.0,0.0
2023-08-11,32.29999923706055,32.54999923706055,32.0,32.20000076293945,268140,0.0,0.0,0.0
2023-08-14,31.649999618530273,31.799999237060547,31.200000762939453,31.549999237060547,559960,0.0,0.0,0.0
2023-08-15,31.299999237060547,31.299999237060547,30.700000762939453,30.700000762939453,292720,0.0,0.0,0.0
2023-08-16,30.75,31.0,30.5,30.799999237060547,302200,0.0,0.0,0.0
2023-08-17,30.5,30.600000381469727,30.299999237060547,30.399999618530273,219120,0.0,0.0,0.0
2023-08-18,30.950000762939453,31.5,30.950000762939453,31.450000762939453,256020,0.0,0.0,0.0
2023-08-21,31.149999618530273,31.149999618530273,30.700000762939453,30.75,189160,0.0,0.0,0.0
2023-08-22,30.899999618530273,31.100000381469727,30.600000381469727,30.799999237060547,112060,0.0,0.0,0.0
2023-08-23,30.950000762939453,31.649999618530273,30.850000381469727,31.450000762939453,167180,0.0,0.0,0.0
2023-08-24,31.25,31.399999618530273,30.950000762939453,31.25,154660,0.0,0.0,0.0
2023-08-25,31.399999618530273,31.399999618530273,30.549999237060547,30.700000762939453,168600,0.0,0.0,0.0
2023-08-28,30.600000381469727,30.700000762939453,30.350000381469727,30.649999618530273,156680,0.0,0.0,0.0
2023-08-29,30.299999237060547,30.450000762939453,29.899999618530273,29.899999618530273,332560,0.0,0.0,0.0
2023-08-30,30.0,30.350000381469727,29.899999618530273,30.100000381469727,188320,0.0,0.0,0.0
2023-08-31,29.850000381469727,30.5,29.600000381469727,29.950000762939453,189780,0.0,0.0,0.0
2023-09-01,30.100000381469727,30.350000381469727,29.600000381469727,29.600000381469727,188240,0.0,0.0,0.0
2023-09-05,29.950000762939453,29.950000762939453,29.450000762939453,29.700000762939453,176080,0.0,0.0,0.0
2023-09-06,29.850000381469727,30.399999618530273,29.850000381469727,30.25,195980,0.0,0.0,0.0
2023-09-07,30.200000762939453,30.399999618530273,29.75,29.850000381469727,141540,0.0,0.0,0.0
2023-09-08,30.0,30.0,29.399999618530273,29.649999618530273,131220,0.0,0.0,0.0
2023-09-11,29.450000762939453,29.549999237060547,29.0,29.149999618530273,299120,0.0,0.0,0.0
2023-09-12,29.049999237060547,29.450000762939453,28.549999237060547,29.25,404420,0.0,0.0,0.0
2023-09-13,29.75,29.950000762939453,29.450000762939453,29.600000381469727,154020,0.0,0.0,0.0
2023-09-14,29.549999237060547,29.700000762939453,29.149999618530273,29.549999237060547,139440,0.0,0.0,0.0
2023-09-15,29.600000381469727,30.049999237060547,29.5,29.899999618530273,140040,0.0,0.0,0.0
2023-09-18,29.649999618530273,29.649999618530273,29.25,29.25,154320,0.0,0.0,0.0
2023-09-19,29.299999237060547,29.5,29.100000381469727,29.149999618530273,115460,0.0,0.0,0.0
2023-09-20,29.350000381469727,29.5,29.049999237060547,29.350000381469727,137600,0.0,0.0,0.0
2023-09-21,29.100000381469727,29.149999618530273,28.75,28.75,178040,0.0,0.0,0.0
2023-09-22,28.75,29.049999237060547,28.75,29.0,119100,0.0,0.0,0.0
2023-09-25,29.149999618530273,29.450000762939453,29.0,29.450000762939453,86420,0.0,0.0,0.0
2023-09-26,29.5,29.700000762939453,29.25,29.450000762939453,121320,0.0,0.0,0.0
2023-09-27,29.600000381469727,29.600000381469727,29.100000381469727,29.149999618530273,132020,0.0,0.0,0.0
2023-09-28,29.049999237060547,29.25,29.0,29.049999237060547,53140,0.0,0.0,0.0
2023-09-29,29.100000381469727,29.399999618530273,27.75,27.850000381469727,439860,0.0,0.0,0.0
2023-10-02,28.100000381469727,28.850000381469727,28.100000381469727,28.850000381469727,195660,0.0,0.0,0.0
2023-10-03,29.0,29.049999237060547,28.549999237060547,28.850000381469727,98700,0.0,0.0,0.0
2023-10-04,28.350000381469727,28.549999237060547,28.149999618530273,28.399999618530273,106680,0.0,0.0,0.0
2023-10-05,28.450000762939453,29.299999237060547,28.450000762939453,29.149999618530273,169440,0.0,0.0,0.0
2023-10-06,28.950000762939453,29.200000762939453,28.799999237060547,28.950000762939453,109300,0.0,0.0,0.0
2023-10-09,28.950000762939453,29.299999237060547,28.950000762939453,29.100000381469727,135500,0.0,0.0,0.0
2023-10-10,28.850000381469727,28.850000381469727,28.450000762939453,28.600000381469727,135280,0.0,0.0,0.0
2023-10-11,28.350000381469727,28.450000762939453,28.25,28.399999618530273,108940,0.0,0.0,0.0
2023-10-12,28.350000381469727,29.100000381469727,28.0,29.049999237060547,272540,0.0,0.0,0.0
2023-10-13,29.399999618530273,29.450000762939453,28.899999618530273,29.049999237060547,158480,0.0,0.0,0.0
2023-10-16,29.149999618530273,29.25,28.950000762939453,29.049999237060547,93380,0.0,0.0,0.0
2023-10-17,28.899999618530273,29.200000762939453,28.75,28.799999237060547,164140,0.0,0.0,0.0
2023-10-18,29.049999237060547,29.299999237060547,28.950000762939453,29.25,196060,0.0,0.0,0.0
2023-10-19,29.100000381469727,29.75,29.0,29.75,235300,0.0,0.0,0.0
2023-10-20,29.850000381469727,30.200000762939453,29.299999237060547,29.350000381469727,266340,0.0,0.0,0.0
2023-10-23,29.399999618530273,29.799999237060547,29.350000381469727,29.5,110400,0.0,0.0,0.0
2023-10-24,29.200000762939453,29.25,28.850000381469727,29.049999237060547,159680,0.0,0.0,0.0
2023-10-25,29.049999237060547,29.100000381469727,28.649999618530273,28.700000762939453,194700,0.0,0.0,0.0
2023-10-26,28.75,29.149999618530273,28.75,29.100000381469727,107780,0.0,0.0,0.0
2023-10-27,29.049999237060547,29.100000381469727,28.75,29.0,66800,0.0,0.0,0.0
2023-10-30,28.649999618530273,29.0,28.600000381469727,28.649999618530273,87160,0.0,0.0,0.0
2023-10-31,28.5,28.549999237060547,28.200000762939453,28.299999237060547,168320,0.0,0.0,0.0
2023-11-01,28.350000381469727,28.5,28.299999237060547,28.399999618530273,63200,0.0,0.0,0.0
2023-11-02,28.399999618530273,28.700000762939453,28.25,28.549999237060547,57240,0.0,0.0,0.0
2023-11-03,28.600000381469727,28.899999618530273,28.549999237060547,28.850000381469727,122780,0.0,0.0,0.0
2023-11-06,28.899999618530273,29.100000381469727,28.649999618530273,28.950000762939453,117440,0.0,0.0,0.0
2023-11-07,28.850000381469727,29.25,28.5,28.799999237060547,179640,0.0,0.0,0.0
2023-11-08,28.899999618530273,29.799999237060547,28.899999618530273,29.549999237060547,288900,0.0,0.0,0.0
2023-11-09,29.299999237060547,29.399999618530273,28.799999237060547,29.200000762939453,111020,0.0,0.0,0.0
2023-11-10,29.200000762939453,29.200000762939453,28.649999618530273,28.799999237060547,82720,0.0,0.0,0.0
2023-11-13,28.649999618530273,29.049999237060547,28.5,28.950000762939453,81480,0.0,0.0,0.0
2023-11-14,28.899999618530273,29.200000762939453,28.700000762939453,28.799999237060547,109380,0.0,0.0,0.0
2023-11-15,28.75,28.850000381469727,28.25,28.399999618530273,194020,0.0,0.0,0.0
2023-11-16,28.200000762939453,28.200000762939453,27.799999237060547,28.0,160920,0.0,0.0,0.0
2023-11-17,27.799999237060547,27.950000762939453,27.75,27.850000381469727,209980,0.0,0.0,0.0
2023-11-20,27.75,27.899999618530273,27.450000762939453,27.649999618530273,191680,0.0,0.0,0.0
2023-11-21,27.649999618530273,28.149999618530273,27.5,28.049999237060547,157360,0.0,0.0,0.0
2023-11-22,28.25,28.399999618530273,28.100000381469727,28.299999237060547,88000,0.0,0.0,0.0
2023-11-24,28.149999618530273,28.149999618530273,27.700000762939453,27.75,78420,0.0,0.0,0.0
2023-11-27,27.75,27.75,26.899999618530273,27.100000381469727,168560,0.0,0.0,0.0
2023-11-28,27.100000381469727,27.700000762939453,26.950000762939453,27.649999618530273,232580,0.0,0.0,0.0
2023-11-29,27.899999618530273,28.25,27.850000381469727,28.25,131220,0.0,0.0,0.0
2023-11-30,28.100000381469727,28.75,28.100000381469727,28.75,156980,0.0,0.0,0.0
2023-12-01,28.450000762939453,29.200000762939453,28.450000762939453,28.799999237060547,189100,0.0,0.0,0.0
2023-12-04,29.149999618530273,29.899999618530273,29.100000381469727,29.649999618530273,242920,0.0,0.0,0.0
2023-12-05,29.600000381469727,30.25,29.600000381469727,30.0,235580,0.0,0.0,0.0
2023-12-06,30.299999237060547,30.700000762939453,29.850000381469727,29.899999618530273,184460,0.0,0.0,0.0
2023-12-07,29.850000381469727,30.350000381469727,29.399999618530273,30.350000381469727,173100,0.0,0.0,0.0
2023-12-08,30.049999237060547,30.299999237060547,29.700000762939453,29.899999618530273,253140,0.0,0.0,0.0
2023-12-11,29.600000381469727,29.850000381469727,28.850000381469727,28.950000762939453,202980,0.0,0.0,0.0
2023-12-12,29.0,29.850000381469727,29.0,29.649999618530273,144940,0.0,0.0,0.0
2023-12-13,29.200000762939453,29.200000762939453,28.700000762939453,28.899999618530273,117220,0.0,0.0,0.0
2023-12-14,29.200000762939453,29.450000762939453,28.850000381469727,29.25,122500,0.0,0.0,0.0
2023-12-15,28.950000762939453,29.75,28.950000762939453,29.700000762939453,116360,0.0,0.0,0.0
2023-12-18,29.25,29.600000381469727,29.149999618530273,29.350000381469727,185720,0.0,0.0,0.0
2023-12-19,29.049999237060547,29.549999237060547,28.950000762939453,29.549999237060547,100960,0.0,0.0,0.0
2023-12-20,29.299999237060547,29.450000762939453,28.950000762939453,29.049999237060547,124240,0.0,0.0,0.0
2023-12-21,29.25,29.350000381469727,29.149999618530273,29.25,66140,0.0,0.0,0.0
2023-12-22,29.25,29.5,29.25,29.299999237060547,121220,0.0,0.0,0.0
2023-12-26,29.299999237060547,30.299999237060547,29.149999618530273,30.149999618530273,211960,0.0,0.0,0.0
2023-12-27,29.850000381469727,29.950000762939453,29.549999237060547,29.649999618530273,155300,0.0,0.0,0.0
2023-12-28,29.700000762939453,30.149999618530273,29.700000762939453,30.0,127300,0.0,0.0,0.0
2023-12-29,29.950000762939453,30.0,29.600000381469727,29.850000381469727,116960,0.0,0.0,0.0
2024-01-02,29.850000381469727,29.850000381469727,28.950000762939453,29.049999237060547,135360,0.0,0.0,0.0
2024-01-03,29.049999237060547,29.200000762939453,28.700000762939453,28.799999237060547,106020,0.0,0.0,0.0
2024-01-04,28.75,29.350000381469727,28.399999618530273,29.299999237060547,143720,0.0,0.0,0.0
2024-01-05,29.450000762939453,29.600000381469727,29.25,29.399999618530273,52660,0.0,0.0,0.0
2024-01-08,28.850000381469727,28.850000381469727,28.450000762939453,28.700000762939453,99880,0.0,0.0,0.0
2024-01-09,28.700000762939453,29.350000381469727,28.649999618530273,29.200000762939453,91100,0.0,0.0,0.0
2024-01-10,29.25,29.299999237060547,29.0,29.25,42300,0.0,0.0,0.0
2024-01-11,29.049999237060547,29.25,28.899999618530273,29.0,37200,0.0,0.0,0.0
2024-01-12,29.25,29.25,28.299999237060547,28.700000762939453,197220,0.0,0.0,0.0
2024-01-16,28.75,28.850000381469727,27.850000381469727,28.100000381469727,194380,0.0,0.0,0.0
2024-01-17,28.049999237060547,28.549999237060547,27.899999618530273,28.0,90900,0.0,0.0,0.0
2024-01-18,27.799999237060547,28.149999618530273,27.600000381469727,28.049999237060547,147080,0.0,0.0,0.0
2024-01-19,28.200000762939453,28.549999237060547,28.200000762939453,28.299999237060547,68540,0.0,0.0,0.0
2024-01-22,28.149999618530273,28.649999618530273,28.100000381469727,28.299999237060547,73720,0.0,0.0,0.0
2024-01-23,28.549999237060547,28.850000381469727,28.350000381469727,28.5,62220,0.0,0.0,0.0
2024-01-24,28.700000762939453,29.100000381469727,28.5,29.049999237060547,181220,0.0,0.0,0.0
2024-01-25,29.0,29.149999618530273,28.850000381469727,29.100000381469727,90740,0.0,0.0,0.0
2024-01-26,28.850000381469727,28.850000381469727,28.350000381469727,28.649999618530273,78100,0.0,0.0,0.0
2024-01-29,28.25,28.450000762939453,28.0,28.350000381469727,137340,0.0,0.0,0.0
2024-01-30,28.100000381469727,28.899999618530273,28.100000381469727,28.799999237060547,78140,0.0,0.0,0.0
2024-01-31,28.450000762939453,28.600000381469727,28.299999237060547,28.399999618530273,66060,0.0,0.0,0.0
2024-02-01,28.200000762939453,28.649999618530273,28.049999237060547,28.450000762939453,122960,0.0,0.0,0.0
2024-02-02,28.600000381469727,28.899999618530273,28.299999237060547,28.600000381469727,102540,0.0,0.0,0.0
2024-02-05,28.25,28.399999618530273,27.950000762939453,28.100000381469727,165040,0.0,0.0,0.0
2024-02-06,28.149999618530273,28.350000381469727,28.0,28.149999618530273,51000,0.0,0.0,0.0
2024-02-07,28.049999237060547,28.600000381469727,28.049999237060547,28.299999237060547,70220,0.0,0.0,0.0
2024-02-08,28.0,28.149999618530273,27.600000381469727,27.850000381469727,122460,0.0,0.0,0.0
2024-02-09,27.799999237060547,28.399999618530273,27.799999237060547,27.950000762939453,68820,0.0,0.0,0.0
2024-02-12,27.75,28.100000381469727,27.600000381469727,27.899999618530273,104100,0.0,0.0,0.0
2024-02-13,27.700000762939453,28.049999237060547,27.700000762939453,27.799999237060547,99740,0.0,0.0,0.0
2024-02-14,27.399999618530273,27.450000762939453,27.049999237060547,27.200000762939453,177160,0.0,0.0,0.0
2024-02-15,27.0,27.25,26.5,26.5,210120,0.0,0.0,0.0
2024-02-16,26.25,26.549999237060547,26.0,26.149999618530273,170660,0.0,0.0,0.0
2024-02-20,26.350000381469727,27.149999618530273,26.350000381469727,26.899999618530273,138600,0.0,0.0,0.0
2024-02-21,26.899999618530273,26.950000762939453,26.649999618530273,26.850000381469727,51400,0.0,0.0,0.0
2024-02-22,27.100000381469727,27.600000381469727,26.850000381469727,27.049999237060547,135120,0.0,0.0,0.0
2024-02-23,27.100000381469727,27.25,26.549999237060547,26.600000381469727,87020,0.0,0.0,0.0
2024-02-26,26.450000762939453,27.0,26.299999237060547,26.799999237060547,70520,0.0,0.0,0.0
2024-02-27,26.950000762939453,27.549999237060547,26.950000762939453,27.299999237060547,100760,0.0,0.0,0.0
2024-02-28,27.100000381469727,27.149999618530273,26.799999237060547,27.049999237060547,72020,0.0,0.0,0.0
2024-02-29,26.899999618530273,27.149999618530273,26.700000762939453,26.950000762939453,89260,0.0,0.0,0.0
2024-03-01,26.75,26.75,26.100000381469727,26.200000762939453,177520,0.0,0.0,0.0
2024-03-04,26.25,26.649999618530273,26.25,26.399999618530273,77580,0.0,0.0,0.0
2024-03-05,26.100000381469727,26.149999618530273,25.75,25.899999618530273,131540,0.0,0.0,0.0
2024-03-06,25.899999618530273,25.899999618530273,25.149999618530273,25.299999237060547,174780,0.0,0.0,0.0
2024-03-07,25.399999618530273,25.649999618530273,25.200000762939453,25.200000762939453,108820,0.0,0.0,0.0
2024-03-08,25.25,25.850000381469727,25.200000762939453,25.700000762939453,146080,0.0,0.0,0.0
2024-03-11,25.5,26.25,25.100000381469727,26.200000762939453,127140,0.0,0.0,0.0
2024-03-12,26.049999237060547,26.450000762939453,26.0,26.200000762939453,103060,0.0,0.0,0.0
2024-03-13,26.049999237060547,26.25,25.700000762939453,25.950000762939453,105640,0.0,0.0,0.0
2024-03-14,25.75,25.799999237060547,25.450000762939453,25.600000381469727,128180,0.0,0.0,0.0
2024-03-15,25.75,25.75,25.399999618530273,25.5,65180,0.0,0.0,0.0
2024-03-18,25.75,26.100000381469727,25.5,26.100000381469727,125960,0.0,0.0,0.0
2024-03-19,26.299999237060547,26.549999237060547,26.100000381469727,26.5,130420,0.0,0.0,0.0
2024-03-20,26.25,26.299999237060547,25.850000381469727,26.25,108880,0.0,0.0,0.0
2024-03-21,26.350000381469727,26.5,26.0,26.299999237060547,122400,0.0,0.0,0.0
2024-03-22,26.25,26.799999237060547,26.0,26.649999618530273,143240,0.0,0.0,0.0
2024-03-25,27.0,27.200000762939453,26.5,26.799999237060547,119280,0.0,0.0,0.0
2024-03-26,26.600000381469727,26.700000762939453,26.25,26.299999237060547,68860,0.0,0.0,0.0
2024-03-27,26.25,26.549999237060547,26.200000762939453,26.549999237060547,520200,0.0,0.0,0.0
2024-03-28,26.5,27.299999237060547,26.350000381469727,27.049999237060547,161760,0.0,0.0,0.0
2024-04-01,27.0,27.0,26.350000381469727,26.899999618530273,101940,0.0,0.0,0.0
2024-04-02,26.75,27.049999237060547,26.350000381469727,26.450000762939453,122920,0.0,0.0,0.0
2024-04-03,26.5,27.0,26.5,26.850000381469727,82380,0.0,0.0,0.0
2024-04-04,26.850000381469727,27.049999237060547,26.600000381469727,26.899999618530273,108540,0.0,0.0,0.0
2024-04-05,27.350000381469727,27.600000381469727,27.200000762939453,27.299999237060547,159400,0.0,0.0,0.0
2024-04-08,27.450000762939453,27.549999237060547,27.149999618530273,27.299999237060547,119460,0.0,0.0,0.0
2024-04-09,26.950000762939453,27.149999618530273,26.75,26.950000762939453,139420,0.0,0.0,0.0
2024-04-10,27.0,27.149999618530273,26.799999237060547,26.950000762939453,92360,0.0,0.0,0.0
2024-04-11,26.899999618530273,26.899999618530273,26.5,26.549999237060547,118980,0.0,0.0,0.0
2024-04-12,26.600000381469727,27.0,26.600000381469727,26.75,139720,0.0,0.0,0.0
2024-04-15,26.5,26.649999618530273,26.299999237060547,26.549999237060547,104880,0.0,0.0,0.0
2024-04-16,26.549999237060547,26.600000381469727,26.200000762939453,26.5,72240,0.0,0.0,0.0
2024-04-17,26.549999237060547,26.75,25.899999618530273,26.049999237060547,132780,0.0,0.0,0.0
2024-04-18,25.950000762939453,26.299999237060547,25.950000762939453,26.0,48540,0.0,0.0,0.0
2024-04-19,26.25,26.700000762939453,26.25,26.700000762939453,102780,0.0,0.0,0.0
2024-04-22,27.0,27.899999618530273,27.0,27.649999618530273,295280,0.0,0.0,0.0
2024-04-23,27.75,28.350000381469727,27.399999618530273,28.299999237060547,214400,0.0,0.0,0.0
2024-04-24,28.149999618530273,28.899999618530273,28.049999237060547,28.75,228280,0.0,0.0,0.0
2024-04-25,28.799999237060547,29.25,28.75,29.100000381469727,203360,0.0,0.0,0.0
2024-04-26,29.149999618530273,29.700000762939453,29.049999237060547,29.25,204220,0.0,0.0,0.0
2024-04-29,29.0,29.100000381469727,28.399999618530273,28.600000381469727,132660,0.0,0.0,0.0
2024-04-30,28.450000762939453,28.549999237060547,28.149999618530273,28.450000762939453,137440,0.0,0.0,0.0
2024-05-01,28.299999237060547,28.5,28.049999237060547,28.350000381469727,66020,0.0,0.0,0.0
2024-05-02,28.549999237060547,28.649999618530273,28.149999618530273,28.5,136800,0.0,0.0,0.0
2024-05-03,29.049999237060547,29.700000762939453,29.0,29.350000381469727,177840,0.0,0.0,0.0
2024-05-06,29.299999237060547,30.450000762939453,29.149999618530273,30.299999237060547,232420,0.0,0.0,0.0
2024-05-07,30.0,30.549999237060547,29.899999618530273,30.299999237060547,192900,0.0,0.0,0.0
2024-05-08,29.950000762939453,30.0,29.649999618530273,29.850000381469727,110000,0.0,0.0,0.0
2024-05-09,30.149999618530273,30.350000381469727,29.850000381469727,29.950000762939453,92380,0.0,0.0,0.0
2024-05-10,30.299999237060547,30.899999618530273,30.200000762939453,30.850000381469727,215400,0.0,0.0,0.0
2024-05-13,31.0,31.899999618530273,31.0,31.700000762939453,275780,0.0,0.0,0.0
2024-05-14,31.549999237060547,31.649999618530273,31.049999237060547,31.299999237060547,148000,0.0,0.0,0.0
2024-05-15,31.850000381469727,32.099998474121094,30.799999237060547,30.950000762939453,158920,0.0,0.0,0.0
2024-05-16,31.299999237060547,31.399999618530273,30.600000381469727,30.850000381469727,183980,0.0,0.0,0.0
2024-05-17,30.899999618530273,30.950000762939453,30.399999618530273,30.450000762939453,116980,0.0,0.0,0.0
2024-05-20,31.049999237060547,32.0,31.049999237060547,31.899999618530273,377760,0.0,0.0,0.0
2024-05-21,31.850000381469727,32.25,31.600000381469727,32.150001525878906,128460,0.0,0.0,0.0
2024-05-22,32.25,32.349998474121094,31.700000762939453,31.899999618530273,165660,0.0,0.0,0.0
2024-05-23,31.75,32.20000076293945,31.75,32.04999923706055,156620,0.0,0.0,0.0
2024-05-24,31.850000381469727,32.29999923706055,31.75,32.099998474121094,98040,0.0,0.0,0.0
2024-05-28,32.150001525878906,32.349998474121094,31.799999237060547,32.150001525878906,131380,0.0,0.0,0.0
2024-05-29,32.04999923706055,32.400001525878906,31.799999237060547,32.0,143760,0.0,0.0,0.0
2024-05-30,31.649999618530273,31.700000762939453,31.350000381469727,31.549999237060547,215380,0.0,0.0,0.0
2024-05-31,31.950000762939453,32.0,31.350000381469727,31.600000381469727,58520,0.0,0.0,0.0
2024-06-03,32.20000076293945,32.25,31.149999618530273,31.350000381469727,114200,0.0,0.0,0.0
2024-06-04,31.200000762939453,31.200000762939453,30.75,30.75,122220,0.0,0.0,0.0
2024-06-05,30.899999618530273,30.899999618530273,30.200000762939453,30.350000381469727,136740,0.0,0.0,0.0
2024-06-06,30.5,30.600000381469727,30.0,30.0,125360,0.0,0.0,0.0
2024-06-07,29.799999237060547,29.799999237060547,29.399999618530273,29.5,182120,0.0,0.0,0.0
2024-06-10,29.450000762939453,29.450000762939453,28.850000381469727,28.899999618530273,197360,0.0,0.0,0.0
2024-06-11,29.0,29.700000762939453,29.0,29.399999618530273,144600,0.0,0.0,0.0
2024-06-12,28.950000762939453,29.149999618530273,28.799999237060547,28.899999618530273,102180,0.0,0.0,0.0
2024-06-13,29.200000762939453,29.350000381469727,28.950000762939453,28.950000762939453,170020,0.0,0.0,0.0
2024-06-14,28.899999618530273,29.049999237060547,28.450000762939453,28.450000762939453,136180,0.0,0.0,0.0
2024-06-17,28.149999618530273,28.149999618530273,27.75,27.75,171420,0.0,0.0,0.0
2024-06-18,27.700000762939453,27.850000381469727,27.399999618530273,27.399999618530273,129380,0.0,0.0,0.0
2024-06-20,27.350000381469727,27.350000381469727,26.799999237060547,26.899999618530273,172460,0.0,0.0,0.0
2024-06-21,27.149999618530273,27.149999618530273,26.5,26.600000381469727,167180,0.0,0.0,0.0
2024-06-24,26.5,26.5,26.100000381469727,26.399999618530273,175900,0.0,0.0,0.0
2024-06-25,26.25,26.25,25.850000381469727,25.850000381469727,342080,0.0,0.0,0.0
2024-06-26,25.850000381469727,26.399999618530273,25.799999237060547,25.899999618530273,201080,0.0,0.0,0.0
2024-06-27,26.200000762939453,26.75,26.149999618530273,26.75,249280,0.0,0.0,0.0
2024-06-28,26.700000762939453,26.799999237060547,26.149999618530273,26.549999237060547,238380,0.0,0.0,0.0
2024-07-01,26.5,27.149999618530273,26.399999618530273,27.100000381469727,140760,0.0,0.0,0.0
2024-07-02,26.899999618530273,27.0,26.700000762939453,26.799999237060547,115780,0.0,0.0,0.0
2024-07-03,26.600000381469727,26.850000381469727,26.549999237060547,26.700000762939453,64100,0.0,0.0,0.0
2024-07-05,26.600000381469727,27.25,26.600000381469727,27.200000762939453,148540,0.0,0.0,0.0
2024-07-08,26.850000381469727,26.850000381469727,26.25,26.450000762939453,170760,0.0,0.0,0.0
2024-07-09,26.399999618530273,26.75,26.399999618530273,26.5,58600,0.0,0.0,0.0
2024-07-10,26.25,26.25,25.850000381469727,25.950000762939453,182460,0.0,0.0,0.0
2024-07-11,26.549999237060547,26.850000381469727,26.399999618530273,26.5,145620,0.0,0.0,0.0
2024-07-12,26.100000381469727,26.200000762939453,25.700000762939453,25.799999237060547,370800,0.0,0.0,0.0
2024-07-15,25.25,25.350000381469727,25.0,25.0,324340,0.0,0.0,0.0
2024-07-16,25.100000381469727,25.149999618530273,24.75,24.950000762939453,216440,0.0,0.0,0.0
2024-07-17,25.25,25.549999237060547,25.200000762939453,25.399999618530273,147980,0.0,0.0,0.0
2024-07-18,25.25,25.450000762939453,25.0,25.049999237060547,104400,0.0,0.0,0.0
2024-07-19,25.399999618530273,25.850000381469727,25.299999237060547,25.450000762939453,167700,0.0,0.0,0.0
2024-07-22,25.450000762939453,25.700000762939453,25.299999237060547,25.600000381469727,80300,0.0,0.0,0.0
2024-07-23,25.549999237060547,25.75,25.299999237060547,25.299999237060547,88940,0.0,0.0,0.0
2024-07-24,25.350000381469727,25.850000381469727,25.299999237060547,25.450000762939453,119060,0.0,0.0,0.0
2024-07-25,25.299999237060547,25.350000381469727,25.100000381469727,25.149999618530273,152600,0.0,0.0,0.0
2024-07-26,25.049999237060547,25.049999237060547,24.549999237060547,24.600000381469727,276200,0.0,0.0,0.0
2024-07-29,24.399999618530273,24.899999618530273,24.25,24.799999237060547,178060,0.0,0.0,0.0
2024-07-30,24.450000762939453,24.75,24.25,24.549999237060547,115800,0.0,0.0,0.0
2024-07-31,24.549999237060547,25.0,24.299999237060547,24.700000762939453,176260,0.0,0.0,0.0
2024-08-01,24.75,25.0,24.450000762939453,24.899999618530273,142740,0.0,0.0,0.0
2024-08-02,24.799999237060547,25.149999618530273,24.799999237060547,25.100000381469727,178760,0.0,0.0,0.0
2024-08-05,24.600000381469727,25.25,24.600000381469727,25.25,182420,0.0,0.0,0.0
2024-08-06,25.049999237060547,25.5,24.950000762939453,25.350000381469727,184820,0.0,0.0,0.0
2024-08-07,25.5,25.549999237060547,25.0,25.25,133060,0.0,0.0,0.0
2024-08-08,25.25,25.350000381469727,24.950000762939453,25.049999237060547,83940,0.0,0.0,0.0
2024-08-09,25.549999237060547,25.649999618530273,25.25,25.350000381469727,90220,0.0,0.0,0.0
2024-08-12,25.0,25.200000762939453,24.75,25.0,180680,0.0,0.0,0.0
2024-08-13,25.0,25.149999618530273,24.600000381469727,24.799999237060547,98940,0.0,0.0,0.0
2024-08-14,24.700000762939453,25.0,24.600000381469727,25.0,90980,0.0,0.0,0.0
2024-08-15,25.049999237060547,25.049999237060547,24.600000381469727,24.600000381469727,107820,0.0,0.0,0.0
2024-08-16,24.600000381469727,24.899999618530273,24.450000762939453,24.799999237060547,79340,0.0,0.0,0.0
2024-08-19,24.649999618530273,24.850000381469727,24.5,24.799999237060547,113320,0.0,0.0,0.0
2024-08-20,24.799999237060547,25.049999237060547,24.799999237060547,25.0,79840,0.0,0.0,0.0
2024-08-21,24.950000762939453,24.950000762939453,24.450000762939453,24.549999237060547,155120,0.0,0.0,0.0
2024-08-22,24.549999237060547,24.549999237060547,23.75,24.149999618530273,249760,0.0,0.0,0.0
2024-08-23,24.100000381469727,24.100000381469727,23.799999237060547,23.950000762939453,130340,0.0,0.0,0.0
2024-08-26,23.700000762939453,23.899999618530273,23.549999237060547,23.649999618530273,128820,0.0,0.0,0.0
2024-08-27,23.600000381469727,24.200000762939453,23.600000381469727,24.100000381469727,103740,0.0,0.0,0.0
2024-08-28,24.100000381469727,24.5,24.100000381469727,24.399999618530273,99300,0.0,0.0,0.0
2024-08-29,24.25,24.700000762939453,24.200000762939453,24.649999618530273,102680,0.0,0.0,0.0
2024-08-30,24.75,24.850000381469727,24.549999237060547,24.850000381469727,185640,0.0,0.0,0.0
2024-09-03,24.700000762939453,25.450000762939453,24.700000762939453,25.399999618530273,218240,0.0,0.0,0.0
2024-09-04,25.549999237060547,26.100000381469727,25.450000762939453,26.049999237060547,207380,0.0,0.0,0.0
2024-09-05,25.799999237060547,25.899999618530273,25.450000762939453,25.75,149560,0.0,0.0,0.0
2024-09-06,25.700000762939453,26.0,25.350000381469727,25.399999618530273,195620,0.0,0.0,0.0
2024-09-09,25.399999618530273,25.5,25.200000762939453,25.5,104540,0.0,0.0,0.0
2024-09-10,25.549999237060547,25.850000381469727,25.549999237060547,25.700000762939453,99060,0.0,0.0,0.0
2024-09-11,25.799999237060547,26.0,25.649999618530273,25.850000381469727,93000,0.0,0.0,0.0
2024-09-12,26.200000762939453,26.399999618530273,25.700000762939453,25.899999618530273,166220,0.0,0.0,0.0
2024-09-13,26.299999237060547,26.649999618530273,26.149999618530273,26.5,166420,0.0,0.0,0.0
2024-09-16,26.200000762939453,26.25,25.700000762939453,25.899999618530273,105420,0.0,0.0,0.0
2024-09-17,25.950000762939453,26.100000381469727,25.649999618530273,25.899999618530273,81620,0.0,0.0,0.0
2024-09-18,25.899999618530273,26.049999237060547,25.700000762939453,25.850000381469727,50160,0.0,0.0,0.0
2024-09-19,25.549999237060547,25.600000381469727,25.350000381469727,25.5,156560,0.0,0.0,0.0
2024-09-20,25.549999237060547,25.799999237060547,25.399999618530273,25.549999237060547,91480,0.0,0.0,0.0
2024-09-23,25.75,26.200000762939453,25.75,26.049999237060547,145180,0.0,0.0,0.0
2024-09-24,26.200000762939453,26.299999237060547,25.799999237060547,25.950000762939453,126540,0.0,0.0,0.0
2024-09-25,25.950000762939453,26.399999618530273,25.850000381469727,26.399999618530273,118220,0.0,0.0,0.0
2024-09-26,26.5,26.600000381469727,26.100000381469727,26.200000762939453,146540,0.0,0.0,0.0
2024-09-27,26.0,26.100000381469727,25.799999237060547,26.049999237060547,65120,0.0,0.0,0.0
2024-09-30,26.100000381469727,26.399999618530273,26.100000381469727,26.200000762939453,148060,0.0,0.0,0.0
2024-10-01,26.200000762939453,26.950000762939453,26.200000762939453,26.75,175800,0.0,0.0,0.0
2024-10-02,27.049999237060547,27.600000381469727,27.049999237060547,27.450000762939453,233680,0.0,0.0,0.0
2024-10-03,27.399999618530273,27.600000381469727,27.049999237060547,27.100000381469727,158140,0.0,0.0,0.0
2024-10-04,26.700000762939453,26.899999618530273,26.5,26.600000381469727,185900,0.0,0.0,0.0
2024-10-07,26.549999237060547,26.850000381469727,26.549999237060547,26.850000381469727,104020,0.0,0.0,0.0
2024-10-08,26.600000381469727,26.899999618530273,26.549999237060547,26.799999237060547,122060,0.0,0.0,0.0
2024-10-09,27.149999618530273,27.200000762939453,26.799999237060547,27.0,112520,0.0,0.0,0.0
2024-10-10,27.149999618530273,27.25,26.950000762939453,27.149999618530273,67720,0.0,0.0,0.0
2024-10-11,27.100000381469727,27.350000381469727,26.649999618530273,26.899999618530273,160360,0.0,0.0,0.0
2024-10-14,26.75,26.899999618530273,26.25,26.350000381469727,103880,0.0,0.0,0.0
2024-10-15,26.200000762939453,26.200000762939453,25.950000762939453,26.0,86580,0.0,0.0,0.0
2024-10-16,25.899999618530273,26.25,25.850000381469727,26.100000381469727,63520,0.0,0.0,0.0
2024-10-17,26.100000381469727,26.399999618530273,25.799999237060547,26.299999237060547,155980,0.0,0.0,0.0
2024-10-18,26.299999237060547,26.299999237060547,25.649999618530273,25.700000762939453,158680,0.0,0.0,0.0
2024-10-21,25.649999618530273,26.100000381469727,25.649999618530273,25.700000762939453,120020,0.0,0.0,0.0
2024-10-22,25.549999237060547,25.899999618530273,25.549999237060547,25.799999237060547,103860,0.0,0.0,0.0
2024-10-23,25.549999237060547,26.049999237060547,25.549999237060547,25.899999618530273,131080,0.0,0.0,0.0
2024-10-24,25.950000762939453,26.049999237060547,25.700000762939453,26.049999237060547,105560,0.0,0.0,0.0
2024-10-25,25.75,25.75,25.450000762939453,25.549999237060547,98080,0.0,0.0,0.0
2024-10-28,25.649999618530273,25.649999618530273,25.200000762939453,25.200000762939453,96600,0.0,0.0,0.0
2024-10-29,25.25,25.75,25.25,25.649999618530273,94580,0.0,0.0,0.0
2024-10-30,25.600000381469727,26.0,25.399999618530273,25.75,76260,0.0,0.0,0.0
2024-10-31,25.649999618530273,25.75,25.399999618530273,25.700000762939453,88280,0.0,0.0,0.0
2024-11-01,25.799999237060547,25.899999618530273,25.399999618530273,25.549999237060547,115140,0.0,0.0,0.0
2024-11-04,25.5,25.75,25.450000762939453,25.600000381469727,109100,0.0,0.0,0.0
2024-11-05,25.649999618530273,25.75,25.350000381469727,25.75,81500,0.0,0.0,0.0
2024-11-06,25.399999618530273,25.799999237060547,25.25,25.700000762939453,94300,0.0,0.0,0.0
2024-11-07,25.649999618530273,25.649999618530273,25.350000381469727,25.549999237060547,92640,0.0,0.0,0.0
2024-11-08,25.649999618530273,25.75,25.299999237060547,25.549999237060547,143740,0.0,0.0,0.0
2024-11-11,25.149999618530273,25.299999237060547,24.75,25.200000762939453,209680,0.0,0.0,0.0
2024-11-12,25.25,25.399999618530273,24.600000381469727,24.700000762939453,156340,0.0,0.0,0.0
2024-11-13,24.450000762939453,24.5,24.049999237060547,24.299999237060547,157360,0.0,0.0,0.0
2024-11-14,24.049999237060547,24.200000762939453,23.850000381469727,24.0,110020,0.0,0.0,0.0
2024-11-15,24.0,24.350000381469727,23.899999618530273,24.200000762939453,113360,0.0,0.0,0.0
2024-11-18,24.299999237060547,24.75,24.25,24.649999618530273,143860,0.0,0.0,0.0
2024-11-19,24.850000381469727,25.049999237060547,24.700000762939453,24.75,105760,0.0,0.0,0.0
2024-11-20,24.700000762939453,25.0,24.600000381469727,24.950000762939453,157440,0.0,0.0,0.0
2024-11-21,25.049999237060547,25.149999618530273,24.75,24.850000381469727,111180,0.0,0.0,0.0
2024-11-22,24.850000381469727,24.850000381469727,24.549999237060547,24.649999618530273,72040,0.0,0.0,0.0
2024-11-25,24.299999237060547,24.399999618530273,24.100000381469727,24.299999237060547,137700,0.0,0.0,0.0
2024-11-26,24.5,24.600000381469727,24.149999618530273,24.350000381469727,70360,0.0,0.0,0.0
2024-11-27,24.299999237060547,24.299999237060547,23.950000762939453,23.950000762939453,139220,0.0,0.0,0.0
2024-11-29,23.950000762939453,24.149999618530273,23.75,23.950000762939453,123720,0.0,0.0,0.0
2024-12-02,23.75,24.049999237060547,23.700000762939453,23.850000381469727,182880,0.0,0.0,0.0
2024-12-03,24.200000762939453,24.200000762939453,23.799999237060547,23.899999618530273,93880,0.0,0.0,0.0
2024-12-04,23.700000762939453,23.950000762939453,23.549999237060547,23.799999237060547,147160,0.0,0.0,0.0
2024-12-05,23.950000762939453,24.350000381469727,23.950000762939453,24.25,182040,0.0,0.0,0.0
2024-12-06,24.399999618530273,24.399999618530273,24.049999237060547,24.200000762939453,109560,0.0,0.0,0.0
2024-12-09,24.5,24.5,24.25,24.350000381469727,125200,0.0,0.0,0.0
2024-12-10,24.25,24.5,24.25,24.5,104300,0.0,0.0,0.0
2024-12-11,24.600000381469727,24.799999237060547,24.5,24.549999237060547,116900,0.0,0.0,0.0
2024-12-12,24.5,24.649999618530273,24.25,24.299999237060547,117060,0.0,0.0,0.0
2024-12-13,24.299999237060547,24.350000381469727,24.049999237060547,24.100000381469727,81660,0.0,0.0,0.0
2024-12-16,24.350000381469727,24.350000381469727,24.0,24.0,106460,0.0,0.0,0.0
2024-12-17,24.049999237060547,24.049999237060547,23.75,23.75,99780,0.0,0.0,0.0
2024-12-18,23.850000381469727,24.149999618530273,23.649999618530273,23.700000762939453,107620,0.0,0.0,0.0
2024-12-19,23.549999237060547,23.549999237060547,23.299999237060547,23.350000381469727,137980,0.0,0.0,0.0
2024-12-20,23.350000381469727,23.5,23.25,23.299999237060547,130540,0.0,0.0,0.0
2024-12-23,23.399999618530273,23.799999237060547,23.399999618530273,23.649999618530273,92860,0.0,0.0,0.0
2024-12-24,23.649999618530273,23.649999618530273,23.399999618530273,23.5,107100,0.0,0.0,0.0
2024-12-26,23.5,23.799999237060547,23.450000762939453,23.700000762939453,112640,0.0,0.0,0.0
2024-12-27,23.700000762939453,23.950000762939453,23.600000381469727,23.950000762939453,105140,0.0,0.0,0.0
2024-12-30,24.100000381469727,24.25,23.850000381469727,24.049999237060547,109560,0.0,0.0,0.0
2024-12-31,24.149999618530273,24.149999618530273,23.950000762939453,24.100000381469727,111500,0.0,0.0,0.0
2025-01-02,24.049999237060547,24.100000381469727,23.799999237060547,23.899999618530273,85220,0.0,0.0,0.0
2025-01-03,23.799999237060547,23.799999237060547,23.299999237060547,23.350000381469727,182320,0.0,0.0,0.0
2025-01-06,23.600000381469727,23.899999618530273,23.5,23.850000381469727,113220,0.0,0.0,0.0
2025-01-07,23.799999237060547,23.950000762939453,23.799999237060547,23.950000762939453,77880,0.0,0.0,0.0
2025-01-08,23.600000381469727,23.799999237060547,23.600000381469727,23.600000381469727,67500,0.0,0.0,0.0
2025-01-10,23.5,23.799999237060547,23.200000762939453,23.549999237060547,456280,0.0,0.0,0.0
2025-01-13,23.700000762939453,24.100000381469727,23.700000762939453,24.100000381469727,215700,0.0,0.0,0.0
2025-01-14,24.100000381469727,24.350000381469727,24.0,24.149999618530273,165740,0.0,0.0,0.0
2025-01-15,24.200000762939453,24.299999237060547,24.0,24.100000381469727,197260,0.0,0.0,0.0
2025-01-16,23.899999618530273,24.0,23.700000762939453,23.75,150500,0.0,0.0,0.0
2025-01-17,23.649999618530273,23.899999618530273,23.600000381469727,23.75,214240,0.0,0.0,0.0
2025-01-21,24.100000381469727,24.75,24.100000381469727,24.649999618530273,348380,0.0,0.0,0.0
2025-01-22,24.850000381469727,24.950000762939453,24.399999618530273,24.5,247920,0.0,0.0,0.0
2025-01-23,24.450000762939453,24.700000762939453,24.299999237060547,24.5,126080,0.0,0.0,0.0
2025-01-24,24.450000762939453,24.450000762939453,24.049999237060547,24.200000762939453,167280,0.0,0.0,0.0
2025-01-27,24.0,24.100000381469727,23.649999618530273,23.850000381469727,165180,0.0,0.0,0.0
2025-01-28,23.899999618530273,24.299999237060547,23.850000381469727,24.200000762939453,296200,0.0,0.0,0.0
2025-01-29,24.399999618530273,24.950000762939453,24.350000381469727,24.899999618530273,331800,0.0,0.0,0.0
2025-01-30,24.950000762939453,25.149999618530273,24.850000381469727,24.950000762939453,273300,0.0,0.0,0.0
2025-01-31,24.549999237060547,24.899999618530273,24.399999618530273,24.75,196960,0.0,0.0,0.0
2025-02-03,24.649999618530273,25.25,24.549999237060547,25.0,196080,0.0,0.0,0.0
2025-02-04,24.649999618530273,25.450000762939453,24.649999618530273,25.450000762939453,219580,0.0,0.0,0.0
2025-02-05,25.5,25.649999618530273,25.149999618530273,25.25,152600,0.0,0.0,0.0
2025-02-06,25.399999618530273,25.850000381469727,25.049999237060547,25.850000381469727,255240,0.0,0.0,0.0
2025-02-07,25.549999237060547,25.75,25.549999237060547,25.600000381469727,130040,0.0,0.0,0.0
2025-02-10,25.75,25.799999237060547,25.399999618530273,25.5,148820,0.0,0.0,0.0
2025-02-11,25.700000762939453,25.899999618530273,25.450000762939453,25.5,206820,0.0,0.0,0.0
2025-02-12,25.25,25.700000762939453,25.25,25.350000381469727,183440,0.0,0.0,0.0
2025-02-13,25.5,25.600000381469727,25.299999237060547,25.5,206940,0.0,0.0,0.0
2025-02-14,25.899999618530273,26.549999237060547,25.899999618530273,26.5,396480,0.0,0.0,0.0
2025-02-18,26.350000381469727,26.75,26.25,26.649999618530273,259120,0.0,0.0,0.0
2025-02-19,26.549999237060547,26.549999237060547,26.100000381469727,26.200000762939453,180560,0.0,0.0,0.0
2025-02-20,26.299999237060547,26.350000381469727,25.899999618530273,26.0,156820,0.0,0.0,0.0
2025-02-21,26.149999618530273,26.200000762939453,25.950000762939453,26.149999618530273,93440,0.0,0.0,0.0
2025-02-24,25.799999237060547,25.850000381469727,25.5,25.75,215040,0.0,0.0,0.0
2025-02-25,25.549999237060547,25.549999237060547,25.200000762939453,25.5,310240,0.0,0.0,0.0
2025-02-26,25.450000762939453,25.549999237060547,25.049999237060547,25.149999618530273,123920,0.0,0.0,0.0
2025-02-27,24.899999618530273,24.899999618530273,24.399999618530273,24.5,305440,0.0,0.0,0.0
2025-02-28,24.649999618530273,24.75,24.100000381469727,24.149999618530273,190800,0.0,0.0,0.0
2025-03-03,24.200000762939453,24.299999237060547,23.75,23.799999237060547,289300,0.0,0.0,0.0
2025-03-04,23.5,23.600000381469727,23.200000762939453,23.5,420980,0.0,0.0,0.0
2025-03-05,23.700000762939453,24.0,23.549999237060547,23.950000762939453,306020,0.0,0.0,0.0
2025-03-06,24.0,24.399999618530273,23.75,24.149999618530273,258280,0.0,0.0,0.0
2025-03-07,23.850000381469727,24.149999618530273,23.799999237060547,24.049999237060547,141340,0.0,0.0,0.0
2025-03-10,24.549999237060547,24.600000381469727,24.350000381469727,24.5,319900,0.0,0.0,0.0
2025-03-11,24.399999618530273,24.549999237060547,24.200000762939453,24.25,239180,0.0,0.0,0.0
2025-03-12,24.25,24.399999618530273,23.899999618530273,24.25,208780,0.0,0.0,0.0
2025-03-13,24.5,24.700000762939453,24.399999618530273,24.5,204140,0.0,0.0,0.0
2025-03-14,24.600000381469727,24.700000762939453,24.299999237060547,24.450000762939453,226940,0.0,0.0,0.0
2025-03-17,24.799999237060547,25.100000381469727,24.75,24.850000381469727,228180,0.0,0.0,0.0
2025-03-18,24.850000381469727,25.100000381469727,24.649999618530273,24.75,227200,0.0,0.0,0.0
2025-03-19,24.649999618530273,24.850000381469727,24.5,24.700000762939453,310480,0.0,0.0,0.0
2025-03-20,24.450000762939453,24.549999237060547,24.200000762939453,24.299999237060547,187280,0.0,0.0,0.0
2025-03-21,24.350000381469727,24.600000381469727,24.200000762939453,24.450000762939453,59240,0.0,0.0,0.0
2025-03-24,24.149999618530273,24.149999618530273,23.899999618530273,24.049999237060547,166280,0.0,0.0,0.0
2025-03-25,24.0,24.049999237060547,23.75,23.899999618530273,164200,0.0,0.0,0.0
2025-03-26,23.75,23.850000381469727,23.450000762939453,23.450000762939453,225420,0.0,0.0,0.0
2025-03-27,23.399999618530273,23.5,23.149999618530273,23.350000381469727,275340,0.0,0.0,0.0
2025-03-28,23.049999237060547,23.200000762939453,22.75,23.100000381469727,288040,0.0,0.0,0.0
2025-03-31,23.100000381469727,23.549999237060547,23.0,23.399999618530273,303740,0.0,0.0,0.0
2025-04-01,23.399999618530273,23.700000762939453,23.399999618530273,23.600000381469727,213000,0.0,0.0,0.0
2025-04-02,23.299999237060547,23.700000762939453,23.299999237060547,23.5,102900,0.0,0.0,0.0
2025-04-03,23.149999618530273,23.600000381469727,23.049999237060547,23.450000762939453,168040,0.0,0.0,0.0
2025-04-04,23.0,23.25,22.75,23.100000381469727,359960,0.0,0.0,0.0
2025-04-07,23.350000381469727,23.75,23.200000762939453,23.299999237060547,261920,0.0,0.0,0.0
2025-04-08,23.600000381469727,23.700000762939453,23.25,23.350000381469727,262800,0.0,0.0,0.0
2025-04-09,23.799999237060547,23.799999237060547,23.299999237060547,23.649999618530273,232860,0.0,0.0,0.0
2025-04-10,23.600000381469727,23.700000762939453,23.299999237060547,23.450000762939453,151260,0.0,0.0,0.0
2025-04-11,23.850000381469727,24.200000762939453,23.850000381469727,24.149999618530273,262160,0.0,0.0,0.0
2025-04-14,23.950000762939453,23.950000762939453,23.700000762939453,23.899999618530273,158360,0.0,0.0,0.0
2025-04-15,23.799999237060547,23.899999618530273,23.549999237060547,23.649999618530273,123520,0.0,0.0,0.0
2025-04-16,23.850000381469727,23.899999618530273,23.600000381469727,23.75,129560,0.0,0.0,0.0
2025-04-17,23.950000762939453,24.100000381469727,23.799999237060547,23.799999237060547,92360,0.0,0.0,0.0
2025-04-21,24.0,24.049999237060547,23.450000762939453,23.450000762939453,123220,0.0,0.0,0.0
2025-04-22,23.350000381469727,23.600000381469727,23.200000762939453,23.350000381469727,159180,0.0,0.0,0.0
2025-04-23,23.25,23.350000381469727,23.100000381469727,23.149999618530273,161520,0.0,0.0,0.0
2025-04-24,23.049999237060547,23.200000762939453,22.899999618530273,23.100000381469727,164180,0.0,0.0,0.0
2025-04-25,23.149999618530273,23.299999237060547,23.049999237060547,23.200000762939453,125440,0.0,0.0,0.0
2025-04-28,22.799999237060547,22.799999237060547,22.5,22.649999618530273,263480,0.0,0.0,0.0
2025-04-29,22.700000762939453,22.850000381469727,22.299999237060547,22.399999618530273,219340,0.0,0.0,0.0
2025-04-30,22.350000381469727,22.950000762939453,22.350000381469727,22.600000381469727,227380,0.0,0.0,0.0
2025-05-01,22.700000762939453,22.899999618530273,22.549999237060547,22.649999618530273,178880,0.0,0.0,0.0
2025-05-02,23.0,23.200000762939453,22.950000762939453,23.049999237060547,186580,0.0,0.0,0.0
2025-05-05,22.899999618530273,23.0,22.600000381469727,22.600000381469727,128520,0.0,0.0,0.0
2025-05-06,22.799999237060547,22.899999618530273,22.649999618530273,22.700000762939453,144460,0.0,0.0,0.0
2025-05-07,22.850000381469727,22.950000762939453,22.700000762939453,22.75,103240,0.0,0.0,0.0
2025-05-08,22.700000762939453,22.700000762939453,22.350000381469727,22.549999237060547,150660,0.0,0.0,0.0
2025-05-09,22.600000381469727,22.600000381469727,22.200000762939453,22.200000762939453,226480,0.0,0.0,0.0
2025-05-12,22.200000762939453,22.450000762939453,21.899999618530273,21.950000762939453,376300,0.0,0.0,0.0
2025-05-13,21.75,22.149999618530273,21.649999618530273,22.049999237060547,239240,0.0,0.0,0.0
2025-05-14,21.950000762939453,22.350000381469727,21.899999618530273,22.25,205880,0.0,0.0,0.0
2025-05-15,22.5,22.600000381469727,22.25,22.549999237060547,148520,0.0,0.0,0.0
2025-05-16,22.450000762939453,22.600000381469727,22.25,22.350000381469727,126260,0.0,0.0,0.0
2025-05-19,22.450000762939453,22.700000762939453,22.299999237060547,22.5,136060,0.0,0.0,0.0
2025-05-20,22.75,23.100000381469727,22.75,23.049999237060547,178860,0.0,0.0,0.0
2025-05-21,23.25,23.450000762939453,23.100000381469727,23.149999618530273,165620,0.0,0.0,0.0
2025-05-22,23.25,23.350000381469727,23.049999237060547,23.200000762939453,129340,0.0,0.0,0.0
2025-05-23,23.200000762939453,23.299999237060547,22.899999618530273,23.100000381469727,98220,0.0,0.0,0.0
2025-05-27,22.850000381469727,22.850000381469727,22.549999237060547,22.549999237060547,124660,0.0,0.0,0.0
2025-05-28,22.700000762939453,22.799999237060547,22.5,22.549999237060547,61840,0.0,0.0,0.0
2025-05-29,22.600000381469727,22.799999237060547,22.5,22.799999237060547,76220,0.0,0.0,0.0
2025-05-30,22.850000381469727,22.850000381469727,22.649999618530273,22.649999618530273,71200,0.0,0.0,0.0
2025-06-02,23.100000381469727,23.25,22.799999237060547,22.850000381469727,157280,0.0,0.0,0.0
2025-06-03,23.0,23.100000381469727,22.700000762939453,22.75,110140,0.0,0.0,0.0
2025-06-04,22.799999237060547,23.149999618530273,22.700000762939453,23.049999237060547,135360,0.0,0.0,0.0
2025-06-05,23.149999618530273,23.25,22.950000762939453,23.100000381469727,91780,0.0,0.0,0.0
2025-06-06,23.100000381469727,23.450000762939453,22.950000762939453,23.399999618530273,131800,0.0,0.0,0.0
2025-06-09,23.149999618530273,23.149999618530273,22.899999618530273,23.049999237060547,121320,0.0,0.0,0.0
2025-06-10,22.850000381469727,22.950000762939453,22.549999237060547,22.700000762939453,158700,0.0,0.0,0.0
2025-06-11,22.75,22.799999237060547,22.600000381469727,22.700000762939453,132320,0.0,0.0,0.0
2025-06-12,22.850000381469727,22.850000381469727,22.399999618530273,22.450000762939453,121940,0.0,0.0,0.0
2025-06-13,22.549999237060547,23.100000381469727,22.5,23.100000381469727,131520,0.0,0.0,0.0
2025-06-16,22.950000762939453,22.950000762939453,22.600000381469727,22.799999237060547,104880,0.0,0.0,0.0
2025-06-17,22.950000762939453,23.399999618530273,22.950000762939453,23.299999237060547,152720,0.0,0.0,0.0
2025-06-18,23.399999618530273,24.25,23.399999618530273,24.200000762939453,308600,0.0,0.0,0.0
2025-06-20,24.0,24.350000381469727,23.950000762939453,24.0,182540,0.0,0.0,0.0
2025-06-23,23.75,23.799999237060547,23.350000381469727,23.549999237060547,195920,0.0,0.0,0.0
2025-06-24,23.149999618530273,23.149999618530273,22.799999237060547,22.799999237060547,172940,0.0,0.0,0.0
2025-06-25,22.700000762939453,22.799999237060547,22.5,22.549999237060547,204040,0.0,0.0,0.0
2025-06-26,22.5,22.549999237060547,22.25,22.25,203380,0.0,0.0,0.0
2025-06-27,22.399999618530273,22.549999237060547,22.25,22.399999618530273,119960,0.0,0.0,0.0
2025-06-30,22.299999237060547,22.5,22.149999618530273,22.200000762939453,311060,0.0,0.0,0.0
2025-07-01,22.399999618530273,22.649999618530273,22.299999237060547,22.649999618530273,142520,0.0,0.0,0.0
2025-07-02,22.5,23.200000762939453,22.450000762939453,23.200000762939453,456580,0.0,0.0,0.0
2025-07-03,23.200000762939453,23.350000381469727,23.049999237060547,23.149999618530273,138900,0.0,0.0,0.0
2025-07-07,22.549999237060547,22.799999237060547,22.450000762939453,22.700000762939453,152660,0.0,0.0,0.0
2025-07-08,22.549999237060547,22.700000762939453,22.5,22.649999618530273,82360,0.0,0.0,0.0
2025-07-09,22.600000381469727,22.700000762939453,22.450000762939453,22.600000381469727,110800,0.0,0.0,0.0
2025-07-10,22.700000762939453,22.899999618530273,22.600000381469727,22.899999618530273,130800,0.0,0.0,0.0
2025-07-11,22.75,22.899999618530273,22.450000762939453,22.5,119480,0.0,0.0,0.0
2025-07-14,22.649999618530273,22.700000762939453,22.299999237060547,22.450000762939453,168960,0.0,0.0,0.0
2025-07-15,22.350000381469727,22.5,22.200000762939453,22.299999237060547,323440,0.0,0.0,0.0
2025-07-16,22.200000762939453,22.450000762939453,22.100000381469727,22.350000381469727,98180,0.0,0.0,0.0
2025-07-17,22.200000762939453,22.299999237060547,22.049999237060547,22.100000381469727,114280,0.0,0.0,0.0
2025-07-18,22.450000762939453,22.700000762939453,22.450000762939453,22.600000381469727,153680,0.0,0.0,0.0
2025-07-21,22.600000381469727,22.649999618530273,22.399999618530273,22.450000762939453,99680,0.0,0.0,0.0
2025-07-22,22.5,22.75,22.5,22.600000381469727,97660,0.0,0.0,0.0
2025-07-23,22.549999237060547,22.549999237060547,22.350000381469727,22.350000381469727,84880,0.0,0.0,0.0
2025-07-24,22.450000762939453,22.450000762939453,22.149999618530273,22.399999618530273,433900,0.0,0.0,0.0
2025-07-25,22.299999237060547,22.299999237060547,22.100000381469727,22.299999237060547,89660,0.0,0.0,0.0
2025-07-28,22.100000381469727,22.299999237060547,22.049999237060547,22.25,82980,0.0,0.0,0.0
2025-07-29,22.0,22.049999237060547,21.799999237060547,21.950000762939453,131000,0.0,0.0,0.0
2025-07-30,21.850000381469727,22.0,21.75,21.799999237060547,128460,0.0,0.0,0.0
2025-07-31,21.700000762939453,21.75,21.450000762939453,21.75,181900,0.0,0.0,0.0
2025-08-01,21.549999237060547,21.649999618530273,21.450000762939453,21.5,91120,0.0,0.0,0.0
2025-08-04,21.549999237060547,21.700000762939453,21.5,21.549999237060547,76980,0.0,0.0,0.0
2025-08-05,21.399999618530273,21.450000762939453,21.100000381469727,21.25,232020,0.0,0.0,0.0
2025-08-06,21.149999618530273,21.299999237060547,21.049999237060547,21.25,144160,0.0,0.0,0.0
2025-08-07,21.549999237060547,21.700000762939453,21.450000762939453,21.649999618530273,174720,0.0,0.0,0.0
2025-08-08,21.649999618530273,21.75,21.399999618530273,21.5,335340,0.0,0.0,0.0
2025-08-11,21.450000762939453,21.75,21.450000762939453,21.450000762939453,101980,0.0,0.0,0.0
2025-08-12,21.299999237060547,21.350000381469727,21.049999237060547,21.100000381469727,121220,0.0,0.0,0.0
2025-08-13,21.049999237060547,21.299999237060547,21.049999237060547,21.200000762939453,117600,0.0,0.0,0.0
2025-08-14,21.100000381469727,21.200000762939453,20.899999618530273,21.0,180560,0.0,0.0,0.0
2025-08-15,21.149999618530273,21.200000762939453,21.0,21.100000381469727,87240,0.0,0.0,0.0
2025-08-18,21.049999237060547,21.25,20.950000762939453,21.049999237060547,129640,0.0,0.0,0.0
2025-08-19,20.950000762939453,21.0,20.899999618530273,20.950000762939453,102780,0.0,0.0,0.0
2025-08-20,21.0,21.25,21.0,21.149999618530273,77240,0.0,0.0,0.0
2025-08-21,21.350000381469727,21.350000381469727,21.049999237060547,21.149999618530273,115520,0.0,0.0,0.0
2025-08-22,21.149999618530273,21.299999237060547,21.100000381469727,21.100000381469727,73820,0.0,0.0,0.0
2025-08-25,21.100000381469727,21.399999618530273,21.100000381469727,21.200000762939453,105940,0.0,0.0,0.0
2025-08-26,21.25,21.399999618530273,21.25,21.25,136540,0.0,0.0,0.0
2025-08-27,21.149999618530273,21.149999618530273,21.0,21.100000381469727,83320,0.0,0.0,0.0
2025-08-28,20.950000762939453,21.200000762939453,20.850000381469727,21.200000762939453,115120,0.0,0.0,0.0
2025-08-29,21.200000762939453,21.399999618530273,21.100000381469727,21.399999618530273,92200,0.0,0.0,0.0
2025-09-02,21.049999237060547,21.149999618530273,20.950000762939453,21.100000381469727,122400,0.0,0.0,0.0
2025-09-03,21.100000381469727,21.149999618530273,20.850000381469727,20.850000381469727,142400,0.0,0.0,0.0
2025-09-04,20.75,20.850000381469727,20.649999618530273,20.850000381469727,154000,0.0,0.0,0.0
2025-09-05,20.850000381469727,20.950000762939453,20.75,20.850000381469727,348020,0.0,0.0,0.0
2025-09-08,20.850000381469727,21.0,20.799999237060547,21.0,88800,0.0,0.0,0.0
2025-09-09,20.950000762939453,21.049999237060547,20.799999237060547,20.799999237060547,91860,0.0,0.0,0.0
2025-09-10,20.899999618530273,20.899999618530273,20.649999618530273,20.700000762939453,99560,0.0,0.0,0.0
2025-09-11,20.549999237060547,20.950000762939453,20.549999237060547,20.899999618530273,212220,0.0,0.0,0.0
2025-09-12,20.799999237060547,21.0,20.700000762939453,21.0,134060,0.0,0.0,0.0
2025-09-15,21.100000381469727,21.25,21.0,21.100000381469727,297760,0.0,0.0,0.0
2025-09-16,21.25,21.5,21.200000762939453,21.450000762939453,195260,0.0,0.0,0.0
2025-09-17,21.450000762939453,21.450000762939453,21.149999618530273,21.25,87400,0.0,0.0,0.0
2025-09-18,21.25,21.299999237060547,21.049999237060547,21.100000381469727,152580,0.0,0.0,0.0
2025-09-19,21.100000381469727,21.100000381469727,20.950000762939453,21.049999237060547,90900,0.0,0.0,0.0
2025-09-22,20.850000381469727,20.850000381469727,20.549999237060547,20.600000381469727,221160,0.0,0.0,0.0
2025-09-23,20.649999618530273,21.0,20.649999618530273,21.0,158960,0.0,0.0,0.0
2025-09-24,21.100000381469727,21.100000381469727,20.899999618530273,20.899999618530273,100920,0.0,0.0,0.0
2025-09-25,21.100000381469727,21.200000762939453,21.0,21.149999618530273,112500,0.0,0.0,0.0
2025-09-26,21.0,21.0,20.899999618530273,20.950000762939453,167820,0.0,0.0,0.0
2025-09-29,20.950000762939453,21.049999237060547,20.899999618530273,20.950000762939453,140000,0.0,0.0,0.0
2025-09-30,20.899999618530273,20.899999618530273,20.549999237060547,20.549999237060547,187080,0.0,0.0,0.0
2025-10-01,20.399999618530273,20.649999618530273,20.350000381469727,20.649999618530273,211120,0.0,0.0,0.0
2025-10-02,20.700000762939453,20.850000381469727,20.600000381469727,20.799999237060547,107400,0.0,0.0,0.0
2025-10-03,20.799999237060547,20.899999618530273,20.700000762939453,20.75,107820,0.0,0.0,0.0
2025-10-06,20.799999237060547,20.850000381469727,20.649999618530273,20.700000762939453,86840,0.0,0.0,0.0
2025-10-07,20.700000762939453,20.75,20.5,20.5,108740,0.0,0.0,0.0
2025-10-08,20.5,20.549999237060547,20.399999618530273,20.5,152320,0.0,0.0,0.0
2025-10-09,20.549999237060547,20.649999618530273,20.450000762939453,20.450000762939453,112480,0.0,0.0,0.0
2025-10-10,20.399999618530273,20.399999618530273,20.100000381469727,20.200000762939453,167820,0.0,0.0,0.0
2025-10-13,20.049999237060547,20.200000762939453,20.0,20.149999618530273,212500,0.0,0.0,0.0
2025-10-14,20.049999237060547,20.25,19.950000762939453,20.200000762939453,176700,0.0,0.0,0.0
2025-10-15,20.049999237060547,20.25,20.0,20.149999618530273,114080,0.0,0.0,0.0
2025-10-16,20.100000381469727,20.299999237060547,20.049999237060547,20.25,102280,0.0,0.0,0.0
2025-10-17,20.299999237060547,20.350000381469727,20.149999618530273,20.25,104960,0.0,0.0,0.0
2025-10-20,20.200000762939453,20.399999618530273,20.200000762939453,20.399999618530273,94340,0.0,0.0,0.0
2025-10-21,20.25,20.25,20.100000381469727,20.149999618530273,87220,0.0,0.0,0.0
2025-10-22,20.200000762939453,20.299999237060547,20.149999618530273,20.200000762939453,82020,0.0,0.0,0.0
2025-10-23,20.299999237060547,20.600000381469727,20.200000762939453,20.549999237060547,134720,0.0,0.0,0.0
2025-10-24,20.549999237060547,20.649999618530273,20.450000762939453,20.549999237060547,130900,0.0,0.0,0.0
2025-10-27,21.0,21.149999618530273,21.0,21.049999237060547,307940,0.0,0.0,0.0
2025-10-28,21.350000381469727,21.399999618530273,21.049999237060547,21.25,183660,0.0,0.0,0.0
2025-10-29,21.200000762939453,21.350000381469727,21.149999618530273,21.25,160220,0.0,0.0,0.0
2025-10-30,21.149999618530273,21.149999618530273,20.850000381469727,21.0,132140,0.0,0.0,0.0
2025-10-31,20.899999618530273,21.25,20.799999237060547,21.200000762939453,93060,0.0,0.0,0.0
2025-11-03,21.450000762939453,21.649999618530273,21.149999618530273,21.649999618530273,244760,0.0,0.0,0.0
2025-11-04,21.649999618530273,21.799999237060547,21.450000762939453,21.75,196280,0.0,0.0,0.0
2025-11-05,21.700000762939453,21.899999618530273,21.600000381469727,21.850000381469727,129520,0.0,0.0,0.0
2025-11-06,21.649999618530273,21.700000762939453,21.25,21.299999237060547,185300,0.0,0.0,0.0
2025-11-07,21.200000762939453,21.299999237060547,20.950000762939453,20.950000762939453,157080,0.0,0.0,0.0
2025-11-10,21.299999237060547,21.350000381469727,21.100000381469727,21.299999237060547,122960,0.0,0.0,0.0
2025-11-11,21.25,21.450000762939453,21.149999618530273,21.450000762939453,87600,0.0,0.0,0.0
2025-11-12,21.149999618530273,21.549999237060547,21.149999618530273,21.450000762939453,81240,0.0,0.0,0.0
2025-11-13,21.5,21.600000381469727,21.399999618530273,21.450000762939453,70180,0.0,0.0,0.0
2025-11-14,21.649999618530273,21.649999618530273,21.0,21.049999237060547,211460,0.0,0.0,0.0
2025-11-17,21.25,21.649999618530273,21.25,21.649999618530273,143660,0.0,0.0,0.0
2025-11-18,21.649999618530273,21.75,21.5,21.649999618530273,92260,0.0,0.0,0.0
2025-11-19,21.649999618530273,21.649999618530273,21.200000762939453,21.299999237060547,130180,0.0,0.0,0.0
2025-11-20,21.450000762939453,21.450000762939453,20.899999618530273,20.950000762939453,105900,0.0,0.0,0.0
2025-11-21,20.899999618530273,21.049999237060547,20.799999237060547,20.950000762939453,96200,0.0,0.0,0.0
2025-11-24,20.75,20.799999237060547,20.600000381469727,20.799999237060547,180340,0.0,0.0,0.0
2025-11-25,20.739999771118164,20.920000076293945,20.690000534057617,20.889999389648438,71600,0.0,0.2,0.0
2025-11-26,20.8799991607666,21.059999465942383,20.81999969482422,20.959999084472656,155500,0.0,0.0,0.0
2025-11-28,20.959999084472656,20.989999771118164,20.739999771118164,20.84000015258789,89200,0.0,0.0,0.0
2025-12-01,20.700000762939453,20.84000015258789,20.649999618530273,20.739999771118164,98100,0.0,0.0,0.0
2025-12-02,20.600000381469727,21.010000228881836,20.549999237060547,20.90999984741211,78400,0.0,0.0,0.0
2025-12-03,20.84000015258789,20.899999618530273,20.780000686645508,20.850000381469727,124100,0.0,0.0,0.0
2025-12-04,20.709999084472656,20.899999618530273,20.59000015258789,20.8700008392334,59600,0.0,0.0,0.0
2025-12-05,20.8799991607666,20.93000030517578,20.670000076293945,20.700000762939453,688800,0.0,0.0,0.0
2025-12-08,20.75,20.809999465942383,20.600000381469727,20.68000030517578,175600,0.0,0.0,0.0
2025-12-09,20.639999389648438,20.739999771118164,20.56999969482422,20.649999618530273,120500,0.0,0.0,0.0
2025-12-10,20.5,20.530000686645508,20.3700008392334,20.510000228881836,168400,0.0,0.0,0.0
2025-12-11,20.59000015258789,20.68000030517578,20.5,20.670000076293945,63500,0.0,0.0,0.0
2025-12-12,20.510000228881836,20.6299991607666,20.5,20.530000686645508,116400,0.0,0.0,0.0
2025-12-15,20.309999465942383,20.3799991607666,20.200000762939453,20.25,319200,0.0,0.0,0.0
2025-12-16,20.110000610351562,20.110000610351562,19.889999389648438,19.93000030517578,680100,0.0,0.0,0.0
2025-12-17,19.920000076293945,19.93000030517578,19.809999465942383,19.8799991607666,126200,0.0,0.0,0.0
2025-12-18,19.8700008392334,20.0,19.850000381469727,19.940000534057617,119400,0.0,0.0,0.0
2025-12-19,19.920000076293945,20.040000915527344,19.860000610351562,19.979999542236328,56800,0.0,0.0,0.0
2025-12-22,20.209999084472656,20.270000457763672,20.15999984741211,20.200000762939453,100600,0.0,0.0,0.0
2025-12-23,20.209999084472656,20.299999237060547,20.149999618530273,20.270000457763672,117800,0.0,0.0,0.0
2025-12-24,20.440000534057617,20.549999237060547,20.399999618530273,20.469999313354492,74700,0.0,0.0,0.0
2025-12-26,20.5,20.520000457763672,20.31999969482422,20.440000534057617,135800,0.0,0.0,0.0
2025-12-29,20.280000686645508,20.34000015258789,20.149999618530273,20.200000762939453,115900,0.0,0.0,0.0
2025-12-30,20.239999771118164,20.239999771118164,20.079999923706055,20.079999923706055,76400,0.0,0.0,0.0
2025-12-31,20.020000457763672,20.1299991607666,19.950000762939453,19.969999313354492,146000,0.0,0.0,0.0
2026-01-02,19.959999084472656,20.020000457763672,19.780000686645508,20.0,110500,0.0,0.0,0.0
2026-01-05,20.079999923706055,20.209999084472656,19.979999542236328,20.190000534057617,92700,0.0,0.0,0.0
2026-01-06,20.149999618530273,20.190000534057617,20.020000457763672,20.040000915527344,104200,0.0,0.0,0.0
2026-01-07,20.219999313354492,20.34000015258789,20.209999084472656,20.309999465942383,85200,0.0,0.0,0.0
2026-01-08,20.309999465942383,20.469999313354492,20.260000228881836,20.3700008392334,158500,0.0,0.0,0.0
2026-01-09,20.350000381469727,20.399999618530273,20.209999084472656,20.34000015258789,142000,0.0,0.0,0.0
2026-01-12,20.530000686645508,20.690000534057617,20.010000228881836,20.190000534057617,216800,0.0,0.0,0.0
2026-01-13,20.079999923706055,20.209999084472656,20.0,20.1200008392334,90700,0.0,0.0,0.0
2026-01-14,20.190000534057617,20.219999313354492,20.049999237060547,20.139999389648438,138700,0.0,0.0,0.0
2026-01-15,20.299999237060547,20.299999237060547,20.06999969482422,20.06999969482422,122500,0.0,0.0,0.0
2026-01-16,20.309999465942383,20.440000534057617,20.309999465942383,20.360000610351562,90800,0.0,0.0,0.0
2026-01-20,20.260000228881836,20.260000228881836,20.09000015258789,20.110000610351562,101900,0.0,0.0,0.0
2026-01-21,20.31999969482422,20.31999969482422,20.020000457763672,20.049999237060547,114300,0.0,0.0,0.0
2026-01-22,20.200000762939453,20.34000015258789,20.18000030517578,20.309999465942383,113400,0.0,0.0,0.0
2026-01-23,20.40999984741211,20.770000457763672,20.40999984741211,20.75,338000,0.0,0.0,0.0
2026-01-26,20.719999313354492,20.75,20.510000228881836,20.530000686645508,293400,0.0,0.0,0.0
2026-01-27,20.6200008392334,20.6200008392334,20.469999313354492,20.5,117400,0.0,0.0,0.0
2026-01-28,20.770000457763672,21.06999969482422,20.770000457763672,20.8799991607666,441300,0.0,0.0,0.0
2026-01-29,21.079999923706055,21.170000076293945,20.8799991607666,21.1299991607666,451300,0.0,0.0,0.0
2026-01-30,21.100000381469727,21.1299991607666,20.809999465942383,20.969999313354492,200400,0.0,0.0,0.0
2026-02-02,20.709999084472656,20.760000228881836,20.520000457763672,20.56999969482422,246800,0.0,0.0,0.0
2026-02-03,20.649999618530273,20.719999313354492,20.559999465942383,20.670000076293945,178100,0.0,0.0,0.0
2026-02-04,20.540000915527344,20.760000228881836,20.420000076293945,20.600000381469727,214900,0.0,0.0,0.0
2026-02-05,20.579999923706055,20.920000076293945,20.5,20.8700008392334,275800,0.0,0.0,0.0
2026-02-06,20.889999389648438,21.010000228881836,20.6200008392334,20.700000762939453,288700,0.0,0.0,0.0
2026-02-09,20.65999984741211,20.700000762939453,20.549999237060547,20.649999618530273,118800,0.0,0.0,0.0
2026-02-10,20.690000534057617,20.739999771118164,20.520000457763672,20.670000076293945,228500,0.0,0.0,0.0
2026-02-11,20.6299991607666,20.920000076293945,20.559999465942383,20.8799991607666,233100,0.0,0.0,0.0
2026-02-12,20.93000030517578,21.350000381469727,20.8799991607666,21.34000015258789,376800,0.0,0.0,0.0
2026-02-13,21.040000915527344,21.149999618530273,20.959999084472656,20.979999542236328,455400,0.0,0.0,0.0
2026-02-17,20.729999542236328,20.809999465942383,20.639999389648438,20.770000457763672,240700,0.0,0.0,0.0
2026-02-18,20.940000534057617,21.139999389648438,20.920000076293945,21.139999389648438,181300,0.0,0.0,0.0
2026-02-19,21.280000686645508,21.81999969482422,21.280000686645508,21.81999969482422,517100,0.0,0.0,0.0
2026-02-20,21.799999237060547,22.170000076293945,21.670000076293945,22.170000076293945,451400,0.0,0.0,0.0
2026-02-23,21.93000030517578,22.239999771118164,21.860000610351562,21.90999984741211,396500,0.0,0.0,0.0
2026-02-24,21.90999984741211,22.079999923706055,21.809999465942383,21.8700008392334,245300,0.0,0.0,0.0
2026-02-25,21.75,21.790000915527344,21.549999237060547,21.75,254500,0.0,0.0,0.0
2026-02-26,21.770000457763672,21.950000762939453,21.670000076293945,21.920000076293945,171800,0.0,0.0,0.0
2026-02-27,22.31999969482422,22.700000762939453,22.31999969482422,22.56999969482422,488600,0.0,0.0,0.0
2026-03-02,22.420000076293945,22.420000076293945,21.950000762939453,21.989999771118164,459500,0.0,0.0,0.0
2026-03-03,22.229999542236328,22.229999542236328,21.780000686645508,21.850000381469727,421000,0.0,0.0,0.0
2026-03-04,21.709999084472656,21.790000915527344,21.610000610351562,21.790000915527344,753100,0.0,0.0,0.0
2026-03-05,21.90999984741211,22.399999618530273,21.90999984741211,22.350000381469727,1082500,0.0,0.0,0.0
2026-03-06,23.0,23.6299991607666,22.959999084472656,23.610000610351562,2215300,0.0,0.0,0.0
2026-03-09,23.690000534057617,23.770000457763672,22.770000457763672,22.979999542236328,3475600,0.0,0.0,0.0
2026-03-10,22.979999542236328,23.030000686645508,22.3799991607666,22.729999542236328,1173700,0.0,0.0,0.0
2026-03-11,23.049999237060547,23.09000015258789,22.59000015258789,22.850000381469727,1063000,0.0,0.0,0.0
2026-03-12,23.1200008392334,23.420000076293945,22.860000610351562,22.920000076293945,2010600,0.0,0.0,0.0
2026-03-13,22.969999313354492,23.459999084472656,22.770000457763672,23.43000030517578,1370400,0.0,0.0,0.0
2026-03-16,23.190000534057617,23.25,22.770000457763672,22.850000381469727,1082800,0.0,0.0,0.0
2026-03-17,22.690000534057617,22.770000457763672,22.479999542236328,22.610000610351562,1093000,0.0,0.0,0.0
2026-03-18,22.709999084472656,23.229999542236328,22.700000762939453,23.209999084472656,1035000,0.0,0.0,0.0
2026-03-19,23.280000686645508,23.3700008392334,22.969999313354492,23.34000015258789,1544800,0.0,0.0,0.0
2026-03-20,23.049999237060547,23.190000534057617,22.809999465942383,22.850000381469727,1008000,0.0,0.0,0.0
2026-03-23,22.600000381469727,22.68000030517578,22.229999542236328,22.68000030517578,1300400,0.0,0.0,0.0
2026-03-24,22.610000610351562,22.829999923706055,22.3799991607666,22.700000762939453,865000,0.0,0.0,0.0
2026-03-25,22.440000534057617,22.979999542236328,22.440000534057617,22.969999313354492,677700,0.0,0.0,0.0
2026-03-26,22.799999237060547,23.219999313354492,22.729999542236328,23.1200008392334,736100,0.0,0.0,0.0
2026-03-27,23.200000762939453,23.43000030517578,22.950000762939453,23.170000076293945,1228400,0.0,0.0,0.0
2026-03-30,23.0,23.3799991607666,22.950000762939453,23.260000228881836,948200,0.0,0.0,0.0
2026-03-31,23.309999465942383,23.829999923706055,23.309999465942383,23.56999969482422,1871500,0.0,0.0,0.0
2026-04-01,23.1200008392334,23.139999389648438,22.719999313354492,22.829999923706055,1573800,0.0,0.0,0.0
2026-04-02,23.190000534057617,23.280000686645508,22.850000381469727,22.8700008392334,808700,0.0,0.0,0.0
2026-04-06,22.809999465942383,22.860000610351562,22.559999465942383,22.850000381469727,1259500,0.0,0.0,0.0
2026-04-07,22.739999771118164,23.0,22.68000030517578,22.850000381469727,1287300,0.0,0.0,0.0
2026-04-08,22.200000762939453,22.440000534057617,22.1299991607666,22.25,1158900,0.0,0.0,0.0
2026-04-09,22.5,22.5,21.81999969482422,22.010000228881836,1444900,0.0,0.0,0.0
2026-04-10,21.860000610351562,22.0,21.719999313354492,21.790000915527344,1733800,0.0,0.0,0.0
2026-04-13,22.18000030517578,22.479999542236328,22.15999984741211,22.18000030517578,874300,0.0,0.0,0.0
2026-04-14,22.25,22.6200008392334,22.229999542236328,22.610000610351562,517400,0.0,0.0,0.0
2026-04-15,22.450000762939453,22.700000762939453,22.329999923706055,22.530000686645508,345100,0.0,0.0,0.0
2026-04-16,22.809999465942383,23.1299991607666,22.690000534057617,22.799999237060547,572500,0.0,0.0,0.0
2026-04-17,22.43000030517578,22.549999237060547,22.010000228881836,22.469999313354492,1334200,0.0,0.0,0.0
2026-04-20,22.6200008392334,22.989999771118164,22.510000228881836,22.75,519800,0.0,0.0,0.0
2026-04-21,22.690000534057617,23.15999984741211,22.65999984741211,23.15999984741211,701600,0.0,0.0,0.0
2026-04-22,23.06999969482422,23.1200008392334,22.84000015258789,22.860000610351562,640100,0.0,0.0,0.0
2026-04-23,22.959999084472656,23.420000076293945,22.889999389648438,23.40999984741211,607800,0.0,0.0,0.0
2026-04-24,23.309999465942383,23.309999465942383,23.030000686645508,23.190000534057617,920300,0.0,0.0,0.0
2026-04-27,23.280000686645508,23.739999771118164,23.25,23.709999084472656,672900,0.0,0.0,0.0
2026-04-28,24.079999923706055,24.770000457763672,24.040000915527344,24.719999313354492,1575900,0.0,0.0,0.0
2026-04-29,24.90999984741211,25.239999771118164,24.540000915527344,24.610000610351562,1812000,0.0,0.0,0.0
2026-04-30,24.290000915527344,24.290000915527344,23.940000534057617,24.110000610351562,913800,0.0,0.0,0.0
2026-05-01,24.1299991607666,24.18000030517578,23.8700008392334,24.010000228881836,632300,0.0,0.0,0.0
2026-05-04,23.90999984741211,24.260000228881836,23.8700008392334,24.200000762939453,898600,0.0,0.0,0.0
2026-05-05,23.959999084472656,23.989999771118164,23.559999465942383,23.75,1014900,0.0,0.0,0.0
2026-05-06,23.219999313354492,23.360000610351562,22.989999771118164,23.31999969482422,1102200,0.0,0.0,0.0
2026-05-07,23.079999923706055,23.18000030517578,22.850000381469727,23.1299991607666,824500,0.0,0.0,0.0
2026-05-08,23.149999618530273,23.440000534057617,23.059999465942383,23.40999984741211,813500,0.0,0.0,0.0
2026-05-11,23.639999389648438,24.0,23.530000686645508,23.989999771118164,734400,0.0,0.0,0.0
2026-05-12,24.360000610351562,25.510000228881836,24.31999969482422,25.489999771118164,1721500,0.0,0.0,0.0
2026-05-13,25.299999237060547,25.600000381469727,25.190000534057617,25.3700008392334,851100,0.0,0.0,0.0
2026-05-14,25.020000457763672,25.09000015258789,24.6200008392334,24.81999969482422,822900,0.0,0.0,0.0
2026-05-15,24.5,24.5,24.0,24.110000610351562,1094800,0.0,0.0,0.0
2026-05-18,24.780000686645508,25.1200008392334,24.649999618530273,25.0,1422900,0.0,0.0,0.0
2026-05-19,25.049999237060547,25.25,24.93000030517578,25.200000762939453,944200,0.0,0.0,0.0
2026-05-20,25.059999465942383,25.280000686645508,24.75,24.899999618530273,1206900,0.0,0.0,0.0
2026-05-21,24.860000610351562,24.8799991607666,24.479999542236328,24.5,1075200,0.0,0.0,0.0
2026-05-22,24.559999465942383,24.760000228881836,24.43000030517578,24.549999237060547,518500,0.0,0.0,0.0
2026-05-26,24.399999618530273,24.530000686645508,24.209999084472656,24.219999313354492,568700,0.0,0.0,0.0
2026-05-27,23.829999923706055,23.950000762939453,23.600000381469727,23.760000228881836,904500,0.0,0.0,0.0
2026-05-28,23.850000381469727,23.969999313354492,23.700000762939453,23.829999923706055,439700,0.0,0.0,0.0
2026-05-29,23.75,23.75,23.329999923706055,23.3799991607666,887500,0.0,0.0,0.0
2026-06-01,23.469999313354492,23.649999618530273,23.260000228881836,23.309999465942383,605700,0.0,0.0,0.0
2026-06-02,23.100000381469727,23.200000762939453,23.010000228881836,23.149999618530273,517100,0.0,0.0,0.0
2026-06-03,23.239999771118164,23.329999923706055,22.6299991607666,22.670000076293945,1043100,0.0,0.0,0.0
2026-06-04,22.709999084472656,22.75,22.3700008392334,22.469999313354492,540400,0.0,0.0,0.0
2026-06-05,22.469999313354492,22.549999237060547,22.25,22.280000686645508,802300,0.0,0.0,0.0
2026-06-08,22.260000228881836,22.59000015258789,22.239999771118164,22.350000381469727,379800,0.0,0.0,0.0
2026-06-09,22.600000381469727,22.770000457763672,22.3700008392334,22.3799991607666,515100,0.0,0.0,0.0
2026-06-10,22.690000534057617,22.729999542236328,22.479999542236328,22.540000915527344,542500,0.0,0.0,0.0
2026-06-11,22.520000457763672,22.68000030517578,22.34000015258789,22.43000030517578,615400,0.0,0.0,0.0
2026-06-12,22.34000015258789,22.649999618530273,22.329999923706055,22.34000015258789,548200,0.0,0.0,0.0
2026-06-15,21.940000534057617,22.549999237060547,21.920000076293945,22.540000915527344,775700,0.0,0.0,0.0
2026-06-16,22.6200008392334,23.0,22.610000610351562,22.75,446500,0.0,0.0,0.0
2026-06-17,23.06999969482422,23.219999313354492,22.979999542236328,23.200000762939453,313500,0.0,0.0,0.0
2026-06-18,23.09000015258789,23.149999618530273,22.8700008392334,22.940000534057617,382300,0.0,0.0,0.0
2026-06-22,22.799999237060547,22.940000534057617,22.729999542236328,22.75,344700,0.0,0.0,0.0
2026-06-23,22.709999084472656,22.729999542236328,22.40999984741211,22.420000076293945,367200,0.0,0.0,0.0
2026-06-24,22.489999771118164,22.770000457763672,22.350000381469727,22.360000610351562,379000,0.0,0.0,0.0
2026-06-25,22.270000457763672,22.579999923706055,22.170000076293945,22.559999465942383,432400,0.0,0.0,0.0
2026-06-26,22.209999084472656,22.34000015258789,22.030000686645508,22.170000076293945,305200,0.0,0.0,0.0
2026-06-29,22.149999618530273,22.200000762939453,21.780000686645508,21.809999465942383,413900,0.0,0.0,0.0
2026-06-30,21.920000076293945,22.309999465942383,21.639999389648438,22.030000686645508,632100,0.0,0.0,0.0
2026-07-01,22.3799991607666,22.670000076293945,22.350000381469727,22.399999618530273,307900,0.0,0.0,0.0
2026-07-02,22.510000228881836,22.649999618530273,22.3700008392334,22.40999984741211,324400,0.0,0.0,0.0
2026-07-06,22.729999542236328,22.969999313354492,22.68000030517578,22.93000030517578,255500,0.0,0.0,0.0
2026-07-07,22.950000762939453,23.110000610351562,22.8799991607666,23.09000015258789,412400,0.0,0.0,0.0
2026-07-08,23.18000030517578,23.260000228881836,22.65999984741211,22.700000762939453,257700,0.0,0.0,0.0
2026-07-09,22.670000076293945,23.139999389648438,22.639999389648438,23.049999237060547,288400,0.0,0.0,0.0
2026-07-10,23.299999237060547,24.020000457763672,23.299999237060547,23.719999313354492,641900,0.0,0.0,0.0
2026-07-13,23.760000228881836,23.8799991607666,23.6299991607666,23.65999984741211,267900,0.0,0.0,0.0
2026-07-14,23.540000915527344,23.989999771118164,23.520000457763672,23.90999984741211,299900,0.0,0.0,0.0
2026-07-15,24.520000457763672,25.09000015258789,24.520000457763672,24.920000076293945,740200,0.0,0.0,0.0
2026-07-16,24.8799991607666,25.200000762939453,24.829999923706055,24.920000076293945,519900,0.0,0.0,0.0
2026-07-17,25.100000381469727,25.309999465942383,24.8700008392334,25.25,633100,0.0,0.0,0.0
2026-07-20,25.309999465942383,25.31999969482422,24.979999542236328,24.989999771118164,502200,0.0,0.0,0.0
2026-07-21,24.850000381469727,25.229999542236328,24.780000686645508,25.200000762939453,335700,0.0,0.0,0.0
2026-07-22,25.739999771118164,26.079999923706055,25.540000915527344,26.0,992300,0.0,0.0,0.0
2026-07-23,25.959999084472656,26.0,25.59000015258789,25.6299991607666,438300,0.0,0.0,0.0
2026-07-24,25.0,25.229999542236328,24.530000686645508,25.219999313354492,1042900,0.0,0.0,0.0
2026-07-27,25.030000686645508,25.09000015258789,24.479999542236328,24.520000457763672,674900,0.0,0.0,0.0
2026-07-28,24.3799991607666,24.670000076293945,24.31999969482422,24.6200008392334,491100,0.0,0.0,0.0
2026-07-29,24.639999389648438,24.65999984741211,24.440000534057617,24.5,290400,0.0,0.0,0.0
2026-07-30,24.899999618530273,25.1200008392334,24.610000610351562,24.6200008392334,322400,0.0,0.0,0.0
2026-07-31,24.3700008392334,24.3799991607666,23.709999084472656,23.809999465942383,1077000,0.0,0.0,0.0
2026-08-03,23.860000610351562,24.329999923706055,23.739999771118164,24.260000228881836,431200,0.0,0.0,0.0
2026-08-04,23.899999618530273,24.0,23.770000457763672,23.860000610351562,833400,0.0,0.0,0.0
2026-08-05,24.110000610351562,24.270000457763672,23.959999084472656,24.059999465942383,322700,0.0,0.0,0.0
2026-08-06,24.059999465942383,24.059999465942383,23.540000915527344,23.719999313354492,284200,0.0,0.0,0.0
2026-08-07,23.850000381469727,24.1299991607666,23.84000015258789,23.90999984741211,250100,0.0,0.0,0.0
2026-08-10,24.299999237060547,24.350000381469727,24.0,24.010000228881836,231800,0.0,0.0,0.0
2026-08-11,23.81999969482422,23.889999389648438,23.59000015258789,23.709999084472656,415800,0.0,0.0,0.0
2026-08-12,24.1299991607666,24.450000762939453,24.1299991607666,24.360000610351562,798300,0.0,0.0,0.0
2026-08-13,24.399999618530273,24.719999313354492,24.139999389648438,24.31999969482422,482700,0.0,0.0,0.0
2026-08-14,24.65999984741211,25.079999923706055,24.65999984741211,24.969999313354492,521900,0.0,0.0,0.0
2026-08-17,24.90999984741211,25.139999389648438,24.780000686645508,25.0,454900,0.0,0.0,0.0
2026-08-18,25.100000381469727,25.170000076293945,24.690000534057617,24.709999084472656,449900,0.0,0.0,0.0
2026-08-19,24.809999465942383,25.450000762939453,24.809999465942383,25.34000015258789,536800,0.0,0.0,0.0
2026-08-20,25.530000686645508,25.700000762939453,25.290000915527344,25.3799991607666,534200,0.0,0.0,0.0
2026-08-21,25.3700008392334,25.469999313354492,25.190000534057617,25.40999984741211,385300,0.0,0.0,0.0
2026-08-24,25.739999771118164,25.739999771118164,25.329999923706055,25.479999542236328,789100,0.0,0.0,0.0
2026-08-25,25.110000610351562,25.65999984741211,25.049999237060547,25.6299991607666,444900,0.0,0.0,0.0
2026-08-26,25.989999771118164,27.040000915527344,25.81999969482422,26.989999771118164,1530700,0.0,0.0,0.0
2026-08-27,26.899999618530273,27.399999618530273,26.799999237060547,27.219999313354492,1539100,0.0,0.0,0.0
2026-08-28,27.600000381469727,28.190000534057617,27.489999771118164,28.0,1289600,0.0,0.0,0.0
2026-08-31,27.280000686645508,27.81999969482422,27.190000534057617,27.809999465942383,2104500,0.0,0.0,0.0
2026-09-01,27.799999237060547,28.190000534057617,27.799999237060547,28.0,712300,0.0,0.0,0.0
2026-09-02,27.760000228881836,28.40999984741211,27.729999542236328,27.860000610351562,556700,0.0,0.0,0.0
2026-09-03,26.809999465942383,27.239999771118164,26.440000534057617,27.1200008392334,929000,0.0,0.0,0.0
2026-09-04,26.90999984741211,26.979999542236328,26.459999084472656,26.489999771118164,761300,0.0,0.0,0.0
2026-09-08,26.920000076293945,26.959999084472656,26.6299991607666,26.959999084472656,586600,0.0,0.0,0.0
2026-09-09,26.93000030517578,26.93000030517578,26.280000686645508,26.280000686645508,567900,0.0,0.0,0.0
2026-09-10,26.43000030517578,26.729999542236328,26.170000076293945,26.709999084472656,456200,0.0,0.0,0.0
2026-09-11,26.600000381469727,26.600000381469727,25.950000762939453,26.25,771000,0.0,0.0,0.0
2026-09-14,26.440000534057617,26.520000457763672,25.770000457763672,26.170000076293945,821800,0.0,0.0,0.0
2026-09-15,25.8799991607666,26.43000030517578,25.829999923706055,26.31999969482422,867400,0.0,0.0,0.0
2026-09-16,26.360000610351562,26.559999465942383,26.229999542236328,26.549999237060547,295600,0.0,0.0,0.0
2026-09-17,26.149999618530273,26.40999984741211,26.010000228881836,26.239999771118164,570800,0.0,0.0,0.0
